solid OpenSCAD_Model
  facet normal 0.0654682 -0.997855 0
    outer loop
      vertex -9 24.5 6
      vertex -8.28211 24.5471 8.3
      vertex -9 24.5 8.3
    endloop
  endfacet
  facet normal 0.0654682 -0.997855 0
    outer loop
      vertex -8.28211 24.5471 8.3
      vertex -9 24.5 6
      vertex -8.28211 24.5471 6
    endloop
  endfacet
  facet normal 0.980783 0.1951 0
    outer loop
      vertex -3.54705 30.7179 8.3
      vertex -3.68741 31.4235 6
      vertex -3.68741 31.4235 8.3
    endloop
  endfacet
  facet normal 0.980783 0.1951 0
    outer loop
      vertex -3.68741 31.4235 6
      vertex -3.54705 30.7179 8.3
      vertex -3.54705 30.7179 6
    endloop
  endfacet
  facet normal 0.997859 0.0653981 0
    outer loop
      vertex -3.5 30 8.3
      vertex -3.54705 30.7179 6
      vertex -3.54705 30.7179 8.3
    endloop
  endfacet
  facet normal 0.997859 0.0653981 0
    outer loop
      vertex -3.54705 30.7179 6
      vertex -3.5 30 8.3
      vertex -3.5 30 6
    endloop
  endfacet
  facet normal 0.946939 0.321414 0
    outer loop
      vertex -3.68741 31.4235 8.3
      vertex -3.91866 32.1048 6
      vertex -3.91866 32.1048 8.3
    endloop
  endfacet
  facet normal 0.946939 0.321414 0
    outer loop
      vertex -3.91866 32.1048 6
      vertex -3.68741 31.4235 8.3
      vertex -3.68741 31.4235 6
    endloop
  endfacet
  facet normal 0.831472 -0.555566 0
    outer loop
      vertex -4.63656 26.6518 8.3
      vertex -4.23686 27.25 6
      vertex -4.23686 27.25 8.3
    endloop
  endfacet
  facet normal 0.831472 -0.555566 0
    outer loop
      vertex -4.23686 27.25 6
      vertex -4.63656 26.6518 8.3
      vertex -4.63656 26.6518 6
    endloop
  endfacet
  facet normal -0.442314 -0.89686 0
    outer loop
      vertex -11.75 25.2369 6
      vertex -11.1048 24.9187 8.3
      vertex -11.75 25.2369 8.3
    endloop
  endfacet
  facet normal -0.442314 -0.89686 -0
    outer loop
      vertex -11.1048 24.9187 8.3
      vertex -11.75 25.2369 6
      vertex -11.1048 24.9187 6
    endloop
  endfacet
  facet normal 0.89686 0.442314 0
    outer loop
      vertex -3.91866 32.1048 8.3
      vertex -4.23686 32.75 6
      vertex -4.23686 32.75 8.3
    endloop
  endfacet
  facet normal 0.89686 0.442314 0
    outer loop
      vertex -4.23686 32.75 6
      vertex -3.91866 32.1048 8.3
      vertex -3.91866 32.1048 6
    endloop
  endfacet
  facet normal 0.321494 0.946912 -0
    outer loop
      vertex -6.89524 35.0813 6
      vertex -7.5765 35.3126 8.3
      vertex -6.89524 35.0813 8.3
    endloop
  endfacet
  facet normal 0.321494 0.946912 0
    outer loop
      vertex -7.5765 35.3126 8.3
      vertex -6.89524 35.0813 6
      vertex -7.5765 35.3126 6
    endloop
  endfacet
  facet normal 0.659301 0.751879 -0
    outer loop
      vertex -5.11091 33.8891 6
      vertex -5.65181 34.3634 8.3
      vertex -5.11091 33.8891 8.3
    endloop
  endfacet
  facet normal 0.659301 0.751879 0
    outer loop
      vertex -5.65181 34.3634 8.3
      vertex -5.11091 33.8891 6
      vertex -5.65181 34.3634 6
    endloop
  endfacet
  facet normal 0.89686 -0.442314 0
    outer loop
      vertex -4.23686 27.25 8.3
      vertex -3.91866 27.8952 6
      vertex -3.91866 27.8952 8.3
    endloop
  endfacet
  facet normal 0.89686 -0.442314 0
    outer loop
      vertex -3.91866 27.8952 6
      vertex -4.23686 27.25 8.3
      vertex -4.23686 27.25 6
    endloop
  endfacet
  facet normal 0.442292 -0.896871 0
    outer loop
      vertex -6.89524 24.9187 6
      vertex -6.25 25.2369 8.3
      vertex -6.89524 24.9187 8.3
    endloop
  endfacet
  facet normal 0.442292 -0.896871 0
    outer loop
      vertex -6.25 25.2369 8.3
      vertex -6.89524 24.9187 6
      vertex -6.25 25.2369 6
    endloop
  endfacet
  facet normal -0.659301 0.751879 0
    outer loop
      vertex -12.3482 34.3634 6
      vertex -12.8891 33.8891 8.3
      vertex -12.3482 34.3634 8.3
    endloop
  endfacet
  facet normal -0.659301 0.751879 0
    outer loop
      vertex -12.8891 33.8891 8.3
      vertex -12.3482 34.3634 6
      vertex -12.8891 33.8891 6
    endloop
  endfacet
  facet normal -0.980799 0.19502 0
    outer loop
      vertex -14.4529 30.7179 6
      vertex -14.3126 31.4235 8.3
      vertex -14.3126 31.4235 6
    endloop
  endfacet
  facet normal -0.980799 0.19502 0
    outer loop
      vertex -14.3126 31.4235 8.3
      vertex -14.4529 30.7179 6
      vertex -14.4529 30.7179 8.3
    endloop
  endfacet
  facet normal -0.555566 -0.831472 0
    outer loop
      vertex -12.3482 25.6366 6
      vertex -11.75 25.2369 8.3
      vertex -12.3482 25.6366 8.3
    endloop
  endfacet
  facet normal -0.555566 -0.831472 -0
    outer loop
      vertex -11.75 25.2369 8.3
      vertex -12.3482 25.6366 6
      vertex -11.75 25.2369 6
    endloop
  endfacet
  facet normal 0 0 -1
    outer loop
      vertex -16 -6 0
      vertex 46 66 0
      vertex 46 -6 0
    endloop
  endfacet
  facet normal -0 0 -1
    outer loop
      vertex 46 66 0
      vertex -16 -6 0
      vertex -16 66 0
    endloop
  endfacet
  facet normal -0.0654682 -0.997855 0
    outer loop
      vertex -9.71789 24.5471 6
      vertex -9 24.5 8.3
      vertex -9.71789 24.5471 8.3
    endloop
  endfacet
  facet normal -0.0654682 -0.997855 -0
    outer loop
      vertex -9 24.5 8.3
      vertex -9.71789 24.5471 6
      vertex -9 24.5 6
    endloop
  endfacet
  facet normal 0.442292 0.896871 -0
    outer loop
      vertex -6.25 34.7631 6
      vertex -6.89524 35.0813 8.3
      vertex -6.25 34.7631 8.3
    endloop
  endfacet
  facet normal 0.442292 0.896871 0
    outer loop
      vertex -6.89524 35.0813 8.3
      vertex -6.25 34.7631 6
      vertex -6.89524 35.0813 6
    endloop
  endfacet
  facet normal 0.321494 -0.946912 0
    outer loop
      vertex -7.5765 24.6874 6
      vertex -6.89524 24.9187 8.3
      vertex -7.5765 24.6874 8.3
    endloop
  endfacet
  facet normal 0.321494 -0.946912 0
    outer loop
      vertex -6.89524 24.9187 8.3
      vertex -7.5765 24.6874 6
      vertex -6.89524 24.9187 6
    endloop
  endfacet
  facet normal -0.997855 0.0654673 0
    outer loop
      vertex -14.5 30 6
      vertex -14.4529 30.7179 8.3
      vertex -14.4529 30.7179 6
    endloop
  endfacet
  facet normal -0.997855 0.0654673 0
    outer loop
      vertex -14.4529 30.7179 8.3
      vertex -14.5 30 6
      vertex -14.5 30 8.3
    endloop
  endfacet
  facet normal -0.751879 0.659301 0
    outer loop
      vertex -13.3634 33.3482 6
      vertex -12.8891 33.8891 8.3
      vertex -12.8891 33.8891 6
    endloop
  endfacet
  facet normal -0.751879 0.659301 0
    outer loop
      vertex -12.8891 33.8891 8.3
      vertex -13.3634 33.3482 6
      vertex -13.3634 33.3482 8.3
    endloop
  endfacet
  facet normal -0.442314 0.89686 0
    outer loop
      vertex -11.1048 35.0813 6
      vertex -11.75 34.7631 8.3
      vertex -11.1048 35.0813 8.3
    endloop
  endfacet
  facet normal -0.442314 0.89686 0
    outer loop
      vertex -11.75 34.7631 8.3
      vertex -11.1048 35.0813 6
      vertex -11.75 34.7631 6
    endloop
  endfacet
  facet normal 0.946939 -0.321414 0
    outer loop
      vertex -3.91866 27.8952 8.3
      vertex -3.68741 28.5765 6
      vertex -3.68741 28.5765 8.3
    endloop
  endfacet
  facet normal 0.946939 -0.321414 0
    outer loop
      vertex -3.68741 28.5765 6
      vertex -3.91866 27.8952 8.3
      vertex -3.91866 27.8952 6
    endloop
  endfacet
  facet normal 0.751844 0.659341 0
    outer loop
      vertex -4.63656 33.3482 8.3
      vertex -5.11091 33.8891 6
      vertex -5.11091 33.8891 8.3
    endloop
  endfacet
  facet normal 0.751844 0.659341 0
    outer loop
      vertex -5.11091 33.8891 6
      vertex -4.63656 33.3482 8.3
      vertex -4.63656 33.3482 6
    endloop
  endfacet
  facet normal 0.980783 -0.1951 0
    outer loop
      vertex -3.68741 28.5765 8.3
      vertex -3.54705 29.2821 6
      vertex -3.54705 29.2821 8.3
    endloop
  endfacet
  facet normal 0.980783 -0.1951 0
    outer loop
      vertex -3.54705 29.2821 6
      vertex -3.68741 28.5765 8.3
      vertex -3.68741 28.5765 6
    endloop
  endfacet
  facet normal -0.831472 -0.555566 0
    outer loop
      vertex -13.3634 26.6518 6
      vertex -13.7631 27.25 8.3
      vertex -13.7631 27.25 6
    endloop
  endfacet
  facet normal -0.831472 -0.555566 0
    outer loop
      vertex -13.7631 27.25 8.3
      vertex -13.3634 26.6518 6
      vertex -13.3634 26.6518 8.3
    endloop
  endfacet
  facet normal -0.659301 -0.751879 0
    outer loop
      vertex -12.8891 26.1109 6
      vertex -12.3482 25.6366 8.3
      vertex -12.8891 26.1109 8.3
    endloop
  endfacet
  facet normal -0.659301 -0.751879 -0
    outer loop
      vertex -12.3482 25.6366 8.3
      vertex -12.8891 26.1109 6
      vertex -12.3482 25.6366 6
    endloop
  endfacet
  facet normal 0.195017 -0.9808 0
    outer loop
      vertex -8.28211 24.5471 6
      vertex -7.5765 24.6874 8.3
      vertex -8.28211 24.5471 8.3
    endloop
  endfacet
  facet normal 0.195017 -0.9808 0
    outer loop
      vertex -7.5765 24.6874 8.3
      vertex -8.28211 24.5471 6
      vertex -7.5765 24.6874 6
    endloop
  endfacet
  facet normal 0.659301 -0.751879 0
    outer loop
      vertex -5.65181 25.6366 6
      vertex -5.11091 26.1109 8.3
      vertex -5.65181 25.6366 8.3
    endloop
  endfacet
  facet normal 0.659301 -0.751879 0
    outer loop
      vertex -5.11091 26.1109 8.3
      vertex -5.65181 25.6366 6
      vertex -5.11091 26.1109 6
    endloop
  endfacet
  facet normal 0.997859 -0.0653981 0
    outer loop
      vertex -3.54705 29.2821 8.3
      vertex -3.5 30 6
      vertex -3.5 30 8.3
    endloop
  endfacet
  facet normal 0.997859 -0.0653981 0
    outer loop
      vertex -3.5 30 6
      vertex -3.54705 29.2821 8.3
      vertex -3.54705 29.2821 6
    endloop
  endfacet
  facet normal -0.980799 -0.19502 0
    outer loop
      vertex -14.3126 28.5765 6
      vertex -14.4529 29.2821 8.3
      vertex -14.4529 29.2821 6
    endloop
  endfacet
  facet normal -0.980799 -0.19502 0
    outer loop
      vertex -14.4529 29.2821 8.3
      vertex -14.3126 28.5765 6
      vertex -14.3126 28.5765 8.3
    endloop
  endfacet
  facet normal 0.751844 -0.659341 0
    outer loop
      vertex -5.11091 26.1109 8.3
      vertex -4.63656 26.6518 6
      vertex -4.63656 26.6518 8.3
    endloop
  endfacet
  facet normal 0.751844 -0.659341 0
    outer loop
      vertex -4.63656 26.6518 6
      vertex -5.11091 26.1109 8.3
      vertex -5.11091 26.1109 6
    endloop
  endfacet
  facet normal -0.0654682 0.997855 0
    outer loop
      vertex -9 35.5 6
      vertex -9.71789 35.4529 8.3
      vertex -9 35.5 8.3
    endloop
  endfacet
  facet normal -0.0654682 0.997855 0
    outer loop
      vertex -9.71789 35.4529 8.3
      vertex -9 35.5 6
      vertex -9.71789 35.4529 6
    endloop
  endfacet
  facet normal -0.89686 -0.442314 0
    outer loop
      vertex -13.7631 27.25 6
      vertex -14.0813 27.8952 8.3
      vertex -14.0813 27.8952 6
    endloop
  endfacet
  facet normal -0.89686 -0.442314 0
    outer loop
      vertex -14.0813 27.8952 8.3
      vertex -13.7631 27.25 6
      vertex -13.7631 27.25 8.3
    endloop
  endfacet
  facet normal -0.89686 0.442314 0
    outer loop
      vertex -14.0813 32.1048 6
      vertex -13.7631 32.75 8.3
      vertex -13.7631 32.75 6
    endloop
  endfacet
  facet normal -0.89686 0.442314 0
    outer loop
      vertex -13.7631 32.75 8.3
      vertex -14.0813 32.1048 6
      vertex -14.0813 32.1048 8.3
    endloop
  endfacet
  facet normal 0.555572 0.831468 -0
    outer loop
      vertex -5.65181 34.3634 6
      vertex -6.25 34.7631 8.3
      vertex -5.65181 34.3634 8.3
    endloop
  endfacet
  facet normal 0.555572 0.831468 0
    outer loop
      vertex -6.25 34.7631 8.3
      vertex -5.65181 34.3634 6
      vertex -6.25 34.7631 6
    endloop
  endfacet
  facet normal 0.195017 0.9808 -0
    outer loop
      vertex -7.5765 35.3126 6
      vertex -8.28211 35.4529 8.3
      vertex -7.5765 35.3126 8.3
    endloop
  endfacet
  facet normal 0.195017 0.9808 0
    outer loop
      vertex -8.28211 35.4529 8.3
      vertex -7.5765 35.3126 6
      vertex -8.28211 35.4529 6
    endloop
  endfacet
  facet normal -0.321477 -0.946918 0
    outer loop
      vertex -11.1048 24.9187 6
      vertex -10.4235 24.6874 8.3
      vertex -11.1048 24.9187 8.3
    endloop
  endfacet
  facet normal -0.321477 -0.946918 -0
    outer loop
      vertex -10.4235 24.6874 8.3
      vertex -11.1048 24.9187 6
      vertex -10.4235 24.6874 6
    endloop
  endfacet
  facet normal -0.555566 0.831472 0
    outer loop
      vertex -11.75 34.7631 6
      vertex -12.3482 34.3634 8.3
      vertex -11.75 34.7631 8.3
    endloop
  endfacet
  facet normal -0.555566 0.831472 0
    outer loop
      vertex -12.3482 34.3634 8.3
      vertex -11.75 34.7631 6
      vertex -12.3482 34.3634 6
    endloop
  endfacet
  facet normal 0.831472 0.555566 0
    outer loop
      vertex -4.23686 32.75 8.3
      vertex -4.63656 33.3482 6
      vertex -4.63656 33.3482 8.3
    endloop
  endfacet
  facet normal 0.831472 0.555566 0
    outer loop
      vertex -4.63656 33.3482 6
      vertex -4.23686 32.75 8.3
      vertex -4.23686 32.75 6
    endloop
  endfacet
  facet normal -0.997855 -0.0654673 0
    outer loop
      vertex -14.4529 29.2821 6
      vertex -14.5 30 8.3
      vertex -14.5 30 6
    endloop
  endfacet
  facet normal -0.997855 -0.0654673 0
    outer loop
      vertex -14.5 30 8.3
      vertex -14.4529 29.2821 6
      vertex -14.4529 29.2821 8.3
    endloop
  endfacet
  facet normal -0.321477 0.946918 0
    outer loop
      vertex -10.4235 35.3126 6
      vertex -11.1048 35.0813 8.3
      vertex -10.4235 35.3126 8.3
    endloop
  endfacet
  facet normal -0.321477 0.946918 0
    outer loop
      vertex -11.1048 35.0813 8.3
      vertex -10.4235 35.3126 6
      vertex -11.1048 35.0813 6
    endloop
  endfacet
  facet normal 0.0654682 0.997855 -0
    outer loop
      vertex -8.28211 35.4529 6
      vertex -9 35.5 8.3
      vertex -8.28211 35.4529 8.3
    endloop
  endfacet
  facet normal 0.0654682 0.997855 0
    outer loop
      vertex -9 35.5 8.3
      vertex -8.28211 35.4529 6
      vertex -9 35.5 6
    endloop
  endfacet
  facet normal -0.195017 -0.9808 0
    outer loop
      vertex -10.4235 24.6874 6
      vertex -9.71789 24.5471 8.3
      vertex -10.4235 24.6874 8.3
    endloop
  endfacet
  facet normal -0.195017 -0.9808 -0
    outer loop
      vertex -9.71789 24.5471 8.3
      vertex -10.4235 24.6874 6
      vertex -9.71789 24.5471 6
    endloop
  endfacet
  facet normal -0.195017 0.9808 0
    outer loop
      vertex -9.71789 35.4529 6
      vertex -10.4235 35.3126 8.3
      vertex -9.71789 35.4529 8.3
    endloop
  endfacet
  facet normal -0.195017 0.9808 0
    outer loop
      vertex -10.4235 35.3126 8.3
      vertex -9.71789 35.4529 6
      vertex -10.4235 35.3126 6
    endloop
  endfacet
  facet normal 0.555572 -0.831468 0
    outer loop
      vertex -6.25 25.2369 6
      vertex -5.65181 25.6366 8.3
      vertex -6.25 25.2369 8.3
    endloop
  endfacet
  facet normal 0.555572 -0.831468 0
    outer loop
      vertex -5.65181 25.6366 8.3
      vertex -6.25 25.2369 6
      vertex -5.65181 25.6366 6
    endloop
  endfacet
  facet normal -0.946918 -0.321477 0
    outer loop
      vertex -14.0813 27.8952 6
      vertex -14.3126 28.5765 8.3
      vertex -14.3126 28.5765 6
    endloop
  endfacet
  facet normal -0.946918 -0.321477 0
    outer loop
      vertex -14.3126 28.5765 8.3
      vertex -14.0813 27.8952 6
      vertex -14.0813 27.8952 8.3
    endloop
  endfacet
  facet normal -0.751879 -0.659301 0
    outer loop
      vertex -12.8891 26.1109 6
      vertex -13.3634 26.6518 8.3
      vertex -13.3634 26.6518 6
    endloop
  endfacet
  facet normal -0.751879 -0.659301 0
    outer loop
      vertex -13.3634 26.6518 8.3
      vertex -12.8891 26.1109 6
      vertex -12.8891 26.1109 8.3
    endloop
  endfacet
  facet normal -0.946918 0.321477 0
    outer loop
      vertex -14.3126 31.4235 6
      vertex -14.0813 32.1048 8.3
      vertex -14.0813 32.1048 6
    endloop
  endfacet
  facet normal -0.946918 0.321477 0
    outer loop
      vertex -14.0813 32.1048 8.3
      vertex -14.3126 31.4235 6
      vertex -14.3126 31.4235 8.3
    endloop
  endfacet
  facet normal -0.831472 0.555566 0
    outer loop
      vertex -13.7631 32.75 6
      vertex -13.3634 33.3482 8.3
      vertex -13.3634 33.3482 6
    endloop
  endfacet
  facet normal -0.831472 0.555566 0
    outer loop
      vertex -13.3634 33.3482 8.3
      vertex -13.7631 32.75 6
      vertex -13.7631 32.75 8.3
    endloop
  endfacet
  facet normal 0 0 1
    outer loop
      vertex -6 30 8.3
      vertex -3.5 30 8.3
      vertex -3.54705 30.7179 8.3
    endloop
  endfacet
  facet normal 0 0 1
    outer loop
      vertex -6.02567 30.3916 8.3
      vertex -3.54705 30.7179 8.3
      vertex -3.68741 31.4235 8.3
    endloop
  endfacet
  facet normal 0 0 1
    outer loop
      vertex -3.5 30 8.3
      vertex -6 30 8.3
      vertex -3.54705 29.2821 8.3
    endloop
  endfacet
  facet normal 0 0 1
    outer loop
      vertex -6.10222 30.7765 8.3
      vertex -3.68741 31.4235 8.3
      vertex -3.91866 32.1048 8.3
    endloop
  endfacet
  facet normal -0 0 1
    outer loop
      vertex -6.02567 29.6084 8.3
      vertex -3.54705 29.2821 8.3
      vertex -6 30 8.3
    endloop
  endfacet
  facet normal 0 0 1
    outer loop
      vertex -6.22836 31.148 8.3
      vertex -3.91866 32.1048 8.3
      vertex -4.23686 32.75 8.3
    endloop
  endfacet
  facet normal 0 0 1
    outer loop
      vertex -3.54705 29.2821 8.3
      vertex -6.02567 29.6084 8.3
      vertex -3.68741 28.5765 8.3
    endloop
  endfacet
  facet normal 0 0 1
    outer loop
      vertex -6.40192 31.5 8.3
      vertex -4.23686 32.75 8.3
      vertex -4.63656 33.3482 8.3
    endloop
  endfacet
  facet normal -0 0 1
    outer loop
      vertex -6.10222 29.2235 8.3
      vertex -3.68741 28.5765 8.3
      vertex -6.02567 29.6084 8.3
    endloop
  endfacet
  facet normal 0 0 1
    outer loop
      vertex -6.61994 31.8263 8.3
      vertex -4.63656 33.3482 8.3
      vertex -5.11091 33.8891 8.3
    endloop
  endfacet
  facet normal 0 0 1
    outer loop
      vertex -3.68741 28.5765 8.3
      vertex -6.10222 29.2235 8.3
      vertex -3.91866 27.8952 8.3
    endloop
  endfacet
  facet normal 0 0 1
    outer loop
      vertex -6.87868 32.1213 8.3
      vertex -5.11091 33.8891 8.3
      vertex -5.65181 34.3634 8.3
    endloop
  endfacet
  facet normal -0 0 1
    outer loop
      vertex -6.22836 28.852 8.3
      vertex -3.91866 27.8952 8.3
      vertex -6.10222 29.2235 8.3
    endloop
  endfacet
  facet normal 0 0 1
    outer loop
      vertex -3.91866 27.8952 8.3
      vertex -6.22836 28.852 8.3
      vertex -4.23686 27.25 8.3
    endloop
  endfacet
  facet normal 0 0 1
    outer loop
      vertex -3.54705 30.7179 8.3
      vertex -6.02567 30.3916 8.3
      vertex -6 30 8.3
    endloop
  endfacet
  facet normal 0 0 1
    outer loop
      vertex -3.68741 31.4235 8.3
      vertex -6.10222 30.7765 8.3
      vertex -6.02567 30.3916 8.3
    endloop
  endfacet
  facet normal 0 0 1
    outer loop
      vertex -3.91866 32.1048 8.3
      vertex -6.22836 31.148 8.3
      vertex -6.10222 30.7765 8.3
    endloop
  endfacet
  facet normal 0 0 1
    outer loop
      vertex -7.17372 32.3801 8.3
      vertex -5.65181 34.3634 8.3
      vertex -6.25 34.7631 8.3
    endloop
  endfacet
  facet normal 0 0 1
    outer loop
      vertex -4.23686 32.75 8.3
      vertex -6.40192 31.5 8.3
      vertex -6.22836 31.148 8.3
    endloop
  endfacet
  facet normal 0 0 1
    outer loop
      vertex -4.63656 33.3482 8.3
      vertex -6.61994 31.8263 8.3
      vertex -6.40192 31.5 8.3
    endloop
  endfacet
  facet normal 0 0 1
    outer loop
      vertex -5.11091 33.8891 8.3
      vertex -6.87868 32.1213 8.3
      vertex -6.61994 31.8263 8.3
    endloop
  endfacet
  facet normal 0 0 1
    outer loop
      vertex -7.5 32.5981 8.3
      vertex -6.25 34.7631 8.3
      vertex -6.89524 35.0813 8.3
    endloop
  endfacet
  facet normal 0 0 1
    outer loop
      vertex -5.65181 34.3634 8.3
      vertex -7.17372 32.3801 8.3
      vertex -6.87868 32.1213 8.3
    endloop
  endfacet
  facet normal 0 0 1
    outer loop
      vertex -6.25 34.7631 8.3
      vertex -7.5 32.5981 8.3
      vertex -7.17372 32.3801 8.3
    endloop
  endfacet
  facet normal 0 0 1
    outer loop
      vertex -7.85195 32.7716 8.3
      vertex -6.89524 35.0813 8.3
      vertex -7.5765 35.3126 8.3
    endloop
  endfacet
  facet normal 0 0 1
    outer loop
      vertex -6.89524 35.0813 8.3
      vertex -7.85195 32.7716 8.3
      vertex -7.5 32.5981 8.3
    endloop
  endfacet
  facet normal 0 0 1
    outer loop
      vertex -7.5765 35.3126 8.3
      vertex -8.22354 32.8978 8.3
      vertex -7.85195 32.7716 8.3
    endloop
  endfacet
  facet normal 0 0 1
    outer loop
      vertex -8.28211 35.4529 8.3
      vertex -8.22354 32.8978 8.3
      vertex -7.5765 35.3126 8.3
    endloop
  endfacet
  facet normal 0 0 1
    outer loop
      vertex -8.28211 35.4529 8.3
      vertex -8.60842 32.9743 8.3
      vertex -8.22354 32.8978 8.3
    endloop
  endfacet
  facet normal 0 0 1
    outer loop
      vertex -9 35.5 8.3
      vertex -8.60842 32.9743 8.3
      vertex -8.28211 35.4529 8.3
    endloop
  endfacet
  facet normal 0 0 1
    outer loop
      vertex -9 35.5 8.3
      vertex -9 33 8.3
      vertex -8.60842 32.9743 8.3
    endloop
  endfacet
  facet normal 0 0 1
    outer loop
      vertex -9 35.5 8.3
      vertex -9.39158 32.9743 8.3
      vertex -9 33 8.3
    endloop
  endfacet
  facet normal -0 0 1
    outer loop
      vertex -9.71789 35.4529 8.3
      vertex -9.39158 32.9743 8.3
      vertex -9 35.5 8.3
    endloop
  endfacet
  facet normal 0 0 1
    outer loop
      vertex -9.71789 35.4529 8.3
      vertex -9.77646 32.8978 8.3
      vertex -9.39158 32.9743 8.3
    endloop
  endfacet
  facet normal -0 0 1
    outer loop
      vertex -10.4235 35.3126 8.3
      vertex -9.77646 32.8978 8.3
      vertex -9.71789 35.4529 8.3
    endloop
  endfacet
  facet normal 0 0 1
    outer loop
      vertex -9.77646 32.8978 8.3
      vertex -10.4235 35.3126 8.3
      vertex -10.148 32.7716 8.3
    endloop
  endfacet
  facet normal -0 0 1
    outer loop
      vertex -11.1048 35.0813 8.3
      vertex -10.148 32.7716 8.3
      vertex -10.4235 35.3126 8.3
    endloop
  endfacet
  facet normal 0 0 1
    outer loop
      vertex -10.148 32.7716 8.3
      vertex -11.1048 35.0813 8.3
      vertex -10.5 32.5981 8.3
    endloop
  endfacet
  facet normal -0 0 1
    outer loop
      vertex -11.75 34.7631 8.3
      vertex -10.5 32.5981 8.3
      vertex -11.1048 35.0813 8.3
    endloop
  endfacet
  facet normal 0 0 1
    outer loop
      vertex -10.5 32.5981 8.3
      vertex -11.75 34.7631 8.3
      vertex -10.8263 32.3801 8.3
    endloop
  endfacet
  facet normal -0 0 1
    outer loop
      vertex -12.3482 34.3634 8.3
      vertex -10.8263 32.3801 8.3
      vertex -11.75 34.7631 8.3
    endloop
  endfacet
  facet normal 0 0 1
    outer loop
      vertex -10.8263 32.3801 8.3
      vertex -12.3482 34.3634 8.3
      vertex -11.1213 32.1213 8.3
    endloop
  endfacet
  facet normal -0 0 1
    outer loop
      vertex -12.8891 33.8891 8.3
      vertex -11.1213 32.1213 8.3
      vertex -12.3482 34.3634 8.3
    endloop
  endfacet
  facet normal 0 0 1
    outer loop
      vertex -11.1213 32.1213 8.3
      vertex -12.8891 33.8891 8.3
      vertex -11.3801 31.8263 8.3
    endloop
  endfacet
  facet normal -0 0 1
    outer loop
      vertex -13.3634 33.3482 8.3
      vertex -11.3801 31.8263 8.3
      vertex -12.8891 33.8891 8.3
    endloop
  endfacet
  facet normal 0 0 1
    outer loop
      vertex -11.3801 31.8263 8.3
      vertex -13.3634 33.3482 8.3
      vertex -11.5981 31.5 8.3
    endloop
  endfacet
  facet normal -0 0 1
    outer loop
      vertex -13.7631 32.75 8.3
      vertex -11.5981 31.5 8.3
      vertex -13.3634 33.3482 8.3
    endloop
  endfacet
  facet normal 0 0 1
    outer loop
      vertex -11.5981 31.5 8.3
      vertex -13.7631 32.75 8.3
      vertex -11.7716 31.148 8.3
    endloop
  endfacet
  facet normal -0 0 1
    outer loop
      vertex -6.40192 28.5 8.3
      vertex -4.23686 27.25 8.3
      vertex -6.22836 28.852 8.3
    endloop
  endfacet
  facet normal 0 0 1
    outer loop
      vertex -4.23686 27.25 8.3
      vertex -6.40192 28.5 8.3
      vertex -4.63656 26.6518 8.3
    endloop
  endfacet
  facet normal -0 0 1
    outer loop
      vertex -6.61994 28.1737 8.3
      vertex -4.63656 26.6518 8.3
      vertex -6.40192 28.5 8.3
    endloop
  endfacet
  facet normal 0 0 1
    outer loop
      vertex -4.63656 26.6518 8.3
      vertex -6.61994 28.1737 8.3
      vertex -5.11091 26.1109 8.3
    endloop
  endfacet
  facet normal -0 0 1
    outer loop
      vertex -6.87868 27.8787 8.3
      vertex -5.11091 26.1109 8.3
      vertex -6.61994 28.1737 8.3
    endloop
  endfacet
  facet normal 0 0 1
    outer loop
      vertex -5.11091 26.1109 8.3
      vertex -6.87868 27.8787 8.3
      vertex -5.65181 25.6366 8.3
    endloop
  endfacet
  facet normal -0 0 1
    outer loop
      vertex -7.17372 27.6199 8.3
      vertex -5.65181 25.6366 8.3
      vertex -6.87868 27.8787 8.3
    endloop
  endfacet
  facet normal 0 0 1
    outer loop
      vertex -5.65181 25.6366 8.3
      vertex -7.17372 27.6199 8.3
      vertex -6.25 25.2369 8.3
    endloop
  endfacet
  facet normal -0 0 1
    outer loop
      vertex -7.5 27.4019 8.3
      vertex -6.25 25.2369 8.3
      vertex -7.17372 27.6199 8.3
    endloop
  endfacet
  facet normal 0 0 1
    outer loop
      vertex -6.25 25.2369 8.3
      vertex -7.5 27.4019 8.3
      vertex -6.89524 24.9187 8.3
    endloop
  endfacet
  facet normal -0 0 1
    outer loop
      vertex -7.85195 27.2284 8.3
      vertex -6.89524 24.9187 8.3
      vertex -7.5 27.4019 8.3
    endloop
  endfacet
  facet normal 0 0 1
    outer loop
      vertex -6.89524 24.9187 8.3
      vertex -7.85195 27.2284 8.3
      vertex -7.5765 24.6874 8.3
    endloop
  endfacet
  facet normal -0 0 1
    outer loop
      vertex -8.22354 27.1022 8.3
      vertex -7.5765 24.6874 8.3
      vertex -7.85195 27.2284 8.3
    endloop
  endfacet
  facet normal 0 0 1
    outer loop
      vertex -8.22354 27.1022 8.3
      vertex -8.28211 24.5471 8.3
      vertex -7.5765 24.6874 8.3
    endloop
  endfacet
  facet normal -0 0 1
    outer loop
      vertex -8.60842 27.0257 8.3
      vertex -8.28211 24.5471 8.3
      vertex -8.22354 27.1022 8.3
    endloop
  endfacet
  facet normal -0 0 1
    outer loop
      vertex -9 27 8.3
      vertex -8.28211 24.5471 8.3
      vertex -8.60842 27.0257 8.3
    endloop
  endfacet
  facet normal 0 0 1
    outer loop
      vertex -9 27 8.3
      vertex -9 24.5 8.3
      vertex -8.28211 24.5471 8.3
    endloop
  endfacet
  facet normal 0 0 1
    outer loop
      vertex -9.39158 27.0257 8.3
      vertex -9 24.5 8.3
      vertex -9 27 8.3
    endloop
  endfacet
  facet normal 0 0 1
    outer loop
      vertex -9.39158 27.0257 8.3
      vertex -9.71789 24.5471 8.3
      vertex -9 24.5 8.3
    endloop
  endfacet
  facet normal 0 0 1
    outer loop
      vertex -9.77646 27.1022 8.3
      vertex -9.71789 24.5471 8.3
      vertex -9.39158 27.0257 8.3
    endloop
  endfacet
  facet normal 0 0 1
    outer loop
      vertex -10.4235 24.6874 8.3
      vertex -9.77646 27.1022 8.3
      vertex -10.148 27.2284 8.3
    endloop
  endfacet
  facet normal 0 0 1
    outer loop
      vertex -9.77646 27.1022 8.3
      vertex -10.4235 24.6874 8.3
      vertex -9.71789 24.5471 8.3
    endloop
  endfacet
  facet normal 0 0 1
    outer loop
      vertex -11.1048 24.9187 8.3
      vertex -10.148 27.2284 8.3
      vertex -10.5 27.4019 8.3
    endloop
  endfacet
  facet normal 0 0 1
    outer loop
      vertex -11.75 25.2369 8.3
      vertex -10.5 27.4019 8.3
      vertex -10.8263 27.6199 8.3
    endloop
  endfacet
  facet normal 0 0 1
    outer loop
      vertex -10.148 27.2284 8.3
      vertex -11.1048 24.9187 8.3
      vertex -10.4235 24.6874 8.3
    endloop
  endfacet
  facet normal 0 0 1
    outer loop
      vertex -12.3482 25.6366 8.3
      vertex -10.8263 27.6199 8.3
      vertex -11.1213 27.8787 8.3
    endloop
  endfacet
  facet normal 0 0 1
    outer loop
      vertex -12.8891 26.1109 8.3
      vertex -11.1213 27.8787 8.3
      vertex -11.3801 28.1737 8.3
    endloop
  endfacet
  facet normal 0 0 1
    outer loop
      vertex -13.3634 26.6518 8.3
      vertex -11.3801 28.1737 8.3
      vertex -11.5981 28.5 8.3
    endloop
  endfacet
  facet normal 0 0 1
    outer loop
      vertex -10.5 27.4019 8.3
      vertex -11.75 25.2369 8.3
      vertex -11.1048 24.9187 8.3
    endloop
  endfacet
  facet normal 0 0 1
    outer loop
      vertex -13.7631 27.25 8.3
      vertex -11.5981 28.5 8.3
      vertex -11.7716 28.852 8.3
    endloop
  endfacet
  facet normal 0 0 1
    outer loop
      vertex -14.0813 27.8952 8.3
      vertex -11.7716 28.852 8.3
      vertex -11.8978 29.2235 8.3
    endloop
  endfacet
  facet normal 0 0 1
    outer loop
      vertex -14.3126 28.5765 8.3
      vertex -11.8978 29.2235 8.3
      vertex -11.9743 29.6084 8.3
    endloop
  endfacet
  facet normal 0 0 1
    outer loop
      vertex -14.4529 29.2821 8.3
      vertex -11.9743 29.6084 8.3
      vertex -12 30 8.3
    endloop
  endfacet
  facet normal -0 0 1
    outer loop
      vertex -14.0813 32.1048 8.3
      vertex -11.7716 31.148 8.3
      vertex -13.7631 32.75 8.3
    endloop
  endfacet
  facet normal 0 0 1
    outer loop
      vertex -10.8263 27.6199 8.3
      vertex -12.3482 25.6366 8.3
      vertex -11.75 25.2369 8.3
    endloop
  endfacet
  facet normal 0 0 1
    outer loop
      vertex -11.7716 31.148 8.3
      vertex -14.0813 32.1048 8.3
      vertex -11.8978 30.7765 8.3
    endloop
  endfacet
  facet normal 0 0 1
    outer loop
      vertex -11.1213 27.8787 8.3
      vertex -12.8891 26.1109 8.3
      vertex -12.3482 25.6366 8.3
    endloop
  endfacet
  facet normal -0 0 1
    outer loop
      vertex -14.3126 31.4235 8.3
      vertex -11.8978 30.7765 8.3
      vertex -14.0813 32.1048 8.3
    endloop
  endfacet
  facet normal 0 0 1
    outer loop
      vertex -11.3801 28.1737 8.3
      vertex -13.3634 26.6518 8.3
      vertex -12.8891 26.1109 8.3
    endloop
  endfacet
  facet normal 0 0 1
    outer loop
      vertex -11.8978 30.7765 8.3
      vertex -14.3126 31.4235 8.3
      vertex -11.9743 30.3916 8.3
    endloop
  endfacet
  facet normal 0 0 1
    outer loop
      vertex -11.5981 28.5 8.3
      vertex -13.7631 27.25 8.3
      vertex -13.3634 26.6518 8.3
    endloop
  endfacet
  facet normal -0 0 1
    outer loop
      vertex -14.4529 30.7179 8.3
      vertex -11.9743 30.3916 8.3
      vertex -14.3126 31.4235 8.3
    endloop
  endfacet
  facet normal 0 0 1
    outer loop
      vertex -11.7716 28.852 8.3
      vertex -14.0813 27.8952 8.3
      vertex -13.7631 27.25 8.3
    endloop
  endfacet
  facet normal 0 0 1
    outer loop
      vertex -11.9743 30.3916 8.3
      vertex -14.4529 30.7179 8.3
      vertex -12 30 8.3
    endloop
  endfacet
  facet normal 0 0 1
    outer loop
      vertex -11.8978 29.2235 8.3
      vertex -14.3126 28.5765 8.3
      vertex -14.0813 27.8952 8.3
    endloop
  endfacet
  facet normal 0 0 1
    outer loop
      vertex -14.5 30 8.3
      vertex -12 30 8.3
      vertex -14.4529 30.7179 8.3
    endloop
  endfacet
  facet normal 0 0 1
    outer loop
      vertex -11.9743 29.6084 8.3
      vertex -14.4529 29.2821 8.3
      vertex -14.3126 28.5765 8.3
    endloop
  endfacet
  facet normal 0 0 1
    outer loop
      vertex -12 30 8.3
      vertex -14.5 30 8.3
      vertex -14.4529 29.2821 8.3
    endloop
  endfacet
  facet normal 0.980791 0.195062 0
    outer loop
      vertex -6.02567 30.3916 28.3
      vertex -6.10222 30.7765 8.3
      vertex -6.10222 30.7765 28.3
    endloop
  endfacet
  facet normal 0.980791 0.195062 0
    outer loop
      vertex -6.10222 30.7765 8.3
      vertex -6.02567 30.3916 28.3
      vertex -6.02567 30.3916 8.3
    endloop
  endfacet
  facet normal 0.997858 0.0654112 0
    outer loop
      vertex -6 30 28.3
      vertex -6.02567 30.3916 8.3
      vertex -6.02567 30.3916 28.3
    endloop
  endfacet
  facet normal 0.997858 0.0654112 0
    outer loop
      vertex -6.02567 30.3916 8.3
      vertex -6 30 28.3
      vertex -6 30 8.3
    endloop
  endfacet
  facet normal 0.980791 -0.195062 0
    outer loop
      vertex -6.10222 29.2235 28.3
      vertex -6.02567 29.6084 8.3
      vertex -6.02567 29.6084 28.3
    endloop
  endfacet
  facet normal 0.980791 -0.195062 0
    outer loop
      vertex -6.02567 29.6084 8.3
      vertex -6.10222 29.2235 28.3
      vertex -6.10222 29.2235 8.3
    endloop
  endfacet
  facet normal 0 0 1
    outer loop
      vertex -6.02567 30.3916 28.3
      vertex -6.02567 29.6084 28.3
      vertex -6 30 28.3
    endloop
  endfacet
  facet normal 0 0 1
    outer loop
      vertex -6.10222 30.7765 28.3
      vertex -6.02567 29.6084 28.3
      vertex -6.02567 30.3916 28.3
    endloop
  endfacet
  facet normal 0 0 1
    outer loop
      vertex -6.10222 30.7765 28.3
      vertex -6.10222 29.2235 28.3
      vertex -6.02567 29.6084 28.3
    endloop
  endfacet
  facet normal 0 0 1
    outer loop
      vertex -6.22836 31.148 28.3
      vertex -6.10222 29.2235 28.3
      vertex -6.10222 30.7765 28.3
    endloop
  endfacet
  facet normal 0 0 1
    outer loop
      vertex -6.22836 31.148 28.3
      vertex -6.22836 28.852 28.3
      vertex -6.10222 29.2235 28.3
    endloop
  endfacet
  facet normal 0 0 1
    outer loop
      vertex -6.40192 31.5 28.3
      vertex -6.22836 28.852 28.3
      vertex -6.22836 31.148 28.3
    endloop
  endfacet
  facet normal 0 0 1
    outer loop
      vertex -6.40192 31.5 28.3
      vertex -6.40192 28.5 28.3
      vertex -6.22836 28.852 28.3
    endloop
  endfacet
  facet normal 0 0 1
    outer loop
      vertex -6.61994 31.8263 28.3
      vertex -6.40192 28.5 28.3
      vertex -6.40192 31.5 28.3
    endloop
  endfacet
  facet normal 0 0 1
    outer loop
      vertex -6.61994 31.8263 28.3
      vertex -6.61994 28.1737 28.3
      vertex -6.40192 28.5 28.3
    endloop
  endfacet
  facet normal 0 0 1
    outer loop
      vertex -6.87868 32.1213 28.3
      vertex -6.61994 28.1737 28.3
      vertex -6.61994 31.8263 28.3
    endloop
  endfacet
  facet normal 0 0 1
    outer loop
      vertex -6.87868 32.1213 28.3
      vertex -6.87868 27.8787 28.3
      vertex -6.61994 28.1737 28.3
    endloop
  endfacet
  facet normal 0 0 1
    outer loop
      vertex -7.17372 32.3801 28.3
      vertex -6.87868 27.8787 28.3
      vertex -6.87868 32.1213 28.3
    endloop
  endfacet
  facet normal 0 0 1
    outer loop
      vertex -7.17372 32.3801 28.3
      vertex -7.17372 27.6199 28.3
      vertex -6.87868 27.8787 28.3
    endloop
  endfacet
  facet normal 0 0 1
    outer loop
      vertex -7.5 32.5981 28.3
      vertex -7.17372 27.6199 28.3
      vertex -7.17372 32.3801 28.3
    endloop
  endfacet
  facet normal 0 0 1
    outer loop
      vertex -7.5 32.5981 28.3
      vertex -7.5 27.4019 28.3
      vertex -7.17372 27.6199 28.3
    endloop
  endfacet
  facet normal 0 0 1
    outer loop
      vertex -7.85195 32.7716 28.3
      vertex -7.5 27.4019 28.3
      vertex -7.5 32.5981 28.3
    endloop
  endfacet
  facet normal 0 0 1
    outer loop
      vertex -7.85195 32.7716 28.3
      vertex -7.85195 27.2284 28.3
      vertex -7.5 27.4019 28.3
    endloop
  endfacet
  facet normal 0 0 1
    outer loop
      vertex -8.22354 32.8978 28.3
      vertex -7.85195 27.2284 28.3
      vertex -7.85195 32.7716 28.3
    endloop
  endfacet
  facet normal 0 0 1
    outer loop
      vertex -8.22354 32.8978 28.3
      vertex -8.22354 27.1022 28.3
      vertex -7.85195 27.2284 28.3
    endloop
  endfacet
  facet normal 0 0 1
    outer loop
      vertex -8.60842 32.9743 28.3
      vertex -8.22354 27.1022 28.3
      vertex -8.22354 32.8978 28.3
    endloop
  endfacet
  facet normal 0 0 1
    outer loop
      vertex -8.60842 32.9743 28.3
      vertex -8.60842 27.0257 28.3
      vertex -8.22354 27.1022 28.3
    endloop
  endfacet
  facet normal 0 0 1
    outer loop
      vertex -9 33 28.3
      vertex -8.60842 27.0257 28.3
      vertex -8.60842 32.9743 28.3
    endloop
  endfacet
  facet normal 0 0 1
    outer loop
      vertex -9 33 28.3
      vertex -9 27 28.3
      vertex -8.60842 27.0257 28.3
    endloop
  endfacet
  facet normal -0 0 1
    outer loop
      vertex -9.39158 32.9743 28.3
      vertex -9 27 28.3
      vertex -9 33 28.3
    endloop
  endfacet
  facet normal 0 0 1
    outer loop
      vertex -9.39158 32.9743 28.3
      vertex -9.39158 27.0257 28.3
      vertex -9 27 28.3
    endloop
  endfacet
  facet normal -0 0 1
    outer loop
      vertex -9.77646 32.8978 28.3
      vertex -9.39158 27.0257 28.3
      vertex -9.39158 32.9743 28.3
    endloop
  endfacet
  facet normal 0 0 1
    outer loop
      vertex -9.77646 32.8978 28.3
      vertex -9.77646 27.1022 28.3
      vertex -9.39158 27.0257 28.3
    endloop
  endfacet
  facet normal -0 0 1
    outer loop
      vertex -10.148 32.7716 28.3
      vertex -9.77646 27.1022 28.3
      vertex -9.77646 32.8978 28.3
    endloop
  endfacet
  facet normal 0 0 1
    outer loop
      vertex -10.148 32.7716 28.3
      vertex -10.148 27.2284 28.3
      vertex -9.77646 27.1022 28.3
    endloop
  endfacet
  facet normal -0 0 1
    outer loop
      vertex -10.5 32.5981 28.3
      vertex -10.148 27.2284 28.3
      vertex -10.148 32.7716 28.3
    endloop
  endfacet
  facet normal 0 0 1
    outer loop
      vertex -10.5 32.5981 28.3
      vertex -10.5 27.4019 28.3
      vertex -10.148 27.2284 28.3
    endloop
  endfacet
  facet normal -0 0 1
    outer loop
      vertex -10.8263 32.3801 28.3
      vertex -10.5 27.4019 28.3
      vertex -10.5 32.5981 28.3
    endloop
  endfacet
  facet normal 0 0 1
    outer loop
      vertex -10.8263 32.3801 28.3
      vertex -10.8263 27.6199 28.3
      vertex -10.5 27.4019 28.3
    endloop
  endfacet
  facet normal -0 0 1
    outer loop
      vertex -11.1213 32.1213 28.3
      vertex -10.8263 27.6199 28.3
      vertex -10.8263 32.3801 28.3
    endloop
  endfacet
  facet normal 0 0 1
    outer loop
      vertex -11.1213 32.1213 28.3
      vertex -11.1213 27.8787 28.3
      vertex -10.8263 27.6199 28.3
    endloop
  endfacet
  facet normal -0 0 1
    outer loop
      vertex -11.3801 31.8263 28.3
      vertex -11.1213 27.8787 28.3
      vertex -11.1213 32.1213 28.3
    endloop
  endfacet
  facet normal 0 0 1
    outer loop
      vertex -11.3801 31.8263 28.3
      vertex -11.3801 28.1737 28.3
      vertex -11.1213 27.8787 28.3
    endloop
  endfacet
  facet normal -0 0 1
    outer loop
      vertex -11.5981 31.5 28.3
      vertex -11.3801 28.1737 28.3
      vertex -11.3801 31.8263 28.3
    endloop
  endfacet
  facet normal 0 0 1
    outer loop
      vertex -11.5981 31.5 28.3
      vertex -11.5981 28.5 28.3
      vertex -11.3801 28.1737 28.3
    endloop
  endfacet
  facet normal -0 0 1
    outer loop
      vertex -11.7716 31.148 28.3
      vertex -11.5981 28.5 28.3
      vertex -11.5981 31.5 28.3
    endloop
  endfacet
  facet normal 0 0 1
    outer loop
      vertex -11.7716 31.148 28.3
      vertex -11.7716 28.852 28.3
      vertex -11.5981 28.5 28.3
    endloop
  endfacet
  facet normal -0 0 1
    outer loop
      vertex -11.8978 30.7765 28.3
      vertex -11.7716 28.852 28.3
      vertex -11.7716 31.148 28.3
    endloop
  endfacet
  facet normal 0 0 1
    outer loop
      vertex -11.8978 30.7765 28.3
      vertex -11.8978 29.2235 28.3
      vertex -11.7716 28.852 28.3
    endloop
  endfacet
  facet normal -0 0 1
    outer loop
      vertex -11.9743 30.3916 28.3
      vertex -11.8978 29.2235 28.3
      vertex -11.8978 30.7765 28.3
    endloop
  endfacet
  facet normal 0 0 1
    outer loop
      vertex -11.9743 30.3916 28.3
      vertex -11.9743 29.6084 28.3
      vertex -11.8978 29.2235 28.3
    endloop
  endfacet
  facet normal 0 -0 1
    outer loop
      vertex -11.9743 29.6084 28.3
      vertex -11.9743 30.3916 28.3
      vertex -12 30 28.3
    endloop
  endfacet
  facet normal 0.831477 0.555558 0
    outer loop
      vertex -6.40192 31.5 28.3
      vertex -6.61994 31.8263 8.3
      vertex -6.61994 31.8263 28.3
    endloop
  endfacet
  facet normal 0.831477 0.555558 0
    outer loop
      vertex -6.61994 31.8263 8.3
      vertex -6.40192 31.5 28.3
      vertex -6.40192 31.5 8.3
    endloop
  endfacet
  facet normal 0.555547 0.831485 -0
    outer loop
      vertex -7.17372 32.3801 8.3
      vertex -7.5 32.5981 28.3
      vertex -7.17372 32.3801 28.3
    endloop
  endfacet
  facet normal 0.555547 0.831485 0
    outer loop
      vertex -7.5 32.5981 28.3
      vertex -7.17372 32.3801 8.3
      vertex -7.5 32.5981 8.3
    endloop
  endfacet
  facet normal 0.8969 -0.442233 0
    outer loop
      vertex -6.40192 28.5 28.3
      vertex -6.22836 28.852 8.3
      vertex -6.22836 28.852 28.3
    endloop
  endfacet
  facet normal 0.8969 -0.442233 0
    outer loop
      vertex -6.22836 28.852 8.3
      vertex -6.40192 28.5 28.3
      vertex -6.40192 28.5 8.3
    endloop
  endfacet
  facet normal 0.997858 -0.0654112 0
    outer loop
      vertex -6.02567 29.6084 28.3
      vertex -6 30 8.3
      vertex -6 30 28.3
    endloop
  endfacet
  facet normal 0.997858 -0.0654112 0
    outer loop
      vertex -6 30 8.3
      vertex -6.02567 29.6084 28.3
      vertex -6.02567 29.6084 8.3
    endloop
  endfacet
  facet normal 0.321582 0.946882 -0
    outer loop
      vertex -7.85195 32.7716 8.3
      vertex -8.22354 32.8978 28.3
      vertex -7.85195 32.7716 28.3
    endloop
  endfacet
  facet normal 0.321582 0.946882 0
    outer loop
      vertex -8.22354 32.8978 28.3
      vertex -7.85195 32.7716 8.3
      vertex -8.22354 32.8978 8.3
    endloop
  endfacet
  facet normal -0.896961 0.44211 0
    outer loop
      vertex -11.7716 31.148 8.3
      vertex -11.5981 31.5 28.3
      vertex -11.5981 31.5 8.3
    endloop
  endfacet
  facet normal -0.896961 0.44211 0
    outer loop
      vertex -11.5981 31.5 28.3
      vertex -11.7716 31.148 8.3
      vertex -11.7716 31.148 28.3
    endloop
  endfacet
  facet normal -0.659478 0.751724 0
    outer loop
      vertex -10.8263 32.3801 8.3
      vertex -11.1213 32.1213 28.3
      vertex -10.8263 32.3801 28.3
    endloop
  endfacet
  facet normal -0.659478 0.751724 0
    outer loop
      vertex -11.1213 32.1213 28.3
      vertex -10.8263 32.3801 8.3
      vertex -11.1213 32.1213 8.3
    endloop
  endfacet
  facet normal 0.321582 -0.946882 0
    outer loop
      vertex -8.22354 27.1022 8.3
      vertex -7.85195 27.2284 28.3
      vertex -8.22354 27.1022 28.3
    endloop
  endfacet
  facet normal 0.321582 -0.946882 0
    outer loop
      vertex -7.85195 27.2284 28.3
      vertex -8.22354 27.1022 8.3
      vertex -7.85195 27.2284 8.3
    endloop
  endfacet
  facet normal -0.997853 -0.0654873 0
    outer loop
      vertex -11.9743 29.6084 8.3
      vertex -12 30 28.3
      vertex -12 30 8.3
    endloop
  endfacet
  facet normal -0.997853 -0.0654873 0
    outer loop
      vertex -12 30 28.3
      vertex -11.9743 29.6084 8.3
      vertex -11.9743 29.6084 28.3
    endloop
  endfacet
  facet normal -0.659478 -0.751724 0
    outer loop
      vertex -11.1213 27.8787 8.3
      vertex -10.8263 27.6199 28.3
      vertex -11.1213 27.8787 28.3
    endloop
  endfacet
  facet normal -0.659478 -0.751724 -0
    outer loop
      vertex -10.8263 27.6199 28.3
      vertex -11.1213 27.8787 8.3
      vertex -10.8263 27.6199 8.3
    endloop
  endfacet
  facet normal -0.32162 0.946869 0
    outer loop
      vertex -9.77646 32.8978 8.3
      vertex -10.148 32.7716 28.3
      vertex -9.77646 32.8978 28.3
    endloop
  endfacet
  facet normal -0.32162 0.946869 0
    outer loop
      vertex -10.148 32.7716 28.3
      vertex -9.77646 32.8978 8.3
      vertex -10.148 32.7716 8.3
    endloop
  endfacet
  facet normal -0.831501 -0.555523 0
    outer loop
      vertex -11.3801 28.1737 8.3
      vertex -11.5981 28.5 28.3
      vertex -11.5981 28.5 8.3
    endloop
  endfacet
  facet normal -0.831501 -0.555523 0
    outer loop
      vertex -11.5981 28.5 28.3
      vertex -11.3801 28.1737 8.3
      vertex -11.3801 28.1737 28.3
    endloop
  endfacet
  facet normal -0.555523 0.831501 0
    outer loop
      vertex -10.5 32.5981 8.3
      vertex -10.8263 32.3801 28.3
      vertex -10.5 32.5981 28.3
    endloop
  endfacet
  facet normal -0.555523 0.831501 0
    outer loop
      vertex -10.8263 32.3801 28.3
      vertex -10.5 32.5981 8.3
      vertex -10.8263 32.3801 8.3
    endloop
  endfacet
  facet normal -0.997853 0.0654873 0
    outer loop
      vertex -12 30 8.3
      vertex -11.9743 30.3916 28.3
      vertex -11.9743 30.3916 8.3
    endloop
  endfacet
  facet normal -0.997853 0.0654873 0
    outer loop
      vertex -11.9743 30.3916 28.3
      vertex -12 30 8.3
      vertex -12 30 28.3
    endloop
  endfacet
  facet normal 0.19495 0.980813 -0
    outer loop
      vertex -8.22354 32.8978 8.3
      vertex -8.60842 32.9743 28.3
      vertex -8.22354 32.8978 28.3
    endloop
  endfacet
  facet normal 0.19495 0.980813 0
    outer loop
      vertex -8.60842 32.9743 28.3
      vertex -8.22354 32.8978 8.3
      vertex -8.60842 32.9743 8.3
    endloop
  endfacet
  facet normal -0.44211 0.896961 0
    outer loop
      vertex -10.148 32.7716 8.3
      vertex -10.5 32.5981 28.3
      vertex -10.148 32.7716 28.3
    endloop
  endfacet
  facet normal -0.44211 0.896961 0
    outer loop
      vertex -10.5 32.5981 28.3
      vertex -10.148 32.7716 8.3
      vertex -10.5 32.5981 8.3
    endloop
  endfacet
  facet normal 0.0654906 -0.997853 0
    outer loop
      vertex -9 27 8.3
      vertex -8.60842 27.0257 28.3
      vertex -9 27 28.3
    endloop
  endfacet
  facet normal 0.0654906 -0.997853 0
    outer loop
      vertex -8.60842 27.0257 28.3
      vertex -9 27 8.3
      vertex -8.60842 27.0257 8.3
    endloop
  endfacet
  facet normal 0.659428 -0.751768 0
    outer loop
      vertex -7.17372 27.6199 8.3
      vertex -6.87868 27.8787 28.3
      vertex -7.17372 27.6199 28.3
    endloop
  endfacet
  facet normal 0.659428 -0.751768 0
    outer loop
      vertex -6.87868 27.8787 28.3
      vertex -7.17372 27.6199 8.3
      vertex -6.87868 27.8787 8.3
    endloop
  endfacet
  facet normal -0.946858 -0.321651 0
    outer loop
      vertex -11.7716 28.852 8.3
      vertex -11.8978 29.2235 28.3
      vertex -11.8978 29.2235 8.3
    endloop
  endfacet
  facet normal -0.946858 -0.321651 0
    outer loop
      vertex -11.8978 29.2235 28.3
      vertex -11.7716 28.852 8.3
      vertex -11.7716 28.852 28.3
    endloop
  endfacet
  facet normal 0.946905 -0.321514 0
    outer loop
      vertex -6.22836 28.852 28.3
      vertex -6.10222 29.2235 8.3
      vertex -6.10222 29.2235 28.3
    endloop
  endfacet
  facet normal 0.946905 -0.321514 0
    outer loop
      vertex -6.10222 29.2235 8.3
      vertex -6.22836 28.852 28.3
      vertex -6.22836 28.852 8.3
    endloop
  endfacet
  facet normal 0.44216 0.896936 -0
    outer loop
      vertex -7.5 32.5981 8.3
      vertex -7.85195 32.7716 28.3
      vertex -7.5 32.5981 28.3
    endloop
  endfacet
  facet normal 0.44216 0.896936 0
    outer loop
      vertex -7.85195 32.7716 28.3
      vertex -7.5 32.5981 8.3
      vertex -7.85195 32.7716 8.3
    endloop
  endfacet
  facet normal -0.19495 0.980813 0
    outer loop
      vertex -9.39158 32.9743 8.3
      vertex -9.77646 32.8978 28.3
      vertex -9.39158 32.9743 28.3
    endloop
  endfacet
  facet normal -0.19495 0.980813 0
    outer loop
      vertex -9.77646 32.8978 28.3
      vertex -9.39158 32.9743 8.3
      vertex -9.77646 32.8978 8.3
    endloop
  endfacet
  facet normal 0.751799 0.659392 0
    outer loop
      vertex -6.61994 31.8263 28.3
      vertex -6.87868 32.1213 8.3
      vertex -6.87868 32.1213 28.3
    endloop
  endfacet
  facet normal 0.751799 0.659392 0
    outer loop
      vertex -6.87868 32.1213 8.3
      vertex -6.61994 31.8263 28.3
      vertex -6.61994 31.8263 8.3
    endloop
  endfacet
  facet normal 0.751799 -0.659392 0
    outer loop
      vertex -6.87868 27.8787 28.3
      vertex -6.61994 28.1737 8.3
      vertex -6.61994 28.1737 28.3
    endloop
  endfacet
  facet normal 0.751799 -0.659392 0
    outer loop
      vertex -6.61994 28.1737 8.3
      vertex -6.87868 27.8787 28.3
      vertex -6.87868 27.8787 8.3
    endloop
  endfacet
  facet normal -0.44211 -0.896961 0
    outer loop
      vertex -10.5 27.4019 8.3
      vertex -10.148 27.2284 28.3
      vertex -10.5 27.4019 28.3
    endloop
  endfacet
  facet normal -0.44211 -0.896961 -0
    outer loop
      vertex -10.148 27.2284 28.3
      vertex -10.5 27.4019 8.3
      vertex -10.148 27.2284 8.3
    endloop
  endfacet
  facet normal -0.946858 0.321651 0
    outer loop
      vertex -11.8978 30.7765 8.3
      vertex -11.7716 31.148 28.3
      vertex -11.7716 31.148 8.3
    endloop
  endfacet
  facet normal -0.946858 0.321651 0
    outer loop
      vertex -11.7716 31.148 28.3
      vertex -11.8978 30.7765 8.3
      vertex -11.8978 30.7765 28.3
    endloop
  endfacet
  facet normal 0.19495 -0.980813 0
    outer loop
      vertex -8.60842 27.0257 8.3
      vertex -8.22354 27.1022 28.3
      vertex -8.60842 27.0257 28.3
    endloop
  endfacet
  facet normal 0.19495 -0.980813 0
    outer loop
      vertex -8.22354 27.1022 28.3
      vertex -8.60842 27.0257 8.3
      vertex -8.22354 27.1022 8.3
    endloop
  endfacet
  facet normal 0.44216 -0.896936 0
    outer loop
      vertex -7.85195 27.2284 8.3
      vertex -7.5 27.4019 28.3
      vertex -7.85195 27.2284 28.3
    endloop
  endfacet
  facet normal 0.44216 -0.896936 0
    outer loop
      vertex -7.5 27.4019 28.3
      vertex -7.85195 27.2284 8.3
      vertex -7.5 27.4019 8.3
    endloop
  endfacet
  facet normal -0.751724 0.659478 0
    outer loop
      vertex -11.3801 31.8263 8.3
      vertex -11.1213 32.1213 28.3
      vertex -11.1213 32.1213 8.3
    endloop
  endfacet
  facet normal -0.751724 0.659478 0
    outer loop
      vertex -11.1213 32.1213 28.3
      vertex -11.3801 31.8263 8.3
      vertex -11.3801 31.8263 28.3
    endloop
  endfacet
  facet normal 0.659428 0.751768 -0
    outer loop
      vertex -6.87868 32.1213 8.3
      vertex -7.17372 32.3801 28.3
      vertex -6.87868 32.1213 28.3
    endloop
  endfacet
  facet normal 0.659428 0.751768 0
    outer loop
      vertex -7.17372 32.3801 28.3
      vertex -6.87868 32.1213 8.3
      vertex -7.17372 32.3801 8.3
    endloop
  endfacet
  facet normal -0.896961 -0.44211 0
    outer loop
      vertex -11.5981 28.5 8.3
      vertex -11.7716 28.852 28.3
      vertex -11.7716 28.852 8.3
    endloop
  endfacet
  facet normal -0.896961 -0.44211 0
    outer loop
      vertex -11.7716 28.852 28.3
      vertex -11.5981 28.5 8.3
      vertex -11.5981 28.5 28.3
    endloop
  endfacet
  facet normal 0.831477 -0.555558 0
    outer loop
      vertex -6.61994 28.1737 28.3
      vertex -6.40192 28.5 8.3
      vertex -6.40192 28.5 28.3
    endloop
  endfacet
  facet normal 0.831477 -0.555558 0
    outer loop
      vertex -6.40192 28.5 8.3
      vertex -6.61994 28.1737 28.3
      vertex -6.61994 28.1737 8.3
    endloop
  endfacet
  facet normal 0.8969 0.442233 0
    outer loop
      vertex -6.22836 31.148 28.3
      vertex -6.40192 31.5 8.3
      vertex -6.40192 31.5 28.3
    endloop
  endfacet
  facet normal 0.8969 0.442233 0
    outer loop
      vertex -6.40192 31.5 8.3
      vertex -6.22836 31.148 28.3
      vertex -6.22836 31.148 8.3
    endloop
  endfacet
  facet normal -0.0654906 -0.997853 0
    outer loop
      vertex -9.39158 27.0257 8.3
      vertex -9 27 28.3
      vertex -9.39158 27.0257 28.3
    endloop
  endfacet
  facet normal -0.0654906 -0.997853 -0
    outer loop
      vertex -9 27 28.3
      vertex -9.39158 27.0257 8.3
      vertex -9 27 8.3
    endloop
  endfacet
  facet normal 0.0654906 0.997853 -0
    outer loop
      vertex -8.60842 32.9743 8.3
      vertex -9 33 28.3
      vertex -8.60842 32.9743 28.3
    endloop
  endfacet
  facet normal 0.0654906 0.997853 0
    outer loop
      vertex -9 33 28.3
      vertex -8.60842 32.9743 8.3
      vertex -9 33 8.3
    endloop
  endfacet
  facet normal -0.555523 -0.831501 0
    outer loop
      vertex -10.8263 27.6199 8.3
      vertex -10.5 27.4019 28.3
      vertex -10.8263 27.6199 28.3
    endloop
  endfacet
  facet normal -0.555523 -0.831501 -0
    outer loop
      vertex -10.5 27.4019 28.3
      vertex -10.8263 27.6199 8.3
      vertex -10.5 27.4019 8.3
    endloop
  endfacet
  facet normal 0.555547 -0.831485 0
    outer loop
      vertex -7.5 27.4019 8.3
      vertex -7.17372 27.6199 28.3
      vertex -7.5 27.4019 28.3
    endloop
  endfacet
  facet normal 0.555547 -0.831485 0
    outer loop
      vertex -7.17372 27.6199 28.3
      vertex -7.5 27.4019 8.3
      vertex -7.17372 27.6199 8.3
    endloop
  endfacet
  facet normal 0.946905 0.321514 0
    outer loop
      vertex -6.10222 30.7765 28.3
      vertex -6.22836 31.148 8.3
      vertex -6.22836 31.148 28.3
    endloop
  endfacet
  facet normal 0.946905 0.321514 0
    outer loop
      vertex -6.22836 31.148 8.3
      vertex -6.10222 30.7765 28.3
      vertex -6.10222 30.7765 8.3
    endloop
  endfacet
  facet normal -0.980815 0.19494 0
    outer loop
      vertex -11.9743 30.3916 8.3
      vertex -11.8978 30.7765 28.3
      vertex -11.8978 30.7765 8.3
    endloop
  endfacet
  facet normal -0.980815 0.19494 0
    outer loop
      vertex -11.8978 30.7765 28.3
      vertex -11.9743 30.3916 8.3
      vertex -11.9743 30.3916 28.3
    endloop
  endfacet
  facet normal -0.0654906 0.997853 0
    outer loop
      vertex -9 33 8.3
      vertex -9.39158 32.9743 28.3
      vertex -9 33 28.3
    endloop
  endfacet
  facet normal -0.0654906 0.997853 0
    outer loop
      vertex -9.39158 32.9743 28.3
      vertex -9 33 8.3
      vertex -9.39158 32.9743 8.3
    endloop
  endfacet
  facet normal -0.32162 -0.946869 0
    outer loop
      vertex -10.148 27.2284 8.3
      vertex -9.77646 27.1022 28.3
      vertex -10.148 27.2284 28.3
    endloop
  endfacet
  facet normal -0.32162 -0.946869 -0
    outer loop
      vertex -9.77646 27.1022 28.3
      vertex -10.148 27.2284 8.3
      vertex -9.77646 27.1022 8.3
    endloop
  endfacet
  facet normal -0.980815 -0.19494 0
    outer loop
      vertex -11.8978 29.2235 8.3
      vertex -11.9743 29.6084 28.3
      vertex -11.9743 29.6084 8.3
    endloop
  endfacet
  facet normal -0.980815 -0.19494 0
    outer loop
      vertex -11.9743 29.6084 28.3
      vertex -11.8978 29.2235 8.3
      vertex -11.8978 29.2235 28.3
    endloop
  endfacet
  facet normal -0.751724 -0.659478 0
    outer loop
      vertex -11.1213 27.8787 8.3
      vertex -11.3801 28.1737 28.3
      vertex -11.3801 28.1737 8.3
    endloop
  endfacet
  facet normal -0.751724 -0.659478 0
    outer loop
      vertex -11.3801 28.1737 28.3
      vertex -11.1213 27.8787 8.3
      vertex -11.1213 27.8787 28.3
    endloop
  endfacet
  facet normal -0.19495 -0.980813 0
    outer loop
      vertex -9.77646 27.1022 8.3
      vertex -9.39158 27.0257 28.3
      vertex -9.77646 27.1022 28.3
    endloop
  endfacet
  facet normal -0.19495 -0.980813 -0
    outer loop
      vertex -9.39158 27.0257 28.3
      vertex -9.77646 27.1022 8.3
      vertex -9.39158 27.0257 8.3
    endloop
  endfacet
  facet normal -0.831501 0.555523 0
    outer loop
      vertex -11.5981 31.5 8.3
      vertex -11.3801 31.8263 28.3
      vertex -11.3801 31.8263 8.3
    endloop
  endfacet
  facet normal -0.831501 0.555523 0
    outer loop
      vertex -11.3801 31.8263 28.3
      vertex -11.5981 31.5 8.3
      vertex -11.5981 31.5 28.3
    endloop
  endfacet
  facet normal 0.0654673 -0.997855 0
    outer loop
      vertex 39 24.5 6
      vertex 39.7179 24.5471 8.3
      vertex 39 24.5 8.3
    endloop
  endfacet
  facet normal 0.0654673 -0.997855 0
    outer loop
      vertex 39.7179 24.5471 8.3
      vertex 39 24.5 6
      vertex 39.7179 24.5471 6
    endloop
  endfacet
  facet normal 0.980799 0.19502 0
    outer loop
      vertex 44.4529 30.7179 8.3
      vertex 44.3126 31.4235 6
      vertex 44.3126 31.4235 8.3
    endloop
  endfacet
  facet normal 0.980799 0.19502 0
    outer loop
      vertex 44.3126 31.4235 6
      vertex 44.4529 30.7179 8.3
      vertex 44.4529 30.7179 6
    endloop
  endfacet
  facet normal 0.997855 0.0654673 0
    outer loop
      vertex 44.5 30 8.3
      vertex 44.4529 30.7179 6
      vertex 44.4529 30.7179 8.3
    endloop
  endfacet
  facet normal 0.997855 0.0654673 0
    outer loop
      vertex 44.4529 30.7179 6
      vertex 44.5 30 8.3
      vertex 44.5 30 6
    endloop
  endfacet
  facet normal 0.946918 0.321477 0
    outer loop
      vertex 44.3126 31.4235 8.3
      vertex 44.0813 32.1048 6
      vertex 44.0813 32.1048 8.3
    endloop
  endfacet
  facet normal 0.946918 0.321477 0
    outer loop
      vertex 44.0813 32.1048 6
      vertex 44.3126 31.4235 8.3
      vertex 44.3126 31.4235 6
    endloop
  endfacet
  facet normal 0.831472 -0.555566 0
    outer loop
      vertex 43.3634 26.6518 8.3
      vertex 43.7631 27.25 6
      vertex 43.7631 27.25 8.3
    endloop
  endfacet
  facet normal 0.831472 -0.555566 0
    outer loop
      vertex 43.7631 27.25 6
      vertex 43.3634 26.6518 8.3
      vertex 43.3634 26.6518 6
    endloop
  endfacet
  facet normal -0.442314 -0.89686 0
    outer loop
      vertex 36.25 25.2369 6
      vertex 36.8952 24.9187 8.3
      vertex 36.25 25.2369 8.3
    endloop
  endfacet
  facet normal -0.442314 -0.89686 -0
    outer loop
      vertex 36.8952 24.9187 8.3
      vertex 36.25 25.2369 6
      vertex 36.8952 24.9187 6
    endloop
  endfacet
  facet normal 0.89686 0.442314 0
    outer loop
      vertex 44.0813 32.1048 8.3
      vertex 43.7631 32.75 6
      vertex 43.7631 32.75 8.3
    endloop
  endfacet
  facet normal 0.89686 0.442314 0
    outer loop
      vertex 43.7631 32.75 6
      vertex 44.0813 32.1048 8.3
      vertex 44.0813 32.1048 6
    endloop
  endfacet
  facet normal 0.751879 -0.659301 0
    outer loop
      vertex 42.8891 26.1109 8.3
      vertex 43.3634 26.6518 6
      vertex 43.3634 26.6518 8.3
    endloop
  endfacet
  facet normal 0.751879 -0.659301 0
    outer loop
      vertex 43.3634 26.6518 6
      vertex 42.8891 26.1109 8.3
      vertex 42.8891 26.1109 6
    endloop
  endfacet
  facet normal 0.555566 -0.831472 0
    outer loop
      vertex 41.75 25.2369 6
      vertex 42.3482 25.6366 8.3
      vertex 41.75 25.2369 8.3
    endloop
  endfacet
  facet normal 0.555566 -0.831472 0
    outer loop
      vertex 42.3482 25.6366 8.3
      vertex 41.75 25.2369 6
      vertex 42.3482 25.6366 6
    endloop
  endfacet
  facet normal 0.659301 0.751879 -0
    outer loop
      vertex 42.8891 33.8891 6
      vertex 42.3482 34.3634 8.3
      vertex 42.8891 33.8891 8.3
    endloop
  endfacet
  facet normal 0.659301 0.751879 0
    outer loop
      vertex 42.3482 34.3634 8.3
      vertex 42.8891 33.8891 6
      vertex 42.3482 34.3634 6
    endloop
  endfacet
  facet normal 0.89686 -0.442314 0
    outer loop
      vertex 43.7631 27.25 8.3
      vertex 44.0813 27.8952 6
      vertex 44.0813 27.8952 8.3
    endloop
  endfacet
  facet normal 0.89686 -0.442314 0
    outer loop
      vertex 44.0813 27.8952 6
      vertex 43.7631 27.25 8.3
      vertex 43.7631 27.25 6
    endloop
  endfacet
  facet normal 0.442314 -0.89686 0
    outer loop
      vertex 41.1048 24.9187 6
      vertex 41.75 25.2369 8.3
      vertex 41.1048 24.9187 8.3
    endloop
  endfacet
  facet normal 0.442314 -0.89686 0
    outer loop
      vertex 41.75 25.2369 8.3
      vertex 41.1048 24.9187 6
      vertex 41.75 25.2369 6
    endloop
  endfacet
  facet normal -0.659301 0.751879 0
    outer loop
      vertex 35.6518 34.3634 6
      vertex 35.1109 33.8891 8.3
      vertex 35.6518 34.3634 8.3
    endloop
  endfacet
  facet normal -0.659301 0.751879 0
    outer loop
      vertex 35.1109 33.8891 8.3
      vertex 35.6518 34.3634 6
      vertex 35.1109 33.8891 6
    endloop
  endfacet
  facet normal -0.980799 0.19502 0
    outer loop
      vertex 33.5471 30.7179 6
      vertex 33.6874 31.4235 8.3
      vertex 33.6874 31.4235 6
    endloop
  endfacet
  facet normal -0.980799 0.19502 0
    outer loop
      vertex 33.6874 31.4235 8.3
      vertex 33.5471 30.7179 6
      vertex 33.5471 30.7179 8.3
    endloop
  endfacet
  facet normal -0.0654673 -0.997855 0
    outer loop
      vertex 38.2821 24.5471 6
      vertex 39 24.5 8.3
      vertex 38.2821 24.5471 8.3
    endloop
  endfacet
  facet normal -0.0654673 -0.997855 -0
    outer loop
      vertex 39 24.5 8.3
      vertex 38.2821 24.5471 6
      vertex 39 24.5 6
    endloop
  endfacet
  facet normal 0.442314 0.89686 -0
    outer loop
      vertex 41.75 34.7631 6
      vertex 41.1048 35.0813 8.3
      vertex 41.75 34.7631 8.3
    endloop
  endfacet
  facet normal 0.442314 0.89686 0
    outer loop
      vertex 41.1048 35.0813 8.3
      vertex 41.75 34.7631 6
      vertex 41.1048 35.0813 6
    endloop
  endfacet
  facet normal -0.997855 0.0654673 0
    outer loop
      vertex 33.5 30 6
      vertex 33.5471 30.7179 8.3
      vertex 33.5471 30.7179 6
    endloop
  endfacet
  facet normal -0.997855 0.0654673 0
    outer loop
      vertex 33.5471 30.7179 8.3
      vertex 33.5 30 6
      vertex 33.5 30 8.3
    endloop
  endfacet
  facet normal -0.831472 0.555566 0
    outer loop
      vertex 34.2369 32.75 6
      vertex 34.6366 33.3482 8.3
      vertex 34.6366 33.3482 6
    endloop
  endfacet
  facet normal -0.831472 0.555566 0
    outer loop
      vertex 34.6366 33.3482 8.3
      vertex 34.2369 32.75 6
      vertex 34.2369 32.75 8.3
    endloop
  endfacet
  facet normal -0.659301 -0.751879 0
    outer loop
      vertex 35.1109 26.1109 6
      vertex 35.6518 25.6366 8.3
      vertex 35.1109 26.1109 8.3
    endloop
  endfacet
  facet normal -0.659301 -0.751879 -0
    outer loop
      vertex 35.6518 25.6366 8.3
      vertex 35.1109 26.1109 6
      vertex 35.6518 25.6366 6
    endloop
  endfacet
  facet normal -0.442314 0.89686 0
    outer loop
      vertex 36.8952 35.0813 6
      vertex 36.25 34.7631 8.3
      vertex 36.8952 35.0813 8.3
    endloop
  endfacet
  facet normal -0.442314 0.89686 0
    outer loop
      vertex 36.25 34.7631 8.3
      vertex 36.8952 35.0813 6
      vertex 36.25 34.7631 6
    endloop
  endfacet
  facet normal 0.946918 -0.321477 0
    outer loop
      vertex 44.0813 27.8952 8.3
      vertex 44.3126 28.5765 6
      vertex 44.3126 28.5765 8.3
    endloop
  endfacet
  facet normal 0.946918 -0.321477 0
    outer loop
      vertex 44.3126 28.5765 6
      vertex 44.0813 27.8952 8.3
      vertex 44.0813 27.8952 6
    endloop
  endfacet
  facet normal 0.751879 0.659301 0
    outer loop
      vertex 43.3634 33.3482 8.3
      vertex 42.8891 33.8891 6
      vertex 42.8891 33.8891 8.3
    endloop
  endfacet
  facet normal 0.751879 0.659301 0
    outer loop
      vertex 42.8891 33.8891 6
      vertex 43.3634 33.3482 8.3
      vertex 43.3634 33.3482 6
    endloop
  endfacet
  facet normal 0.980799 -0.19502 0
    outer loop
      vertex 44.3126 28.5765 8.3
      vertex 44.4529 29.2821 6
      vertex 44.4529 29.2821 8.3
    endloop
  endfacet
  facet normal 0.980799 -0.19502 0
    outer loop
      vertex 44.4529 29.2821 6
      vertex 44.3126 28.5765 8.3
      vertex 44.3126 28.5765 6
    endloop
  endfacet
  facet normal -0.831472 -0.555566 0
    outer loop
      vertex 34.6366 26.6518 6
      vertex 34.2369 27.25 8.3
      vertex 34.2369 27.25 6
    endloop
  endfacet
  facet normal -0.831472 -0.555566 0
    outer loop
      vertex 34.2369 27.25 8.3
      vertex 34.6366 26.6518 6
      vertex 34.6366 26.6518 8.3
    endloop
  endfacet
  facet normal 0.19502 -0.980799 0
    outer loop
      vertex 39.7179 24.5471 6
      vertex 40.4235 24.6874 8.3
      vertex 39.7179 24.5471 8.3
    endloop
  endfacet
  facet normal 0.19502 -0.980799 0
    outer loop
      vertex 40.4235 24.6874 8.3
      vertex 39.7179 24.5471 6
      vertex 40.4235 24.6874 6
    endloop
  endfacet
  facet normal 0.997855 -0.0654673 0
    outer loop
      vertex 44.4529 29.2821 8.3
      vertex 44.5 30 6
      vertex 44.5 30 8.3
    endloop
  endfacet
  facet normal 0.997855 -0.0654673 0
    outer loop
      vertex 44.5 30 6
      vertex 44.4529 29.2821 8.3
      vertex 44.4529 29.2821 6
    endloop
  endfacet
  facet normal 0.659301 -0.751879 0
    outer loop
      vertex 42.3482 25.6366 6
      vertex 42.8891 26.1109 8.3
      vertex 42.3482 25.6366 8.3
    endloop
  endfacet
  facet normal 0.659301 -0.751879 0
    outer loop
      vertex 42.8891 26.1109 8.3
      vertex 42.3482 25.6366 6
      vertex 42.8891 26.1109 6
    endloop
  endfacet
  facet normal -0.980799 -0.19502 0
    outer loop
      vertex 33.6874 28.5765 6
      vertex 33.5471 29.2821 8.3
      vertex 33.5471 29.2821 6
    endloop
  endfacet
  facet normal -0.980799 -0.19502 0
    outer loop
      vertex 33.5471 29.2821 8.3
      vertex 33.6874 28.5765 6
      vertex 33.6874 28.5765 8.3
    endloop
  endfacet
  facet normal -0.0654673 0.997855 0
    outer loop
      vertex 39 35.5 6
      vertex 38.2821 35.4529 8.3
      vertex 39 35.5 8.3
    endloop
  endfacet
  facet normal -0.0654673 0.997855 0
    outer loop
      vertex 38.2821 35.4529 8.3
      vertex 39 35.5 6
      vertex 38.2821 35.4529 6
    endloop
  endfacet
  facet normal -0.555566 -0.831472 0
    outer loop
      vertex 35.6518 25.6366 6
      vertex 36.25 25.2369 8.3
      vertex 35.6518 25.6366 8.3
    endloop
  endfacet
  facet normal -0.555566 -0.831472 -0
    outer loop
      vertex 36.25 25.2369 8.3
      vertex 35.6518 25.6366 6
      vertex 36.25 25.2369 6
    endloop
  endfacet
  facet normal -0.89686 -0.442314 0
    outer loop
      vertex 34.2369 27.25 6
      vertex 33.9187 27.8952 8.3
      vertex 33.9187 27.8952 6
    endloop
  endfacet
  facet normal -0.89686 -0.442314 0
    outer loop
      vertex 33.9187 27.8952 8.3
      vertex 34.2369 27.25 6
      vertex 34.2369 27.25 8.3
    endloop
  endfacet
  facet normal -0.89686 0.442314 0
    outer loop
      vertex 33.9187 32.1048 6
      vertex 34.2369 32.75 8.3
      vertex 34.2369 32.75 6
    endloop
  endfacet
  facet normal -0.89686 0.442314 0
    outer loop
      vertex 34.2369 32.75 8.3
      vertex 33.9187 32.1048 6
      vertex 33.9187 32.1048 8.3
    endloop
  endfacet
  facet normal 0.555566 0.831472 -0
    outer loop
      vertex 42.3482 34.3634 6
      vertex 41.75 34.7631 8.3
      vertex 42.3482 34.3634 8.3
    endloop
  endfacet
  facet normal 0.555566 0.831472 0
    outer loop
      vertex 41.75 34.7631 8.3
      vertex 42.3482 34.3634 6
      vertex 41.75 34.7631 6
    endloop
  endfacet
  facet normal -0.321477 -0.946918 0
    outer loop
      vertex 36.8952 24.9187 6
      vertex 37.5765 24.6874 8.3
      vertex 36.8952 24.9187 8.3
    endloop
  endfacet
  facet normal -0.321477 -0.946918 -0
    outer loop
      vertex 37.5765 24.6874 8.3
      vertex 36.8952 24.9187 6
      vertex 37.5765 24.6874 6
    endloop
  endfacet
  facet normal -0.555566 0.831472 0
    outer loop
      vertex 36.25 34.7631 6
      vertex 35.6518 34.3634 8.3
      vertex 36.25 34.7631 8.3
    endloop
  endfacet
  facet normal -0.555566 0.831472 0
    outer loop
      vertex 35.6518 34.3634 8.3
      vertex 36.25 34.7631 6
      vertex 35.6518 34.3634 6
    endloop
  endfacet
  facet normal 0.831472 0.555566 0
    outer loop
      vertex 43.7631 32.75 8.3
      vertex 43.3634 33.3482 6
      vertex 43.3634 33.3482 8.3
    endloop
  endfacet
  facet normal 0.831472 0.555566 0
    outer loop
      vertex 43.3634 33.3482 6
      vertex 43.7631 32.75 8.3
      vertex 43.7631 32.75 6
    endloop
  endfacet
  facet normal -0.997855 -0.0654673 0
    outer loop
      vertex 33.5471 29.2821 6
      vertex 33.5 30 8.3
      vertex 33.5 30 6
    endloop
  endfacet
  facet normal -0.997855 -0.0654673 0
    outer loop
      vertex 33.5 30 8.3
      vertex 33.5471 29.2821 6
      vertex 33.5471 29.2821 8.3
    endloop
  endfacet
  facet normal -0.321477 0.946918 0
    outer loop
      vertex 37.5765 35.3126 6
      vertex 36.8952 35.0813 8.3
      vertex 37.5765 35.3126 8.3
    endloop
  endfacet
  facet normal -0.321477 0.946918 0
    outer loop
      vertex 36.8952 35.0813 8.3
      vertex 37.5765 35.3126 6
      vertex 36.8952 35.0813 6
    endloop
  endfacet
  facet normal 0.0654673 0.997855 -0
    outer loop
      vertex 39.7179 35.4529 6
      vertex 39 35.5 8.3
      vertex 39.7179 35.4529 8.3
    endloop
  endfacet
  facet normal 0.0654673 0.997855 0
    outer loop
      vertex 39 35.5 8.3
      vertex 39.7179 35.4529 6
      vertex 39 35.5 6
    endloop
  endfacet
  facet normal -0.946918 -0.321477 0
    outer loop
      vertex 33.9187 27.8952 6
      vertex 33.6874 28.5765 8.3
      vertex 33.6874 28.5765 6
    endloop
  endfacet
  facet normal -0.946918 -0.321477 0
    outer loop
      vertex 33.6874 28.5765 8.3
      vertex 33.9187 27.8952 6
      vertex 33.9187 27.8952 8.3
    endloop
  endfacet
  facet normal -0.19502 -0.980799 0
    outer loop
      vertex 37.5765 24.6874 6
      vertex 38.2821 24.5471 8.3
      vertex 37.5765 24.6874 8.3
    endloop
  endfacet
  facet normal -0.19502 -0.980799 -0
    outer loop
      vertex 38.2821 24.5471 8.3
      vertex 37.5765 24.6874 6
      vertex 38.2821 24.5471 6
    endloop
  endfacet
  facet normal -0.19502 0.980799 0
    outer loop
      vertex 38.2821 35.4529 6
      vertex 37.5765 35.3126 8.3
      vertex 38.2821 35.4529 8.3
    endloop
  endfacet
  facet normal -0.19502 0.980799 0
    outer loop
      vertex 37.5765 35.3126 8.3
      vertex 38.2821 35.4529 6
      vertex 37.5765 35.3126 6
    endloop
  endfacet
  facet normal 0.321477 -0.946918 0
    outer loop
      vertex 40.4235 24.6874 6
      vertex 41.1048 24.9187 8.3
      vertex 40.4235 24.6874 8.3
    endloop
  endfacet
  facet normal 0.321477 -0.946918 0
    outer loop
      vertex 41.1048 24.9187 8.3
      vertex 40.4235 24.6874 6
      vertex 41.1048 24.9187 6
    endloop
  endfacet
  facet normal -0.751879 -0.659301 0
    outer loop
      vertex 35.1109 26.1109 6
      vertex 34.6366 26.6518 8.3
      vertex 34.6366 26.6518 6
    endloop
  endfacet
  facet normal -0.751879 -0.659301 0
    outer loop
      vertex 34.6366 26.6518 8.3
      vertex 35.1109 26.1109 6
      vertex 35.1109 26.1109 8.3
    endloop
  endfacet
  facet normal 0 0 1
    outer loop
      vertex 42 30 8.3
      vertex 44.5 30 8.3
      vertex 44.4529 30.7179 8.3
    endloop
  endfacet
  facet normal 0 0 1
    outer loop
      vertex 41.9743 30.3916 8.3
      vertex 44.4529 30.7179 8.3
      vertex 44.3126 31.4235 8.3
    endloop
  endfacet
  facet normal 0 0 1
    outer loop
      vertex 44.5 30 8.3
      vertex 42 30 8.3
      vertex 44.4529 29.2821 8.3
    endloop
  endfacet
  facet normal 0 0 1
    outer loop
      vertex 41.8978 30.7765 8.3
      vertex 44.3126 31.4235 8.3
      vertex 44.0813 32.1048 8.3
    endloop
  endfacet
  facet normal -0 0 1
    outer loop
      vertex 41.9743 29.6084 8.3
      vertex 44.4529 29.2821 8.3
      vertex 42 30 8.3
    endloop
  endfacet
  facet normal 0 0 1
    outer loop
      vertex 41.7716 31.148 8.3
      vertex 44.0813 32.1048 8.3
      vertex 43.7631 32.75 8.3
    endloop
  endfacet
  facet normal 0 0 1
    outer loop
      vertex 44.4529 29.2821 8.3
      vertex 41.9743 29.6084 8.3
      vertex 44.3126 28.5765 8.3
    endloop
  endfacet
  facet normal 0 0 1
    outer loop
      vertex 41.5981 31.5 8.3
      vertex 43.7631 32.75 8.3
      vertex 43.3634 33.3482 8.3
    endloop
  endfacet
  facet normal -0 0 1
    outer loop
      vertex 41.8978 29.2235 8.3
      vertex 44.3126 28.5765 8.3
      vertex 41.9743 29.6084 8.3
    endloop
  endfacet
  facet normal 0 0 1
    outer loop
      vertex 41.3801 31.8263 8.3
      vertex 43.3634 33.3482 8.3
      vertex 42.8891 33.8891 8.3
    endloop
  endfacet
  facet normal 0 0 1
    outer loop
      vertex 44.3126 28.5765 8.3
      vertex 41.8978 29.2235 8.3
      vertex 44.0813 27.8952 8.3
    endloop
  endfacet
  facet normal 0 0 1
    outer loop
      vertex 41.1213 32.1213 8.3
      vertex 42.8891 33.8891 8.3
      vertex 42.3482 34.3634 8.3
    endloop
  endfacet
  facet normal -0 0 1
    outer loop
      vertex 41.7716 28.852 8.3
      vertex 44.0813 27.8952 8.3
      vertex 41.8978 29.2235 8.3
    endloop
  endfacet
  facet normal 0 0 1
    outer loop
      vertex 44.0813 27.8952 8.3
      vertex 41.7716 28.852 8.3
      vertex 43.7631 27.25 8.3
    endloop
  endfacet
  facet normal 0 0 1
    outer loop
      vertex 44.4529 30.7179 8.3
      vertex 41.9743 30.3916 8.3
      vertex 42 30 8.3
    endloop
  endfacet
  facet normal 0 0 1
    outer loop
      vertex 44.3126 31.4235 8.3
      vertex 41.8978 30.7765 8.3
      vertex 41.9743 30.3916 8.3
    endloop
  endfacet
  facet normal 0 0 1
    outer loop
      vertex 44.0813 32.1048 8.3
      vertex 41.7716 31.148 8.3
      vertex 41.8978 30.7765 8.3
    endloop
  endfacet
  facet normal 0 0 1
    outer loop
      vertex 40.8263 32.3801 8.3
      vertex 42.3482 34.3634 8.3
      vertex 41.75 34.7631 8.3
    endloop
  endfacet
  facet normal 0 0 1
    outer loop
      vertex 43.7631 32.75 8.3
      vertex 41.5981 31.5 8.3
      vertex 41.7716 31.148 8.3
    endloop
  endfacet
  facet normal 0 0 1
    outer loop
      vertex 43.3634 33.3482 8.3
      vertex 41.3801 31.8263 8.3
      vertex 41.5981 31.5 8.3
    endloop
  endfacet
  facet normal 0 0 1
    outer loop
      vertex 42.8891 33.8891 8.3
      vertex 41.1213 32.1213 8.3
      vertex 41.3801 31.8263 8.3
    endloop
  endfacet
  facet normal 0 0 1
    outer loop
      vertex 40.5 32.5981 8.3
      vertex 41.75 34.7631 8.3
      vertex 41.1048 35.0813 8.3
    endloop
  endfacet
  facet normal 0 0 1
    outer loop
      vertex 42.3482 34.3634 8.3
      vertex 40.8263 32.3801 8.3
      vertex 41.1213 32.1213 8.3
    endloop
  endfacet
  facet normal 0 0 1
    outer loop
      vertex 41.75 34.7631 8.3
      vertex 40.5 32.5981 8.3
      vertex 40.8263 32.3801 8.3
    endloop
  endfacet
  facet normal 0 0 1
    outer loop
      vertex 40.148 32.7716 8.3
      vertex 41.1048 35.0813 8.3
      vertex 40.4235 35.3126 8.3
    endloop
  endfacet
  facet normal 0 0 1
    outer loop
      vertex 41.1048 35.0813 8.3
      vertex 40.148 32.7716 8.3
      vertex 40.5 32.5981 8.3
    endloop
  endfacet
  facet normal 0 0 1
    outer loop
      vertex 40.4235 35.3126 8.3
      vertex 39.7765 32.8978 8.3
      vertex 40.148 32.7716 8.3
    endloop
  endfacet
  facet normal 0 0 1
    outer loop
      vertex 39.7179 35.4529 8.3
      vertex 39.7765 32.8978 8.3
      vertex 40.4235 35.3126 8.3
    endloop
  endfacet
  facet normal 0 0 1
    outer loop
      vertex 39.7179 35.4529 8.3
      vertex 39.3916 32.9743 8.3
      vertex 39.7765 32.8978 8.3
    endloop
  endfacet
  facet normal 0 0 1
    outer loop
      vertex 39 35.5 8.3
      vertex 39.3916 32.9743 8.3
      vertex 39.7179 35.4529 8.3
    endloop
  endfacet
  facet normal 0 0 1
    outer loop
      vertex 39 35.5 8.3
      vertex 39 33 8.3
      vertex 39.3916 32.9743 8.3
    endloop
  endfacet
  facet normal 0 0 1
    outer loop
      vertex 39 35.5 8.3
      vertex 38.6084 32.9743 8.3
      vertex 39 33 8.3
    endloop
  endfacet
  facet normal -0 0 1
    outer loop
      vertex 38.2821 35.4529 8.3
      vertex 38.6084 32.9743 8.3
      vertex 39 35.5 8.3
    endloop
  endfacet
  facet normal 0 0 1
    outer loop
      vertex 38.2821 35.4529 8.3
      vertex 38.2235 32.8978 8.3
      vertex 38.6084 32.9743 8.3
    endloop
  endfacet
  facet normal -0 0 1
    outer loop
      vertex 37.5765 35.3126 8.3
      vertex 38.2235 32.8978 8.3
      vertex 38.2821 35.4529 8.3
    endloop
  endfacet
  facet normal 0 0 1
    outer loop
      vertex 38.2235 32.8978 8.3
      vertex 37.5765 35.3126 8.3
      vertex 37.852 32.7716 8.3
    endloop
  endfacet
  facet normal -0 0 1
    outer loop
      vertex 36.8952 35.0813 8.3
      vertex 37.852 32.7716 8.3
      vertex 37.5765 35.3126 8.3
    endloop
  endfacet
  facet normal 0 0 1
    outer loop
      vertex 37.852 32.7716 8.3
      vertex 36.8952 35.0813 8.3
      vertex 37.5 32.5981 8.3
    endloop
  endfacet
  facet normal -0 0 1
    outer loop
      vertex 36.25 34.7631 8.3
      vertex 37.5 32.5981 8.3
      vertex 36.8952 35.0813 8.3
    endloop
  endfacet
  facet normal 0 0 1
    outer loop
      vertex 37.5 32.5981 8.3
      vertex 36.25 34.7631 8.3
      vertex 37.1737 32.3801 8.3
    endloop
  endfacet
  facet normal -0 0 1
    outer loop
      vertex 35.6518 34.3634 8.3
      vertex 37.1737 32.3801 8.3
      vertex 36.25 34.7631 8.3
    endloop
  endfacet
  facet normal 0 0 1
    outer loop
      vertex 37.1737 32.3801 8.3
      vertex 35.6518 34.3634 8.3
      vertex 36.8787 32.1213 8.3
    endloop
  endfacet
  facet normal -0 0 1
    outer loop
      vertex 35.1109 33.8891 8.3
      vertex 36.8787 32.1213 8.3
      vertex 35.6518 34.3634 8.3
    endloop
  endfacet
  facet normal 0 0 1
    outer loop
      vertex 36.8787 32.1213 8.3
      vertex 35.1109 33.8891 8.3
      vertex 36.6199 31.8263 8.3
    endloop
  endfacet
  facet normal -0 0 1
    outer loop
      vertex 34.6366 33.3482 8.3
      vertex 36.6199 31.8263 8.3
      vertex 35.1109 33.8891 8.3
    endloop
  endfacet
  facet normal 0 0 1
    outer loop
      vertex 36.6199 31.8263 8.3
      vertex 34.6366 33.3482 8.3
      vertex 36.4019 31.5 8.3
    endloop
  endfacet
  facet normal -0 0 1
    outer loop
      vertex 34.2369 32.75 8.3
      vertex 36.4019 31.5 8.3
      vertex 34.6366 33.3482 8.3
    endloop
  endfacet
  facet normal 0 0 1
    outer loop
      vertex 36.4019 31.5 8.3
      vertex 34.2369 32.75 8.3
      vertex 36.2284 31.148 8.3
    endloop
  endfacet
  facet normal -0 0 1
    outer loop
      vertex 41.5981 28.5 8.3
      vertex 43.7631 27.25 8.3
      vertex 41.7716 28.852 8.3
    endloop
  endfacet
  facet normal 0 0 1
    outer loop
      vertex 43.7631 27.25 8.3
      vertex 41.5981 28.5 8.3
      vertex 43.3634 26.6518 8.3
    endloop
  endfacet
  facet normal -0 0 1
    outer loop
      vertex 41.3801 28.1737 8.3
      vertex 43.3634 26.6518 8.3
      vertex 41.5981 28.5 8.3
    endloop
  endfacet
  facet normal 0 0 1
    outer loop
      vertex 43.3634 26.6518 8.3
      vertex 41.3801 28.1737 8.3
      vertex 42.8891 26.1109 8.3
    endloop
  endfacet
  facet normal -0 0 1
    outer loop
      vertex 41.1213 27.8787 8.3
      vertex 42.8891 26.1109 8.3
      vertex 41.3801 28.1737 8.3
    endloop
  endfacet
  facet normal 0 0 1
    outer loop
      vertex 42.8891 26.1109 8.3
      vertex 41.1213 27.8787 8.3
      vertex 42.3482 25.6366 8.3
    endloop
  endfacet
  facet normal -0 0 1
    outer loop
      vertex 40.8263 27.6199 8.3
      vertex 42.3482 25.6366 8.3
      vertex 41.1213 27.8787 8.3
    endloop
  endfacet
  facet normal 0 0 1
    outer loop
      vertex 42.3482 25.6366 8.3
      vertex 40.8263 27.6199 8.3
      vertex 41.75 25.2369 8.3
    endloop
  endfacet
  facet normal -0 0 1
    outer loop
      vertex 40.5 27.4019 8.3
      vertex 41.75 25.2369 8.3
      vertex 40.8263 27.6199 8.3
    endloop
  endfacet
  facet normal 0 0 1
    outer loop
      vertex 41.75 25.2369 8.3
      vertex 40.5 27.4019 8.3
      vertex 41.1048 24.9187 8.3
    endloop
  endfacet
  facet normal -0 0 1
    outer loop
      vertex 40.148 27.2284 8.3
      vertex 41.1048 24.9187 8.3
      vertex 40.5 27.4019 8.3
    endloop
  endfacet
  facet normal 0 0 1
    outer loop
      vertex 41.1048 24.9187 8.3
      vertex 40.148 27.2284 8.3
      vertex 40.4235 24.6874 8.3
    endloop
  endfacet
  facet normal -0 0 1
    outer loop
      vertex 39.7765 27.1022 8.3
      vertex 40.4235 24.6874 8.3
      vertex 40.148 27.2284 8.3
    endloop
  endfacet
  facet normal 0 0 1
    outer loop
      vertex 39.7765 27.1022 8.3
      vertex 39.7179 24.5471 8.3
      vertex 40.4235 24.6874 8.3
    endloop
  endfacet
  facet normal -0 0 1
    outer loop
      vertex 39.3916 27.0257 8.3
      vertex 39.7179 24.5471 8.3
      vertex 39.7765 27.1022 8.3
    endloop
  endfacet
  facet normal -0 0 1
    outer loop
      vertex 39 27 8.3
      vertex 39.7179 24.5471 8.3
      vertex 39.3916 27.0257 8.3
    endloop
  endfacet
  facet normal 0 0 1
    outer loop
      vertex 39 27 8.3
      vertex 39 24.5 8.3
      vertex 39.7179 24.5471 8.3
    endloop
  endfacet
  facet normal 0 0 1
    outer loop
      vertex 38.6084 27.0257 8.3
      vertex 39 24.5 8.3
      vertex 39 27 8.3
    endloop
  endfacet
  facet normal 0 0 1
    outer loop
      vertex 38.6084 27.0257 8.3
      vertex 38.2821 24.5471 8.3
      vertex 39 24.5 8.3
    endloop
  endfacet
  facet normal 0 0 1
    outer loop
      vertex 38.2235 27.1022 8.3
      vertex 38.2821 24.5471 8.3
      vertex 38.6084 27.0257 8.3
    endloop
  endfacet
  facet normal 0 0 1
    outer loop
      vertex 37.5765 24.6874 8.3
      vertex 38.2235 27.1022 8.3
      vertex 37.852 27.2284 8.3
    endloop
  endfacet
  facet normal 0 0 1
    outer loop
      vertex 38.2235 27.1022 8.3
      vertex 37.5765 24.6874 8.3
      vertex 38.2821 24.5471 8.3
    endloop
  endfacet
  facet normal 0 0 1
    outer loop
      vertex 36.8952 24.9187 8.3
      vertex 37.852 27.2284 8.3
      vertex 37.5 27.4019 8.3
    endloop
  endfacet
  facet normal 0 0 1
    outer loop
      vertex 36.25 25.2369 8.3
      vertex 37.5 27.4019 8.3
      vertex 37.1737 27.6199 8.3
    endloop
  endfacet
  facet normal 0 0 1
    outer loop
      vertex 37.852 27.2284 8.3
      vertex 36.8952 24.9187 8.3
      vertex 37.5765 24.6874 8.3
    endloop
  endfacet
  facet normal 0 0 1
    outer loop
      vertex 35.6518 25.6366 8.3
      vertex 37.1737 27.6199 8.3
      vertex 36.8787 27.8787 8.3
    endloop
  endfacet
  facet normal 0 0 1
    outer loop
      vertex 35.1109 26.1109 8.3
      vertex 36.8787 27.8787 8.3
      vertex 36.6199 28.1737 8.3
    endloop
  endfacet
  facet normal 0 0 1
    outer loop
      vertex 34.6366 26.6518 8.3
      vertex 36.6199 28.1737 8.3
      vertex 36.4019 28.5 8.3
    endloop
  endfacet
  facet normal 0 0 1
    outer loop
      vertex 37.5 27.4019 8.3
      vertex 36.25 25.2369 8.3
      vertex 36.8952 24.9187 8.3
    endloop
  endfacet
  facet normal 0 0 1
    outer loop
      vertex 34.2369 27.25 8.3
      vertex 36.4019 28.5 8.3
      vertex 36.2284 28.852 8.3
    endloop
  endfacet
  facet normal 0 0 1
    outer loop
      vertex 33.9187 27.8952 8.3
      vertex 36.2284 28.852 8.3
      vertex 36.1022 29.2235 8.3
    endloop
  endfacet
  facet normal 0 0 1
    outer loop
      vertex 33.6874 28.5765 8.3
      vertex 36.1022 29.2235 8.3
      vertex 36.0257 29.6084 8.3
    endloop
  endfacet
  facet normal 0 0 1
    outer loop
      vertex 33.5471 29.2821 8.3
      vertex 36.0257 29.6084 8.3
      vertex 36 30 8.3
    endloop
  endfacet
  facet normal -0 0 1
    outer loop
      vertex 33.9187 32.1048 8.3
      vertex 36.2284 31.148 8.3
      vertex 34.2369 32.75 8.3
    endloop
  endfacet
  facet normal 0 0 1
    outer loop
      vertex 37.1737 27.6199 8.3
      vertex 35.6518 25.6366 8.3
      vertex 36.25 25.2369 8.3
    endloop
  endfacet
  facet normal 0 0 1
    outer loop
      vertex 36.2284 31.148 8.3
      vertex 33.9187 32.1048 8.3
      vertex 36.1022 30.7765 8.3
    endloop
  endfacet
  facet normal 0 0 1
    outer loop
      vertex 36.8787 27.8787 8.3
      vertex 35.1109 26.1109 8.3
      vertex 35.6518 25.6366 8.3
    endloop
  endfacet
  facet normal -0 0 1
    outer loop
      vertex 33.6874 31.4235 8.3
      vertex 36.1022 30.7765 8.3
      vertex 33.9187 32.1048 8.3
    endloop
  endfacet
  facet normal 0 0 1
    outer loop
      vertex 36.6199 28.1737 8.3
      vertex 34.6366 26.6518 8.3
      vertex 35.1109 26.1109 8.3
    endloop
  endfacet
  facet normal 0 0 1
    outer loop
      vertex 36.1022 30.7765 8.3
      vertex 33.6874 31.4235 8.3
      vertex 36.0257 30.3916 8.3
    endloop
  endfacet
  facet normal 0 0 1
    outer loop
      vertex 36.4019 28.5 8.3
      vertex 34.2369 27.25 8.3
      vertex 34.6366 26.6518 8.3
    endloop
  endfacet
  facet normal -0 0 1
    outer loop
      vertex 33.5471 30.7179 8.3
      vertex 36.0257 30.3916 8.3
      vertex 33.6874 31.4235 8.3
    endloop
  endfacet
  facet normal 0 0 1
    outer loop
      vertex 36.2284 28.852 8.3
      vertex 33.9187 27.8952 8.3
      vertex 34.2369 27.25 8.3
    endloop
  endfacet
  facet normal 0 0 1
    outer loop
      vertex 36.0257 30.3916 8.3
      vertex 33.5471 30.7179 8.3
      vertex 36 30 8.3
    endloop
  endfacet
  facet normal 0 0 1
    outer loop
      vertex 36.1022 29.2235 8.3
      vertex 33.6874 28.5765 8.3
      vertex 33.9187 27.8952 8.3
    endloop
  endfacet
  facet normal 0 0 1
    outer loop
      vertex 33.5 30 8.3
      vertex 36 30 8.3
      vertex 33.5471 30.7179 8.3
    endloop
  endfacet
  facet normal 0 0 1
    outer loop
      vertex 36.0257 29.6084 8.3
      vertex 33.5471 29.2821 8.3
      vertex 33.6874 28.5765 8.3
    endloop
  endfacet
  facet normal 0 0 1
    outer loop
      vertex 36 30 8.3
      vertex 33.5 30 8.3
      vertex 33.5471 29.2821 8.3
    endloop
  endfacet
  facet normal -0.751879 0.659301 0
    outer loop
      vertex 34.6366 33.3482 6
      vertex 35.1109 33.8891 8.3
      vertex 35.1109 33.8891 6
    endloop
  endfacet
  facet normal -0.751879 0.659301 0
    outer loop
      vertex 35.1109 33.8891 8.3
      vertex 34.6366 33.3482 6
      vertex 34.6366 33.3482 8.3
    endloop
  endfacet
  facet normal -0.946918 0.321477 0
    outer loop
      vertex 33.6874 31.4235 6
      vertex 33.9187 32.1048 8.3
      vertex 33.9187 32.1048 6
    endloop
  endfacet
  facet normal -0.946918 0.321477 0
    outer loop
      vertex 33.9187 32.1048 8.3
      vertex 33.6874 31.4235 6
      vertex 33.6874 31.4235 8.3
    endloop
  endfacet
  facet normal 0.19502 0.980799 -0
    outer loop
      vertex 40.4235 35.3126 6
      vertex 39.7179 35.4529 8.3
      vertex 40.4235 35.3126 8.3
    endloop
  endfacet
  facet normal 0.19502 0.980799 0
    outer loop
      vertex 39.7179 35.4529 8.3
      vertex 40.4235 35.3126 6
      vertex 39.7179 35.4529 6
    endloop
  endfacet
  facet normal 0.321477 0.946918 -0
    outer loop
      vertex 41.1048 35.0813 6
      vertex 40.4235 35.3126 8.3
      vertex 41.1048 35.0813 8.3
    endloop
  endfacet
  facet normal 0.321477 0.946918 0
    outer loop
      vertex 40.4235 35.3126 8.3
      vertex 41.1048 35.0813 6
      vertex 40.4235 35.3126 6
    endloop
  endfacet
  facet normal 0.980815 0.19494 0
    outer loop
      vertex 41.9743 30.3916 28.3
      vertex 41.8978 30.7765 8.3
      vertex 41.8978 30.7765 28.3
    endloop
  endfacet
  facet normal 0.980815 0.19494 0
    outer loop
      vertex 41.8978 30.7765 8.3
      vertex 41.9743 30.3916 28.3
      vertex 41.9743 30.3916 8.3
    endloop
  endfacet
  facet normal 0.997853 0.0654873 0
    outer loop
      vertex 42 30 28.3
      vertex 41.9743 30.3916 8.3
      vertex 41.9743 30.3916 28.3
    endloop
  endfacet
  facet normal 0.997853 0.0654873 0
    outer loop
      vertex 41.9743 30.3916 8.3
      vertex 42 30 28.3
      vertex 42 30 8.3
    endloop
  endfacet
  facet normal 0.980815 -0.19494 0
    outer loop
      vertex 41.8978 29.2235 28.3
      vertex 41.9743 29.6084 8.3
      vertex 41.9743 29.6084 28.3
    endloop
  endfacet
  facet normal 0.980815 -0.19494 0
    outer loop
      vertex 41.9743 29.6084 8.3
      vertex 41.8978 29.2235 28.3
      vertex 41.8978 29.2235 8.3
    endloop
  endfacet
  facet normal -0.751724 -0.659478 0
    outer loop
      vertex 36.8787 27.8787 8.3
      vertex 36.6199 28.1737 28.3
      vertex 36.6199 28.1737 8.3
    endloop
  endfacet
  facet normal -0.751724 -0.659478 0
    outer loop
      vertex 36.6199 28.1737 28.3
      vertex 36.8787 27.8787 8.3
      vertex 36.8787 27.8787 28.3
    endloop
  endfacet
  facet normal 0.659478 -0.751724 0
    outer loop
      vertex 40.8263 27.6199 8.3
      vertex 41.1213 27.8787 28.3
      vertex 40.8263 27.6199 28.3
    endloop
  endfacet
  facet normal 0.659478 -0.751724 0
    outer loop
      vertex 41.1213 27.8787 28.3
      vertex 40.8263 27.6199 8.3
      vertex 41.1213 27.8787 8.3
    endloop
  endfacet
  facet normal 0.831501 0.555523 0
    outer loop
      vertex 41.5981 31.5 28.3
      vertex 41.3801 31.8263 8.3
      vertex 41.3801 31.8263 28.3
    endloop
  endfacet
  facet normal 0.831501 0.555523 0
    outer loop
      vertex 41.3801 31.8263 8.3
      vertex 41.5981 31.5 28.3
      vertex 41.5981 31.5 8.3
    endloop
  endfacet
  facet normal 0.555523 0.831501 -0
    outer loop
      vertex 40.8263 32.3801 8.3
      vertex 40.5 32.5981 28.3
      vertex 40.8263 32.3801 28.3
    endloop
  endfacet
  facet normal 0.555523 0.831501 0
    outer loop
      vertex 40.5 32.5981 28.3
      vertex 40.8263 32.3801 8.3
      vertex 40.5 32.5981 8.3
    endloop
  endfacet
  facet normal 0.896961 -0.44211 0
    outer loop
      vertex 41.5981 28.5 28.3
      vertex 41.7716 28.852 8.3
      vertex 41.7716 28.852 28.3
    endloop
  endfacet
  facet normal 0.896961 -0.44211 0
    outer loop
      vertex 41.7716 28.852 8.3
      vertex 41.5981 28.5 28.3
      vertex 41.5981 28.5 8.3
    endloop
  endfacet
  facet normal 0.997853 -0.0654873 0
    outer loop
      vertex 41.9743 29.6084 28.3
      vertex 42 30 8.3
      vertex 42 30 28.3
    endloop
  endfacet
  facet normal 0.997853 -0.0654873 0
    outer loop
      vertex 42 30 8.3
      vertex 41.9743 29.6084 28.3
      vertex 41.9743 29.6084 8.3
    endloop
  endfacet
  facet normal 0.321651 0.946858 -0
    outer loop
      vertex 40.148 32.7716 8.3
      vertex 39.7765 32.8978 28.3
      vertex 40.148 32.7716 28.3
    endloop
  endfacet
  facet normal 0.321651 0.946858 0
    outer loop
      vertex 39.7765 32.8978 28.3
      vertex 40.148 32.7716 8.3
      vertex 39.7765 32.8978 8.3
    endloop
  endfacet
  facet normal -0.896961 0.44211 0
    outer loop
      vertex 36.2284 31.148 8.3
      vertex 36.4019 31.5 28.3
      vertex 36.4019 31.5 8.3
    endloop
  endfacet
  facet normal -0.896961 0.44211 0
    outer loop
      vertex 36.4019 31.5 28.3
      vertex 36.2284 31.148 8.3
      vertex 36.2284 31.148 28.3
    endloop
  endfacet
  facet normal -0.659478 0.751724 0
    outer loop
      vertex 37.1737 32.3801 8.3
      vertex 36.8787 32.1213 28.3
      vertex 37.1737 32.3801 28.3
    endloop
  endfacet
  facet normal -0.659478 0.751724 0
    outer loop
      vertex 36.8787 32.1213 28.3
      vertex 37.1737 32.3801 8.3
      vertex 36.8787 32.1213 8.3
    endloop
  endfacet
  facet normal 0.321651 -0.946858 0
    outer loop
      vertex 39.7765 27.1022 8.3
      vertex 40.148 27.2284 28.3
      vertex 39.7765 27.1022 28.3
    endloop
  endfacet
  facet normal 0.321651 -0.946858 0
    outer loop
      vertex 40.148 27.2284 28.3
      vertex 39.7765 27.1022 8.3
      vertex 40.148 27.2284 8.3
    endloop
  endfacet
  facet normal -0.997853 -0.0654873 0
    outer loop
      vertex 36.0257 29.6084 8.3
      vertex 36 30 28.3
      vertex 36 30 8.3
    endloop
  endfacet
  facet normal -0.997853 -0.0654873 0
    outer loop
      vertex 36 30 28.3
      vertex 36.0257 29.6084 8.3
      vertex 36.0257 29.6084 28.3
    endloop
  endfacet
  facet normal -0.321651 0.946858 0
    outer loop
      vertex 38.2235 32.8978 8.3
      vertex 37.852 32.7716 28.3
      vertex 38.2235 32.8978 28.3
    endloop
  endfacet
  facet normal -0.321651 0.946858 0
    outer loop
      vertex 37.852 32.7716 28.3
      vertex 38.2235 32.8978 8.3
      vertex 37.852 32.7716 8.3
    endloop
  endfacet
  facet normal -0.831501 -0.555523 0
    outer loop
      vertex 36.6199 28.1737 8.3
      vertex 36.4019 28.5 28.3
      vertex 36.4019 28.5 8.3
    endloop
  endfacet
  facet normal -0.831501 -0.555523 0
    outer loop
      vertex 36.4019 28.5 28.3
      vertex 36.6199 28.1737 8.3
      vertex 36.6199 28.1737 28.3
    endloop
  endfacet
  facet normal -0.555523 0.831501 0
    outer loop
      vertex 37.5 32.5981 8.3
      vertex 37.1737 32.3801 28.3
      vertex 37.5 32.5981 28.3
    endloop
  endfacet
  facet normal -0.555523 0.831501 0
    outer loop
      vertex 37.1737 32.3801 28.3
      vertex 37.5 32.5981 8.3
      vertex 37.1737 32.3801 8.3
    endloop
  endfacet
  facet normal -0.831501 0.555523 0
    outer loop
      vertex 36.4019 31.5 8.3
      vertex 36.6199 31.8263 28.3
      vertex 36.6199 31.8263 8.3
    endloop
  endfacet
  facet normal -0.831501 0.555523 0
    outer loop
      vertex 36.6199 31.8263 28.3
      vertex 36.4019 31.5 8.3
      vertex 36.4019 31.5 28.3
    endloop
  endfacet
  facet normal -0.997853 0.0654873 0
    outer loop
      vertex 36 30 8.3
      vertex 36.0257 30.3916 28.3
      vertex 36.0257 30.3916 8.3
    endloop
  endfacet
  facet normal -0.997853 0.0654873 0
    outer loop
      vertex 36.0257 30.3916 28.3
      vertex 36 30 8.3
      vertex 36 30 28.3
    endloop
  endfacet
  facet normal -0.19494 -0.980815 0
    outer loop
      vertex 38.2235 27.1022 8.3
      vertex 38.6084 27.0257 28.3
      vertex 38.2235 27.1022 28.3
    endloop
  endfacet
  facet normal -0.19494 -0.980815 -0
    outer loop
      vertex 38.6084 27.0257 28.3
      vertex 38.2235 27.1022 8.3
      vertex 38.6084 27.0257 8.3
    endloop
  endfacet
  facet normal 0.19494 0.980815 -0
    outer loop
      vertex 39.7765 32.8978 8.3
      vertex 39.3916 32.9743 28.3
      vertex 39.7765 32.8978 28.3
    endloop
  endfacet
  facet normal 0.19494 0.980815 0
    outer loop
      vertex 39.3916 32.9743 28.3
      vertex 39.7765 32.8978 8.3
      vertex 39.3916 32.9743 8.3
    endloop
  endfacet
  facet normal -0.44211 0.896961 0
    outer loop
      vertex 37.852 32.7716 8.3
      vertex 37.5 32.5981 28.3
      vertex 37.852 32.7716 28.3
    endloop
  endfacet
  facet normal -0.44211 0.896961 0
    outer loop
      vertex 37.5 32.5981 28.3
      vertex 37.852 32.7716 8.3
      vertex 37.5 32.5981 8.3
    endloop
  endfacet
  facet normal 0.0654873 -0.997853 0
    outer loop
      vertex 39 27 8.3
      vertex 39.3916 27.0257 28.3
      vertex 39 27 28.3
    endloop
  endfacet
  facet normal 0.0654873 -0.997853 0
    outer loop
      vertex 39.3916 27.0257 28.3
      vertex 39 27 8.3
      vertex 39.3916 27.0257 8.3
    endloop
  endfacet
  facet normal 0.946858 0.321651 0
    outer loop
      vertex 41.8978 30.7765 28.3
      vertex 41.7716 31.148 8.3
      vertex 41.7716 31.148 28.3
    endloop
  endfacet
  facet normal 0.946858 0.321651 0
    outer loop
      vertex 41.7716 31.148 8.3
      vertex 41.8978 30.7765 28.3
      vertex 41.8978 30.7765 8.3
    endloop
  endfacet
  facet normal -0.946858 -0.321651 0
    outer loop
      vertex 36.2284 28.852 8.3
      vertex 36.1022 29.2235 28.3
      vertex 36.1022 29.2235 8.3
    endloop
  endfacet
  facet normal -0.946858 -0.321651 0
    outer loop
      vertex 36.1022 29.2235 28.3
      vertex 36.2284 28.852 8.3
      vertex 36.2284 28.852 28.3
    endloop
  endfacet
  facet normal 0.946858 -0.321651 0
    outer loop
      vertex 41.7716 28.852 28.3
      vertex 41.8978 29.2235 8.3
      vertex 41.8978 29.2235 28.3
    endloop
  endfacet
  facet normal 0.946858 -0.321651 0
    outer loop
      vertex 41.8978 29.2235 8.3
      vertex 41.7716 28.852 28.3
      vertex 41.7716 28.852 8.3
    endloop
  endfacet
  facet normal 0.44211 0.896961 -0
    outer loop
      vertex 40.5 32.5981 8.3
      vertex 40.148 32.7716 28.3
      vertex 40.5 32.5981 28.3
    endloop
  endfacet
  facet normal 0.44211 0.896961 0
    outer loop
      vertex 40.148 32.7716 28.3
      vertex 40.5 32.5981 8.3
      vertex 40.148 32.7716 8.3
    endloop
  endfacet
  facet normal -0.19494 0.980815 0
    outer loop
      vertex 38.6084 32.9743 8.3
      vertex 38.2235 32.8978 28.3
      vertex 38.6084 32.9743 28.3
    endloop
  endfacet
  facet normal -0.19494 0.980815 0
    outer loop
      vertex 38.2235 32.8978 28.3
      vertex 38.6084 32.9743 8.3
      vertex 38.2235 32.8978 8.3
    endloop
  endfacet
  facet normal 0.751724 0.659478 0
    outer loop
      vertex 41.3801 31.8263 28.3
      vertex 41.1213 32.1213 8.3
      vertex 41.1213 32.1213 28.3
    endloop
  endfacet
  facet normal 0.751724 0.659478 0
    outer loop
      vertex 41.1213 32.1213 8.3
      vertex 41.3801 31.8263 28.3
      vertex 41.3801 31.8263 8.3
    endloop
  endfacet
  facet normal 0.751724 -0.659478 0
    outer loop
      vertex 41.1213 27.8787 28.3
      vertex 41.3801 28.1737 8.3
      vertex 41.3801 28.1737 28.3
    endloop
  endfacet
  facet normal 0.751724 -0.659478 0
    outer loop
      vertex 41.3801 28.1737 8.3
      vertex 41.1213 27.8787 28.3
      vertex 41.1213 27.8787 8.3
    endloop
  endfacet
  facet normal -0.751724 0.659478 0
    outer loop
      vertex 36.6199 31.8263 8.3
      vertex 36.8787 32.1213 28.3
      vertex 36.8787 32.1213 8.3
    endloop
  endfacet
  facet normal -0.751724 0.659478 0
    outer loop
      vertex 36.8787 32.1213 28.3
      vertex 36.6199 31.8263 8.3
      vertex 36.6199 31.8263 28.3
    endloop
  endfacet
  facet normal -0.946858 0.321651 0
    outer loop
      vertex 36.1022 30.7765 8.3
      vertex 36.2284 31.148 28.3
      vertex 36.2284 31.148 8.3
    endloop
  endfacet
  facet normal -0.946858 0.321651 0
    outer loop
      vertex 36.2284 31.148 28.3
      vertex 36.1022 30.7765 8.3
      vertex 36.1022 30.7765 28.3
    endloop
  endfacet
  facet normal 0.19494 -0.980815 0
    outer loop
      vertex 39.3916 27.0257 8.3
      vertex 39.7765 27.1022 28.3
      vertex 39.3916 27.0257 28.3
    endloop
  endfacet
  facet normal 0.19494 -0.980815 0
    outer loop
      vertex 39.7765 27.1022 28.3
      vertex 39.3916 27.0257 8.3
      vertex 39.7765 27.1022 8.3
    endloop
  endfacet
  facet normal 0.44211 -0.896961 0
    outer loop
      vertex 40.148 27.2284 8.3
      vertex 40.5 27.4019 28.3
      vertex 40.148 27.2284 28.3
    endloop
  endfacet
  facet normal 0.44211 -0.896961 0
    outer loop
      vertex 40.5 27.4019 28.3
      vertex 40.148 27.2284 8.3
      vertex 40.5 27.4019 8.3
    endloop
  endfacet
  facet normal 0.659478 0.751724 -0
    outer loop
      vertex 41.1213 32.1213 8.3
      vertex 40.8263 32.3801 28.3
      vertex 41.1213 32.1213 28.3
    endloop
  endfacet
  facet normal 0.659478 0.751724 0
    outer loop
      vertex 40.8263 32.3801 28.3
      vertex 41.1213 32.1213 8.3
      vertex 40.8263 32.3801 8.3
    endloop
  endfacet
  facet normal -0.896961 -0.44211 0
    outer loop
      vertex 36.4019 28.5 8.3
      vertex 36.2284 28.852 28.3
      vertex 36.2284 28.852 8.3
    endloop
  endfacet
  facet normal -0.896961 -0.44211 0
    outer loop
      vertex 36.2284 28.852 28.3
      vertex 36.4019 28.5 8.3
      vertex 36.4019 28.5 28.3
    endloop
  endfacet
  facet normal 0.555523 -0.831501 0
    outer loop
      vertex 40.5 27.4019 8.3
      vertex 40.8263 27.6199 28.3
      vertex 40.5 27.4019 28.3
    endloop
  endfacet
  facet normal 0.555523 -0.831501 0
    outer loop
      vertex 40.8263 27.6199 28.3
      vertex 40.5 27.4019 8.3
      vertex 40.8263 27.6199 8.3
    endloop
  endfacet
  facet normal 0.831501 -0.555523 0
    outer loop
      vertex 41.3801 28.1737 28.3
      vertex 41.5981 28.5 8.3
      vertex 41.5981 28.5 28.3
    endloop
  endfacet
  facet normal 0.831501 -0.555523 0
    outer loop
      vertex 41.5981 28.5 8.3
      vertex 41.3801 28.1737 28.3
      vertex 41.3801 28.1737 8.3
    endloop
  endfacet
  facet normal 0.896961 0.44211 0
    outer loop
      vertex 41.7716 31.148 28.3
      vertex 41.5981 31.5 8.3
      vertex 41.5981 31.5 28.3
    endloop
  endfacet
  facet normal 0.896961 0.44211 0
    outer loop
      vertex 41.5981 31.5 8.3
      vertex 41.7716 31.148 28.3
      vertex 41.7716 31.148 8.3
    endloop
  endfacet
  facet normal 0.0654873 0.997853 -0
    outer loop
      vertex 39.3916 32.9743 8.3
      vertex 39 33 28.3
      vertex 39.3916 32.9743 28.3
    endloop
  endfacet
  facet normal 0.0654873 0.997853 0
    outer loop
      vertex 39 33 28.3
      vertex 39.3916 32.9743 8.3
      vertex 39 33 8.3
    endloop
  endfacet
  facet normal -0.980815 0.19494 0
    outer loop
      vertex 36.0257 30.3916 8.3
      vertex 36.1022 30.7765 28.3
      vertex 36.1022 30.7765 8.3
    endloop
  endfacet
  facet normal -0.980815 0.19494 0
    outer loop
      vertex 36.1022 30.7765 28.3
      vertex 36.0257 30.3916 8.3
      vertex 36.0257 30.3916 28.3
    endloop
  endfacet
  facet normal -0.0654873 0.997853 0
    outer loop
      vertex 39 33 8.3
      vertex 38.6084 32.9743 28.3
      vertex 39 33 28.3
    endloop
  endfacet
  facet normal -0.0654873 0.997853 0
    outer loop
      vertex 38.6084 32.9743 28.3
      vertex 39 33 8.3
      vertex 38.6084 32.9743 8.3
    endloop
  endfacet
  facet normal -0.659478 -0.751724 0
    outer loop
      vertex 36.8787 27.8787 8.3
      vertex 37.1737 27.6199 28.3
      vertex 36.8787 27.8787 28.3
    endloop
  endfacet
  facet normal -0.659478 -0.751724 -0
    outer loop
      vertex 37.1737 27.6199 28.3
      vertex 36.8787 27.8787 8.3
      vertex 37.1737 27.6199 8.3
    endloop
  endfacet
  facet normal -0.321651 -0.946858 0
    outer loop
      vertex 37.852 27.2284 8.3
      vertex 38.2235 27.1022 28.3
      vertex 37.852 27.2284 28.3
    endloop
  endfacet
  facet normal -0.321651 -0.946858 -0
    outer loop
      vertex 38.2235 27.1022 28.3
      vertex 37.852 27.2284 8.3
      vertex 38.2235 27.1022 8.3
    endloop
  endfacet
  facet normal -0.0654873 -0.997853 0
    outer loop
      vertex 38.6084 27.0257 8.3
      vertex 39 27 28.3
      vertex 38.6084 27.0257 28.3
    endloop
  endfacet
  facet normal -0.0654873 -0.997853 -0
    outer loop
      vertex 39 27 28.3
      vertex 38.6084 27.0257 8.3
      vertex 39 27 8.3
    endloop
  endfacet
  facet normal -0.980815 -0.19494 0
    outer loop
      vertex 36.1022 29.2235 8.3
      vertex 36.0257 29.6084 28.3
      vertex 36.0257 29.6084 8.3
    endloop
  endfacet
  facet normal -0.980815 -0.19494 0
    outer loop
      vertex 36.0257 29.6084 28.3
      vertex 36.1022 29.2235 8.3
      vertex 36.1022 29.2235 28.3
    endloop
  endfacet
  facet normal -0.44211 -0.896961 0
    outer loop
      vertex 37.5 27.4019 8.3
      vertex 37.852 27.2284 28.3
      vertex 37.5 27.4019 28.3
    endloop
  endfacet
  facet normal -0.44211 -0.896961 -0
    outer loop
      vertex 37.852 27.2284 28.3
      vertex 37.5 27.4019 8.3
      vertex 37.852 27.2284 8.3
    endloop
  endfacet
  facet normal 0 0 1
    outer loop
      vertex 41.9743 30.3916 28.3
      vertex 41.9743 29.6084 28.3
      vertex 42 30 28.3
    endloop
  endfacet
  facet normal 0 0 1
    outer loop
      vertex 41.8978 30.7765 28.3
      vertex 41.9743 29.6084 28.3
      vertex 41.9743 30.3916 28.3
    endloop
  endfacet
  facet normal 0 0 1
    outer loop
      vertex 41.8978 30.7765 28.3
      vertex 41.8978 29.2235 28.3
      vertex 41.9743 29.6084 28.3
    endloop
  endfacet
  facet normal 0 0 1
    outer loop
      vertex 41.7716 31.148 28.3
      vertex 41.8978 29.2235 28.3
      vertex 41.8978 30.7765 28.3
    endloop
  endfacet
  facet normal 0 0 1
    outer loop
      vertex 41.7716 31.148 28.3
      vertex 41.7716 28.852 28.3
      vertex 41.8978 29.2235 28.3
    endloop
  endfacet
  facet normal 0 0 1
    outer loop
      vertex 41.5981 31.5 28.3
      vertex 41.7716 28.852 28.3
      vertex 41.7716 31.148 28.3
    endloop
  endfacet
  facet normal 0 0 1
    outer loop
      vertex 41.5981 31.5 28.3
      vertex 41.5981 28.5 28.3
      vertex 41.7716 28.852 28.3
    endloop
  endfacet
  facet normal 0 0 1
    outer loop
      vertex 41.3801 31.8263 28.3
      vertex 41.5981 28.5 28.3
      vertex 41.5981 31.5 28.3
    endloop
  endfacet
  facet normal 0 0 1
    outer loop
      vertex 41.3801 31.8263 28.3
      vertex 41.3801 28.1737 28.3
      vertex 41.5981 28.5 28.3
    endloop
  endfacet
  facet normal 0 0 1
    outer loop
      vertex 41.1213 32.1213 28.3
      vertex 41.3801 28.1737 28.3
      vertex 41.3801 31.8263 28.3
    endloop
  endfacet
  facet normal 0 0 1
    outer loop
      vertex 41.1213 32.1213 28.3
      vertex 41.1213 27.8787 28.3
      vertex 41.3801 28.1737 28.3
    endloop
  endfacet
  facet normal 0 0 1
    outer loop
      vertex 40.8263 32.3801 28.3
      vertex 41.1213 27.8787 28.3
      vertex 41.1213 32.1213 28.3
    endloop
  endfacet
  facet normal 0 0 1
    outer loop
      vertex 40.8263 32.3801 28.3
      vertex 40.8263 27.6199 28.3
      vertex 41.1213 27.8787 28.3
    endloop
  endfacet
  facet normal 0 0 1
    outer loop
      vertex 40.5 32.5981 28.3
      vertex 40.8263 27.6199 28.3
      vertex 40.8263 32.3801 28.3
    endloop
  endfacet
  facet normal 0 0 1
    outer loop
      vertex 40.5 32.5981 28.3
      vertex 40.5 27.4019 28.3
      vertex 40.8263 27.6199 28.3
    endloop
  endfacet
  facet normal 0 0 1
    outer loop
      vertex 40.148 32.7716 28.3
      vertex 40.5 27.4019 28.3
      vertex 40.5 32.5981 28.3
    endloop
  endfacet
  facet normal 0 0 1
    outer loop
      vertex 40.148 32.7716 28.3
      vertex 40.148 27.2284 28.3
      vertex 40.5 27.4019 28.3
    endloop
  endfacet
  facet normal 0 0 1
    outer loop
      vertex 39.7765 32.8978 28.3
      vertex 40.148 27.2284 28.3
      vertex 40.148 32.7716 28.3
    endloop
  endfacet
  facet normal 0 0 1
    outer loop
      vertex 39.7765 32.8978 28.3
      vertex 39.7765 27.1022 28.3
      vertex 40.148 27.2284 28.3
    endloop
  endfacet
  facet normal 0 0 1
    outer loop
      vertex 39.3916 32.9743 28.3
      vertex 39.7765 27.1022 28.3
      vertex 39.7765 32.8978 28.3
    endloop
  endfacet
  facet normal 0 0 1
    outer loop
      vertex 39.3916 32.9743 28.3
      vertex 39.3916 27.0257 28.3
      vertex 39.7765 27.1022 28.3
    endloop
  endfacet
  facet normal 0 0 1
    outer loop
      vertex 39 33 28.3
      vertex 39.3916 27.0257 28.3
      vertex 39.3916 32.9743 28.3
    endloop
  endfacet
  facet normal 0 0 1
    outer loop
      vertex 39 33 28.3
      vertex 39 27 28.3
      vertex 39.3916 27.0257 28.3
    endloop
  endfacet
  facet normal -0 0 1
    outer loop
      vertex 38.6084 32.9743 28.3
      vertex 39 27 28.3
      vertex 39 33 28.3
    endloop
  endfacet
  facet normal 0 0 1
    outer loop
      vertex 38.6084 32.9743 28.3
      vertex 38.6084 27.0257 28.3
      vertex 39 27 28.3
    endloop
  endfacet
  facet normal -0 0 1
    outer loop
      vertex 38.2235 32.8978 28.3
      vertex 38.6084 27.0257 28.3
      vertex 38.6084 32.9743 28.3
    endloop
  endfacet
  facet normal 0 0 1
    outer loop
      vertex 38.2235 32.8978 28.3
      vertex 38.2235 27.1022 28.3
      vertex 38.6084 27.0257 28.3
    endloop
  endfacet
  facet normal -0 0 1
    outer loop
      vertex 37.852 32.7716 28.3
      vertex 38.2235 27.1022 28.3
      vertex 38.2235 32.8978 28.3
    endloop
  endfacet
  facet normal 0 0 1
    outer loop
      vertex 37.852 32.7716 28.3
      vertex 37.852 27.2284 28.3
      vertex 38.2235 27.1022 28.3
    endloop
  endfacet
  facet normal -0 0 1
    outer loop
      vertex 37.5 32.5981 28.3
      vertex 37.852 27.2284 28.3
      vertex 37.852 32.7716 28.3
    endloop
  endfacet
  facet normal 0 0 1
    outer loop
      vertex 37.5 32.5981 28.3
      vertex 37.5 27.4019 28.3
      vertex 37.852 27.2284 28.3
    endloop
  endfacet
  facet normal -0 0 1
    outer loop
      vertex 37.1737 32.3801 28.3
      vertex 37.5 27.4019 28.3
      vertex 37.5 32.5981 28.3
    endloop
  endfacet
  facet normal 0 0 1
    outer loop
      vertex 37.1737 32.3801 28.3
      vertex 37.1737 27.6199 28.3
      vertex 37.5 27.4019 28.3
    endloop
  endfacet
  facet normal -0 0 1
    outer loop
      vertex 36.8787 32.1213 28.3
      vertex 37.1737 27.6199 28.3
      vertex 37.1737 32.3801 28.3
    endloop
  endfacet
  facet normal 0 0 1
    outer loop
      vertex 36.8787 32.1213 28.3
      vertex 36.8787 27.8787 28.3
      vertex 37.1737 27.6199 28.3
    endloop
  endfacet
  facet normal -0 0 1
    outer loop
      vertex 36.6199 31.8263 28.3
      vertex 36.8787 27.8787 28.3
      vertex 36.8787 32.1213 28.3
    endloop
  endfacet
  facet normal 0 0 1
    outer loop
      vertex 36.6199 31.8263 28.3
      vertex 36.6199 28.1737 28.3
      vertex 36.8787 27.8787 28.3
    endloop
  endfacet
  facet normal -0 0 1
    outer loop
      vertex 36.4019 31.5 28.3
      vertex 36.6199 28.1737 28.3
      vertex 36.6199 31.8263 28.3
    endloop
  endfacet
  facet normal 0 0 1
    outer loop
      vertex 36.4019 31.5 28.3
      vertex 36.4019 28.5 28.3
      vertex 36.6199 28.1737 28.3
    endloop
  endfacet
  facet normal -0 0 1
    outer loop
      vertex 36.2284 31.148 28.3
      vertex 36.4019 28.5 28.3
      vertex 36.4019 31.5 28.3
    endloop
  endfacet
  facet normal 0 0 1
    outer loop
      vertex 36.2284 31.148 28.3
      vertex 36.2284 28.852 28.3
      vertex 36.4019 28.5 28.3
    endloop
  endfacet
  facet normal -0 0 1
    outer loop
      vertex 36.1022 30.7765 28.3
      vertex 36.2284 28.852 28.3
      vertex 36.2284 31.148 28.3
    endloop
  endfacet
  facet normal 0 0 1
    outer loop
      vertex 36.1022 30.7765 28.3
      vertex 36.1022 29.2235 28.3
      vertex 36.2284 28.852 28.3
    endloop
  endfacet
  facet normal -0 0 1
    outer loop
      vertex 36.0257 30.3916 28.3
      vertex 36.1022 29.2235 28.3
      vertex 36.1022 30.7765 28.3
    endloop
  endfacet
  facet normal 0 0 1
    outer loop
      vertex 36.0257 30.3916 28.3
      vertex 36.0257 29.6084 28.3
      vertex 36.1022 29.2235 28.3
    endloop
  endfacet
  facet normal 0 -0 1
    outer loop
      vertex 36.0257 29.6084 28.3
      vertex 36.0257 30.3916 28.3
      vertex 36 30 28.3
    endloop
  endfacet
  facet normal -0.555523 -0.831501 0
    outer loop
      vertex 37.1737 27.6199 8.3
      vertex 37.5 27.4019 28.3
      vertex 37.1737 27.6199 28.3
    endloop
  endfacet
  facet normal -0.555523 -0.831501 -0
    outer loop
      vertex 37.5 27.4019 28.3
      vertex 37.1737 27.6199 8.3
      vertex 37.5 27.4019 8.3
    endloop
  endfacet
  facet normal 1 -0 0
    outer loop
      vertex 46 -6 6
      vertex 46 66 0
      vertex 46 66 6
    endloop
  endfacet
  facet normal 1 0 0
    outer loop
      vertex 46 66 0
      vertex 46 -6 6
      vertex 46 -6 0
    endloop
  endfacet
  facet normal 0 0 1
    outer loop
      vertex 46 66 6
      vertex 44.5 30 6
      vertex 46 -6 6
    endloop
  endfacet
  facet normal 0 0 1
    outer loop
      vertex 46 66 6
      vertex 44.4529 30.7179 6
      vertex 44.5 30 6
    endloop
  endfacet
  facet normal 0 0 1
    outer loop
      vertex 46 66 6
      vertex 44.3126 31.4235 6
      vertex 44.4529 30.7179 6
    endloop
  endfacet
  facet normal 0 0 1
    outer loop
      vertex 46 66 6
      vertex 44.0813 32.1048 6
      vertex 44.3126 31.4235 6
    endloop
  endfacet
  facet normal 0 0 1
    outer loop
      vertex 46 66 6
      vertex 43.7631 32.75 6
      vertex 44.0813 32.1048 6
    endloop
  endfacet
  facet normal 0 0 1
    outer loop
      vertex 46 66 6
      vertex 43.3634 33.3482 6
      vertex 43.7631 32.75 6
    endloop
  endfacet
  facet normal 0 0 1
    outer loop
      vertex 46 66 6
      vertex 42.8891 33.8891 6
      vertex 43.3634 33.3482 6
    endloop
  endfacet
  facet normal 0 0 1
    outer loop
      vertex 46 66 6
      vertex 42.3482 34.3634 6
      vertex 42.8891 33.8891 6
    endloop
  endfacet
  facet normal 0 0 1
    outer loop
      vertex 46 66 6
      vertex 41.75 34.7631 6
      vertex 42.3482 34.3634 6
    endloop
  endfacet
  facet normal 0 0 1
    outer loop
      vertex 46 66 6
      vertex 41.1048 35.0813 6
      vertex 41.75 34.7631 6
    endloop
  endfacet
  facet normal 0 0 1
    outer loop
      vertex 46 66 6
      vertex 40.4235 35.3126 6
      vertex 41.1048 35.0813 6
    endloop
  endfacet
  facet normal 0 0 1
    outer loop
      vertex 46 66 6
      vertex 39.7179 35.4529 6
      vertex 40.4235 35.3126 6
    endloop
  endfacet
  facet normal -0 0 1
    outer loop
      vertex 30.25 60.25 6
      vertex 39.7179 35.4529 6
      vertex 46 66 6
    endloop
  endfacet
  facet normal 0 0 1
    outer loop
      vertex 39.7179 35.4529 6
      vertex 30.25 60.25 6
      vertex 39 35.5 6
    endloop
  endfacet
  facet normal 0 0 1
    outer loop
      vertex 39 35.5 6
      vertex 30.25 60.25 6
      vertex 38.2821 35.4529 6
    endloop
  endfacet
  facet normal 0 0 1
    outer loop
      vertex 38.2821 35.4529 6
      vertex 30.25 60.25 6
      vertex 37.5765 35.3126 6
    endloop
  endfacet
  facet normal 0 0 1
    outer loop
      vertex 37.5765 35.3126 6
      vertex 30.25 60.25 6
      vertex 36.8952 35.0813 6
    endloop
  endfacet
  facet normal 0 0 1
    outer loop
      vertex 36.8952 35.0813 6
      vertex 30.25 60.25 6
      vertex 36.25 34.7631 6
    endloop
  endfacet
  facet normal 0 0 1
    outer loop
      vertex 36.25 34.7631 6
      vertex 30.25 60.25 6
      vertex 35.6518 34.3634 6
    endloop
  endfacet
  facet normal 0 0 1
    outer loop
      vertex 35.6518 34.3634 6
      vertex 30.25 60.25 6
      vertex 35.1109 33.8891 6
    endloop
  endfacet
  facet normal 0 0 1
    outer loop
      vertex 35.1109 33.8891 6
      vertex 30.25 60.25 6
      vertex 34.6366 33.3482 6
    endloop
  endfacet
  facet normal 0 0 1
    outer loop
      vertex 34.6366 33.3482 6
      vertex 30.25 60.25 6
      vertex 34.2369 32.75 6
    endloop
  endfacet
  facet normal 0 0 1
    outer loop
      vertex 33.5471 30.7179 6
      vertex 30.25 60.25 6
      vertex 33.5 30 6
    endloop
  endfacet
  facet normal 0 0 1
    outer loop
      vertex 33.6874 31.4235 6
      vertex 30.25 60.25 6
      vertex 33.5471 30.7179 6
    endloop
  endfacet
  facet normal 0 0 1
    outer loop
      vertex 33.9187 32.1048 6
      vertex 30.25 60.25 6
      vertex 33.6874 31.4235 6
    endloop
  endfacet
  facet normal 0 0 1
    outer loop
      vertex 34.2369 32.75 6
      vertex 30.25 60.25 6
      vertex 33.9187 32.1048 6
    endloop
  endfacet
  facet normal 0 0 1
    outer loop
      vertex 46 66 6
      vertex -0.25 60.25 6
      vertex 30.25 60.25 6
    endloop
  endfacet
  facet normal 0 0 1
    outer loop
      vertex -0.25 60.25 6
      vertex -3.5 30 6
      vertex -0.25 -0.25 6
    endloop
  endfacet
  facet normal 0 0 1
    outer loop
      vertex -0.25 60.25 6
      vertex -3.54705 30.7179 6
      vertex -3.5 30 6
    endloop
  endfacet
  facet normal 0 0 1
    outer loop
      vertex -0.25 60.25 6
      vertex -3.68741 31.4235 6
      vertex -3.54705 30.7179 6
    endloop
  endfacet
  facet normal 0 0 1
    outer loop
      vertex -0.25 60.25 6
      vertex -3.91866 32.1048 6
      vertex -3.68741 31.4235 6
    endloop
  endfacet
  facet normal 0 0 1
    outer loop
      vertex -0.25 60.25 6
      vertex -4.23686 32.75 6
      vertex -3.91866 32.1048 6
    endloop
  endfacet
  facet normal 0 0 1
    outer loop
      vertex -0.25 60.25 6
      vertex -4.63656 33.3482 6
      vertex -4.23686 32.75 6
    endloop
  endfacet
  facet normal 0 0 1
    outer loop
      vertex -0.25 60.25 6
      vertex -5.11091 33.8891 6
      vertex -4.63656 33.3482 6
    endloop
  endfacet
  facet normal 0 0 1
    outer loop
      vertex -0.25 60.25 6
      vertex -5.65181 34.3634 6
      vertex -5.11091 33.8891 6
    endloop
  endfacet
  facet normal 0 0 1
    outer loop
      vertex -0.25 60.25 6
      vertex -6.25 34.7631 6
      vertex -5.65181 34.3634 6
    endloop
  endfacet
  facet normal 0 0 1
    outer loop
      vertex -0.25 60.25 6
      vertex -6.89524 35.0813 6
      vertex -6.25 34.7631 6
    endloop
  endfacet
  facet normal 0 0 1
    outer loop
      vertex -0.25 60.25 6
      vertex -7.5765 35.3126 6
      vertex -6.89524 35.0813 6
    endloop
  endfacet
  facet normal 0 0 1
    outer loop
      vertex -0.25 60.25 6
      vertex -8.28211 35.4529 6
      vertex -7.5765 35.3126 6
    endloop
  endfacet
  facet normal 0 0 1
    outer loop
      vertex -0.25 60.25 6
      vertex -9 35.5 6
      vertex -8.28211 35.4529 6
    endloop
  endfacet
  facet normal 0 0 1
    outer loop
      vertex -0.25 60.25 6
      vertex -9.71789 35.4529 6
      vertex -9 35.5 6
    endloop
  endfacet
  facet normal 0 0 1
    outer loop
      vertex -16 66 6
      vertex -9.71789 35.4529 6
      vertex -0.25 60.25 6
    endloop
  endfacet
  facet normal 0 0 1
    outer loop
      vertex -9.71789 35.4529 6
      vertex -16 66 6
      vertex -10.4235 35.3126 6
    endloop
  endfacet
  facet normal 0 0 1
    outer loop
      vertex -10.4235 35.3126 6
      vertex -16 66 6
      vertex -11.1048 35.0813 6
    endloop
  endfacet
  facet normal 0 0 1
    outer loop
      vertex -11.1048 35.0813 6
      vertex -16 66 6
      vertex -11.75 34.7631 6
    endloop
  endfacet
  facet normal 0 0 1
    outer loop
      vertex -11.75 34.7631 6
      vertex -16 66 6
      vertex -12.3482 34.3634 6
    endloop
  endfacet
  facet normal 0 0 1
    outer loop
      vertex -12.3482 34.3634 6
      vertex -16 66 6
      vertex -12.8891 33.8891 6
    endloop
  endfacet
  facet normal 0 0 1
    outer loop
      vertex -12.8891 33.8891 6
      vertex -16 66 6
      vertex -13.3634 33.3482 6
    endloop
  endfacet
  facet normal 0 0 1
    outer loop
      vertex -13.3634 33.3482 6
      vertex -16 66 6
      vertex -13.7631 32.75 6
    endloop
  endfacet
  facet normal 0 0 1
    outer loop
      vertex -14.4529 30.7179 6
      vertex -16 66 6
      vertex -14.5 30 6
    endloop
  endfacet
  facet normal 0 0 1
    outer loop
      vertex -14.3126 31.4235 6
      vertex -16 66 6
      vertex -14.4529 30.7179 6
    endloop
  endfacet
  facet normal 0 0 1
    outer loop
      vertex -14.0813 32.1048 6
      vertex -16 66 6
      vertex -14.3126 31.4235 6
    endloop
  endfacet
  facet normal 0 0 1
    outer loop
      vertex -13.7631 32.75 6
      vertex -16 66 6
      vertex -14.0813 32.1048 6
    endloop
  endfacet
  facet normal -0 0 1
    outer loop
      vertex -16 66 6
      vertex -0.25 60.25 6
      vertex 46 66 6
    endloop
  endfacet
  facet normal -0 0 1
    outer loop
      vertex 44.4529 29.2821 6
      vertex 46 -6 6
      vertex 44.5 30 6
    endloop
  endfacet
  facet normal -0 0 1
    outer loop
      vertex 44.3126 28.5765 6
      vertex 46 -6 6
      vertex 44.4529 29.2821 6
    endloop
  endfacet
  facet normal -0 0 1
    outer loop
      vertex 44.0813 27.8952 6
      vertex 46 -6 6
      vertex 44.3126 28.5765 6
    endloop
  endfacet
  facet normal -0 0 1
    outer loop
      vertex 43.7631 27.25 6
      vertex 46 -6 6
      vertex 44.0813 27.8952 6
    endloop
  endfacet
  facet normal -0 0 1
    outer loop
      vertex 43.3634 26.6518 6
      vertex 46 -6 6
      vertex 43.7631 27.25 6
    endloop
  endfacet
  facet normal -0 0 1
    outer loop
      vertex 42.8891 26.1109 6
      vertex 46 -6 6
      vertex 43.3634 26.6518 6
    endloop
  endfacet
  facet normal -0 0 1
    outer loop
      vertex 42.3482 25.6366 6
      vertex 46 -6 6
      vertex 42.8891 26.1109 6
    endloop
  endfacet
  facet normal -0 0 1
    outer loop
      vertex 41.75 25.2369 6
      vertex 46 -6 6
      vertex 42.3482 25.6366 6
    endloop
  endfacet
  facet normal -0 0 1
    outer loop
      vertex 41.1048 24.9187 6
      vertex 46 -6 6
      vertex 41.75 25.2369 6
    endloop
  endfacet
  facet normal -0 0 1
    outer loop
      vertex 40.4235 24.6874 6
      vertex 46 -6 6
      vertex 41.1048 24.9187 6
    endloop
  endfacet
  facet normal -0 0 1
    outer loop
      vertex 39.7179 24.5471 6
      vertex 46 -6 6
      vertex 40.4235 24.6874 6
    endloop
  endfacet
  facet normal 0 0 1
    outer loop
      vertex 30.25 -0.25 6
      vertex 39.7179 24.5471 6
      vertex 39 24.5 6
    endloop
  endfacet
  facet normal 0 0 1
    outer loop
      vertex 30.25 -0.25 6
      vertex 39 24.5 6
      vertex 38.2821 24.5471 6
    endloop
  endfacet
  facet normal 0 0 1
    outer loop
      vertex 30.25 -0.25 6
      vertex 38.2821 24.5471 6
      vertex 37.5765 24.6874 6
    endloop
  endfacet
  facet normal 0 0 1
    outer loop
      vertex 30.25 -0.25 6
      vertex 37.5765 24.6874 6
      vertex 36.8952 24.9187 6
    endloop
  endfacet
  facet normal 0 0 1
    outer loop
      vertex 30.25 -0.25 6
      vertex 36.8952 24.9187 6
      vertex 36.25 25.2369 6
    endloop
  endfacet
  facet normal 0 0 1
    outer loop
      vertex 30.25 -0.25 6
      vertex 36.25 25.2369 6
      vertex 35.6518 25.6366 6
    endloop
  endfacet
  facet normal 0 0 1
    outer loop
      vertex 30.25 -0.25 6
      vertex 35.6518 25.6366 6
      vertex 35.1109 26.1109 6
    endloop
  endfacet
  facet normal 0 0 1
    outer loop
      vertex 30.25 -0.25 6
      vertex 35.1109 26.1109 6
      vertex 34.6366 26.6518 6
    endloop
  endfacet
  facet normal 0 0 1
    outer loop
      vertex 30.25 -0.25 6
      vertex 34.6366 26.6518 6
      vertex 34.2369 27.25 6
    endloop
  endfacet
  facet normal 0 0 1
    outer loop
      vertex 30.25 -0.25 6
      vertex 34.2369 27.25 6
      vertex 33.9187 27.8952 6
    endloop
  endfacet
  facet normal 0 0 1
    outer loop
      vertex 30.25 -0.25 6
      vertex 33.5 30 6
      vertex 30.25 60.25 6
    endloop
  endfacet
  facet normal 0 0 1
    outer loop
      vertex 33.5 30 6
      vertex 30.25 -0.25 6
      vertex 33.5471 29.2821 6
    endloop
  endfacet
  facet normal 0 0 1
    outer loop
      vertex 30.25 -0.25 6
      vertex 33.6874 28.5765 6
      vertex 33.5471 29.2821 6
    endloop
  endfacet
  facet normal 0 0 1
    outer loop
      vertex 30.25 -0.25 6
      vertex 33.9187 27.8952 6
      vertex 33.6874 28.5765 6
    endloop
  endfacet
  facet normal 0 0 1
    outer loop
      vertex 39.7179 24.5471 6
      vertex 30.25 -0.25 6
      vertex 46 -6 6
    endloop
  endfacet
  facet normal -0 0 1
    outer loop
      vertex -0.25 -0.25 6
      vertex 46 -6 6
      vertex 30.25 -0.25 6
    endloop
  endfacet
  facet normal -0 0 1
    outer loop
      vertex -3.54705 29.2821 6
      vertex -0.25 -0.25 6
      vertex -3.5 30 6
    endloop
  endfacet
  facet normal -0 0 1
    outer loop
      vertex -3.68741 28.5765 6
      vertex -0.25 -0.25 6
      vertex -3.54705 29.2821 6
    endloop
  endfacet
  facet normal -0 0 1
    outer loop
      vertex -3.91866 27.8952 6
      vertex -0.25 -0.25 6
      vertex -3.68741 28.5765 6
    endloop
  endfacet
  facet normal -0 0 1
    outer loop
      vertex -4.23686 27.25 6
      vertex -0.25 -0.25 6
      vertex -3.91866 27.8952 6
    endloop
  endfacet
  facet normal -0 0 1
    outer loop
      vertex -4.63656 26.6518 6
      vertex -0.25 -0.25 6
      vertex -4.23686 27.25 6
    endloop
  endfacet
  facet normal -0 0 1
    outer loop
      vertex -5.11091 26.1109 6
      vertex -0.25 -0.25 6
      vertex -4.63656 26.6518 6
    endloop
  endfacet
  facet normal -0 0 1
    outer loop
      vertex -5.65181 25.6366 6
      vertex -0.25 -0.25 6
      vertex -5.11091 26.1109 6
    endloop
  endfacet
  facet normal -0 0 1
    outer loop
      vertex -6.25 25.2369 6
      vertex -0.25 -0.25 6
      vertex -5.65181 25.6366 6
    endloop
  endfacet
  facet normal -0 0 1
    outer loop
      vertex -6.89524 24.9187 6
      vertex -0.25 -0.25 6
      vertex -6.25 25.2369 6
    endloop
  endfacet
  facet normal -0 0 1
    outer loop
      vertex -7.5765 24.6874 6
      vertex -0.25 -0.25 6
      vertex -6.89524 24.9187 6
    endloop
  endfacet
  facet normal -0 0 1
    outer loop
      vertex -8.28211 24.5471 6
      vertex -0.25 -0.25 6
      vertex -7.5765 24.6874 6
    endloop
  endfacet
  facet normal -0 0 1
    outer loop
      vertex -9 24.5 6
      vertex -0.25 -0.25 6
      vertex -8.28211 24.5471 6
    endloop
  endfacet
  facet normal 0 0 1
    outer loop
      vertex -9.71789 24.5471 6
      vertex -0.25 -0.25 6
      vertex -9 24.5 6
    endloop
  endfacet
  facet normal 0 0 1
    outer loop
      vertex -16 -6 6
      vertex -9.71789 24.5471 6
      vertex -10.4235 24.6874 6
    endloop
  endfacet
  facet normal 0 0 1
    outer loop
      vertex -16 -6 6
      vertex -10.4235 24.6874 6
      vertex -11.1048 24.9187 6
    endloop
  endfacet
  facet normal 0 0 1
    outer loop
      vertex -16 -6 6
      vertex -11.1048 24.9187 6
      vertex -11.75 25.2369 6
    endloop
  endfacet
  facet normal 0 0 1
    outer loop
      vertex -16 -6 6
      vertex -11.75 25.2369 6
      vertex -12.3482 25.6366 6
    endloop
  endfacet
  facet normal 0 0 1
    outer loop
      vertex -16 -6 6
      vertex -12.3482 25.6366 6
      vertex -12.8891 26.1109 6
    endloop
  endfacet
  facet normal 0 0 1
    outer loop
      vertex -16 -6 6
      vertex -12.8891 26.1109 6
      vertex -13.3634 26.6518 6
    endloop
  endfacet
  facet normal 0 0 1
    outer loop
      vertex -16 -6 6
      vertex -13.3634 26.6518 6
      vertex -13.7631 27.25 6
    endloop
  endfacet
  facet normal 0 0 1
    outer loop
      vertex -16 -6 6
      vertex -13.7631 27.25 6
      vertex -14.0813 27.8952 6
    endloop
  endfacet
  facet normal 0 0 1
    outer loop
      vertex -0.25 -0.25 6
      vertex -16 -6 6
      vertex 46 -6 6
    endloop
  endfacet
  facet normal 0 0 1
    outer loop
      vertex -9.71789 24.5471 6
      vertex -16 -6 6
      vertex -0.25 -0.25 6
    endloop
  endfacet
  facet normal 0 0 1
    outer loop
      vertex -14.3126 28.5765 6
      vertex -16 -6 6
      vertex -14.0813 27.8952 6
    endloop
  endfacet
  facet normal 0 0 1
    outer loop
      vertex -14.4529 29.2821 6
      vertex -16 -6 6
      vertex -14.3126 28.5765 6
    endloop
  endfacet
  facet normal 0 0 1
    outer loop
      vertex -14.5 30 6
      vertex -16 -6 6
      vertex -14.4529 29.2821 6
    endloop
  endfacet
  facet normal 0 0 1
    outer loop
      vertex -16 -6 6
      vertex -14.5 30 6
      vertex -16 66 6
    endloop
  endfacet
  facet normal -1 0 0
    outer loop
      vertex -16 -6 0
      vertex -16 66 6
      vertex -16 66 0
    endloop
  endfacet
  facet normal -1 -0 0
    outer loop
      vertex -16 66 6
      vertex -16 -6 0
      vertex -16 -6 6
    endloop
  endfacet
  facet normal 0 1 -0
    outer loop
      vertex 46 66 0
      vertex -16 66 6
      vertex 46 66 6
    endloop
  endfacet
  facet normal 0 1 0
    outer loop
      vertex -16 66 6
      vertex 46 66 0
      vertex -16 66 0
    endloop
  endfacet
  facet normal 0 -1 0
    outer loop
      vertex -16 -6 0
      vertex 46 -6 6
      vertex -16 -6 6
    endloop
  endfacet
  facet normal 0 -1 -0
    outer loop
      vertex 46 -6 6
      vertex -16 -6 0
      vertex 46 -6 0
    endloop
  endfacet
  facet normal -1 0 0
    outer loop
      vertex 30.25 -0.25 4.2
      vertex 30.25 60.25 6
      vertex 30.25 60.25 4.2
    endloop
  endfacet
  facet normal -1 -0 0
    outer loop
      vertex 30.25 60.25 6
      vertex 30.25 -0.25 4.2
      vertex 30.25 -0.25 6
    endloop
  endfacet
  facet normal -0 0 1
    outer loop
      vertex 4.24724 56.4834 4.2
      vertex 5 55 4.2
      vertex 4.304 56.6506 4.2
    endloop
  endfacet
  facet normal 0 0 1
    outer loop
      vertex 5 5 4.2
      vertex 4.33845 3.17621 4.2
      vertex 4.35 3 4.2
    endloop
  endfacet
  facet normal -0 0 1
    outer loop
      vertex 4.16913 56.325 4.2
      vertex 5 55 4.2
      vertex 4.24724 56.4834 4.2
    endloop
  endfacet
  facet normal 0 0 1
    outer loop
      vertex 5 5 4.2
      vertex 4.304 3.34941 4.2
      vertex 4.33845 3.17621 4.2
    endloop
  endfacet
  facet normal -0 0 1
    outer loop
      vertex 4.07103 56.1782 4.2
      vertex 5 55 4.2
      vertex 4.16913 56.325 4.2
    endloop
  endfacet
  facet normal 0 0 1
    outer loop
      vertex 5 5 4.2
      vertex 4.24724 3.51662 4.2
      vertex 4.304 3.34941 4.2
    endloop
  endfacet
  facet normal -0 0 1
    outer loop
      vertex 3.95459 56.0454 4.2
      vertex 5 55 4.2
      vertex 4.07103 56.1782 4.2
    endloop
  endfacet
  facet normal 0 0 1
    outer loop
      vertex 5 5 4.2
      vertex 4.16913 3.675 4.2
      vertex 4.24724 3.51662 4.2
    endloop
  endfacet
  facet normal -0 0 1
    outer loop
      vertex 3.82183 55.929 4.2
      vertex 5 55 4.2
      vertex 3.95459 56.0454 4.2
    endloop
  endfacet
  facet normal 0 0 1
    outer loop
      vertex 5 5 4.2
      vertex 4.07103 3.82183 4.2
      vertex 4.16913 3.675 4.2
    endloop
  endfacet
  facet normal -0 0 1
    outer loop
      vertex 3.675 55.8309 4.2
      vertex 5 55 4.2
      vertex 3.82183 55.929 4.2
    endloop
  endfacet
  facet normal 0 0 1
    outer loop
      vertex 5 5 4.2
      vertex 3.95459 3.95459 4.2
      vertex 4.07103 3.82183 4.2
    endloop
  endfacet
  facet normal -0 0 1
    outer loop
      vertex 3.51662 55.7528 4.2
      vertex 5 55 4.2
      vertex 3.675 55.8309 4.2
    endloop
  endfacet
  facet normal 0 0 1
    outer loop
      vertex 5 5 4.2
      vertex 3.82183 4.07103 4.2
      vertex 3.95459 3.95459 4.2
    endloop
  endfacet
  facet normal -0 0 1
    outer loop
      vertex 3.34941 55.696 4.2
      vertex 5 55 4.2
      vertex 3.51662 55.7528 4.2
    endloop
  endfacet
  facet normal 0 0 1
    outer loop
      vertex 5 5 4.2
      vertex 3.675 4.16913 4.2
      vertex 3.82183 4.07103 4.2
    endloop
  endfacet
  facet normal -0 0 1
    outer loop
      vertex 3.17621 55.6615 4.2
      vertex 5 55 4.2
      vertex 3.34941 55.696 4.2
    endloop
  endfacet
  facet normal 0 0 1
    outer loop
      vertex 5 5 4.2
      vertex 3.51662 4.24724 4.2
      vertex 3.675 4.16913 4.2
    endloop
  endfacet
  facet normal -0 0 1
    outer loop
      vertex 3 55.65 4.2
      vertex 5 55 4.2
      vertex 3.17621 55.6615 4.2
    endloop
  endfacet
  facet normal 0 0 1
    outer loop
      vertex 5 5 4.2
      vertex 3.34941 4.304 4.2
      vertex 3.51662 4.24724 4.2
    endloop
  endfacet
  facet normal 0 0 1
    outer loop
      vertex 2.82379 55.6615 4.2
      vertex 5 55 4.2
      vertex 3 55.65 4.2
    endloop
  endfacet
  facet normal 0 0 1
    outer loop
      vertex 5 5 4.2
      vertex 3.17621 4.33845 4.2
      vertex 3.34941 4.304 4.2
    endloop
  endfacet
  facet normal 0 0 1
    outer loop
      vertex 2.65059 55.696 4.2
      vertex 5 55 4.2
      vertex 2.82379 55.6615 4.2
    endloop
  endfacet
  facet normal 0 0 1
    outer loop
      vertex 5 5 4.2
      vertex 3 4.35 4.2
      vertex 3.17621 4.33845 4.2
    endloop
  endfacet
  facet normal 0 0 1
    outer loop
      vertex 5 55 4.2
      vertex 2.65059 55.696 4.2
      vertex 5 5 4.2
    endloop
  endfacet
  facet normal 0 0 1
    outer loop
      vertex 5 5 4.2
      vertex 2.82379 4.33845 4.2
      vertex 3 4.35 4.2
    endloop
  endfacet
  facet normal 0 0 1
    outer loop
      vertex 2.65059 4.304 4.2
      vertex 5 5 4.2
      vertex 2.65059 55.696 4.2
    endloop
  endfacet
  facet normal 0 0 1
    outer loop
      vertex 5 5 4.2
      vertex 2.65059 4.304 4.2
      vertex 2.82379 4.33845 4.2
    endloop
  endfacet
  facet normal 0 0 1
    outer loop
      vertex 2.48338 55.7528 4.2
      vertex 2.65059 4.304 4.2
      vertex 2.65059 55.696 4.2
    endloop
  endfacet
  facet normal 0 0 1
    outer loop
      vertex 2.48338 55.7528 4.2
      vertex 2.48338 4.24724 4.2
      vertex 2.65059 4.304 4.2
    endloop
  endfacet
  facet normal 0 0 1
    outer loop
      vertex 2.325 55.8309 4.2
      vertex 2.48338 4.24724 4.2
      vertex 2.48338 55.7528 4.2
    endloop
  endfacet
  facet normal 0 0 1
    outer loop
      vertex 2.325 55.8309 4.2
      vertex 2.325 4.16913 4.2
      vertex 2.48338 4.24724 4.2
    endloop
  endfacet
  facet normal 0 0 1
    outer loop
      vertex 2.17817 55.929 4.2
      vertex 2.325 4.16913 4.2
      vertex 2.325 55.8309 4.2
    endloop
  endfacet
  facet normal 0 0 1
    outer loop
      vertex 2.17817 55.929 4.2
      vertex 2.17817 4.07103 4.2
      vertex 2.325 4.16913 4.2
    endloop
  endfacet
  facet normal 0 0 1
    outer loop
      vertex 2.04541 56.0454 4.2
      vertex 2.17817 4.07103 4.2
      vertex 2.17817 55.929 4.2
    endloop
  endfacet
  facet normal 0 0 1
    outer loop
      vertex 2.04541 56.0454 4.2
      vertex 2.04541 3.95459 4.2
      vertex 2.17817 4.07103 4.2
    endloop
  endfacet
  facet normal 0 0 1
    outer loop
      vertex 1.92897 56.1782 4.2
      vertex 2.04541 3.95459 4.2
      vertex 2.04541 56.0454 4.2
    endloop
  endfacet
  facet normal 0 0 1
    outer loop
      vertex 1.92897 56.1782 4.2
      vertex 1.92897 3.82183 4.2
      vertex 2.04541 3.95459 4.2
    endloop
  endfacet
  facet normal 0 0 1
    outer loop
      vertex 1.83086 56.325 4.2
      vertex 1.92897 3.82183 4.2
      vertex 1.92897 56.1782 4.2
    endloop
  endfacet
  facet normal 0 0 1
    outer loop
      vertex 1.83086 56.325 4.2
      vertex 1.83086 3.675 4.2
      vertex 1.92897 3.82183 4.2
    endloop
  endfacet
  facet normal 0 0 1
    outer loop
      vertex 1.75276 56.4834 4.2
      vertex 1.83086 3.675 4.2
      vertex 1.83086 56.325 4.2
    endloop
  endfacet
  facet normal 0 0 1
    outer loop
      vertex 1.75276 56.4834 4.2
      vertex 1.75276 3.51662 4.2
      vertex 1.83086 3.675 4.2
    endloop
  endfacet
  facet normal 0 0 1
    outer loop
      vertex -0.25 60.25 4.2
      vertex 1.75276 56.4834 4.2
      vertex 1.696 56.6506 4.2
    endloop
  endfacet
  facet normal 0 0 1
    outer loop
      vertex 1.75276 56.4834 4.2
      vertex -0.25 60.25 4.2
      vertex 1.75276 3.51662 4.2
    endloop
  endfacet
  facet normal 0 0 1
    outer loop
      vertex -0.25 60.25 4.2
      vertex 1.696 56.6506 4.2
      vertex 1.66155 56.8238 4.2
    endloop
  endfacet
  facet normal 0 0 1
    outer loop
      vertex -0.25 -0.25 4.2
      vertex 1.75276 3.51662 4.2
      vertex -0.25 60.25 4.2
    endloop
  endfacet
  facet normal 0 0 1
    outer loop
      vertex -0.25 60.25 4.2
      vertex 1.66155 56.8238 4.2
      vertex 1.65 57 4.2
    endloop
  endfacet
  facet normal 0 0 1
    outer loop
      vertex 1.75276 3.51662 4.2
      vertex -0.25 -0.25 4.2
      vertex 1.696 3.34941 4.2
    endloop
  endfacet
  facet normal 0 0 1
    outer loop
      vertex 28.2472 56.4834 4.2
      vertex 30.25 60.25 4.2
      vertex 28.304 56.6506 4.2
    endloop
  endfacet
  facet normal 0 0 1
    outer loop
      vertex 30.25 -0.25 4.2
      vertex 28.3385 3.17621 4.2
      vertex 28.35 3 4.2
    endloop
  endfacet
  facet normal 0 0 1
    outer loop
      vertex 30.25 60.25 4.2
      vertex 28.2472 56.4834 4.2
      vertex 30.25 -0.25 4.2
    endloop
  endfacet
  facet normal 0 0 1
    outer loop
      vertex 30.25 -0.25 4.2
      vertex 28.304 3.34941 4.2
      vertex 28.3385 3.17621 4.2
    endloop
  endfacet
  facet normal -0 0 1
    outer loop
      vertex 28.2472 3.51662 4.2
      vertex 30.25 -0.25 4.2
      vertex 28.2472 56.4834 4.2
    endloop
  endfacet
  facet normal 0 0 1
    outer loop
      vertex 30.25 -0.25 4.2
      vertex 28.2472 3.51662 4.2
      vertex 28.304 3.34941 4.2
    endloop
  endfacet
  facet normal -0 0 1
    outer loop
      vertex 28.1691 56.325 4.2
      vertex 28.2472 3.51662 4.2
      vertex 28.2472 56.4834 4.2
    endloop
  endfacet
  facet normal 0 0 1
    outer loop
      vertex 28.1691 56.325 4.2
      vertex 28.1691 3.675 4.2
      vertex 28.2472 3.51662 4.2
    endloop
  endfacet
  facet normal -0 0 1
    outer loop
      vertex 28.071 56.1782 4.2
      vertex 28.1691 3.675 4.2
      vertex 28.1691 56.325 4.2
    endloop
  endfacet
  facet normal 0 0 1
    outer loop
      vertex 28.071 56.1782 4.2
      vertex 28.071 3.82183 4.2
      vertex 28.1691 3.675 4.2
    endloop
  endfacet
  facet normal -0 0 1
    outer loop
      vertex 27.9546 56.0454 4.2
      vertex 28.071 3.82183 4.2
      vertex 28.071 56.1782 4.2
    endloop
  endfacet
  facet normal 0 0 1
    outer loop
      vertex 27.9546 56.0454 4.2
      vertex 27.9546 3.95459 4.2
      vertex 28.071 3.82183 4.2
    endloop
  endfacet
  facet normal -0 0 1
    outer loop
      vertex 27.8218 55.929 4.2
      vertex 27.9546 3.95459 4.2
      vertex 27.9546 56.0454 4.2
    endloop
  endfacet
  facet normal 0 0 1
    outer loop
      vertex 27.8218 55.929 4.2
      vertex 27.8218 4.07103 4.2
      vertex 27.9546 3.95459 4.2
    endloop
  endfacet
  facet normal -0 0 1
    outer loop
      vertex 27.675 55.8309 4.2
      vertex 27.8218 4.07103 4.2
      vertex 27.8218 55.929 4.2
    endloop
  endfacet
  facet normal 0 0 1
    outer loop
      vertex 27.675 55.8309 4.2
      vertex 27.675 4.16913 4.2
      vertex 27.8218 4.07103 4.2
    endloop
  endfacet
  facet normal -0 0 1
    outer loop
      vertex 27.5166 55.7528 4.2
      vertex 27.675 4.16913 4.2
      vertex 27.675 55.8309 4.2
    endloop
  endfacet
  facet normal 0 0 1
    outer loop
      vertex 27.5166 55.7528 4.2
      vertex 27.5166 4.24724 4.2
      vertex 27.675 4.16913 4.2
    endloop
  endfacet
  facet normal -0 0 1
    outer loop
      vertex 27.3494 55.696 4.2
      vertex 27.5166 4.24724 4.2
      vertex 27.5166 55.7528 4.2
    endloop
  endfacet
  facet normal 0 0 1
    outer loop
      vertex 27.3494 55.696 4.2
      vertex 27.3494 4.304 4.2
      vertex 27.5166 4.24724 4.2
    endloop
  endfacet
  facet normal 0 0 1
    outer loop
      vertex 25 55 4.2
      vertex 27.3494 55.696 4.2
      vertex 27.1762 55.6615 4.2
    endloop
  endfacet
  facet normal 0 0 1
    outer loop
      vertex 27.3494 55.696 4.2
      vertex 25 55 4.2
      vertex 27.3494 4.304 4.2
    endloop
  endfacet
  facet normal 0 0 1
    outer loop
      vertex 25 55 4.2
      vertex 27.1762 55.6615 4.2
      vertex 27 55.65 4.2
    endloop
  endfacet
  facet normal -0 0 1
    outer loop
      vertex 25 5 4.2
      vertex 27.3494 4.304 4.2
      vertex 25 55 4.2
    endloop
  endfacet
  facet normal 0 0 1
    outer loop
      vertex 25 55 4.2
      vertex 27 55.65 4.2
      vertex 26.8238 55.6615 4.2
    endloop
  endfacet
  facet normal 0 0 1
    outer loop
      vertex 27.3494 4.304 4.2
      vertex 25 5 4.2
      vertex 27.1762 4.33845 4.2
    endloop
  endfacet
  facet normal 0 0 1
    outer loop
      vertex 25 55 4.2
      vertex 26.8238 55.6615 4.2
      vertex 26.6506 55.696 4.2
    endloop
  endfacet
  facet normal 0 0 1
    outer loop
      vertex 27.1762 4.33845 4.2
      vertex 25 5 4.2
      vertex 27 4.35 4.2
    endloop
  endfacet
  facet normal 0 0 1
    outer loop
      vertex 25 55 4.2
      vertex 26.6506 55.696 4.2
      vertex 26.4834 55.7528 4.2
    endloop
  endfacet
  facet normal 0 0 1
    outer loop
      vertex 27 4.35 4.2
      vertex 25 5 4.2
      vertex 26.8238 4.33845 4.2
    endloop
  endfacet
  facet normal 0 0 1
    outer loop
      vertex 25 55 4.2
      vertex 26.4834 55.7528 4.2
      vertex 26.325 55.8309 4.2
    endloop
  endfacet
  facet normal 0 0 1
    outer loop
      vertex 26.8238 4.33845 4.2
      vertex 25 5 4.2
      vertex 26.6506 4.304 4.2
    endloop
  endfacet
  facet normal 0 0 1
    outer loop
      vertex 25 55 4.2
      vertex 26.325 55.8309 4.2
      vertex 26.1782 55.929 4.2
    endloop
  endfacet
  facet normal 0 0 1
    outer loop
      vertex 26.6506 4.304 4.2
      vertex 25 5 4.2
      vertex 26.4834 4.24724 4.2
    endloop
  endfacet
  facet normal 0 0 1
    outer loop
      vertex 25 55 4.2
      vertex 26.1782 55.929 4.2
      vertex 26.0454 56.0454 4.2
    endloop
  endfacet
  facet normal 0 0 1
    outer loop
      vertex 26.4834 4.24724 4.2
      vertex 25 5 4.2
      vertex 26.325 4.16913 4.2
    endloop
  endfacet
  facet normal 0 0 1
    outer loop
      vertex 25 55 4.2
      vertex 26.0454 56.0454 4.2
      vertex 25.929 56.1782 4.2
    endloop
  endfacet
  facet normal 0 0 1
    outer loop
      vertex 26.325 4.16913 4.2
      vertex 25 5 4.2
      vertex 26.1782 4.07103 4.2
    endloop
  endfacet
  facet normal 0 0 1
    outer loop
      vertex 25 55 4.2
      vertex 25.929 56.1782 4.2
      vertex 25.8309 56.325 4.2
    endloop
  endfacet
  facet normal 0 0 1
    outer loop
      vertex 26.1782 4.07103 4.2
      vertex 25 5 4.2
      vertex 26.0454 3.95459 4.2
    endloop
  endfacet
  facet normal 0 0 1
    outer loop
      vertex 25 55 4.2
      vertex 25.8309 56.325 4.2
      vertex 25.7528 56.4834 4.2
    endloop
  endfacet
  facet normal 0 0 1
    outer loop
      vertex 26.0454 3.95459 4.2
      vertex 25 5 4.2
      vertex 25.929 3.82183 4.2
    endloop
  endfacet
  facet normal 0 0 1
    outer loop
      vertex 25 55 4.2
      vertex 25.7528 56.4834 4.2
      vertex 25.696 56.6506 4.2
    endloop
  endfacet
  facet normal 0 0 1
    outer loop
      vertex 25.929 3.82183 4.2
      vertex 25 5 4.2
      vertex 25.8309 3.675 4.2
    endloop
  endfacet
  facet normal 0 0 1
    outer loop
      vertex 25 55 4.2
      vertex 25.696 56.6506 4.2
      vertex 25.6615 56.8238 4.2
    endloop
  endfacet
  facet normal 0 0 1
    outer loop
      vertex 25.8309 3.675 4.2
      vertex 25 5 4.2
      vertex 25.7528 3.51662 4.2
    endloop
  endfacet
  facet normal 0 0 1
    outer loop
      vertex 25 55 4.2
      vertex 25.6615 56.8238 4.2
      vertex 25.65 57 4.2
    endloop
  endfacet
  facet normal 0 0 1
    outer loop
      vertex 25.7528 3.51662 4.2
      vertex 25 5 4.2
      vertex 25.696 3.34941 4.2
    endloop
  endfacet
  facet normal 0 0 1
    outer loop
      vertex 28.3385 56.8238 4.2
      vertex 30.25 60.25 4.2
      vertex 28.35 57 4.2
    endloop
  endfacet
  facet normal 0 0 1
    outer loop
      vertex 30.25 60.25 4.2
      vertex 28.3385 57.1762 4.2
      vertex 28.35 57 4.2
    endloop
  endfacet
  facet normal 0 0 1
    outer loop
      vertex 30.25 60.25 4.2
      vertex 28.304 57.3494 4.2
      vertex 28.3385 57.1762 4.2
    endloop
  endfacet
  facet normal 0 0 1
    outer loop
      vertex 30.25 60.25 4.2
      vertex 28.2472 57.5166 4.2
      vertex 28.304 57.3494 4.2
    endloop
  endfacet
  facet normal 0 0 1
    outer loop
      vertex 30.25 60.25 4.2
      vertex 28.1691 57.675 4.2
      vertex 28.2472 57.5166 4.2
    endloop
  endfacet
  facet normal 0 0 1
    outer loop
      vertex 30.25 60.25 4.2
      vertex 28.071 57.8218 4.2
      vertex 28.1691 57.675 4.2
    endloop
  endfacet
  facet normal 0 0 1
    outer loop
      vertex 30.25 60.25 4.2
      vertex 27.9546 57.9546 4.2
      vertex 28.071 57.8218 4.2
    endloop
  endfacet
  facet normal 0 0 1
    outer loop
      vertex 30.25 60.25 4.2
      vertex 27.8218 58.071 4.2
      vertex 27.9546 57.9546 4.2
    endloop
  endfacet
  facet normal 0 0 1
    outer loop
      vertex 30.25 60.25 4.2
      vertex 27.675 58.1691 4.2
      vertex 27.8218 58.071 4.2
    endloop
  endfacet
  facet normal 0 0 1
    outer loop
      vertex 30.25 60.25 4.2
      vertex 27.5166 58.2472 4.2
      vertex 27.675 58.1691 4.2
    endloop
  endfacet
  facet normal 0 0 1
    outer loop
      vertex 30.25 60.25 4.2
      vertex 27.3494 58.304 4.2
      vertex 27.5166 58.2472 4.2
    endloop
  endfacet
  facet normal 0 0 1
    outer loop
      vertex 30.25 60.25 4.2
      vertex 27.1762 58.3385 4.2
      vertex 27.3494 58.304 4.2
    endloop
  endfacet
  facet normal 0 0 1
    outer loop
      vertex 30.25 60.25 4.2
      vertex 27 58.35 4.2
      vertex 27.1762 58.3385 4.2
    endloop
  endfacet
  facet normal 0 0 1
    outer loop
      vertex 30.25 60.25 4.2
      vertex 26.8238 58.3385 4.2
      vertex 27 58.35 4.2
    endloop
  endfacet
  facet normal 0 0 1
    outer loop
      vertex 30.25 60.25 4.2
      vertex 26.6506 58.304 4.2
      vertex 26.8238 58.3385 4.2
    endloop
  endfacet
  facet normal 0 0 1
    outer loop
      vertex 30.25 60.25 4.2
      vertex 26.4834 58.2472 4.2
      vertex 26.6506 58.304 4.2
    endloop
  endfacet
  facet normal 0 0 1
    outer loop
      vertex 3.51662 58.2472 4.2
      vertex 26.4834 58.2472 4.2
      vertex 30.25 60.25 4.2
    endloop
  endfacet
  facet normal 0 0 1
    outer loop
      vertex 25.696 3.34941 4.2
      vertex 25 5 4.2
      vertex 25.6615 3.17621 4.2
    endloop
  endfacet
  facet normal 0 0 1
    outer loop
      vertex 25.6615 57.1762 4.2
      vertex 25 55 4.2
      vertex 25.65 57 4.2
    endloop
  endfacet
  facet normal 0 0 1
    outer loop
      vertex 4.33845 57.1762 4.2
      vertex 25.6615 57.1762 4.2
      vertex 25.696 57.3494 4.2
    endloop
  endfacet
  facet normal 0 0 1
    outer loop
      vertex 25.6615 57.1762 4.2
      vertex 5 55 4.2
      vertex 25 55 4.2
    endloop
  endfacet
  facet normal 0 0 1
    outer loop
      vertex 4.304 57.3494 4.2
      vertex 25.696 57.3494 4.2
      vertex 25.7528 57.5166 4.2
    endloop
  endfacet
  facet normal 0 0 1
    outer loop
      vertex 4.24724 57.5166 4.2
      vertex 25.7528 57.5166 4.2
      vertex 25.8309 57.675 4.2
    endloop
  endfacet
  facet normal 0 0 1
    outer loop
      vertex 4.16913 57.675 4.2
      vertex 25.8309 57.675 4.2
      vertex 25.929 57.8218 4.2
    endloop
  endfacet
  facet normal 0 0 1
    outer loop
      vertex 4.07103 57.8218 4.2
      vertex 25.929 57.8218 4.2
      vertex 26.0454 57.9546 4.2
    endloop
  endfacet
  facet normal 0 0 1
    outer loop
      vertex 3.95459 57.9546 4.2
      vertex 26.0454 57.9546 4.2
      vertex 26.1782 58.071 4.2
    endloop
  endfacet
  facet normal 0 0 1
    outer loop
      vertex 3.82183 58.071 4.2
      vertex 26.1782 58.071 4.2
      vertex 26.325 58.1691 4.2
    endloop
  endfacet
  facet normal 0 0 1
    outer loop
      vertex 26.4834 58.2472 4.2
      vertex 3.51662 58.2472 4.2
      vertex 26.325 58.1691 4.2
    endloop
  endfacet
  facet normal -0 0 1
    outer loop
      vertex 4.33845 56.8238 4.2
      vertex 5 55 4.2
      vertex 4.35 57 4.2
    endloop
  endfacet
  facet normal 0 0 1
    outer loop
      vertex 25.6615 57.1762 4.2
      vertex 4.33845 57.1762 4.2
      vertex 5 55 4.2
    endloop
  endfacet
  facet normal 0 0 1
    outer loop
      vertex 5 55 4.2
      vertex 4.33845 57.1762 4.2
      vertex 4.35 57 4.2
    endloop
  endfacet
  facet normal 0 0 1
    outer loop
      vertex 25.696 57.3494 4.2
      vertex 4.304 57.3494 4.2
      vertex 4.33845 57.1762 4.2
    endloop
  endfacet
  facet normal 0 0 1
    outer loop
      vertex 25.7528 57.5166 4.2
      vertex 4.24724 57.5166 4.2
      vertex 4.304 57.3494 4.2
    endloop
  endfacet
  facet normal 0 0 1
    outer loop
      vertex 25.8309 57.675 4.2
      vertex 4.16913 57.675 4.2
      vertex 4.24724 57.5166 4.2
    endloop
  endfacet
  facet normal 0 0 1
    outer loop
      vertex 25.929 57.8218 4.2
      vertex 4.07103 57.8218 4.2
      vertex 4.16913 57.675 4.2
    endloop
  endfacet
  facet normal 0 0 1
    outer loop
      vertex 26.0454 57.9546 4.2
      vertex 3.95459 57.9546 4.2
      vertex 4.07103 57.8218 4.2
    endloop
  endfacet
  facet normal 0 0 1
    outer loop
      vertex 26.1782 58.071 4.2
      vertex 3.82183 58.071 4.2
      vertex 3.95459 57.9546 4.2
    endloop
  endfacet
  facet normal 0 0 1
    outer loop
      vertex 26.325 58.1691 4.2
      vertex 3.675 58.1691 4.2
      vertex 3.82183 58.071 4.2
    endloop
  endfacet
  facet normal 0 0 1
    outer loop
      vertex 26.325 58.1691 4.2
      vertex 3.51662 58.2472 4.2
      vertex 3.675 58.1691 4.2
    endloop
  endfacet
  facet normal -0 0 1
    outer loop
      vertex -0.25 60.25 4.2
      vertex 3.51662 58.2472 4.2
      vertex 30.25 60.25 4.2
    endloop
  endfacet
  facet normal 0 0 1
    outer loop
      vertex 3.51662 58.2472 4.2
      vertex -0.25 60.25 4.2
      vertex 3.34941 58.304 4.2
    endloop
  endfacet
  facet normal 0 0 1
    outer loop
      vertex 3.34941 58.304 4.2
      vertex -0.25 60.25 4.2
      vertex 3.17621 58.3385 4.2
    endloop
  endfacet
  facet normal 0 0 1
    outer loop
      vertex 3.17621 58.3385 4.2
      vertex -0.25 60.25 4.2
      vertex 3 58.35 4.2
    endloop
  endfacet
  facet normal 0 0 1
    outer loop
      vertex 1.696 3.34941 4.2
      vertex -0.25 -0.25 4.2
      vertex 1.66155 3.17621 4.2
    endloop
  endfacet
  facet normal 0 0 1
    outer loop
      vertex 1.66155 57.1762 4.2
      vertex -0.25 60.25 4.2
      vertex 1.65 57 4.2
    endloop
  endfacet
  facet normal 0 0 1
    outer loop
      vertex 1.696 57.3494 4.2
      vertex -0.25 60.25 4.2
      vertex 1.66155 57.1762 4.2
    endloop
  endfacet
  facet normal 0 0 1
    outer loop
      vertex 1.75276 57.5166 4.2
      vertex -0.25 60.25 4.2
      vertex 1.696 57.3494 4.2
    endloop
  endfacet
  facet normal 0 0 1
    outer loop
      vertex 1.83086 57.675 4.2
      vertex -0.25 60.25 4.2
      vertex 1.75276 57.5166 4.2
    endloop
  endfacet
  facet normal 0 0 1
    outer loop
      vertex 1.92897 57.8218 4.2
      vertex -0.25 60.25 4.2
      vertex 1.83086 57.675 4.2
    endloop
  endfacet
  facet normal 0 0 1
    outer loop
      vertex 2.04541 57.9546 4.2
      vertex -0.25 60.25 4.2
      vertex 1.92897 57.8218 4.2
    endloop
  endfacet
  facet normal 0 0 1
    outer loop
      vertex 2.17817 58.071 4.2
      vertex -0.25 60.25 4.2
      vertex 2.04541 57.9546 4.2
    endloop
  endfacet
  facet normal 0 0 1
    outer loop
      vertex 2.325 58.1691 4.2
      vertex -0.25 60.25 4.2
      vertex 2.17817 58.071 4.2
    endloop
  endfacet
  facet normal 0 0 1
    outer loop
      vertex 2.48338 58.2472 4.2
      vertex -0.25 60.25 4.2
      vertex 2.325 58.1691 4.2
    endloop
  endfacet
  facet normal 0 0 1
    outer loop
      vertex 2.65059 58.304 4.2
      vertex -0.25 60.25 4.2
      vertex 2.48338 58.2472 4.2
    endloop
  endfacet
  facet normal 0 0 1
    outer loop
      vertex 2.82379 58.3385 4.2
      vertex -0.25 60.25 4.2
      vertex 2.65059 58.304 4.2
    endloop
  endfacet
  facet normal 0 0 1
    outer loop
      vertex 3 58.35 4.2
      vertex -0.25 60.25 4.2
      vertex 2.82379 58.3385 4.2
    endloop
  endfacet
  facet normal 0 0 1
    outer loop
      vertex 28.304 56.6506 4.2
      vertex 30.25 60.25 4.2
      vertex 28.3385 56.8238 4.2
    endloop
  endfacet
  facet normal -0 0 1
    outer loop
      vertex 28.3385 2.82379 4.2
      vertex 30.25 -0.25 4.2
      vertex 28.35 3 4.2
    endloop
  endfacet
  facet normal -0 0 1
    outer loop
      vertex 28.304 2.65059 4.2
      vertex 30.25 -0.25 4.2
      vertex 28.3385 2.82379 4.2
    endloop
  endfacet
  facet normal -0 0 1
    outer loop
      vertex 28.2472 2.48338 4.2
      vertex 30.25 -0.25 4.2
      vertex 28.304 2.65059 4.2
    endloop
  endfacet
  facet normal -0 0 1
    outer loop
      vertex 28.1691 2.325 4.2
      vertex 30.25 -0.25 4.2
      vertex 28.2472 2.48338 4.2
    endloop
  endfacet
  facet normal -0 0 1
    outer loop
      vertex 28.071 2.17817 4.2
      vertex 30.25 -0.25 4.2
      vertex 28.1691 2.325 4.2
    endloop
  endfacet
  facet normal -0 0 1
    outer loop
      vertex 27.9546 2.04541 4.2
      vertex 30.25 -0.25 4.2
      vertex 28.071 2.17817 4.2
    endloop
  endfacet
  facet normal -0 0 1
    outer loop
      vertex 27.8218 1.92897 4.2
      vertex 30.25 -0.25 4.2
      vertex 27.9546 2.04541 4.2
    endloop
  endfacet
  facet normal -0 0 1
    outer loop
      vertex 27.675 1.83086 4.2
      vertex 30.25 -0.25 4.2
      vertex 27.8218 1.92897 4.2
    endloop
  endfacet
  facet normal -0 0 1
    outer loop
      vertex 27.5166 1.75276 4.2
      vertex 30.25 -0.25 4.2
      vertex 27.675 1.83086 4.2
    endloop
  endfacet
  facet normal -0 0 1
    outer loop
      vertex 27.3494 1.696 4.2
      vertex 30.25 -0.25 4.2
      vertex 27.5166 1.75276 4.2
    endloop
  endfacet
  facet normal -0 0 1
    outer loop
      vertex 27.1762 1.66155 4.2
      vertex 30.25 -0.25 4.2
      vertex 27.3494 1.696 4.2
    endloop
  endfacet
  facet normal -0 0 1
    outer loop
      vertex 27 1.65 4.2
      vertex 30.25 -0.25 4.2
      vertex 27.1762 1.66155 4.2
    endloop
  endfacet
  facet normal 0 0 1
    outer loop
      vertex 26.8238 1.66155 4.2
      vertex 30.25 -0.25 4.2
      vertex 27 1.65 4.2
    endloop
  endfacet
  facet normal 0 0 1
    outer loop
      vertex 26.6506 1.696 4.2
      vertex 30.25 -0.25 4.2
      vertex 26.8238 1.66155 4.2
    endloop
  endfacet
  facet normal 0 0 1
    outer loop
      vertex 26.4834 1.75276 4.2
      vertex 30.25 -0.25 4.2
      vertex 26.6506 1.696 4.2
    endloop
  endfacet
  facet normal 0 0 1
    outer loop
      vertex 3.51662 1.75276 4.2
      vertex 26.4834 1.75276 4.2
      vertex 26.325 1.83086 4.2
    endloop
  endfacet
  facet normal 0 0 1
    outer loop
      vertex 25.6615 3.17621 4.2
      vertex 25 5 4.2
      vertex 25.65 3 4.2
    endloop
  endfacet
  facet normal 0 0 1
    outer loop
      vertex 25 5 4.2
      vertex 25.6615 2.82379 4.2
      vertex 25.65 3 4.2
    endloop
  endfacet
  facet normal -0 0 1
    outer loop
      vertex 5 5 4.2
      vertex 25.6615 2.82379 4.2
      vertex 25 5 4.2
    endloop
  endfacet
  facet normal 0 0 1
    outer loop
      vertex 4.33845 2.82379 4.2
      vertex 25.6615 2.82379 4.2
      vertex 5 5 4.2
    endloop
  endfacet
  facet normal 0 0 1
    outer loop
      vertex 25.6615 2.82379 4.2
      vertex 4.33845 2.82379 4.2
      vertex 25.696 2.65059 4.2
    endloop
  endfacet
  facet normal 0 0 1
    outer loop
      vertex 4.304 2.65059 4.2
      vertex 25.696 2.65059 4.2
      vertex 4.33845 2.82379 4.2
    endloop
  endfacet
  facet normal 0 0 1
    outer loop
      vertex 25.696 2.65059 4.2
      vertex 4.304 2.65059 4.2
      vertex 25.7528 2.48338 4.2
    endloop
  endfacet
  facet normal 0 0 1
    outer loop
      vertex 4.24724 2.48338 4.2
      vertex 25.7528 2.48338 4.2
      vertex 4.304 2.65059 4.2
    endloop
  endfacet
  facet normal 0 0 1
    outer loop
      vertex 25.7528 2.48338 4.2
      vertex 4.24724 2.48338 4.2
      vertex 25.8309 2.325 4.2
    endloop
  endfacet
  facet normal 0 0 1
    outer loop
      vertex 4.16913 2.325 4.2
      vertex 25.8309 2.325 4.2
      vertex 4.24724 2.48338 4.2
    endloop
  endfacet
  facet normal 0 0 1
    outer loop
      vertex 25.8309 2.325 4.2
      vertex 4.16913 2.325 4.2
      vertex 25.929 2.17817 4.2
    endloop
  endfacet
  facet normal -0 0 1
    outer loop
      vertex 4.304 56.6506 4.2
      vertex 5 55 4.2
      vertex 4.33845 56.8238 4.2
    endloop
  endfacet
  facet normal 0 0 1
    outer loop
      vertex 4.33845 2.82379 4.2
      vertex 5 5 4.2
      vertex 4.35 3 4.2
    endloop
  endfacet
  facet normal 0 0 1
    outer loop
      vertex 4.07103 2.17817 4.2
      vertex 25.929 2.17817 4.2
      vertex 4.16913 2.325 4.2
    endloop
  endfacet
  facet normal 0 0 1
    outer loop
      vertex 25.929 2.17817 4.2
      vertex 4.07103 2.17817 4.2
      vertex 26.0454 2.04541 4.2
    endloop
  endfacet
  facet normal 0 0 1
    outer loop
      vertex 3.95459 2.04541 4.2
      vertex 26.0454 2.04541 4.2
      vertex 4.07103 2.17817 4.2
    endloop
  endfacet
  facet normal 0 0 1
    outer loop
      vertex 26.0454 2.04541 4.2
      vertex 3.95459 2.04541 4.2
      vertex 26.1782 1.92897 4.2
    endloop
  endfacet
  facet normal 0 0 1
    outer loop
      vertex 3.82183 1.92897 4.2
      vertex 26.1782 1.92897 4.2
      vertex 3.95459 2.04541 4.2
    endloop
  endfacet
  facet normal 0 0 1
    outer loop
      vertex 26.1782 1.92897 4.2
      vertex 3.82183 1.92897 4.2
      vertex 26.325 1.83086 4.2
    endloop
  endfacet
  facet normal 0 0 1
    outer loop
      vertex 3.675 1.83086 4.2
      vertex 26.325 1.83086 4.2
      vertex 3.82183 1.92897 4.2
    endloop
  endfacet
  facet normal 0 0 1
    outer loop
      vertex 3.51662 1.75276 4.2
      vertex 26.325 1.83086 4.2
      vertex 3.675 1.83086 4.2
    endloop
  endfacet
  facet normal 0 0 1
    outer loop
      vertex 26.4834 1.75276 4.2
      vertex 3.51662 1.75276 4.2
      vertex 30.25 -0.25 4.2
    endloop
  endfacet
  facet normal 0 0 1
    outer loop
      vertex -0.25 -0.25 4.2
      vertex 3.51662 1.75276 4.2
      vertex 3.34941 1.696 4.2
    endloop
  endfacet
  facet normal 0 0 1
    outer loop
      vertex -0.25 -0.25 4.2
      vertex 3.34941 1.696 4.2
      vertex 3.17621 1.66155 4.2
    endloop
  endfacet
  facet normal 0 0 1
    outer loop
      vertex -0.25 -0.25 4.2
      vertex 3.17621 1.66155 4.2
      vertex 3 1.65 4.2
    endloop
  endfacet
  facet normal 0 0 1
    outer loop
      vertex -0.25 -0.25 4.2
      vertex 3 1.65 4.2
      vertex 2.82379 1.66155 4.2
    endloop
  endfacet
  facet normal 0 0 1
    outer loop
      vertex 3.51662 1.75276 4.2
      vertex -0.25 -0.25 4.2
      vertex 30.25 -0.25 4.2
    endloop
  endfacet
  facet normal 0 0 1
    outer loop
      vertex 2.65059 1.696 4.2
      vertex -0.25 -0.25 4.2
      vertex 2.82379 1.66155 4.2
    endloop
  endfacet
  facet normal 0 0 1
    outer loop
      vertex 2.48338 1.75276 4.2
      vertex -0.25 -0.25 4.2
      vertex 2.65059 1.696 4.2
    endloop
  endfacet
  facet normal 0 0 1
    outer loop
      vertex 2.325 1.83086 4.2
      vertex -0.25 -0.25 4.2
      vertex 2.48338 1.75276 4.2
    endloop
  endfacet
  facet normal 0 0 1
    outer loop
      vertex 2.17817 1.92897 4.2
      vertex -0.25 -0.25 4.2
      vertex 2.325 1.83086 4.2
    endloop
  endfacet
  facet normal 0 0 1
    outer loop
      vertex 2.04541 2.04541 4.2
      vertex -0.25 -0.25 4.2
      vertex 2.17817 1.92897 4.2
    endloop
  endfacet
  facet normal 0 0 1
    outer loop
      vertex 1.92897 2.17817 4.2
      vertex -0.25 -0.25 4.2
      vertex 2.04541 2.04541 4.2
    endloop
  endfacet
  facet normal 0 0 1
    outer loop
      vertex 1.83086 2.325 4.2
      vertex -0.25 -0.25 4.2
      vertex 1.92897 2.17817 4.2
    endloop
  endfacet
  facet normal 0 0 1
    outer loop
      vertex 1.75276 2.48338 4.2
      vertex -0.25 -0.25 4.2
      vertex 1.83086 2.325 4.2
    endloop
  endfacet
  facet normal 0 0 1
    outer loop
      vertex 1.696 2.65059 4.2
      vertex -0.25 -0.25 4.2
      vertex 1.75276 2.48338 4.2
    endloop
  endfacet
  facet normal 0 0 1
    outer loop
      vertex 1.66155 2.82379 4.2
      vertex -0.25 -0.25 4.2
      vertex 1.696 2.65059 4.2
    endloop
  endfacet
  facet normal 0 0 1
    outer loop
      vertex 1.65 3 4.2
      vertex -0.25 -0.25 4.2
      vertex 1.66155 2.82379 4.2
    endloop
  endfacet
  facet normal 0 0 1
    outer loop
      vertex 1.66155 3.17621 4.2
      vertex -0.25 -0.25 4.2
      vertex 1.65 3 4.2
    endloop
  endfacet
  facet normal 1 -0 0
    outer loop
      vertex -0.25 -0.25 6
      vertex -0.25 60.25 4.2
      vertex -0.25 60.25 6
    endloop
  endfacet
  facet normal 1 0 0
    outer loop
      vertex -0.25 60.25 4.2
      vertex -0.25 -0.25 6
      vertex -0.25 -0.25 4.2
    endloop
  endfacet
  facet normal 0 -1 0
    outer loop
      vertex -0.25 60.25 4.2
      vertex 30.25 60.25 6
      vertex -0.25 60.25 6
    endloop
  endfacet
  facet normal 0 -1 -0
    outer loop
      vertex 30.25 60.25 6
      vertex -0.25 60.25 4.2
      vertex 30.25 60.25 4.2
    endloop
  endfacet
  facet normal 0 1 -0
    outer loop
      vertex 30.25 -0.25 4.2
      vertex -0.25 -0.25 6
      vertex 30.25 -0.25 6
    endloop
  endfacet
  facet normal 0 1 0
    outer loop
      vertex -0.25 -0.25 6
      vertex 30.25 -0.25 4.2
      vertex -0.25 -0.25 4.2
    endloop
  endfacet
  facet normal -1 0 0
    outer loop
      vertex 25 5 1.5
      vertex 25 55 4.2
      vertex 25 55 1.5
    endloop
  endfacet
  facet normal -1 -0 0
    outer loop
      vertex 25 55 4.2
      vertex 25 5 1.5
      vertex 25 5 4.2
    endloop
  endfacet
  facet normal -0 0 1
    outer loop
      vertex 5 55 1.5
      vertex 25 5 1.5
      vertex 25 55 1.5
    endloop
  endfacet
  facet normal 0 0 1
    outer loop
      vertex 25 5 1.5
      vertex 5 55 1.5
      vertex 5 5 1.5
    endloop
  endfacet
  facet normal 1 -0 0
    outer loop
      vertex 5 5 4.2
      vertex 5 55 1.5
      vertex 5 55 4.2
    endloop
  endfacet
  facet normal 1 0 0
    outer loop
      vertex 5 55 1.5
      vertex 5 5 4.2
      vertex 5 5 1.5
    endloop
  endfacet
  facet normal 0 -1 0
    outer loop
      vertex 5 55 1.5
      vertex 25 55 4.2
      vertex 5 55 4.2
    endloop
  endfacet
  facet normal 0 -1 -0
    outer loop
      vertex 25 55 4.2
      vertex 5 55 1.5
      vertex 25 55 1.5
    endloop
  endfacet
  facet normal 0 1 -0
    outer loop
      vertex 25 5 1.5
      vertex 5 5 4.2
      vertex 25 5 4.2
    endloop
  endfacet
  facet normal 0 1 0
    outer loop
      vertex 5 5 4.2
      vertex 25 5 1.5
      vertex 5 5 1.5
    endloop
  endfacet
  facet normal 0.980787 0.195081 0
    outer loop
      vertex 4.33845 57.1762 6.8
      vertex 4.304 57.3494 4.2
      vertex 4.304 57.3494 6.8
    endloop
  endfacet
  facet normal 0.980787 0.195081 0
    outer loop
      vertex 4.304 57.3494 4.2
      vertex 4.33845 57.1762 6.8
      vertex 4.33845 57.1762 4.2
    endloop
  endfacet
  facet normal 0.997858 0.0654101 0
    outer loop
      vertex 4.35 57 6.8
      vertex 4.33845 57.1762 4.2
      vertex 4.33845 57.1762 6.8
    endloop
  endfacet
  facet normal 0.997858 0.0654101 0
    outer loop
      vertex 4.33845 57.1762 4.2
      vertex 4.35 57 6.8
      vertex 4.35 57 4.2
    endloop
  endfacet
  facet normal 0.946925 0.321456 0
    outer loop
      vertex 4.304 57.3494 6.8
      vertex 4.24724 57.5166 4.2
      vertex 4.24724 57.5166 6.8
    endloop
  endfacet
  facet normal 0.946925 0.321456 0
    outer loop
      vertex 4.24724 57.5166 4.2
      vertex 4.304 57.3494 6.8
      vertex 4.304 57.3494 4.2
    endloop
  endfacet
  facet normal 0 0 1
    outer loop
      vertex 4.33845 57.1762 6.8
      vertex 4.33845 56.8238 6.8
      vertex 4.35 57 6.8
    endloop
  endfacet
  facet normal 0 0 1
    outer loop
      vertex 4.304 57.3494 6.8
      vertex 4.33845 56.8238 6.8
      vertex 4.33845 57.1762 6.8
    endloop
  endfacet
  facet normal 0 0 1
    outer loop
      vertex 4.304 57.3494 6.8
      vertex 4.304 56.6506 6.8
      vertex 4.33845 56.8238 6.8
    endloop
  endfacet
  facet normal 0 0 1
    outer loop
      vertex 4.24724 57.5166 6.8
      vertex 4.304 56.6506 6.8
      vertex 4.304 57.3494 6.8
    endloop
  endfacet
  facet normal 0 0 1
    outer loop
      vertex 4.24724 57.5166 6.8
      vertex 4.24724 56.4834 6.8
      vertex 4.304 56.6506 6.8
    endloop
  endfacet
  facet normal 0 0 1
    outer loop
      vertex 4.16913 57.675 6.8
      vertex 4.24724 56.4834 6.8
      vertex 4.24724 57.5166 6.8
    endloop
  endfacet
  facet normal 0 0 1
    outer loop
      vertex 4.16913 57.675 6.8
      vertex 4.16913 56.325 6.8
      vertex 4.24724 56.4834 6.8
    endloop
  endfacet
  facet normal 0 0 1
    outer loop
      vertex 4.07103 57.8218 6.8
      vertex 4.16913 56.325 6.8
      vertex 4.16913 57.675 6.8
    endloop
  endfacet
  facet normal 0 0 1
    outer loop
      vertex 4.07103 57.8218 6.8
      vertex 4.07103 56.1782 6.8
      vertex 4.16913 56.325 6.8
    endloop
  endfacet
  facet normal 0 0 1
    outer loop
      vertex 3.95459 57.9546 6.8
      vertex 4.07103 56.1782 6.8
      vertex 4.07103 57.8218 6.8
    endloop
  endfacet
  facet normal 0 0 1
    outer loop
      vertex 3.95459 57.9546 6.8
      vertex 3.95459 56.0454 6.8
      vertex 4.07103 56.1782 6.8
    endloop
  endfacet
  facet normal 0 0 1
    outer loop
      vertex 3.82183 58.071 6.8
      vertex 3.95459 56.0454 6.8
      vertex 3.95459 57.9546 6.8
    endloop
  endfacet
  facet normal 0 0 1
    outer loop
      vertex 3.82183 58.071 6.8
      vertex 3.82183 55.929 6.8
      vertex 3.95459 56.0454 6.8
    endloop
  endfacet
  facet normal 0 0 1
    outer loop
      vertex 3.675 58.1691 6.8
      vertex 3.82183 55.929 6.8
      vertex 3.82183 58.071 6.8
    endloop
  endfacet
  facet normal 0 0 1
    outer loop
      vertex 3.675 58.1691 6.8
      vertex 3.675 55.8309 6.8
      vertex 3.82183 55.929 6.8
    endloop
  endfacet
  facet normal 0 0 1
    outer loop
      vertex 3.51662 58.2472 6.8
      vertex 3.675 55.8309 6.8
      vertex 3.675 58.1691 6.8
    endloop
  endfacet
  facet normal 0 0 1
    outer loop
      vertex 3.51662 58.2472 6.8
      vertex 3.51662 55.7528 6.8
      vertex 3.675 55.8309 6.8
    endloop
  endfacet
  facet normal 0 0 1
    outer loop
      vertex 3.34941 58.304 6.8
      vertex 3.51662 55.7528 6.8
      vertex 3.51662 58.2472 6.8
    endloop
  endfacet
  facet normal 0 0 1
    outer loop
      vertex 3.34941 58.304 6.8
      vertex 3.34941 55.696 6.8
      vertex 3.51662 55.7528 6.8
    endloop
  endfacet
  facet normal 0 0 1
    outer loop
      vertex 3.17621 58.3385 6.8
      vertex 3.34941 55.696 6.8
      vertex 3.34941 58.304 6.8
    endloop
  endfacet
  facet normal 0 0 1
    outer loop
      vertex 3.17621 58.3385 6.8
      vertex 3.17621 55.6615 6.8
      vertex 3.34941 55.696 6.8
    endloop
  endfacet
  facet normal 0 0 1
    outer loop
      vertex 3 58.35 6.8
      vertex 3.17621 55.6615 6.8
      vertex 3.17621 58.3385 6.8
    endloop
  endfacet
  facet normal 0 0 1
    outer loop
      vertex 3 58.35 6.8
      vertex 3 55.65 6.8
      vertex 3.17621 55.6615 6.8
    endloop
  endfacet
  facet normal -0 0 1
    outer loop
      vertex 2.82379 58.3385 6.8
      vertex 3 55.65 6.8
      vertex 3 58.35 6.8
    endloop
  endfacet
  facet normal 0 0 1
    outer loop
      vertex 2.82379 58.3385 6.8
      vertex 2.82379 55.6615 6.8
      vertex 3 55.65 6.8
    endloop
  endfacet
  facet normal -0 0 1
    outer loop
      vertex 2.65059 58.304 6.8
      vertex 2.82379 55.6615 6.8
      vertex 2.82379 58.3385 6.8
    endloop
  endfacet
  facet normal 0 0 1
    outer loop
      vertex 2.65059 58.304 6.8
      vertex 2.65059 55.696 6.8
      vertex 2.82379 55.6615 6.8
    endloop
  endfacet
  facet normal -0 0 1
    outer loop
      vertex 2.48338 58.2472 6.8
      vertex 2.65059 55.696 6.8
      vertex 2.65059 58.304 6.8
    endloop
  endfacet
  facet normal 0 0 1
    outer loop
      vertex 2.48338 58.2472 6.8
      vertex 2.48338 55.7528 6.8
      vertex 2.65059 55.696 6.8
    endloop
  endfacet
  facet normal -0 0 1
    outer loop
      vertex 2.325 58.1691 6.8
      vertex 2.48338 55.7528 6.8
      vertex 2.48338 58.2472 6.8
    endloop
  endfacet
  facet normal 0 0 1
    outer loop
      vertex 2.325 58.1691 6.8
      vertex 2.325 55.8309 6.8
      vertex 2.48338 55.7528 6.8
    endloop
  endfacet
  facet normal -0 0 1
    outer loop
      vertex 2.17817 58.071 6.8
      vertex 2.325 55.8309 6.8
      vertex 2.325 58.1691 6.8
    endloop
  endfacet
  facet normal 0 0 1
    outer loop
      vertex 2.17817 58.071 6.8
      vertex 2.17817 55.929 6.8
      vertex 2.325 55.8309 6.8
    endloop
  endfacet
  facet normal -0 0 1
    outer loop
      vertex 2.04541 57.9546 6.8
      vertex 2.17817 55.929 6.8
      vertex 2.17817 58.071 6.8
    endloop
  endfacet
  facet normal 0 0 1
    outer loop
      vertex 2.04541 57.9546 6.8
      vertex 2.04541 56.0454 6.8
      vertex 2.17817 55.929 6.8
    endloop
  endfacet
  facet normal -0 0 1
    outer loop
      vertex 1.92897 57.8218 6.8
      vertex 2.04541 56.0454 6.8
      vertex 2.04541 57.9546 6.8
    endloop
  endfacet
  facet normal 0 0 1
    outer loop
      vertex 1.92897 57.8218 6.8
      vertex 1.92897 56.1782 6.8
      vertex 2.04541 56.0454 6.8
    endloop
  endfacet
  facet normal -0 0 1
    outer loop
      vertex 1.83086 57.675 6.8
      vertex 1.92897 56.1782 6.8
      vertex 1.92897 57.8218 6.8
    endloop
  endfacet
  facet normal 0 0 1
    outer loop
      vertex 1.83086 57.675 6.8
      vertex 1.83086 56.325 6.8
      vertex 1.92897 56.1782 6.8
    endloop
  endfacet
  facet normal -0 0 1
    outer loop
      vertex 1.75276 57.5166 6.8
      vertex 1.83086 56.325 6.8
      vertex 1.83086 57.675 6.8
    endloop
  endfacet
  facet normal 0 0 1
    outer loop
      vertex 1.75276 57.5166 6.8
      vertex 1.75276 56.4834 6.8
      vertex 1.83086 56.325 6.8
    endloop
  endfacet
  facet normal -0 0 1
    outer loop
      vertex 1.696 57.3494 6.8
      vertex 1.75276 56.4834 6.8
      vertex 1.75276 57.5166 6.8
    endloop
  endfacet
  facet normal 0 0 1
    outer loop
      vertex 1.696 57.3494 6.8
      vertex 1.696 56.6506 6.8
      vertex 1.75276 56.4834 6.8
    endloop
  endfacet
  facet normal -0 0 1
    outer loop
      vertex 1.66155 57.1762 6.8
      vertex 1.696 56.6506 6.8
      vertex 1.696 57.3494 6.8
    endloop
  endfacet
  facet normal 0 0 1
    outer loop
      vertex 1.66155 57.1762 6.8
      vertex 1.66155 56.8238 6.8
      vertex 1.696 56.6506 6.8
    endloop
  endfacet
  facet normal 0 -0 1
    outer loop
      vertex 1.66155 56.8238 6.8
      vertex 1.66155 57.1762 6.8
      vertex 1.65 57 6.8
    endloop
  endfacet
  facet normal 0.83144 0.555615 0
    outer loop
      vertex 4.16913 57.675 6.8
      vertex 4.07103 57.8218 4.2
      vertex 4.07103 57.8218 6.8
    endloop
  endfacet
  facet normal 0.83144 0.555615 0
    outer loop
      vertex 4.07103 57.8218 4.2
      vertex 4.16913 57.675 6.8
      vertex 4.16913 57.675 4.2
    endloop
  endfacet
  facet normal -0.946925 -0.321456 0
    outer loop
      vertex 1.75276 56.4834 4.2
      vertex 1.696 56.6506 6.8
      vertex 1.696 56.6506 4.2
    endloop
  endfacet
  facet normal -0.946925 -0.321456 0
    outer loop
      vertex 1.696 56.6506 6.8
      vertex 1.75276 56.4834 4.2
      vertex 1.75276 56.4834 6.8
    endloop
  endfacet
  facet normal 0.321642 -0.946861 0
    outer loop
      vertex 3.34941 55.696 4.2
      vertex 3.51662 55.7528 6.8
      vertex 3.34941 55.696 6.8
    endloop
  endfacet
  facet normal 0.321642 -0.946861 0
    outer loop
      vertex 3.51662 55.7528 6.8
      vertex 3.34941 55.696 4.2
      vertex 3.51662 55.7528 4.2
    endloop
  endfacet
  facet normal 0.896882 0.442269 0
    outer loop
      vertex 4.24724 57.5166 6.8
      vertex 4.16913 57.675 4.2
      vertex 4.16913 57.675 6.8
    endloop
  endfacet
  facet normal 0.896882 0.442269 0
    outer loop
      vertex 4.16913 57.675 4.2
      vertex 4.24724 57.5166 6.8
      vertex 4.24724 57.5166 4.2
    endloop
  endfacet
  facet normal -0.555536 0.831492 0
    outer loop
      vertex 2.325 58.1691 4.2
      vertex 2.17817 58.071 6.8
      vertex 2.325 58.1691 6.8
    endloop
  endfacet
  facet normal -0.555536 0.831492 0
    outer loop
      vertex 2.17817 58.071 6.8
      vertex 2.325 58.1691 4.2
      vertex 2.17817 58.071 4.2
    endloop
  endfacet
  facet normal 0.980787 -0.195081 0
    outer loop
      vertex 4.304 56.6506 6.8
      vertex 4.33845 56.8238 4.2
      vertex 4.33845 56.8238 6.8
    endloop
  endfacet
  facet normal 0.980787 -0.195081 0
    outer loop
      vertex 4.33845 56.8238 4.2
      vertex 4.304 56.6506 6.8
      vertex 4.304 56.6506 4.2
    endloop
  endfacet
  facet normal 0.321642 0.946861 -0
    outer loop
      vertex 3.51662 58.2472 4.2
      vertex 3.34941 58.304 6.8
      vertex 3.51662 58.2472 6.8
    endloop
  endfacet
  facet normal 0.321642 0.946861 0
    outer loop
      vertex 3.34941 58.304 6.8
      vertex 3.51662 58.2472 4.2
      vertex 3.34941 58.304 4.2
    endloop
  endfacet
  facet normal -0.659258 0.751917 0
    outer loop
      vertex 2.17817 58.071 4.2
      vertex 2.04541 57.9546 6.8
      vertex 2.17817 58.071 6.8
    endloop
  endfacet
  facet normal -0.659258 0.751917 0
    outer loop
      vertex 2.04541 57.9546 6.8
      vertex 2.17817 58.071 4.2
      vertex 2.04541 57.9546 4.2
    endloop
  endfacet
  facet normal 0.555536 -0.831492 0
    outer loop
      vertex 3.675 55.8309 4.2
      vertex 3.82183 55.929 6.8
      vertex 3.675 55.8309 6.8
    endloop
  endfacet
  facet normal 0.555536 -0.831492 0
    outer loop
      vertex 3.82183 55.929 6.8
      vertex 3.675 55.8309 4.2
      vertex 3.82183 55.929 4.2
    endloop
  endfacet
  facet normal -0.195354 0.980733 0
    outer loop
      vertex 2.82379 58.3385 4.2
      vertex 2.65059 58.304 6.8
      vertex 2.82379 58.3385 6.8
    endloop
  endfacet
  facet normal -0.195354 0.980733 0
    outer loop
      vertex 2.65059 58.304 6.8
      vertex 2.82379 58.3385 4.2
      vertex 2.65059 58.304 4.2
    endloop
  endfacet
  facet normal -0.997858 -0.0654101 0
    outer loop
      vertex 1.66155 56.8238 4.2
      vertex 1.65 57 6.8
      vertex 1.65 57 4.2
    endloop
  endfacet
  facet normal -0.997858 -0.0654101 0
    outer loop
      vertex 1.65 57 6.8
      vertex 1.66155 56.8238 4.2
      vertex 1.66155 56.8238 6.8
    endloop
  endfacet
  facet normal -0.896905 -0.442224 0
    outer loop
      vertex 1.83086 56.325 4.2
      vertex 1.75276 56.4834 6.8
      vertex 1.75276 56.4834 4.2
    endloop
  endfacet
  facet normal -0.896905 -0.442224 0
    outer loop
      vertex 1.75276 56.4834 6.8
      vertex 1.83086 56.325 4.2
      vertex 1.83086 56.325 6.8
    endloop
  endfacet
  facet normal 0.0651245 0.997877 -0
    outer loop
      vertex 3.17621 58.3385 4.2
      vertex 3 58.35 6.8
      vertex 3.17621 58.3385 6.8
    endloop
  endfacet
  facet normal 0.0651245 0.997877 0
    outer loop
      vertex 3 58.35 6.8
      vertex 3.17621 58.3385 4.2
      vertex 3 58.35 4.2
    endloop
  endfacet
  facet normal -0.321642 -0.946861 0
    outer loop
      vertex 2.48338 55.7528 4.2
      vertex 2.65059 55.696 6.8
      vertex 2.48338 55.7528 6.8
    endloop
  endfacet
  facet normal -0.321642 -0.946861 -0
    outer loop
      vertex 2.65059 55.696 6.8
      vertex 2.48338 55.7528 4.2
      vertex 2.65059 55.696 4.2
    endloop
  endfacet
  facet normal 0.195354 -0.980733 0
    outer loop
      vertex 3.17621 55.6615 4.2
      vertex 3.34941 55.696 6.8
      vertex 3.17621 55.6615 6.8
    endloop
  endfacet
  facet normal 0.195354 -0.980733 0
    outer loop
      vertex 3.34941 55.696 6.8
      vertex 3.17621 55.6615 4.2
      vertex 3.34941 55.696 4.2
    endloop
  endfacet
  facet normal -0.442269 0.896883 0
    outer loop
      vertex 2.48338 58.2472 4.2
      vertex 2.325 58.1691 6.8
      vertex 2.48338 58.2472 6.8
    endloop
  endfacet
  facet normal -0.442269 0.896883 0
    outer loop
      vertex 2.325 58.1691 6.8
      vertex 2.48338 58.2472 4.2
      vertex 2.325 58.1691 4.2
    endloop
  endfacet
  facet normal -0.0651245 0.997877 0
    outer loop
      vertex 3 58.35 4.2
      vertex 2.82379 58.3385 6.8
      vertex 3 58.35 6.8
    endloop
  endfacet
  facet normal -0.0651245 0.997877 0
    outer loop
      vertex 2.82379 58.3385 6.8
      vertex 3 58.35 4.2
      vertex 2.82379 58.3385 4.2
    endloop
  endfacet
  facet normal 0.442269 0.896883 -0
    outer loop
      vertex 3.675 58.1691 4.2
      vertex 3.51662 58.2472 6.8
      vertex 3.675 58.1691 6.8
    endloop
  endfacet
  facet normal 0.442269 0.896883 0
    outer loop
      vertex 3.51662 58.2472 6.8
      vertex 3.675 58.1691 4.2
      vertex 3.51662 58.2472 4.2
    endloop
  endfacet
  facet normal 0.442269 -0.896883 0
    outer loop
      vertex 3.51662 55.7528 4.2
      vertex 3.675 55.8309 6.8
      vertex 3.51662 55.7528 6.8
    endloop
  endfacet
  facet normal 0.442269 -0.896883 0
    outer loop
      vertex 3.675 55.8309 6.8
      vertex 3.51662 55.7528 4.2
      vertex 3.675 55.8309 4.2
    endloop
  endfacet
  facet normal -0.980787 -0.195081 0
    outer loop
      vertex 1.696 56.6506 4.2
      vertex 1.66155 56.8238 6.8
      vertex 1.66155 56.8238 4.2
    endloop
  endfacet
  facet normal -0.980787 -0.195081 0
    outer loop
      vertex 1.66155 56.8238 6.8
      vertex 1.696 56.6506 4.2
      vertex 1.696 56.6506 6.8
    endloop
  endfacet
  facet normal 0.997858 -0.0654101 0
    outer loop
      vertex 4.33845 56.8238 6.8
      vertex 4.35 57 4.2
      vertex 4.35 57 6.8
    endloop
  endfacet
  facet normal 0.997858 -0.0654101 0
    outer loop
      vertex 4.35 57 4.2
      vertex 4.33845 56.8238 6.8
      vertex 4.33845 56.8238 4.2
    endloop
  endfacet
  facet normal -0.555536 -0.831492 0
    outer loop
      vertex 2.17817 55.929 4.2
      vertex 2.325 55.8309 6.8
      vertex 2.17817 55.929 6.8
    endloop
  endfacet
  facet normal -0.555536 -0.831492 -0
    outer loop
      vertex 2.325 55.8309 6.8
      vertex 2.17817 55.929 4.2
      vertex 2.325 55.8309 4.2
    endloop
  endfacet
  facet normal 0.751903 -0.659274 0
    outer loop
      vertex 3.95459 56.0454 6.8
      vertex 4.07103 56.1782 4.2
      vertex 4.07103 56.1782 6.8
    endloop
  endfacet
  facet normal 0.751903 -0.659274 0
    outer loop
      vertex 4.07103 56.1782 4.2
      vertex 3.95459 56.0454 6.8
      vertex 3.95459 56.0454 4.2
    endloop
  endfacet
  facet normal 0.83144 -0.555615 0
    outer loop
      vertex 4.07103 56.1782 6.8
      vertex 4.16913 56.325 4.2
      vertex 4.16913 56.325 6.8
    endloop
  endfacet
  facet normal 0.83144 -0.555615 0
    outer loop
      vertex 4.16913 56.325 4.2
      vertex 4.07103 56.1782 6.8
      vertex 4.07103 56.1782 4.2
    endloop
  endfacet
  facet normal -0.751903 -0.659274 0
    outer loop
      vertex 2.04541 56.0454 4.2
      vertex 1.92897 56.1782 6.8
      vertex 1.92897 56.1782 4.2
    endloop
  endfacet
  facet normal -0.751903 -0.659274 0
    outer loop
      vertex 1.92897 56.1782 6.8
      vertex 2.04541 56.0454 4.2
      vertex 2.04541 56.0454 6.8
    endloop
  endfacet
  facet normal -0.751903 0.659274 0
    outer loop
      vertex 1.92897 57.8218 4.2
      vertex 2.04541 57.9546 6.8
      vertex 2.04541 57.9546 4.2
    endloop
  endfacet
  facet normal -0.751903 0.659274 0
    outer loop
      vertex 2.04541 57.9546 6.8
      vertex 1.92897 57.8218 4.2
      vertex 1.92897 57.8218 6.8
    endloop
  endfacet
  facet normal -0.831414 0.555654 0
    outer loop
      vertex 1.83086 57.675 4.2
      vertex 1.92897 57.8218 6.8
      vertex 1.92897 57.8218 4.2
    endloop
  endfacet
  facet normal -0.831414 0.555654 0
    outer loop
      vertex 1.92897 57.8218 6.8
      vertex 1.83086 57.675 4.2
      vertex 1.83086 57.675 6.8
    endloop
  endfacet
  facet normal -0.659258 -0.751917 0
    outer loop
      vertex 2.04541 56.0454 4.2
      vertex 2.17817 55.929 6.8
      vertex 2.04541 56.0454 6.8
    endloop
  endfacet
  facet normal -0.659258 -0.751917 -0
    outer loop
      vertex 2.17817 55.929 6.8
      vertex 2.04541 56.0454 4.2
      vertex 2.17817 55.929 4.2
    endloop
  endfacet
  facet normal 0.946925 -0.321456 0
    outer loop
      vertex 4.24724 56.4834 6.8
      vertex 4.304 56.6506 4.2
      vertex 4.304 56.6506 6.8
    endloop
  endfacet
  facet normal 0.946925 -0.321456 0
    outer loop
      vertex 4.304 56.6506 4.2
      vertex 4.24724 56.4834 6.8
      vertex 4.24724 56.4834 4.2
    endloop
  endfacet
  facet normal -0.831414 -0.555654 0
    outer loop
      vertex 1.92897 56.1782 4.2
      vertex 1.83086 56.325 6.8
      vertex 1.83086 56.325 4.2
    endloop
  endfacet
  facet normal -0.831414 -0.555654 0
    outer loop
      vertex 1.83086 56.325 6.8
      vertex 1.92897 56.1782 4.2
      vertex 1.92897 56.1782 6.8
    endloop
  endfacet
  facet normal 0.896882 -0.442269 0
    outer loop
      vertex 4.16913 56.325 6.8
      vertex 4.24724 56.4834 4.2
      vertex 4.24724 56.4834 6.8
    endloop
  endfacet
  facet normal 0.896882 -0.442269 0
    outer loop
      vertex 4.24724 56.4834 4.2
      vertex 4.16913 56.325 6.8
      vertex 4.16913 56.325 4.2
    endloop
  endfacet
  facet normal -0.195354 -0.980733 0
    outer loop
      vertex 2.65059 55.696 4.2
      vertex 2.82379 55.6615 6.8
      vertex 2.65059 55.696 6.8
    endloop
  endfacet
  facet normal -0.195354 -0.980733 -0
    outer loop
      vertex 2.82379 55.6615 6.8
      vertex 2.65059 55.696 4.2
      vertex 2.82379 55.6615 4.2
    endloop
  endfacet
  facet normal 0.0651245 -0.997877 0
    outer loop
      vertex 3 55.65 4.2
      vertex 3.17621 55.6615 6.8
      vertex 3 55.65 6.8
    endloop
  endfacet
  facet normal 0.0651245 -0.997877 0
    outer loop
      vertex 3.17621 55.6615 6.8
      vertex 3 55.65 4.2
      vertex 3.17621 55.6615 4.2
    endloop
  endfacet
  facet normal -0.442269 -0.896883 0
    outer loop
      vertex 2.325 55.8309 4.2
      vertex 2.48338 55.7528 6.8
      vertex 2.325 55.8309 6.8
    endloop
  endfacet
  facet normal -0.442269 -0.896883 -0
    outer loop
      vertex 2.48338 55.7528 6.8
      vertex 2.325 55.8309 4.2
      vertex 2.48338 55.7528 4.2
    endloop
  endfacet
  facet normal 0.195354 0.980733 -0
    outer loop
      vertex 3.34941 58.304 4.2
      vertex 3.17621 58.3385 6.8
      vertex 3.34941 58.304 6.8
    endloop
  endfacet
  facet normal 0.195354 0.980733 0
    outer loop
      vertex 3.17621 58.3385 6.8
      vertex 3.34941 58.304 4.2
      vertex 3.17621 58.3385 4.2
    endloop
  endfacet
  facet normal 0.659258 -0.751917 0
    outer loop
      vertex 3.82183 55.929 4.2
      vertex 3.95459 56.0454 6.8
      vertex 3.82183 55.929 6.8
    endloop
  endfacet
  facet normal 0.659258 -0.751917 0
    outer loop
      vertex 3.95459 56.0454 6.8
      vertex 3.82183 55.929 4.2
      vertex 3.95459 56.0454 4.2
    endloop
  endfacet
  facet normal 0.555536 0.831492 -0
    outer loop
      vertex 3.82183 58.071 4.2
      vertex 3.675 58.1691 6.8
      vertex 3.82183 58.071 6.8
    endloop
  endfacet
  facet normal 0.555536 0.831492 0
    outer loop
      vertex 3.675 58.1691 6.8
      vertex 3.82183 58.071 4.2
      vertex 3.675 58.1691 4.2
    endloop
  endfacet
  facet normal -0.321642 0.946861 0
    outer loop
      vertex 2.65059 58.304 4.2
      vertex 2.48338 58.2472 6.8
      vertex 2.65059 58.304 6.8
    endloop
  endfacet
  facet normal -0.321642 0.946861 0
    outer loop
      vertex 2.48338 58.2472 6.8
      vertex 2.65059 58.304 4.2
      vertex 2.48338 58.2472 4.2
    endloop
  endfacet
  facet normal -0.0651245 -0.997877 0
    outer loop
      vertex 2.82379 55.6615 4.2
      vertex 3 55.65 6.8
      vertex 2.82379 55.6615 6.8
    endloop
  endfacet
  facet normal -0.0651245 -0.997877 -0
    outer loop
      vertex 3 55.65 6.8
      vertex 2.82379 55.6615 4.2
      vertex 3 55.65 4.2
    endloop
  endfacet
  facet normal -0.896905 0.442224 0
    outer loop
      vertex 1.75276 57.5166 4.2
      vertex 1.83086 57.675 6.8
      vertex 1.83086 57.675 4.2
    endloop
  endfacet
  facet normal -0.896905 0.442224 0
    outer loop
      vertex 1.83086 57.675 6.8
      vertex 1.75276 57.5166 4.2
      vertex 1.75276 57.5166 6.8
    endloop
  endfacet
  facet normal -0.980787 0.195081 0
    outer loop
      vertex 1.66155 57.1762 4.2
      vertex 1.696 57.3494 6.8
      vertex 1.696 57.3494 4.2
    endloop
  endfacet
  facet normal -0.980787 0.195081 0
    outer loop
      vertex 1.696 57.3494 6.8
      vertex 1.66155 57.1762 4.2
      vertex 1.66155 57.1762 6.8
    endloop
  endfacet
  facet normal 0.751903 0.659274 0
    outer loop
      vertex 4.07103 57.8218 6.8
      vertex 3.95459 57.9546 4.2
      vertex 3.95459 57.9546 6.8
    endloop
  endfacet
  facet normal 0.751903 0.659274 0
    outer loop
      vertex 3.95459 57.9546 4.2
      vertex 4.07103 57.8218 6.8
      vertex 4.07103 57.8218 4.2
    endloop
  endfacet
  facet normal 0.659258 0.751917 -0
    outer loop
      vertex 3.95459 57.9546 4.2
      vertex 3.82183 58.071 6.8
      vertex 3.95459 57.9546 6.8
    endloop
  endfacet
  facet normal 0.659258 0.751917 0
    outer loop
      vertex 3.82183 58.071 6.8
      vertex 3.95459 57.9546 4.2
      vertex 3.82183 58.071 4.2
    endloop
  endfacet
  facet normal -0.946925 0.321456 0
    outer loop
      vertex 1.696 57.3494 4.2
      vertex 1.75276 57.5166 6.8
      vertex 1.75276 57.5166 4.2
    endloop
  endfacet
  facet normal -0.946925 0.321456 0
    outer loop
      vertex 1.75276 57.5166 6.8
      vertex 1.696 57.3494 4.2
      vertex 1.696 57.3494 6.8
    endloop
  endfacet
  facet normal -0.997858 0.0654101 0
    outer loop
      vertex 1.65 57 4.2
      vertex 1.66155 57.1762 6.8
      vertex 1.66155 57.1762 4.2
    endloop
  endfacet
  facet normal -0.997858 0.0654101 0
    outer loop
      vertex 1.66155 57.1762 6.8
      vertex 1.65 57 4.2
      vertex 1.65 57 6.8
    endloop
  endfacet
  facet normal 0.980733 0.195354 0
    outer loop
      vertex 28.3385 57.1762 6.8
      vertex 28.304 57.3494 4.2
      vertex 28.304 57.3494 6.8
    endloop
  endfacet
  facet normal 0.980733 0.195354 0
    outer loop
      vertex 28.304 57.3494 4.2
      vertex 28.3385 57.1762 6.8
      vertex 28.3385 57.1762 4.2
    endloop
  endfacet
  facet normal 0.997877 0.0651282 0
    outer loop
      vertex 28.35 57 6.8
      vertex 28.3385 57.1762 4.2
      vertex 28.3385 57.1762 6.8
    endloop
  endfacet
  facet normal 0.997877 0.0651282 0
    outer loop
      vertex 28.3385 57.1762 4.2
      vertex 28.35 57 6.8
      vertex 28.35 57 4.2
    endloop
  endfacet
  facet normal 0.946856 0.321659 0
    outer loop
      vertex 28.304 57.3494 6.8
      vertex 28.2472 57.5166 4.2
      vertex 28.2472 57.5166 6.8
    endloop
  endfacet
  facet normal 0.946856 0.321659 0
    outer loop
      vertex 28.2472 57.5166 4.2
      vertex 28.304 57.3494 6.8
      vertex 28.304 57.3494 4.2
    endloop
  endfacet
  facet normal 0 0 1
    outer loop
      vertex 28.3385 57.1762 6.8
      vertex 28.3385 56.8238 6.8
      vertex 28.35 57 6.8
    endloop
  endfacet
  facet normal 0 0 1
    outer loop
      vertex 28.304 57.3494 6.8
      vertex 28.3385 56.8238 6.8
      vertex 28.3385 57.1762 6.8
    endloop
  endfacet
  facet normal 0 0 1
    outer loop
      vertex 28.304 57.3494 6.8
      vertex 28.304 56.6506 6.8
      vertex 28.3385 56.8238 6.8
    endloop
  endfacet
  facet normal 0 0 1
    outer loop
      vertex 28.2472 57.5166 6.8
      vertex 28.304 56.6506 6.8
      vertex 28.304 57.3494 6.8
    endloop
  endfacet
  facet normal 0 0 1
    outer loop
      vertex 28.2472 57.5166 6.8
      vertex 28.2472 56.4834 6.8
      vertex 28.304 56.6506 6.8
    endloop
  endfacet
  facet normal 0 0 1
    outer loop
      vertex 28.1691 57.675 6.8
      vertex 28.2472 56.4834 6.8
      vertex 28.2472 57.5166 6.8
    endloop
  endfacet
  facet normal 0 0 1
    outer loop
      vertex 28.1691 57.675 6.8
      vertex 28.1691 56.325 6.8
      vertex 28.2472 56.4834 6.8
    endloop
  endfacet
  facet normal 0 0 1
    outer loop
      vertex 28.071 57.8218 6.8
      vertex 28.1691 56.325 6.8
      vertex 28.1691 57.675 6.8
    endloop
  endfacet
  facet normal 0 0 1
    outer loop
      vertex 28.071 57.8218 6.8
      vertex 28.071 56.1782 6.8
      vertex 28.1691 56.325 6.8
    endloop
  endfacet
  facet normal 0 0 1
    outer loop
      vertex 27.9546 57.9546 6.8
      vertex 28.071 56.1782 6.8
      vertex 28.071 57.8218 6.8
    endloop
  endfacet
  facet normal 0 0 1
    outer loop
      vertex 27.9546 57.9546 6.8
      vertex 27.9546 56.0454 6.8
      vertex 28.071 56.1782 6.8
    endloop
  endfacet
  facet normal 0 0 1
    outer loop
      vertex 27.8218 58.071 6.8
      vertex 27.9546 56.0454 6.8
      vertex 27.9546 57.9546 6.8
    endloop
  endfacet
  facet normal 0 0 1
    outer loop
      vertex 27.8218 58.071 6.8
      vertex 27.8218 55.929 6.8
      vertex 27.9546 56.0454 6.8
    endloop
  endfacet
  facet normal 0 0 1
    outer loop
      vertex 27.675 58.1691 6.8
      vertex 27.8218 55.929 6.8
      vertex 27.8218 58.071 6.8
    endloop
  endfacet
  facet normal 0 0 1
    outer loop
      vertex 27.675 58.1691 6.8
      vertex 27.675 55.8309 6.8
      vertex 27.8218 55.929 6.8
    endloop
  endfacet
  facet normal 0 0 1
    outer loop
      vertex 27.5166 58.2472 6.8
      vertex 27.675 55.8309 6.8
      vertex 27.675 58.1691 6.8
    endloop
  endfacet
  facet normal 0 0 1
    outer loop
      vertex 27.5166 58.2472 6.8
      vertex 27.5166 55.7528 6.8
      vertex 27.675 55.8309 6.8
    endloop
  endfacet
  facet normal 0 0 1
    outer loop
      vertex 27.3494 58.304 6.8
      vertex 27.5166 55.7528 6.8
      vertex 27.5166 58.2472 6.8
    endloop
  endfacet
  facet normal 0 0 1
    outer loop
      vertex 27.3494 58.304 6.8
      vertex 27.3494 55.696 6.8
      vertex 27.5166 55.7528 6.8
    endloop
  endfacet
  facet normal 0 0 1
    outer loop
      vertex 27.1762 58.3385 6.8
      vertex 27.3494 55.696 6.8
      vertex 27.3494 58.304 6.8
    endloop
  endfacet
  facet normal 0 0 1
    outer loop
      vertex 27.1762 58.3385 6.8
      vertex 27.1762 55.6615 6.8
      vertex 27.3494 55.696 6.8
    endloop
  endfacet
  facet normal 0 0 1
    outer loop
      vertex 27 58.35 6.8
      vertex 27.1762 55.6615 6.8
      vertex 27.1762 58.3385 6.8
    endloop
  endfacet
  facet normal 0 0 1
    outer loop
      vertex 27 58.35 6.8
      vertex 27 55.65 6.8
      vertex 27.1762 55.6615 6.8
    endloop
  endfacet
  facet normal -0 0 1
    outer loop
      vertex 26.8238 58.3385 6.8
      vertex 27 55.65 6.8
      vertex 27 58.35 6.8
    endloop
  endfacet
  facet normal 0 0 1
    outer loop
      vertex 26.8238 58.3385 6.8
      vertex 26.8238 55.6615 6.8
      vertex 27 55.65 6.8
    endloop
  endfacet
  facet normal -0 0 1
    outer loop
      vertex 26.6506 58.304 6.8
      vertex 26.8238 55.6615 6.8
      vertex 26.8238 58.3385 6.8
    endloop
  endfacet
  facet normal 0 0 1
    outer loop
      vertex 26.6506 58.304 6.8
      vertex 26.6506 55.696 6.8
      vertex 26.8238 55.6615 6.8
    endloop
  endfacet
  facet normal -0 0 1
    outer loop
      vertex 26.4834 58.2472 6.8
      vertex 26.6506 55.696 6.8
      vertex 26.6506 58.304 6.8
    endloop
  endfacet
  facet normal 0 0 1
    outer loop
      vertex 26.4834 58.2472 6.8
      vertex 26.4834 55.7528 6.8
      vertex 26.6506 55.696 6.8
    endloop
  endfacet
  facet normal -0 0 1
    outer loop
      vertex 26.325 58.1691 6.8
      vertex 26.4834 55.7528 6.8
      vertex 26.4834 58.2472 6.8
    endloop
  endfacet
  facet normal 0 0 1
    outer loop
      vertex 26.325 58.1691 6.8
      vertex 26.325 55.8309 6.8
      vertex 26.4834 55.7528 6.8
    endloop
  endfacet
  facet normal -0 0 1
    outer loop
      vertex 26.1782 58.071 6.8
      vertex 26.325 55.8309 6.8
      vertex 26.325 58.1691 6.8
    endloop
  endfacet
  facet normal 0 0 1
    outer loop
      vertex 26.1782 58.071 6.8
      vertex 26.1782 55.929 6.8
      vertex 26.325 55.8309 6.8
    endloop
  endfacet
  facet normal -0 0 1
    outer loop
      vertex 26.0454 57.9546 6.8
      vertex 26.1782 55.929 6.8
      vertex 26.1782 58.071 6.8
    endloop
  endfacet
  facet normal 0 0 1
    outer loop
      vertex 26.0454 57.9546 6.8
      vertex 26.0454 56.0454 6.8
      vertex 26.1782 55.929 6.8
    endloop
  endfacet
  facet normal -0 0 1
    outer loop
      vertex 25.929 57.8218 6.8
      vertex 26.0454 56.0454 6.8
      vertex 26.0454 57.9546 6.8
    endloop
  endfacet
  facet normal 0 0 1
    outer loop
      vertex 25.929 57.8218 6.8
      vertex 25.929 56.1782 6.8
      vertex 26.0454 56.0454 6.8
    endloop
  endfacet
  facet normal -0 0 1
    outer loop
      vertex 25.8309 57.675 6.8
      vertex 25.929 56.1782 6.8
      vertex 25.929 57.8218 6.8
    endloop
  endfacet
  facet normal 0 0 1
    outer loop
      vertex 25.8309 57.675 6.8
      vertex 25.8309 56.325 6.8
      vertex 25.929 56.1782 6.8
    endloop
  endfacet
  facet normal -0 0 1
    outer loop
      vertex 25.7528 57.5166 6.8
      vertex 25.8309 56.325 6.8
      vertex 25.8309 57.675 6.8
    endloop
  endfacet
  facet normal 0 0 1
    outer loop
      vertex 25.7528 57.5166 6.8
      vertex 25.7528 56.4834 6.8
      vertex 25.8309 56.325 6.8
    endloop
  endfacet
  facet normal -0 0 1
    outer loop
      vertex 25.696 57.3494 6.8
      vertex 25.7528 56.4834 6.8
      vertex 25.7528 57.5166 6.8
    endloop
  endfacet
  facet normal 0 0 1
    outer loop
      vertex 25.696 57.3494 6.8
      vertex 25.696 56.6506 6.8
      vertex 25.7528 56.4834 6.8
    endloop
  endfacet
  facet normal -0 0 1
    outer loop
      vertex 25.6615 57.1762 6.8
      vertex 25.696 56.6506 6.8
      vertex 25.696 57.3494 6.8
    endloop
  endfacet
  facet normal 0 0 1
    outer loop
      vertex 25.6615 57.1762 6.8
      vertex 25.6615 56.8238 6.8
      vertex 25.696 56.6506 6.8
    endloop
  endfacet
  facet normal 0 -0 1
    outer loop
      vertex 25.6615 56.8238 6.8
      vertex 25.6615 57.1762 6.8
      vertex 25.65 57 6.8
    endloop
  endfacet
  facet normal 0.83144 0.555615 0
    outer loop
      vertex 28.1691 57.675 6.8
      vertex 28.071 57.8218 4.2
      vertex 28.071 57.8218 6.8
    endloop
  endfacet
  facet normal 0.83144 0.555615 0
    outer loop
      vertex 28.071 57.8218 4.2
      vertex 28.1691 57.675 6.8
      vertex 28.1691 57.675 4.2
    endloop
  endfacet
  facet normal -0.946856 -0.321659 0
    outer loop
      vertex 25.7528 56.4834 4.2
      vertex 25.696 56.6506 6.8
      vertex 25.696 56.6506 4.2
    endloop
  endfacet
  facet normal -0.946856 -0.321659 0
    outer loop
      vertex 25.696 56.6506 6.8
      vertex 25.7528 56.4834 4.2
      vertex 25.7528 56.4834 6.8
    endloop
  endfacet
  facet normal 0.321659 -0.946856 0
    outer loop
      vertex 27.3494 55.696 4.2
      vertex 27.5166 55.7528 6.8
      vertex 27.3494 55.696 6.8
    endloop
  endfacet
  facet normal 0.321659 -0.946856 0
    outer loop
      vertex 27.5166 55.7528 6.8
      vertex 27.3494 55.696 4.2
      vertex 27.5166 55.7528 4.2
    endloop
  endfacet
  facet normal 0.896905 0.442224 0
    outer loop
      vertex 28.2472 57.5166 6.8
      vertex 28.1691 57.675 4.2
      vertex 28.1691 57.675 6.8
    endloop
  endfacet
  facet normal 0.896905 0.442224 0
    outer loop
      vertex 28.1691 57.675 4.2
      vertex 28.2472 57.5166 6.8
      vertex 28.2472 57.5166 4.2
    endloop
  endfacet
  facet normal -0.555615 0.83144 0
    outer loop
      vertex 26.325 58.1691 4.2
      vertex 26.1782 58.071 6.8
      vertex 26.325 58.1691 6.8
    endloop
  endfacet
  facet normal -0.555615 0.83144 0
    outer loop
      vertex 26.1782 58.071 6.8
      vertex 26.325 58.1691 4.2
      vertex 26.1782 58.071 4.2
    endloop
  endfacet
  facet normal 0.980733 -0.195354 0
    outer loop
      vertex 28.304 56.6506 6.8
      vertex 28.3385 56.8238 4.2
      vertex 28.3385 56.8238 6.8
    endloop
  endfacet
  facet normal 0.980733 -0.195354 0
    outer loop
      vertex 28.3385 56.8238 4.2
      vertex 28.304 56.6506 6.8
      vertex 28.304 56.6506 4.2
    endloop
  endfacet
  facet normal 0.321659 0.946856 -0
    outer loop
      vertex 27.5166 58.2472 4.2
      vertex 27.3494 58.304 6.8
      vertex 27.5166 58.2472 6.8
    endloop
  endfacet
  facet normal 0.321659 0.946856 0
    outer loop
      vertex 27.3494 58.304 6.8
      vertex 27.5166 58.2472 4.2
      vertex 27.3494 58.304 4.2
    endloop
  endfacet
  facet normal -0.659146 0.752015 0
    outer loop
      vertex 26.1782 58.071 4.2
      vertex 26.0454 57.9546 6.8
      vertex 26.1782 58.071 6.8
    endloop
  endfacet
  facet normal -0.659146 0.752015 0
    outer loop
      vertex 26.0454 57.9546 6.8
      vertex 26.1782 58.071 4.2
      vertex 26.0454 57.9546 4.2
    endloop
  endfacet
  facet normal 0.555615 -0.83144 0
    outer loop
      vertex 27.675 55.8309 4.2
      vertex 27.8218 55.929 6.8
      vertex 27.675 55.8309 6.8
    endloop
  endfacet
  facet normal 0.555615 -0.83144 0
    outer loop
      vertex 27.8218 55.929 6.8
      vertex 27.675 55.8309 4.2
      vertex 27.8218 55.929 4.2
    endloop
  endfacet
  facet normal -0.195354 0.980733 0
    outer loop
      vertex 26.8238 58.3385 4.2
      vertex 26.6506 58.304 6.8
      vertex 26.8238 58.3385 6.8
    endloop
  endfacet
  facet normal -0.195354 0.980733 0
    outer loop
      vertex 26.6506 58.304 6.8
      vertex 26.8238 58.3385 4.2
      vertex 26.6506 58.304 4.2
    endloop
  endfacet
  facet normal -0.997877 -0.0651282 0
    outer loop
      vertex 25.6615 56.8238 4.2
      vertex 25.65 57 6.8
      vertex 25.65 57 4.2
    endloop
  endfacet
  facet normal -0.997877 -0.0651282 0
    outer loop
      vertex 25.65 57 6.8
      vertex 25.6615 56.8238 4.2
      vertex 25.6615 56.8238 6.8
    endloop
  endfacet
  facet normal -0.896905 -0.442224 0
    outer loop
      vertex 25.8309 56.325 4.2
      vertex 25.7528 56.4834 6.8
      vertex 25.7528 56.4834 4.2
    endloop
  endfacet
  facet normal -0.896905 -0.442224 0
    outer loop
      vertex 25.7528 56.4834 6.8
      vertex 25.8309 56.325 4.2
      vertex 25.8309 56.325 6.8
    endloop
  endfacet
  facet normal 0.0651282 0.997877 -0
    outer loop
      vertex 27.1762 58.3385 4.2
      vertex 27 58.35 6.8
      vertex 27.1762 58.3385 6.8
    endloop
  endfacet
  facet normal 0.0651282 0.997877 0
    outer loop
      vertex 27 58.35 6.8
      vertex 27.1762 58.3385 4.2
      vertex 27 58.35 4.2
    endloop
  endfacet
  facet normal -0.321659 -0.946856 0
    outer loop
      vertex 26.4834 55.7528 4.2
      vertex 26.6506 55.696 6.8
      vertex 26.4834 55.7528 6.8
    endloop
  endfacet
  facet normal -0.321659 -0.946856 -0
    outer loop
      vertex 26.6506 55.696 6.8
      vertex 26.4834 55.7528 4.2
      vertex 26.6506 55.696 4.2
    endloop
  endfacet
  facet normal 0.195354 -0.980733 0
    outer loop
      vertex 27.1762 55.6615 4.2
      vertex 27.3494 55.696 6.8
      vertex 27.1762 55.6615 6.8
    endloop
  endfacet
  facet normal 0.195354 -0.980733 0
    outer loop
      vertex 27.3494 55.696 6.8
      vertex 27.1762 55.6615 4.2
      vertex 27.3494 55.696 4.2
    endloop
  endfacet
  facet normal -0.442224 0.896905 0
    outer loop
      vertex 26.4834 58.2472 4.2
      vertex 26.325 58.1691 6.8
      vertex 26.4834 58.2472 6.8
    endloop
  endfacet
  facet normal -0.442224 0.896905 0
    outer loop
      vertex 26.325 58.1691 6.8
      vertex 26.4834 58.2472 4.2
      vertex 26.325 58.1691 4.2
    endloop
  endfacet
  facet normal -0.0651282 0.997877 0
    outer loop
      vertex 27 58.35 4.2
      vertex 26.8238 58.3385 6.8
      vertex 27 58.35 6.8
    endloop
  endfacet
  facet normal -0.0651282 0.997877 0
    outer loop
      vertex 26.8238 58.3385 6.8
      vertex 27 58.35 4.2
      vertex 26.8238 58.3385 4.2
    endloop
  endfacet
  facet normal 0.442224 0.896905 -0
    outer loop
      vertex 27.675 58.1691 4.2
      vertex 27.5166 58.2472 6.8
      vertex 27.675 58.1691 6.8
    endloop
  endfacet
  facet normal 0.442224 0.896905 0
    outer loop
      vertex 27.5166 58.2472 6.8
      vertex 27.675 58.1691 4.2
      vertex 27.5166 58.2472 4.2
    endloop
  endfacet
  facet normal 0.442224 -0.896905 0
    outer loop
      vertex 27.5166 55.7528 4.2
      vertex 27.675 55.8309 6.8
      vertex 27.5166 55.7528 6.8
    endloop
  endfacet
  facet normal 0.442224 -0.896905 0
    outer loop
      vertex 27.675 55.8309 6.8
      vertex 27.5166 55.7528 4.2
      vertex 27.675 55.8309 4.2
    endloop
  endfacet
  facet normal -0.980733 -0.195354 0
    outer loop
      vertex 25.696 56.6506 4.2
      vertex 25.6615 56.8238 6.8
      vertex 25.6615 56.8238 4.2
    endloop
  endfacet
  facet normal -0.980733 -0.195354 0
    outer loop
      vertex 25.6615 56.8238 6.8
      vertex 25.696 56.6506 4.2
      vertex 25.696 56.6506 6.8
    endloop
  endfacet
  facet normal 0.997877 -0.0651282 0
    outer loop
      vertex 28.3385 56.8238 6.8
      vertex 28.35 57 4.2
      vertex 28.35 57 6.8
    endloop
  endfacet
  facet normal 0.997877 -0.0651282 0
    outer loop
      vertex 28.35 57 4.2
      vertex 28.3385 56.8238 6.8
      vertex 28.3385 56.8238 4.2
    endloop
  endfacet
  facet normal -0.555615 -0.83144 0
    outer loop
      vertex 26.1782 55.929 4.2
      vertex 26.325 55.8309 6.8
      vertex 26.1782 55.929 6.8
    endloop
  endfacet
  facet normal -0.555615 -0.83144 -0
    outer loop
      vertex 26.325 55.8309 6.8
      vertex 26.1782 55.929 4.2
      vertex 26.325 55.8309 4.2
    endloop
  endfacet
  facet normal 0.752015 -0.659146 0
    outer loop
      vertex 27.9546 56.0454 6.8
      vertex 28.071 56.1782 4.2
      vertex 28.071 56.1782 6.8
    endloop
  endfacet
  facet normal 0.752015 -0.659146 0
    outer loop
      vertex 28.071 56.1782 4.2
      vertex 27.9546 56.0454 6.8
      vertex 27.9546 56.0454 4.2
    endloop
  endfacet
  facet normal 0.83144 -0.555615 0
    outer loop
      vertex 28.071 56.1782 6.8
      vertex 28.1691 56.325 4.2
      vertex 28.1691 56.325 6.8
    endloop
  endfacet
  facet normal 0.83144 -0.555615 0
    outer loop
      vertex 28.1691 56.325 4.2
      vertex 28.071 56.1782 6.8
      vertex 28.071 56.1782 4.2
    endloop
  endfacet
  facet normal -0.752015 -0.659146 0
    outer loop
      vertex 26.0454 56.0454 4.2
      vertex 25.929 56.1782 6.8
      vertex 25.929 56.1782 4.2
    endloop
  endfacet
  facet normal -0.752015 -0.659146 0
    outer loop
      vertex 25.929 56.1782 6.8
      vertex 26.0454 56.0454 4.2
      vertex 26.0454 56.0454 6.8
    endloop
  endfacet
  facet normal -0.752015 0.659146 0
    outer loop
      vertex 25.929 57.8218 4.2
      vertex 26.0454 57.9546 6.8
      vertex 26.0454 57.9546 4.2
    endloop
  endfacet
  facet normal -0.752015 0.659146 0
    outer loop
      vertex 26.0454 57.9546 6.8
      vertex 25.929 57.8218 4.2
      vertex 25.929 57.8218 6.8
    endloop
  endfacet
  facet normal -0.659146 -0.752015 0
    outer loop
      vertex 26.0454 56.0454 4.2
      vertex 26.1782 55.929 6.8
      vertex 26.0454 56.0454 6.8
    endloop
  endfacet
  facet normal -0.659146 -0.752015 -0
    outer loop
      vertex 26.1782 55.929 6.8
      vertex 26.0454 56.0454 4.2
      vertex 26.1782 55.929 4.2
    endloop
  endfacet
  facet normal 0.946856 -0.321659 0
    outer loop
      vertex 28.2472 56.4834 6.8
      vertex 28.304 56.6506 4.2
      vertex 28.304 56.6506 6.8
    endloop
  endfacet
  facet normal 0.946856 -0.321659 0
    outer loop
      vertex 28.304 56.6506 4.2
      vertex 28.2472 56.4834 6.8
      vertex 28.2472 56.4834 4.2
    endloop
  endfacet
  facet normal -0.83144 -0.555615 0
    outer loop
      vertex 25.929 56.1782 4.2
      vertex 25.8309 56.325 6.8
      vertex 25.8309 56.325 4.2
    endloop
  endfacet
  facet normal -0.83144 -0.555615 0
    outer loop
      vertex 25.8309 56.325 6.8
      vertex 25.929 56.1782 4.2
      vertex 25.929 56.1782 6.8
    endloop
  endfacet
  facet normal 0.896905 -0.442224 0
    outer loop
      vertex 28.1691 56.325 6.8
      vertex 28.2472 56.4834 4.2
      vertex 28.2472 56.4834 6.8
    endloop
  endfacet
  facet normal 0.896905 -0.442224 0
    outer loop
      vertex 28.2472 56.4834 4.2
      vertex 28.1691 56.325 6.8
      vertex 28.1691 56.325 4.2
    endloop
  endfacet
  facet normal -0.195354 -0.980733 0
    outer loop
      vertex 26.6506 55.696 4.2
      vertex 26.8238 55.6615 6.8
      vertex 26.6506 55.696 6.8
    endloop
  endfacet
  facet normal -0.195354 -0.980733 -0
    outer loop
      vertex 26.8238 55.6615 6.8
      vertex 26.6506 55.696 4.2
      vertex 26.8238 55.6615 4.2
    endloop
  endfacet
  facet normal 0.0651282 -0.997877 0
    outer loop
      vertex 27 55.65 4.2
      vertex 27.1762 55.6615 6.8
      vertex 27 55.65 6.8
    endloop
  endfacet
  facet normal 0.0651282 -0.997877 0
    outer loop
      vertex 27.1762 55.6615 6.8
      vertex 27 55.65 4.2
      vertex 27.1762 55.6615 4.2
    endloop
  endfacet
  facet normal -0.442224 -0.896905 0
    outer loop
      vertex 26.325 55.8309 4.2
      vertex 26.4834 55.7528 6.8
      vertex 26.325 55.8309 6.8
    endloop
  endfacet
  facet normal -0.442224 -0.896905 -0
    outer loop
      vertex 26.4834 55.7528 6.8
      vertex 26.325 55.8309 4.2
      vertex 26.4834 55.7528 4.2
    endloop
  endfacet
  facet normal 0.195354 0.980733 -0
    outer loop
      vertex 27.3494 58.304 4.2
      vertex 27.1762 58.3385 6.8
      vertex 27.3494 58.304 6.8
    endloop
  endfacet
  facet normal 0.195354 0.980733 0
    outer loop
      vertex 27.1762 58.3385 6.8
      vertex 27.3494 58.304 4.2
      vertex 27.1762 58.3385 4.2
    endloop
  endfacet
  facet normal 0.659146 -0.752015 0
    outer loop
      vertex 27.8218 55.929 4.2
      vertex 27.9546 56.0454 6.8
      vertex 27.8218 55.929 6.8
    endloop
  endfacet
  facet normal 0.659146 -0.752015 0
    outer loop
      vertex 27.9546 56.0454 6.8
      vertex 27.8218 55.929 4.2
      vertex 27.9546 56.0454 4.2
    endloop
  endfacet
  facet normal 0.555615 0.83144 -0
    outer loop
      vertex 27.8218 58.071 4.2
      vertex 27.675 58.1691 6.8
      vertex 27.8218 58.071 6.8
    endloop
  endfacet
  facet normal 0.555615 0.83144 0
    outer loop
      vertex 27.675 58.1691 6.8
      vertex 27.8218 58.071 4.2
      vertex 27.675 58.1691 4.2
    endloop
  endfacet
  facet normal -0.321659 0.946856 0
    outer loop
      vertex 26.6506 58.304 4.2
      vertex 26.4834 58.2472 6.8
      vertex 26.6506 58.304 6.8
    endloop
  endfacet
  facet normal -0.321659 0.946856 0
    outer loop
      vertex 26.4834 58.2472 6.8
      vertex 26.6506 58.304 4.2
      vertex 26.4834 58.2472 4.2
    endloop
  endfacet
  facet normal -0.0651282 -0.997877 0
    outer loop
      vertex 26.8238 55.6615 4.2
      vertex 27 55.65 6.8
      vertex 26.8238 55.6615 6.8
    endloop
  endfacet
  facet normal -0.0651282 -0.997877 -0
    outer loop
      vertex 27 55.65 6.8
      vertex 26.8238 55.6615 4.2
      vertex 27 55.65 4.2
    endloop
  endfacet
  facet normal -0.896905 0.442224 0
    outer loop
      vertex 25.7528 57.5166 4.2
      vertex 25.8309 57.675 6.8
      vertex 25.8309 57.675 4.2
    endloop
  endfacet
  facet normal -0.896905 0.442224 0
    outer loop
      vertex 25.8309 57.675 6.8
      vertex 25.7528 57.5166 4.2
      vertex 25.7528 57.5166 6.8
    endloop
  endfacet
  facet normal -0.980733 0.195354 0
    outer loop
      vertex 25.6615 57.1762 4.2
      vertex 25.696 57.3494 6.8
      vertex 25.696 57.3494 4.2
    endloop
  endfacet
  facet normal -0.980733 0.195354 0
    outer loop
      vertex 25.696 57.3494 6.8
      vertex 25.6615 57.1762 4.2
      vertex 25.6615 57.1762 6.8
    endloop
  endfacet
  facet normal 0.752015 0.659146 0
    outer loop
      vertex 28.071 57.8218 6.8
      vertex 27.9546 57.9546 4.2
      vertex 27.9546 57.9546 6.8
    endloop
  endfacet
  facet normal 0.752015 0.659146 0
    outer loop
      vertex 27.9546 57.9546 4.2
      vertex 28.071 57.8218 6.8
      vertex 28.071 57.8218 4.2
    endloop
  endfacet
  facet normal 0.659146 0.752015 -0
    outer loop
      vertex 27.9546 57.9546 4.2
      vertex 27.8218 58.071 6.8
      vertex 27.9546 57.9546 6.8
    endloop
  endfacet
  facet normal 0.659146 0.752015 0
    outer loop
      vertex 27.8218 58.071 6.8
      vertex 27.9546 57.9546 4.2
      vertex 27.8218 58.071 4.2
    endloop
  endfacet
  facet normal -0.946856 0.321659 0
    outer loop
      vertex 25.696 57.3494 4.2
      vertex 25.7528 57.5166 6.8
      vertex 25.7528 57.5166 4.2
    endloop
  endfacet
  facet normal -0.946856 0.321659 0
    outer loop
      vertex 25.7528 57.5166 6.8
      vertex 25.696 57.3494 4.2
      vertex 25.696 57.3494 6.8
    endloop
  endfacet
  facet normal -0.997877 0.0651282 0
    outer loop
      vertex 25.65 57 4.2
      vertex 25.6615 57.1762 6.8
      vertex 25.6615 57.1762 4.2
    endloop
  endfacet
  facet normal -0.997877 0.0651282 0
    outer loop
      vertex 25.6615 57.1762 6.8
      vertex 25.65 57 4.2
      vertex 25.65 57 6.8
    endloop
  endfacet
  facet normal -0.83144 0.555615 0
    outer loop
      vertex 25.8309 57.675 4.2
      vertex 25.929 57.8218 6.8
      vertex 25.929 57.8218 4.2
    endloop
  endfacet
  facet normal -0.83144 0.555615 0
    outer loop
      vertex 25.929 57.8218 6.8
      vertex 25.8309 57.675 4.2
      vertex 25.8309 57.675 6.8
    endloop
  endfacet
  facet normal 0.980787 0.195081 0
    outer loop
      vertex 4.33845 3.17621 6.8
      vertex 4.304 3.34941 4.2
      vertex 4.304 3.34941 6.8
    endloop
  endfacet
  facet normal 0.980787 0.195081 0
    outer loop
      vertex 4.304 3.34941 4.2
      vertex 4.33845 3.17621 6.8
      vertex 4.33845 3.17621 4.2
    endloop
  endfacet
  facet normal 0.997859 0.0654064 0
    outer loop
      vertex 4.35 3 6.8
      vertex 4.33845 3.17621 4.2
      vertex 4.33845 3.17621 6.8
    endloop
  endfacet
  facet normal 0.997859 0.0654064 0
    outer loop
      vertex 4.33845 3.17621 4.2
      vertex 4.35 3 6.8
      vertex 4.35 3 4.2
    endloop
  endfacet
  facet normal 0.94693 0.321439 0
    outer loop
      vertex 4.304 3.34941 6.8
      vertex 4.24724 3.51662 4.2
      vertex 4.24724 3.51662 6.8
    endloop
  endfacet
  facet normal 0.94693 0.321439 0
    outer loop
      vertex 4.24724 3.51662 4.2
      vertex 4.304 3.34941 6.8
      vertex 4.304 3.34941 4.2
    endloop
  endfacet
  facet normal 0 0 1
    outer loop
      vertex 4.33845 3.17621 6.8
      vertex 4.33845 2.82379 6.8
      vertex 4.35 3 6.8
    endloop
  endfacet
  facet normal 0 0 1
    outer loop
      vertex 4.304 3.34941 6.8
      vertex 4.33845 2.82379 6.8
      vertex 4.33845 3.17621 6.8
    endloop
  endfacet
  facet normal 0 0 1
    outer loop
      vertex 4.304 3.34941 6.8
      vertex 4.304 2.65059 6.8
      vertex 4.33845 2.82379 6.8
    endloop
  endfacet
  facet normal 0 0 1
    outer loop
      vertex 4.24724 3.51662 6.8
      vertex 4.304 2.65059 6.8
      vertex 4.304 3.34941 6.8
    endloop
  endfacet
  facet normal 0 0 1
    outer loop
      vertex 4.24724 3.51662 6.8
      vertex 4.24724 2.48338 6.8
      vertex 4.304 2.65059 6.8
    endloop
  endfacet
  facet normal 0 0 1
    outer loop
      vertex 4.16913 3.675 6.8
      vertex 4.24724 2.48338 6.8
      vertex 4.24724 3.51662 6.8
    endloop
  endfacet
  facet normal 0 0 1
    outer loop
      vertex 4.16913 3.675 6.8
      vertex 4.16913 2.325 6.8
      vertex 4.24724 2.48338 6.8
    endloop
  endfacet
  facet normal 0 0 1
    outer loop
      vertex 4.07103 3.82183 6.8
      vertex 4.16913 2.325 6.8
      vertex 4.16913 3.675 6.8
    endloop
  endfacet
  facet normal 0 0 1
    outer loop
      vertex 4.07103 3.82183 6.8
      vertex 4.07103 2.17817 6.8
      vertex 4.16913 2.325 6.8
    endloop
  endfacet
  facet normal 0 0 1
    outer loop
      vertex 3.95459 3.95459 6.8
      vertex 4.07103 2.17817 6.8
      vertex 4.07103 3.82183 6.8
    endloop
  endfacet
  facet normal 0 0 1
    outer loop
      vertex 3.95459 3.95459 6.8
      vertex 3.95459 2.04541 6.8
      vertex 4.07103 2.17817 6.8
    endloop
  endfacet
  facet normal 0 0 1
    outer loop
      vertex 3.82183 4.07103 6.8
      vertex 3.95459 2.04541 6.8
      vertex 3.95459 3.95459 6.8
    endloop
  endfacet
  facet normal 0 0 1
    outer loop
      vertex 3.82183 4.07103 6.8
      vertex 3.82183 1.92897 6.8
      vertex 3.95459 2.04541 6.8
    endloop
  endfacet
  facet normal 0 0 1
    outer loop
      vertex 3.675 4.16913 6.8
      vertex 3.82183 1.92897 6.8
      vertex 3.82183 4.07103 6.8
    endloop
  endfacet
  facet normal 0 0 1
    outer loop
      vertex 3.675 4.16913 6.8
      vertex 3.675 1.83086 6.8
      vertex 3.82183 1.92897 6.8
    endloop
  endfacet
  facet normal 0 0 1
    outer loop
      vertex 3.51662 4.24724 6.8
      vertex 3.675 1.83086 6.8
      vertex 3.675 4.16913 6.8
    endloop
  endfacet
  facet normal 0 0 1
    outer loop
      vertex 3.51662 4.24724 6.8
      vertex 3.51662 1.75276 6.8
      vertex 3.675 1.83086 6.8
    endloop
  endfacet
  facet normal 0 0 1
    outer loop
      vertex 3.34941 4.304 6.8
      vertex 3.51662 1.75276 6.8
      vertex 3.51662 4.24724 6.8
    endloop
  endfacet
  facet normal 0 0 1
    outer loop
      vertex 3.34941 4.304 6.8
      vertex 3.34941 1.696 6.8
      vertex 3.51662 1.75276 6.8
    endloop
  endfacet
  facet normal 0 0 1
    outer loop
      vertex 3.17621 4.33845 6.8
      vertex 3.34941 1.696 6.8
      vertex 3.34941 4.304 6.8
    endloop
  endfacet
  facet normal 0 0 1
    outer loop
      vertex 3.17621 4.33845 6.8
      vertex 3.17621 1.66155 6.8
      vertex 3.34941 1.696 6.8
    endloop
  endfacet
  facet normal 0 0 1
    outer loop
      vertex 3 4.35 6.8
      vertex 3.17621 1.66155 6.8
      vertex 3.17621 4.33845 6.8
    endloop
  endfacet
  facet normal 0 0 1
    outer loop
      vertex 3 4.35 6.8
      vertex 3 1.65 6.8
      vertex 3.17621 1.66155 6.8
    endloop
  endfacet
  facet normal -0 0 1
    outer loop
      vertex 2.82379 4.33845 6.8
      vertex 3 1.65 6.8
      vertex 3 4.35 6.8
    endloop
  endfacet
  facet normal 0 0 1
    outer loop
      vertex 2.82379 4.33845 6.8
      vertex 2.82379 1.66155 6.8
      vertex 3 1.65 6.8
    endloop
  endfacet
  facet normal -0 0 1
    outer loop
      vertex 2.65059 4.304 6.8
      vertex 2.82379 1.66155 6.8
      vertex 2.82379 4.33845 6.8
    endloop
  endfacet
  facet normal 0 0 1
    outer loop
      vertex 2.65059 4.304 6.8
      vertex 2.65059 1.696 6.8
      vertex 2.82379 1.66155 6.8
    endloop
  endfacet
  facet normal -0 0 1
    outer loop
      vertex 2.48338 4.24724 6.8
      vertex 2.65059 1.696 6.8
      vertex 2.65059 4.304 6.8
    endloop
  endfacet
  facet normal 0 0 1
    outer loop
      vertex 2.48338 4.24724 6.8
      vertex 2.48338 1.75276 6.8
      vertex 2.65059 1.696 6.8
    endloop
  endfacet
  facet normal -0 0 1
    outer loop
      vertex 2.325 4.16913 6.8
      vertex 2.48338 1.75276 6.8
      vertex 2.48338 4.24724 6.8
    endloop
  endfacet
  facet normal 0 0 1
    outer loop
      vertex 2.325 4.16913 6.8
      vertex 2.325 1.83086 6.8
      vertex 2.48338 1.75276 6.8
    endloop
  endfacet
  facet normal -0 0 1
    outer loop
      vertex 2.17817 4.07103 6.8
      vertex 2.325 1.83086 6.8
      vertex 2.325 4.16913 6.8
    endloop
  endfacet
  facet normal 0 0 1
    outer loop
      vertex 2.17817 4.07103 6.8
      vertex 2.17817 1.92897 6.8
      vertex 2.325 1.83086 6.8
    endloop
  endfacet
  facet normal -0 0 1
    outer loop
      vertex 2.04541 3.95459 6.8
      vertex 2.17817 1.92897 6.8
      vertex 2.17817 4.07103 6.8
    endloop
  endfacet
  facet normal 0 0 1
    outer loop
      vertex 2.04541 3.95459 6.8
      vertex 2.04541 2.04541 6.8
      vertex 2.17817 1.92897 6.8
    endloop
  endfacet
  facet normal -0 0 1
    outer loop
      vertex 1.92897 3.82183 6.8
      vertex 2.04541 2.04541 6.8
      vertex 2.04541 3.95459 6.8
    endloop
  endfacet
  facet normal 0 0 1
    outer loop
      vertex 1.92897 3.82183 6.8
      vertex 1.92897 2.17817 6.8
      vertex 2.04541 2.04541 6.8
    endloop
  endfacet
  facet normal -0 0 1
    outer loop
      vertex 1.83086 3.675 6.8
      vertex 1.92897 2.17817 6.8
      vertex 1.92897 3.82183 6.8
    endloop
  endfacet
  facet normal 0 0 1
    outer loop
      vertex 1.83086 3.675 6.8
      vertex 1.83086 2.325 6.8
      vertex 1.92897 2.17817 6.8
    endloop
  endfacet
  facet normal -0 0 1
    outer loop
      vertex 1.75276 3.51662 6.8
      vertex 1.83086 2.325 6.8
      vertex 1.83086 3.675 6.8
    endloop
  endfacet
  facet normal 0 0 1
    outer loop
      vertex 1.75276 3.51662 6.8
      vertex 1.75276 2.48338 6.8
      vertex 1.83086 2.325 6.8
    endloop
  endfacet
  facet normal -0 0 1
    outer loop
      vertex 1.696 3.34941 6.8
      vertex 1.75276 2.48338 6.8
      vertex 1.75276 3.51662 6.8
    endloop
  endfacet
  facet normal 0 0 1
    outer loop
      vertex 1.696 3.34941 6.8
      vertex 1.696 2.65059 6.8
      vertex 1.75276 2.48338 6.8
    endloop
  endfacet
  facet normal -0 0 1
    outer loop
      vertex 1.66155 3.17621 6.8
      vertex 1.696 2.65059 6.8
      vertex 1.696 3.34941 6.8
    endloop
  endfacet
  facet normal 0 0 1
    outer loop
      vertex 1.66155 3.17621 6.8
      vertex 1.66155 2.82379 6.8
      vertex 1.696 2.65059 6.8
    endloop
  endfacet
  facet normal 0 -0 1
    outer loop
      vertex 1.66155 2.82379 6.8
      vertex 1.66155 3.17621 6.8
      vertex 1.65 3 6.8
    endloop
  endfacet
  facet normal 0.831492 0.555536 0
    outer loop
      vertex 4.16913 3.675 6.8
      vertex 4.07103 3.82183 4.2
      vertex 4.07103 3.82183 6.8
    endloop
  endfacet
  facet normal 0.831492 0.555536 0
    outer loop
      vertex 4.07103 3.82183 4.2
      vertex 4.16913 3.675 6.8
      vertex 4.16913 3.675 4.2
    endloop
  endfacet
  facet normal -0.94693 -0.321439 0
    outer loop
      vertex 1.75276 2.48338 4.2
      vertex 1.696 2.65059 6.8
      vertex 1.696 2.65059 4.2
    endloop
  endfacet
  facet normal -0.94693 -0.321439 0
    outer loop
      vertex 1.696 2.65059 6.8
      vertex 1.75276 2.48338 4.2
      vertex 1.75276 2.48338 6.8
    endloop
  endfacet
  facet normal 0.321439 -0.94693 0
    outer loop
      vertex 3.34941 1.696 4.2
      vertex 3.51662 1.75276 6.8
      vertex 3.34941 1.696 6.8
    endloop
  endfacet
  facet normal 0.321439 -0.94693 0
    outer loop
      vertex 3.51662 1.75276 6.8
      vertex 3.34941 1.696 4.2
      vertex 3.51662 1.75276 4.2
    endloop
  endfacet
  facet normal 0.89686 0.442314 0
    outer loop
      vertex 4.24724 3.51662 6.8
      vertex 4.16913 3.675 4.2
      vertex 4.16913 3.675 6.8
    endloop
  endfacet
  facet normal 0.89686 0.442314 0
    outer loop
      vertex 4.16913 3.675 4.2
      vertex 4.24724 3.51662 6.8
      vertex 4.24724 3.51662 4.2
    endloop
  endfacet
  facet normal -0.555536 0.831492 0
    outer loop
      vertex 2.325 4.16913 4.2
      vertex 2.17817 4.07103 6.8
      vertex 2.325 4.16913 6.8
    endloop
  endfacet
  facet normal -0.555536 0.831492 0
    outer loop
      vertex 2.17817 4.07103 6.8
      vertex 2.325 4.16913 4.2
      vertex 2.17817 4.07103 4.2
    endloop
  endfacet
  facet normal 0.980787 -0.195081 0
    outer loop
      vertex 4.304 2.65059 6.8
      vertex 4.33845 2.82379 4.2
      vertex 4.33845 2.82379 6.8
    endloop
  endfacet
  facet normal 0.980787 -0.195081 0
    outer loop
      vertex 4.33845 2.82379 4.2
      vertex 4.304 2.65059 6.8
      vertex 4.304 2.65059 4.2
    endloop
  endfacet
  facet normal 0.321439 0.94693 -0
    outer loop
      vertex 3.51662 4.24724 4.2
      vertex 3.34941 4.304 6.8
      vertex 3.51662 4.24724 6.8
    endloop
  endfacet
  facet normal 0.321439 0.94693 0
    outer loop
      vertex 3.34941 4.304 6.8
      vertex 3.51662 4.24724 4.2
      vertex 3.34941 4.304 4.2
    endloop
  endfacet
  facet normal -0.659386 0.751804 0
    outer loop
      vertex 2.17817 4.07103 4.2
      vertex 2.04541 3.95459 6.8
      vertex 2.17817 4.07103 6.8
    endloop
  endfacet
  facet normal -0.659386 0.751804 0
    outer loop
      vertex 2.04541 3.95459 6.8
      vertex 2.17817 4.07103 4.2
      vertex 2.04541 3.95459 4.2
    endloop
  endfacet
  facet normal 0.555575 -0.831466 0
    outer loop
      vertex 3.675 1.83086 4.2
      vertex 3.82183 1.92897 6.8
      vertex 3.675 1.83086 6.8
    endloop
  endfacet
  facet normal 0.555575 -0.831466 0
    outer loop
      vertex 3.82183 1.92897 6.8
      vertex 3.675 1.83086 4.2
      vertex 3.82183 1.92897 4.2
    endloop
  endfacet
  facet normal -0.195081 0.980787 0
    outer loop
      vertex 2.82379 4.33845 4.2
      vertex 2.65059 4.304 6.8
      vertex 2.82379 4.33845 6.8
    endloop
  endfacet
  facet normal -0.195081 0.980787 0
    outer loop
      vertex 2.65059 4.304 6.8
      vertex 2.82379 4.33845 4.2
      vertex 2.65059 4.304 4.2
    endloop
  endfacet
  facet normal -0.997859 -0.0654064 0
    outer loop
      vertex 1.66155 2.82379 4.2
      vertex 1.65 3 6.8
      vertex 1.65 3 4.2
    endloop
  endfacet
  facet normal -0.997859 -0.0654064 0
    outer loop
      vertex 1.65 3 6.8
      vertex 1.66155 2.82379 4.2
      vertex 1.66155 2.82379 6.8
    endloop
  endfacet
  facet normal -0.896883 -0.442269 0
    outer loop
      vertex 1.83086 2.325 4.2
      vertex 1.75276 2.48338 6.8
      vertex 1.75276 2.48338 4.2
    endloop
  endfacet
  facet normal -0.896883 -0.442269 0
    outer loop
      vertex 1.75276 2.48338 6.8
      vertex 1.83086 2.325 4.2
      vertex 1.83086 2.325 6.8
    endloop
  endfacet
  facet normal 0.0654064 0.997859 -0
    outer loop
      vertex 3.17621 4.33845 4.2
      vertex 3 4.35 6.8
      vertex 3.17621 4.33845 6.8
    endloop
  endfacet
  facet normal 0.0654064 0.997859 0
    outer loop
      vertex 3 4.35 6.8
      vertex 3.17621 4.33845 4.2
      vertex 3 4.35 4.2
    endloop
  endfacet
  facet normal -0.321439 -0.94693 0
    outer loop
      vertex 2.48338 1.75276 4.2
      vertex 2.65059 1.696 6.8
      vertex 2.48338 1.75276 6.8
    endloop
  endfacet
  facet normal -0.321439 -0.94693 -0
    outer loop
      vertex 2.65059 1.696 6.8
      vertex 2.48338 1.75276 4.2
      vertex 2.65059 1.696 4.2
    endloop
  endfacet
  facet normal 0.195081 -0.980787 0
    outer loop
      vertex 3.17621 1.66155 4.2
      vertex 3.34941 1.696 6.8
      vertex 3.17621 1.66155 6.8
    endloop
  endfacet
  facet normal 0.195081 -0.980787 0
    outer loop
      vertex 3.34941 1.696 6.8
      vertex 3.17621 1.66155 4.2
      vertex 3.34941 1.696 4.2
    endloop
  endfacet
  facet normal -0.442314 0.89686 0
    outer loop
      vertex 2.48338 4.24724 4.2
      vertex 2.325 4.16913 6.8
      vertex 2.48338 4.24724 6.8
    endloop
  endfacet
  facet normal -0.442314 0.89686 0
    outer loop
      vertex 2.325 4.16913 6.8
      vertex 2.48338 4.24724 4.2
      vertex 2.325 4.16913 4.2
    endloop
  endfacet
  facet normal 0.442314 0.89686 -0
    outer loop
      vertex 3.675 4.16913 4.2
      vertex 3.51662 4.24724 6.8
      vertex 3.675 4.16913 6.8
    endloop
  endfacet
  facet normal 0.442314 0.89686 0
    outer loop
      vertex 3.51662 4.24724 6.8
      vertex 3.675 4.16913 4.2
      vertex 3.51662 4.24724 4.2
    endloop
  endfacet
  facet normal 0.442269 -0.896883 0
    outer loop
      vertex 3.51662 1.75276 4.2
      vertex 3.675 1.83086 6.8
      vertex 3.51662 1.75276 6.8
    endloop
  endfacet
  facet normal 0.442269 -0.896883 0
    outer loop
      vertex 3.675 1.83086 6.8
      vertex 3.51662 1.75276 4.2
      vertex 3.675 1.83086 4.2
    endloop
  endfacet
  facet normal -0.980787 -0.195081 0
    outer loop
      vertex 1.696 2.65059 4.2
      vertex 1.66155 2.82379 6.8
      vertex 1.66155 2.82379 4.2
    endloop
  endfacet
  facet normal -0.980787 -0.195081 0
    outer loop
      vertex 1.66155 2.82379 6.8
      vertex 1.696 2.65059 4.2
      vertex 1.696 2.65059 6.8
    endloop
  endfacet
  facet normal 0.997859 -0.0654064 0
    outer loop
      vertex 4.33845 2.82379 6.8
      vertex 4.35 3 4.2
      vertex 4.35 3 6.8
    endloop
  endfacet
  facet normal 0.997859 -0.0654064 0
    outer loop
      vertex 4.35 3 4.2
      vertex 4.33845 2.82379 6.8
      vertex 4.33845 2.82379 4.2
    endloop
  endfacet
  facet normal -0.555575 -0.831466 0
    outer loop
      vertex 2.17817 1.92897 4.2
      vertex 2.325 1.83086 6.8
      vertex 2.17817 1.92897 6.8
    endloop
  endfacet
  facet normal -0.555575 -0.831466 -0
    outer loop
      vertex 2.325 1.83086 6.8
      vertex 2.17817 1.92897 4.2
      vertex 2.325 1.83086 4.2
    endloop
  endfacet
  facet normal 0.751804 -0.659386 0
    outer loop
      vertex 3.95459 2.04541 6.8
      vertex 4.07103 2.17817 4.2
      vertex 4.07103 2.17817 6.8
    endloop
  endfacet
  facet normal 0.751804 -0.659386 0
    outer loop
      vertex 4.07103 2.17817 4.2
      vertex 3.95459 2.04541 6.8
      vertex 3.95459 2.04541 4.2
    endloop
  endfacet
  facet normal 0.831492 -0.555536 0
    outer loop
      vertex 4.07103 2.17817 6.8
      vertex 4.16913 2.325 4.2
      vertex 4.16913 2.325 6.8
    endloop
  endfacet
  facet normal 0.831492 -0.555536 0
    outer loop
      vertex 4.16913 2.325 4.2
      vertex 4.07103 2.17817 6.8
      vertex 4.07103 2.17817 4.2
    endloop
  endfacet
  facet normal -0.751804 -0.659386 0
    outer loop
      vertex 2.04541 2.04541 4.2
      vertex 1.92897 2.17817 6.8
      vertex 1.92897 2.17817 4.2
    endloop
  endfacet
  facet normal -0.751804 -0.659386 0
    outer loop
      vertex 1.92897 2.17817 6.8
      vertex 2.04541 2.04541 4.2
      vertex 2.04541 2.04541 6.8
    endloop
  endfacet
  facet normal -0.751804 0.659386 0
    outer loop
      vertex 1.92897 3.82183 4.2
      vertex 2.04541 3.95459 6.8
      vertex 2.04541 3.95459 4.2
    endloop
  endfacet
  facet normal -0.751804 0.659386 0
    outer loop
      vertex 2.04541 3.95459 6.8
      vertex 1.92897 3.82183 4.2
      vertex 1.92897 3.82183 6.8
    endloop
  endfacet
  facet normal -0.831466 0.555575 0
    outer loop
      vertex 1.83086 3.675 4.2
      vertex 1.92897 3.82183 6.8
      vertex 1.92897 3.82183 4.2
    endloop
  endfacet
  facet normal -0.831466 0.555575 0
    outer loop
      vertex 1.92897 3.82183 6.8
      vertex 1.83086 3.675 4.2
      vertex 1.83086 3.675 6.8
    endloop
  endfacet
  facet normal 0.94693 -0.321439 0
    outer loop
      vertex 4.24724 2.48338 6.8
      vertex 4.304 2.65059 4.2
      vertex 4.304 2.65059 6.8
    endloop
  endfacet
  facet normal 0.94693 -0.321439 0
    outer loop
      vertex 4.304 2.65059 4.2
      vertex 4.24724 2.48338 6.8
      vertex 4.24724 2.48338 4.2
    endloop
  endfacet
  facet normal -0.831466 -0.555575 0
    outer loop
      vertex 1.92897 2.17817 4.2
      vertex 1.83086 2.325 6.8
      vertex 1.83086 2.325 4.2
    endloop
  endfacet
  facet normal -0.831466 -0.555575 0
    outer loop
      vertex 1.83086 2.325 6.8
      vertex 1.92897 2.17817 4.2
      vertex 1.92897 2.17817 6.8
    endloop
  endfacet
  facet normal 0.89686 -0.442314 0
    outer loop
      vertex 4.16913 2.325 6.8
      vertex 4.24724 2.48338 4.2
      vertex 4.24724 2.48338 6.8
    endloop
  endfacet
  facet normal 0.89686 -0.442314 0
    outer loop
      vertex 4.24724 2.48338 4.2
      vertex 4.16913 2.325 6.8
      vertex 4.16913 2.325 4.2
    endloop
  endfacet
  facet normal -0.195081 -0.980787 0
    outer loop
      vertex 2.65059 1.696 4.2
      vertex 2.82379 1.66155 6.8
      vertex 2.65059 1.696 6.8
    endloop
  endfacet
  facet normal -0.195081 -0.980787 -0
    outer loop
      vertex 2.82379 1.66155 6.8
      vertex 2.65059 1.696 4.2
      vertex 2.82379 1.66155 4.2
    endloop
  endfacet
  facet normal 0.0654064 -0.997859 0
    outer loop
      vertex 3 1.65 4.2
      vertex 3.17621 1.66155 6.8
      vertex 3 1.65 6.8
    endloop
  endfacet
  facet normal 0.0654064 -0.997859 0
    outer loop
      vertex 3.17621 1.66155 6.8
      vertex 3 1.65 4.2
      vertex 3.17621 1.66155 4.2
    endloop
  endfacet
  facet normal -0.442269 -0.896883 0
    outer loop
      vertex 2.325 1.83086 4.2
      vertex 2.48338 1.75276 6.8
      vertex 2.325 1.83086 6.8
    endloop
  endfacet
  facet normal -0.442269 -0.896883 -0
    outer loop
      vertex 2.48338 1.75276 6.8
      vertex 2.325 1.83086 4.2
      vertex 2.48338 1.75276 4.2
    endloop
  endfacet
  facet normal 0.195081 0.980787 -0
    outer loop
      vertex 3.34941 4.304 4.2
      vertex 3.17621 4.33845 6.8
      vertex 3.34941 4.304 6.8
    endloop
  endfacet
  facet normal 0.195081 0.980787 0
    outer loop
      vertex 3.17621 4.33845 6.8
      vertex 3.34941 4.304 4.2
      vertex 3.17621 4.33845 4.2
    endloop
  endfacet
  facet normal 0.659386 -0.751804 0
    outer loop
      vertex 3.82183 1.92897 4.2
      vertex 3.95459 2.04541 6.8
      vertex 3.82183 1.92897 6.8
    endloop
  endfacet
  facet normal 0.659386 -0.751804 0
    outer loop
      vertex 3.95459 2.04541 6.8
      vertex 3.82183 1.92897 4.2
      vertex 3.95459 2.04541 4.2
    endloop
  endfacet
  facet normal 0.555536 0.831492 -0
    outer loop
      vertex 3.82183 4.07103 4.2
      vertex 3.675 4.16913 6.8
      vertex 3.82183 4.07103 6.8
    endloop
  endfacet
  facet normal 0.555536 0.831492 0
    outer loop
      vertex 3.675 4.16913 6.8
      vertex 3.82183 4.07103 4.2
      vertex 3.675 4.16913 4.2
    endloop
  endfacet
  facet normal -0.321439 0.94693 0
    outer loop
      vertex 2.65059 4.304 4.2
      vertex 2.48338 4.24724 6.8
      vertex 2.65059 4.304 6.8
    endloop
  endfacet
  facet normal -0.321439 0.94693 0
    outer loop
      vertex 2.48338 4.24724 6.8
      vertex 2.65059 4.304 4.2
      vertex 2.48338 4.24724 4.2
    endloop
  endfacet
  facet normal -0.0654064 -0.997859 0
    outer loop
      vertex 2.82379 1.66155 4.2
      vertex 3 1.65 6.8
      vertex 2.82379 1.66155 6.8
    endloop
  endfacet
  facet normal -0.0654064 -0.997859 -0
    outer loop
      vertex 3 1.65 6.8
      vertex 2.82379 1.66155 4.2
      vertex 3 1.65 4.2
    endloop
  endfacet
  facet normal -0.896883 0.442269 0
    outer loop
      vertex 1.75276 3.51662 4.2
      vertex 1.83086 3.675 6.8
      vertex 1.83086 3.675 4.2
    endloop
  endfacet
  facet normal -0.896883 0.442269 0
    outer loop
      vertex 1.83086 3.675 6.8
      vertex 1.75276 3.51662 4.2
      vertex 1.75276 3.51662 6.8
    endloop
  endfacet
  facet normal -0.980787 0.195081 0
    outer loop
      vertex 1.66155 3.17621 4.2
      vertex 1.696 3.34941 6.8
      vertex 1.696 3.34941 4.2
    endloop
  endfacet
  facet normal -0.980787 0.195081 0
    outer loop
      vertex 1.696 3.34941 6.8
      vertex 1.66155 3.17621 4.2
      vertex 1.66155 3.17621 6.8
    endloop
  endfacet
  facet normal 0.751804 0.659386 0
    outer loop
      vertex 4.07103 3.82183 6.8
      vertex 3.95459 3.95459 4.2
      vertex 3.95459 3.95459 6.8
    endloop
  endfacet
  facet normal 0.751804 0.659386 0
    outer loop
      vertex 3.95459 3.95459 4.2
      vertex 4.07103 3.82183 6.8
      vertex 4.07103 3.82183 4.2
    endloop
  endfacet
  facet normal -0.659386 -0.751804 0
    outer loop
      vertex 2.04541 2.04541 4.2
      vertex 2.17817 1.92897 6.8
      vertex 2.04541 2.04541 6.8
    endloop
  endfacet
  facet normal -0.659386 -0.751804 -0
    outer loop
      vertex 2.17817 1.92897 6.8
      vertex 2.04541 2.04541 4.2
      vertex 2.17817 1.92897 4.2
    endloop
  endfacet
  facet normal 0.659386 0.751804 -0
    outer loop
      vertex 3.95459 3.95459 4.2
      vertex 3.82183 4.07103 6.8
      vertex 3.95459 3.95459 6.8
    endloop
  endfacet
  facet normal 0.659386 0.751804 0
    outer loop
      vertex 3.82183 4.07103 6.8
      vertex 3.95459 3.95459 4.2
      vertex 3.82183 4.07103 4.2
    endloop
  endfacet
  facet normal -0.0654064 0.997859 0
    outer loop
      vertex 3 4.35 4.2
      vertex 2.82379 4.33845 6.8
      vertex 3 4.35 6.8
    endloop
  endfacet
  facet normal -0.0654064 0.997859 0
    outer loop
      vertex 2.82379 4.33845 6.8
      vertex 3 4.35 4.2
      vertex 2.82379 4.33845 4.2
    endloop
  endfacet
  facet normal -0.94693 0.321439 0
    outer loop
      vertex 1.696 3.34941 4.2
      vertex 1.75276 3.51662 6.8
      vertex 1.75276 3.51662 4.2
    endloop
  endfacet
  facet normal -0.94693 0.321439 0
    outer loop
      vertex 1.75276 3.51662 6.8
      vertex 1.696 3.34941 4.2
      vertex 1.696 3.34941 6.8
    endloop
  endfacet
  facet normal -0.997859 0.0654064 0
    outer loop
      vertex 1.65 3 4.2
      vertex 1.66155 3.17621 6.8
      vertex 1.66155 3.17621 4.2
    endloop
  endfacet
  facet normal -0.997859 0.0654064 0
    outer loop
      vertex 1.66155 3.17621 6.8
      vertex 1.65 3 4.2
      vertex 1.65 3 6.8
    endloop
  endfacet
  facet normal 0.980733 0.195354 0
    outer loop
      vertex 28.3385 3.17621 6.8
      vertex 28.304 3.34941 4.2
      vertex 28.304 3.34941 6.8
    endloop
  endfacet
  facet normal 0.980733 0.195354 0
    outer loop
      vertex 28.304 3.34941 4.2
      vertex 28.3385 3.17621 6.8
      vertex 28.3385 3.17621 4.2
    endloop
  endfacet
  facet normal 0.997877 0.0651245 0
    outer loop
      vertex 28.35 3 6.8
      vertex 28.3385 3.17621 4.2
      vertex 28.3385 3.17621 6.8
    endloop
  endfacet
  facet normal 0.997877 0.0651245 0
    outer loop
      vertex 28.3385 3.17621 4.2
      vertex 28.35 3 6.8
      vertex 28.35 3 4.2
    endloop
  endfacet
  facet normal 0.946861 0.321642 0
    outer loop
      vertex 28.304 3.34941 6.8
      vertex 28.2472 3.51662 4.2
      vertex 28.2472 3.51662 6.8
    endloop
  endfacet
  facet normal 0.946861 0.321642 0
    outer loop
      vertex 28.2472 3.51662 4.2
      vertex 28.304 3.34941 6.8
      vertex 28.304 3.34941 4.2
    endloop
  endfacet
  facet normal 0 0 1
    outer loop
      vertex 28.3385 3.17621 6.8
      vertex 28.3385 2.82379 6.8
      vertex 28.35 3 6.8
    endloop
  endfacet
  facet normal 0 0 1
    outer loop
      vertex 28.304 3.34941 6.8
      vertex 28.3385 2.82379 6.8
      vertex 28.3385 3.17621 6.8
    endloop
  endfacet
  facet normal 0 0 1
    outer loop
      vertex 28.304 3.34941 6.8
      vertex 28.304 2.65059 6.8
      vertex 28.3385 2.82379 6.8
    endloop
  endfacet
  facet normal 0 0 1
    outer loop
      vertex 28.2472 3.51662 6.8
      vertex 28.304 2.65059 6.8
      vertex 28.304 3.34941 6.8
    endloop
  endfacet
  facet normal 0 0 1
    outer loop
      vertex 28.2472 3.51662 6.8
      vertex 28.2472 2.48338 6.8
      vertex 28.304 2.65059 6.8
    endloop
  endfacet
  facet normal 0 0 1
    outer loop
      vertex 28.1691 3.675 6.8
      vertex 28.2472 2.48338 6.8
      vertex 28.2472 3.51662 6.8
    endloop
  endfacet
  facet normal 0 0 1
    outer loop
      vertex 28.1691 3.675 6.8
      vertex 28.1691 2.325 6.8
      vertex 28.2472 2.48338 6.8
    endloop
  endfacet
  facet normal 0 0 1
    outer loop
      vertex 28.071 3.82183 6.8
      vertex 28.1691 2.325 6.8
      vertex 28.1691 3.675 6.8
    endloop
  endfacet
  facet normal 0 0 1
    outer loop
      vertex 28.071 3.82183 6.8
      vertex 28.071 2.17817 6.8
      vertex 28.1691 2.325 6.8
    endloop
  endfacet
  facet normal 0 0 1
    outer loop
      vertex 27.9546 3.95459 6.8
      vertex 28.071 2.17817 6.8
      vertex 28.071 3.82183 6.8
    endloop
  endfacet
  facet normal 0 0 1
    outer loop
      vertex 27.9546 3.95459 6.8
      vertex 27.9546 2.04541 6.8
      vertex 28.071 2.17817 6.8
    endloop
  endfacet
  facet normal 0 0 1
    outer loop
      vertex 27.8218 4.07103 6.8
      vertex 27.9546 2.04541 6.8
      vertex 27.9546 3.95459 6.8
    endloop
  endfacet
  facet normal 0 0 1
    outer loop
      vertex 27.8218 4.07103 6.8
      vertex 27.8218 1.92897 6.8
      vertex 27.9546 2.04541 6.8
    endloop
  endfacet
  facet normal 0 0 1
    outer loop
      vertex 27.675 4.16913 6.8
      vertex 27.8218 1.92897 6.8
      vertex 27.8218 4.07103 6.8
    endloop
  endfacet
  facet normal 0 0 1
    outer loop
      vertex 27.675 4.16913 6.8
      vertex 27.675 1.83086 6.8
      vertex 27.8218 1.92897 6.8
    endloop
  endfacet
  facet normal 0 0 1
    outer loop
      vertex 27.5166 4.24724 6.8
      vertex 27.675 1.83086 6.8
      vertex 27.675 4.16913 6.8
    endloop
  endfacet
  facet normal 0 0 1
    outer loop
      vertex 27.5166 4.24724 6.8
      vertex 27.5166 1.75276 6.8
      vertex 27.675 1.83086 6.8
    endloop
  endfacet
  facet normal 0 0 1
    outer loop
      vertex 27.3494 4.304 6.8
      vertex 27.5166 1.75276 6.8
      vertex 27.5166 4.24724 6.8
    endloop
  endfacet
  facet normal 0 0 1
    outer loop
      vertex 27.3494 4.304 6.8
      vertex 27.3494 1.696 6.8
      vertex 27.5166 1.75276 6.8
    endloop
  endfacet
  facet normal 0 0 1
    outer loop
      vertex 27.1762 4.33845 6.8
      vertex 27.3494 1.696 6.8
      vertex 27.3494 4.304 6.8
    endloop
  endfacet
  facet normal 0 0 1
    outer loop
      vertex 27.1762 4.33845 6.8
      vertex 27.1762 1.66155 6.8
      vertex 27.3494 1.696 6.8
    endloop
  endfacet
  facet normal 0 0 1
    outer loop
      vertex 27 4.35 6.8
      vertex 27.1762 1.66155 6.8
      vertex 27.1762 4.33845 6.8
    endloop
  endfacet
  facet normal 0 0 1
    outer loop
      vertex 27 4.35 6.8
      vertex 27 1.65 6.8
      vertex 27.1762 1.66155 6.8
    endloop
  endfacet
  facet normal -0 0 1
    outer loop
      vertex 26.8238 4.33845 6.8
      vertex 27 1.65 6.8
      vertex 27 4.35 6.8
    endloop
  endfacet
  facet normal 0 0 1
    outer loop
      vertex 26.8238 4.33845 6.8
      vertex 26.8238 1.66155 6.8
      vertex 27 1.65 6.8
    endloop
  endfacet
  facet normal -0 0 1
    outer loop
      vertex 26.6506 4.304 6.8
      vertex 26.8238 1.66155 6.8
      vertex 26.8238 4.33845 6.8
    endloop
  endfacet
  facet normal 0 0 1
    outer loop
      vertex 26.6506 4.304 6.8
      vertex 26.6506 1.696 6.8
      vertex 26.8238 1.66155 6.8
    endloop
  endfacet
  facet normal -0 0 1
    outer loop
      vertex 26.4834 4.24724 6.8
      vertex 26.6506 1.696 6.8
      vertex 26.6506 4.304 6.8
    endloop
  endfacet
  facet normal 0 0 1
    outer loop
      vertex 26.4834 4.24724 6.8
      vertex 26.4834 1.75276 6.8
      vertex 26.6506 1.696 6.8
    endloop
  endfacet
  facet normal -0 0 1
    outer loop
      vertex 26.325 4.16913 6.8
      vertex 26.4834 1.75276 6.8
      vertex 26.4834 4.24724 6.8
    endloop
  endfacet
  facet normal 0 0 1
    outer loop
      vertex 26.325 4.16913 6.8
      vertex 26.325 1.83086 6.8
      vertex 26.4834 1.75276 6.8
    endloop
  endfacet
  facet normal -0 0 1
    outer loop
      vertex 26.1782 4.07103 6.8
      vertex 26.325 1.83086 6.8
      vertex 26.325 4.16913 6.8
    endloop
  endfacet
  facet normal 0 0 1
    outer loop
      vertex 26.1782 4.07103 6.8
      vertex 26.1782 1.92897 6.8
      vertex 26.325 1.83086 6.8
    endloop
  endfacet
  facet normal -0 0 1
    outer loop
      vertex 26.0454 3.95459 6.8
      vertex 26.1782 1.92897 6.8
      vertex 26.1782 4.07103 6.8
    endloop
  endfacet
  facet normal 0 0 1
    outer loop
      vertex 26.0454 3.95459 6.8
      vertex 26.0454 2.04541 6.8
      vertex 26.1782 1.92897 6.8
    endloop
  endfacet
  facet normal -0 0 1
    outer loop
      vertex 25.929 3.82183 6.8
      vertex 26.0454 2.04541 6.8
      vertex 26.0454 3.95459 6.8
    endloop
  endfacet
  facet normal 0 0 1
    outer loop
      vertex 25.929 3.82183 6.8
      vertex 25.929 2.17817 6.8
      vertex 26.0454 2.04541 6.8
    endloop
  endfacet
  facet normal -0 0 1
    outer loop
      vertex 25.8309 3.675 6.8
      vertex 25.929 2.17817 6.8
      vertex 25.929 3.82183 6.8
    endloop
  endfacet
  facet normal 0 0 1
    outer loop
      vertex 25.8309 3.675 6.8
      vertex 25.8309 2.325 6.8
      vertex 25.929 2.17817 6.8
    endloop
  endfacet
  facet normal -0 0 1
    outer loop
      vertex 25.7528 3.51662 6.8
      vertex 25.8309 2.325 6.8
      vertex 25.8309 3.675 6.8
    endloop
  endfacet
  facet normal 0 0 1
    outer loop
      vertex 25.7528 3.51662 6.8
      vertex 25.7528 2.48338 6.8
      vertex 25.8309 2.325 6.8
    endloop
  endfacet
  facet normal -0 0 1
    outer loop
      vertex 25.696 3.34941 6.8
      vertex 25.7528 2.48338 6.8
      vertex 25.7528 3.51662 6.8
    endloop
  endfacet
  facet normal 0 0 1
    outer loop
      vertex 25.696 3.34941 6.8
      vertex 25.696 2.65059 6.8
      vertex 25.7528 2.48338 6.8
    endloop
  endfacet
  facet normal -0 0 1
    outer loop
      vertex 25.6615 3.17621 6.8
      vertex 25.696 2.65059 6.8
      vertex 25.696 3.34941 6.8
    endloop
  endfacet
  facet normal 0 0 1
    outer loop
      vertex 25.6615 3.17621 6.8
      vertex 25.6615 2.82379 6.8
      vertex 25.696 2.65059 6.8
    endloop
  endfacet
  facet normal 0 -0 1
    outer loop
      vertex 25.6615 2.82379 6.8
      vertex 25.6615 3.17621 6.8
      vertex 25.65 3 6.8
    endloop
  endfacet
  facet normal 0.831492 0.555536 0
    outer loop
      vertex 28.1691 3.675 6.8
      vertex 28.071 3.82183 4.2
      vertex 28.071 3.82183 6.8
    endloop
  endfacet
  facet normal 0.831492 0.555536 0
    outer loop
      vertex 28.071 3.82183 4.2
      vertex 28.1691 3.675 6.8
      vertex 28.1691 3.675 4.2
    endloop
  endfacet
  facet normal -0.946861 -0.321642 0
    outer loop
      vertex 25.7528 2.48338 4.2
      vertex 25.696 2.65059 6.8
      vertex 25.696 2.65059 4.2
    endloop
  endfacet
  facet normal -0.946861 -0.321642 0
    outer loop
      vertex 25.696 2.65059 6.8
      vertex 25.7528 2.48338 4.2
      vertex 25.7528 2.48338 6.8
    endloop
  endfacet
  facet normal 0.321456 -0.946925 0
    outer loop
      vertex 27.3494 1.696 4.2
      vertex 27.5166 1.75276 6.8
      vertex 27.3494 1.696 6.8
    endloop
  endfacet
  facet normal 0.321456 -0.946925 0
    outer loop
      vertex 27.5166 1.75276 6.8
      vertex 27.3494 1.696 4.2
      vertex 27.5166 1.75276 4.2
    endloop
  endfacet
  facet normal 0.896883 0.442269 0
    outer loop
      vertex 28.2472 3.51662 6.8
      vertex 28.1691 3.675 4.2
      vertex 28.1691 3.675 6.8
    endloop
  endfacet
  facet normal 0.896883 0.442269 0
    outer loop
      vertex 28.1691 3.675 4.2
      vertex 28.2472 3.51662 6.8
      vertex 28.2472 3.51662 4.2
    endloop
  endfacet
  facet normal -0.555615 0.83144 0
    outer loop
      vertex 26.325 4.16913 4.2
      vertex 26.1782 4.07103 6.8
      vertex 26.325 4.16913 6.8
    endloop
  endfacet
  facet normal -0.555615 0.83144 0
    outer loop
      vertex 26.1782 4.07103 6.8
      vertex 26.325 4.16913 4.2
      vertex 26.1782 4.07103 4.2
    endloop
  endfacet
  facet normal 0.980733 -0.195354 0
    outer loop
      vertex 28.304 2.65059 6.8
      vertex 28.3385 2.82379 4.2
      vertex 28.3385 2.82379 6.8
    endloop
  endfacet
  facet normal 0.980733 -0.195354 0
    outer loop
      vertex 28.3385 2.82379 4.2
      vertex 28.304 2.65059 6.8
      vertex 28.304 2.65059 4.2
    endloop
  endfacet
  facet normal 0.321456 0.946925 -0
    outer loop
      vertex 27.5166 4.24724 4.2
      vertex 27.3494 4.304 6.8
      vertex 27.5166 4.24724 6.8
    endloop
  endfacet
  facet normal 0.321456 0.946925 0
    outer loop
      vertex 27.3494 4.304 6.8
      vertex 27.5166 4.24724 4.2
      vertex 27.3494 4.304 4.2
    endloop
  endfacet
  facet normal -0.659274 0.751903 0
    outer loop
      vertex 26.1782 4.07103 4.2
      vertex 26.0454 3.95459 6.8
      vertex 26.1782 4.07103 6.8
    endloop
  endfacet
  facet normal -0.659274 0.751903 0
    outer loop
      vertex 26.0454 3.95459 6.8
      vertex 26.1782 4.07103 4.2
      vertex 26.0454 3.95459 4.2
    endloop
  endfacet
  facet normal 0.555654 -0.831414 0
    outer loop
      vertex 27.675 1.83086 4.2
      vertex 27.8218 1.92897 6.8
      vertex 27.675 1.83086 6.8
    endloop
  endfacet
  facet normal 0.555654 -0.831414 0
    outer loop
      vertex 27.8218 1.92897 6.8
      vertex 27.675 1.83086 4.2
      vertex 27.8218 1.92897 4.2
    endloop
  endfacet
  facet normal -0.195081 0.980787 0
    outer loop
      vertex 26.8238 4.33845 4.2
      vertex 26.6506 4.304 6.8
      vertex 26.8238 4.33845 6.8
    endloop
  endfacet
  facet normal -0.195081 0.980787 0
    outer loop
      vertex 26.6506 4.304 6.8
      vertex 26.8238 4.33845 4.2
      vertex 26.6506 4.304 4.2
    endloop
  endfacet
  facet normal -0.997877 -0.0651245 0
    outer loop
      vertex 25.6615 2.82379 4.2
      vertex 25.65 3 6.8
      vertex 25.65 3 4.2
    endloop
  endfacet
  facet normal -0.997877 -0.0651245 0
    outer loop
      vertex 25.65 3 6.8
      vertex 25.6615 2.82379 4.2
      vertex 25.6615 2.82379 6.8
    endloop
  endfacet
  facet normal -0.896883 -0.442269 0
    outer loop
      vertex 25.8309 2.325 4.2
      vertex 25.7528 2.48338 6.8
      vertex 25.7528 2.48338 4.2
    endloop
  endfacet
  facet normal -0.896883 -0.442269 0
    outer loop
      vertex 25.7528 2.48338 6.8
      vertex 25.8309 2.325 4.2
      vertex 25.8309 2.325 6.8
    endloop
  endfacet
  facet normal 0.0654101 0.997858 -0
    outer loop
      vertex 27.1762 4.33845 4.2
      vertex 27 4.35 6.8
      vertex 27.1762 4.33845 6.8
    endloop
  endfacet
  facet normal 0.0654101 0.997858 0
    outer loop
      vertex 27 4.35 6.8
      vertex 27.1762 4.33845 4.2
      vertex 27 4.35 4.2
    endloop
  endfacet
  facet normal -0.321456 -0.946925 0
    outer loop
      vertex 26.4834 1.75276 4.2
      vertex 26.6506 1.696 6.8
      vertex 26.4834 1.75276 6.8
    endloop
  endfacet
  facet normal -0.321456 -0.946925 -0
    outer loop
      vertex 26.6506 1.696 6.8
      vertex 26.4834 1.75276 4.2
      vertex 26.6506 1.696 4.2
    endloop
  endfacet
  facet normal 0.195081 -0.980787 0
    outer loop
      vertex 27.1762 1.66155 4.2
      vertex 27.3494 1.696 6.8
      vertex 27.1762 1.66155 6.8
    endloop
  endfacet
  facet normal 0.195081 -0.980787 0
    outer loop
      vertex 27.3494 1.696 6.8
      vertex 27.1762 1.66155 4.2
      vertex 27.3494 1.696 4.2
    endloop
  endfacet
  facet normal -0.442269 0.896882 0
    outer loop
      vertex 26.4834 4.24724 4.2
      vertex 26.325 4.16913 6.8
      vertex 26.4834 4.24724 6.8
    endloop
  endfacet
  facet normal -0.442269 0.896882 0
    outer loop
      vertex 26.325 4.16913 6.8
      vertex 26.4834 4.24724 4.2
      vertex 26.325 4.16913 4.2
    endloop
  endfacet
  facet normal 0.442269 0.896882 -0
    outer loop
      vertex 27.675 4.16913 4.2
      vertex 27.5166 4.24724 6.8
      vertex 27.675 4.16913 6.8
    endloop
  endfacet
  facet normal 0.442269 0.896882 0
    outer loop
      vertex 27.5166 4.24724 6.8
      vertex 27.675 4.16913 4.2
      vertex 27.5166 4.24724 4.2
    endloop
  endfacet
  facet normal 0.442224 -0.896905 0
    outer loop
      vertex 27.5166 1.75276 4.2
      vertex 27.675 1.83086 6.8
      vertex 27.5166 1.75276 6.8
    endloop
  endfacet
  facet normal 0.442224 -0.896905 0
    outer loop
      vertex 27.675 1.83086 6.8
      vertex 27.5166 1.75276 4.2
      vertex 27.675 1.83086 4.2
    endloop
  endfacet
  facet normal -0.980733 -0.195354 0
    outer loop
      vertex 25.696 2.65059 4.2
      vertex 25.6615 2.82379 6.8
      vertex 25.6615 2.82379 4.2
    endloop
  endfacet
  facet normal -0.980733 -0.195354 0
    outer loop
      vertex 25.6615 2.82379 6.8
      vertex 25.696 2.65059 4.2
      vertex 25.696 2.65059 6.8
    endloop
  endfacet
  facet normal 0.997877 -0.0651245 0
    outer loop
      vertex 28.3385 2.82379 6.8
      vertex 28.35 3 4.2
      vertex 28.35 3 6.8
    endloop
  endfacet
  facet normal 0.997877 -0.0651245 0
    outer loop
      vertex 28.35 3 4.2
      vertex 28.3385 2.82379 6.8
      vertex 28.3385 2.82379 4.2
    endloop
  endfacet
  facet normal -0.555654 -0.831414 0
    outer loop
      vertex 26.1782 1.92897 4.2
      vertex 26.325 1.83086 6.8
      vertex 26.1782 1.92897 6.8
    endloop
  endfacet
  facet normal -0.555654 -0.831414 -0
    outer loop
      vertex 26.325 1.83086 6.8
      vertex 26.1782 1.92897 4.2
      vertex 26.325 1.83086 4.2
    endloop
  endfacet
  facet normal 0.751917 -0.659258 0
    outer loop
      vertex 27.9546 2.04541 6.8
      vertex 28.071 2.17817 4.2
      vertex 28.071 2.17817 6.8
    endloop
  endfacet
  facet normal 0.751917 -0.659258 0
    outer loop
      vertex 28.071 2.17817 4.2
      vertex 27.9546 2.04541 6.8
      vertex 27.9546 2.04541 4.2
    endloop
  endfacet
  facet normal 0.831492 -0.555536 0
    outer loop
      vertex 28.071 2.17817 6.8
      vertex 28.1691 2.325 4.2
      vertex 28.1691 2.325 6.8
    endloop
  endfacet
  facet normal 0.831492 -0.555536 0
    outer loop
      vertex 28.1691 2.325 4.2
      vertex 28.071 2.17817 6.8
      vertex 28.071 2.17817 4.2
    endloop
  endfacet
  facet normal -0.751917 -0.659258 0
    outer loop
      vertex 26.0454 2.04541 4.2
      vertex 25.929 2.17817 6.8
      vertex 25.929 2.17817 4.2
    endloop
  endfacet
  facet normal -0.751917 -0.659258 0
    outer loop
      vertex 25.929 2.17817 6.8
      vertex 26.0454 2.04541 4.2
      vertex 26.0454 2.04541 6.8
    endloop
  endfacet
  facet normal -0.751917 0.659258 0
    outer loop
      vertex 25.929 3.82183 4.2
      vertex 26.0454 3.95459 6.8
      vertex 26.0454 3.95459 4.2
    endloop
  endfacet
  facet normal -0.751917 0.659258 0
    outer loop
      vertex 26.0454 3.95459 6.8
      vertex 25.929 3.82183 4.2
      vertex 25.929 3.82183 6.8
    endloop
  endfacet
  facet normal -0.831492 0.555536 0
    outer loop
      vertex 25.8309 3.675 4.2
      vertex 25.929 3.82183 6.8
      vertex 25.929 3.82183 4.2
    endloop
  endfacet
  facet normal -0.831492 0.555536 0
    outer loop
      vertex 25.929 3.82183 6.8
      vertex 25.8309 3.675 4.2
      vertex 25.8309 3.675 6.8
    endloop
  endfacet
  facet normal -0.659274 -0.751903 0
    outer loop
      vertex 26.0454 2.04541 4.2
      vertex 26.1782 1.92897 6.8
      vertex 26.0454 2.04541 6.8
    endloop
  endfacet
  facet normal -0.659274 -0.751903 -0
    outer loop
      vertex 26.1782 1.92897 6.8
      vertex 26.0454 2.04541 4.2
      vertex 26.1782 1.92897 4.2
    endloop
  endfacet
  facet normal 0.946861 -0.321642 0
    outer loop
      vertex 28.2472 2.48338 6.8
      vertex 28.304 2.65059 4.2
      vertex 28.304 2.65059 6.8
    endloop
  endfacet
  facet normal 0.946861 -0.321642 0
    outer loop
      vertex 28.304 2.65059 4.2
      vertex 28.2472 2.48338 6.8
      vertex 28.2472 2.48338 4.2
    endloop
  endfacet
  facet normal -0.831492 -0.555536 0
    outer loop
      vertex 25.929 2.17817 4.2
      vertex 25.8309 2.325 6.8
      vertex 25.8309 2.325 4.2
    endloop
  endfacet
  facet normal -0.831492 -0.555536 0
    outer loop
      vertex 25.8309 2.325 6.8
      vertex 25.929 2.17817 4.2
      vertex 25.929 2.17817 6.8
    endloop
  endfacet
  facet normal 0.896883 -0.442269 0
    outer loop
      vertex 28.1691 2.325 6.8
      vertex 28.2472 2.48338 4.2
      vertex 28.2472 2.48338 6.8
    endloop
  endfacet
  facet normal 0.896883 -0.442269 0
    outer loop
      vertex 28.2472 2.48338 4.2
      vertex 28.1691 2.325 6.8
      vertex 28.1691 2.325 4.2
    endloop
  endfacet
  facet normal -0.195081 -0.980787 0
    outer loop
      vertex 26.6506 1.696 4.2
      vertex 26.8238 1.66155 6.8
      vertex 26.6506 1.696 6.8
    endloop
  endfacet
  facet normal -0.195081 -0.980787 -0
    outer loop
      vertex 26.8238 1.66155 6.8
      vertex 26.6506 1.696 4.2
      vertex 26.8238 1.66155 4.2
    endloop
  endfacet
  facet normal 0.0654101 -0.997858 0
    outer loop
      vertex 27 1.65 4.2
      vertex 27.1762 1.66155 6.8
      vertex 27 1.65 6.8
    endloop
  endfacet
  facet normal 0.0654101 -0.997858 0
    outer loop
      vertex 27.1762 1.66155 6.8
      vertex 27 1.65 4.2
      vertex 27.1762 1.66155 4.2
    endloop
  endfacet
  facet normal -0.442224 -0.896905 0
    outer loop
      vertex 26.325 1.83086 4.2
      vertex 26.4834 1.75276 6.8
      vertex 26.325 1.83086 6.8
    endloop
  endfacet
  facet normal -0.442224 -0.896905 -0
    outer loop
      vertex 26.4834 1.75276 6.8
      vertex 26.325 1.83086 4.2
      vertex 26.4834 1.75276 4.2
    endloop
  endfacet
  facet normal 0.195081 0.980787 -0
    outer loop
      vertex 27.3494 4.304 4.2
      vertex 27.1762 4.33845 6.8
      vertex 27.3494 4.304 6.8
    endloop
  endfacet
  facet normal 0.195081 0.980787 0
    outer loop
      vertex 27.1762 4.33845 6.8
      vertex 27.3494 4.304 4.2
      vertex 27.1762 4.33845 4.2
    endloop
  endfacet
  facet normal 0.659274 -0.751903 0
    outer loop
      vertex 27.8218 1.92897 4.2
      vertex 27.9546 2.04541 6.8
      vertex 27.8218 1.92897 6.8
    endloop
  endfacet
  facet normal 0.659274 -0.751903 0
    outer loop
      vertex 27.9546 2.04541 6.8
      vertex 27.8218 1.92897 4.2
      vertex 27.9546 2.04541 4.2
    endloop
  endfacet
  facet normal 0.555615 0.83144 -0
    outer loop
      vertex 27.8218 4.07103 4.2
      vertex 27.675 4.16913 6.8
      vertex 27.8218 4.07103 6.8
    endloop
  endfacet
  facet normal 0.555615 0.83144 0
    outer loop
      vertex 27.675 4.16913 6.8
      vertex 27.8218 4.07103 4.2
      vertex 27.675 4.16913 4.2
    endloop
  endfacet
  facet normal -0.321456 0.946925 0
    outer loop
      vertex 26.6506 4.304 4.2
      vertex 26.4834 4.24724 6.8
      vertex 26.6506 4.304 6.8
    endloop
  endfacet
  facet normal -0.321456 0.946925 0
    outer loop
      vertex 26.4834 4.24724 6.8
      vertex 26.6506 4.304 4.2
      vertex 26.4834 4.24724 4.2
    endloop
  endfacet
  facet normal -0.0654101 -0.997858 0
    outer loop
      vertex 26.8238 1.66155 4.2
      vertex 27 1.65 6.8
      vertex 26.8238 1.66155 6.8
    endloop
  endfacet
  facet normal -0.0654101 -0.997858 -0
    outer loop
      vertex 27 1.65 6.8
      vertex 26.8238 1.66155 4.2
      vertex 27 1.65 4.2
    endloop
  endfacet
  facet normal -0.896883 0.442269 0
    outer loop
      vertex 25.7528 3.51662 4.2
      vertex 25.8309 3.675 6.8
      vertex 25.8309 3.675 4.2
    endloop
  endfacet
  facet normal -0.896883 0.442269 0
    outer loop
      vertex 25.8309 3.675 6.8
      vertex 25.7528 3.51662 4.2
      vertex 25.7528 3.51662 6.8
    endloop
  endfacet
  facet normal -0.980733 0.195354 0
    outer loop
      vertex 25.6615 3.17621 4.2
      vertex 25.696 3.34941 6.8
      vertex 25.696 3.34941 4.2
    endloop
  endfacet
  facet normal -0.980733 0.195354 0
    outer loop
      vertex 25.696 3.34941 6.8
      vertex 25.6615 3.17621 4.2
      vertex 25.6615 3.17621 6.8
    endloop
  endfacet
  facet normal 0.751917 0.659258 0
    outer loop
      vertex 28.071 3.82183 6.8
      vertex 27.9546 3.95459 4.2
      vertex 27.9546 3.95459 6.8
    endloop
  endfacet
  facet normal 0.751917 0.659258 0
    outer loop
      vertex 27.9546 3.95459 4.2
      vertex 28.071 3.82183 6.8
      vertex 28.071 3.82183 4.2
    endloop
  endfacet
  facet normal 0.659274 0.751903 -0
    outer loop
      vertex 27.9546 3.95459 4.2
      vertex 27.8218 4.07103 6.8
      vertex 27.9546 3.95459 6.8
    endloop
  endfacet
  facet normal 0.659274 0.751903 0
    outer loop
      vertex 27.8218 4.07103 6.8
      vertex 27.9546 3.95459 4.2
      vertex 27.8218 4.07103 4.2
    endloop
  endfacet
  facet normal -0.0654101 0.997858 0
    outer loop
      vertex 27 4.35 4.2
      vertex 26.8238 4.33845 6.8
      vertex 27 4.35 6.8
    endloop
  endfacet
  facet normal -0.0654101 0.997858 0
    outer loop
      vertex 26.8238 4.33845 6.8
      vertex 27 4.35 4.2
      vertex 26.8238 4.33845 4.2
    endloop
  endfacet
  facet normal -0.946861 0.321642 0
    outer loop
      vertex 25.696 3.34941 4.2
      vertex 25.7528 3.51662 6.8
      vertex 25.7528 3.51662 4.2
    endloop
  endfacet
  facet normal -0.946861 0.321642 0
    outer loop
      vertex 25.7528 3.51662 6.8
      vertex 25.696 3.34941 4.2
      vertex 25.696 3.34941 6.8
    endloop
  endfacet
  facet normal -0.997877 0.0651245 0
    outer loop
      vertex 25.65 3 4.2
      vertex 25.6615 3.17621 6.8
      vertex 25.6615 3.17621 4.2
    endloop
  endfacet
  facet normal -0.997877 0.0651245 0
    outer loop
      vertex 25.6615 3.17621 6.8
      vertex 25.65 3 4.2
      vertex 25.65 3 6.8
    endloop
  endfacet
endsolid OpenSCAD_Model
