solid OpenSCAD_Model
  facet normal 0.896907 0.44222 0
    outer loop
      vertex -11.8146 28.375 8
      vertex -12.0026 28.7563 0
      vertex -12.0026 28.7563 8
    endloop
  endfacet
  facet normal 0.896907 0.44222 0
    outer loop
      vertex -12.0026 28.7563 0
      vertex -11.8146 28.375 8
      vertex -11.8146 28.375 0
    endloop
  endfacet
  facet normal -0.980788 -0.195076 0
    outer loop
      vertex -5.7778 30.4242 0
      vertex -5.86074 30.8412 8
      vertex -5.86074 30.8412 0
    endloop
  endfacet
  facet normal -0.980788 -0.195076 0
    outer loop
      vertex -5.86074 30.8412 8
      vertex -5.7778 30.4242 0
      vertex -5.7778 30.4242 8
    endloop
  endfacet
  facet normal -0.997859 -0.0653948 0
    outer loop
      vertex -5.75 30 0
      vertex -5.7778 30.4242 8
      vertex -5.7778 30.4242 0
    endloop
  endfacet
  facet normal -0.997859 -0.0653948 0
    outer loop
      vertex -5.7778 30.4242 8
      vertex -5.75 30 0
      vertex -5.75 30 8
    endloop
  endfacet
  facet normal -0.946916 -0.321481 0
    outer loop
      vertex -5.86074 30.8412 0
      vertex -5.99739 31.2437 8
      vertex -5.99739 31.2437 0
    endloop
  endfacet
  facet normal -0.946916 -0.321481 0
    outer loop
      vertex -5.99739 31.2437 8
      vertex -5.86074 30.8412 0
      vertex -5.86074 30.8412 8
    endloop
  endfacet
  facet normal 0.321558 0.94689 -0
    outer loop
      vertex -9.84116 26.8607 0
      vertex -10.2437 26.9974 8
      vertex -9.84116 26.8607 8
    endloop
  endfacet
  facet normal 0.321558 0.94689 0
    outer loop
      vertex -10.2437 26.9974 8
      vertex -9.84116 26.8607 0
      vertex -10.2437 26.9974 0
    endloop
  endfacet
  facet normal -0.831493 -0.555536 0
    outer loop
      vertex -6.18542 31.625 0
      vertex -6.4216 31.9785 8
      vertex -6.4216 31.9785 0
    endloop
  endfacet
  facet normal -0.831493 -0.555536 0
    outer loop
      vertex -6.4216 31.9785 8
      vertex -6.18542 31.625 0
      vertex -6.18542 31.625 8
    endloop
  endfacet
  facet normal -0.442239 -0.896897 0
    outer loop
      vertex -7.75628 33.0026 0
      vertex -7.375 32.8146 8
      vertex -7.75628 33.0026 8
    endloop
  endfacet
  facet normal -0.442239 -0.896897 -0
    outer loop
      vertex -7.375 32.8146 8
      vertex -7.75628 33.0026 0
      vertex -7.375 32.8146 0
    endloop
  endfacet
  facet normal -0.442239 0.896897 0
    outer loop
      vertex -7.375 27.1854 0
      vertex -7.75628 26.9974 8
      vertex -7.375 27.1854 8
    endloop
  endfacet
  facet normal -0.442239 0.896897 0
    outer loop
      vertex -7.75628 26.9974 8
      vertex -7.375 27.1854 0
      vertex -7.75628 26.9974 0
    endloop
  endfacet
  facet normal 0.0653933 0.99786 -0
    outer loop
      vertex -9 26.75 0
      vertex -9.42421 26.7778 8
      vertex -9 26.75 8
    endloop
  endfacet
  facet normal 0.0653933 0.99786 0
    outer loop
      vertex -9.42421 26.7778 8
      vertex -9 26.75 0
      vertex -9.42421 26.7778 0
    endloop
  endfacet
  facet normal -0.896879 -0.442277 0
    outer loop
      vertex -5.99739 31.2437 0
      vertex -6.18542 31.625 8
      vertex -6.18542 31.625 0
    endloop
  endfacet
  facet normal -0.896879 -0.442277 0
    outer loop
      vertex -6.18542 31.625 8
      vertex -5.99739 31.2437 0
      vertex -5.99739 31.2437 8
    endloop
  endfacet
  facet normal 0.0653933 -0.99786 0
    outer loop
      vertex -9.42421 33.2222 0
      vertex -9 33.25 8
      vertex -9.42421 33.2222 8
    endloop
  endfacet
  facet normal 0.0653933 -0.99786 0
    outer loop
      vertex -9 33.25 8
      vertex -9.42421 33.2222 0
      vertex -9 33.25 0
    endloop
  endfacet
  facet normal 0.195008 0.980802 -0
    outer loop
      vertex -9.42421 26.7778 0
      vertex -9.84116 26.8607 8
      vertex -9.42421 26.7778 8
    endloop
  endfacet
  facet normal 0.195008 0.980802 0
    outer loop
      vertex -9.84116 26.8607 8
      vertex -9.42421 26.7778 0
      vertex -9.84116 26.8607 0
    endloop
  endfacet
  facet normal 0.980806 0.194985 0
    outer loop
      vertex -12.1393 29.1588 8
      vertex -12.2222 29.5758 0
      vertex -12.2222 29.5758 8
    endloop
  endfacet
  facet normal 0.980806 0.194985 0
    outer loop
      vertex -12.2222 29.5758 0
      vertex -12.1393 29.1588 8
      vertex -12.1393 29.1588 0
    endloop
  endfacet
  facet normal 0.44222 0.896907 -0
    outer loop
      vertex -10.2437 26.9974 0
      vertex -10.625 27.1854 8
      vertex -10.2437 26.9974 8
    endloop
  endfacet
  facet normal 0.44222 0.896907 0
    outer loop
      vertex -10.625 27.1854 8
      vertex -10.2437 26.9974 0
      vertex -10.625 27.1854 0
    endloop
  endfacet
  facet normal -0.946916 0.321481 0
    outer loop
      vertex -5.99739 28.7563 0
      vertex -5.86074 29.1588 8
      vertex -5.86074 29.1588 0
    endloop
  endfacet
  facet normal -0.946916 0.321481 0
    outer loop
      vertex -5.86074 29.1588 8
      vertex -5.99739 28.7563 0
      vertex -5.99739 28.7563 8
    endloop
  endfacet
  facet normal 0.751818 0.65937 0
    outer loop
      vertex -11.2981 27.7019 8
      vertex -11.5784 28.0215 0
      vertex -11.5784 28.0215 8
    endloop
  endfacet
  facet normal 0.751818 0.65937 0
    outer loop
      vertex -11.5784 28.0215 0
      vertex -11.2981 27.7019 8
      vertex -11.2981 27.7019 0
    endloop
  endfacet
  facet normal 0.65937 -0.751818 0
    outer loop
      vertex -11.2981 32.2981 0
      vertex -10.9785 32.5784 8
      vertex -11.2981 32.2981 8
    endloop
  endfacet
  facet normal 0.65937 -0.751818 0
    outer loop
      vertex -10.9785 32.5784 8
      vertex -11.2981 32.2981 0
      vertex -10.9785 32.5784 0
    endloop
  endfacet
  facet normal -0.659347 -0.751839 0
    outer loop
      vertex -7.02152 32.5784 0
      vertex -6.7019 32.2981 8
      vertex -7.02152 32.5784 8
    endloop
  endfacet
  facet normal -0.659347 -0.751839 -0
    outer loop
      vertex -6.7019 32.2981 8
      vertex -7.02152 32.5784 0
      vertex -6.7019 32.2981 0
    endloop
  endfacet
  facet normal -0.55559 -0.831456 0
    outer loop
      vertex -7.375 32.8146 0
      vertex -7.02152 32.5784 8
      vertex -7.375 32.8146 8
    endloop
  endfacet
  facet normal -0.55559 -0.831456 -0
    outer loop
      vertex -7.02152 32.5784 8
      vertex -7.375 32.8146 0
      vertex -7.02152 32.5784 0
    endloop
  endfacet
  facet normal -0.896879 0.442277 0
    outer loop
      vertex -6.18542 28.375 0
      vertex -5.99739 28.7563 8
      vertex -5.99739 28.7563 0
    endloop
  endfacet
  facet normal -0.896879 0.442277 0
    outer loop
      vertex -5.99739 28.7563 8
      vertex -6.18542 28.375 0
      vertex -6.18542 28.375 8
    endloop
  endfacet
  facet normal 0.65937 0.751818 -0
    outer loop
      vertex -10.9785 27.4216 0
      vertex -11.2981 27.7019 8
      vertex -10.9785 27.4216 8
    endloop
  endfacet
  facet normal 0.65937 0.751818 0
    outer loop
      vertex -11.2981 27.7019 8
      vertex -10.9785 27.4216 0
      vertex -11.2981 27.7019 0
    endloop
  endfacet
  facet normal 0.831471 -0.555568 0
    outer loop
      vertex -11.8146 31.625 8
      vertex -11.5784 31.9785 0
      vertex -11.5784 31.9785 8
    endloop
  endfacet
  facet normal 0.831471 -0.555568 0
    outer loop
      vertex -11.5784 31.9785 0
      vertex -11.8146 31.625 8
      vertex -11.8146 31.625 0
    endloop
  endfacet
  facet normal -0.751818 -0.65937 0
    outer loop
      vertex -6.4216 31.9785 0
      vertex -6.7019 32.2981 8
      vertex -6.7019 32.2981 0
    endloop
  endfacet
  facet normal -0.751818 -0.65937 0
    outer loop
      vertex -6.7019 32.2981 8
      vertex -6.4216 31.9785 0
      vertex -6.4216 31.9785 8
    endloop
  endfacet
  facet normal 0.321558 -0.94689 0
    outer loop
      vertex -10.2437 33.0026 0
      vertex -9.84116 33.1393 8
      vertex -10.2437 33.0026 8
    endloop
  endfacet
  facet normal 0.321558 -0.94689 0
    outer loop
      vertex -9.84116 33.1393 8
      vertex -10.2437 33.0026 0
      vertex -9.84116 33.1393 0
    endloop
  endfacet
  facet normal -0.0653933 -0.99786 0
    outer loop
      vertex -9 33.25 0
      vertex -8.57579 33.2222 8
      vertex -9 33.25 8
    endloop
  endfacet
  facet normal -0.0653933 -0.99786 -0
    outer loop
      vertex -8.57579 33.2222 8
      vertex -9 33.25 0
      vertex -8.57579 33.2222 0
    endloop
  endfacet
  facet normal -0.997859 0.0653948 0
    outer loop
      vertex -5.7778 29.5758 0
      vertex -5.75 30 8
      vertex -5.75 30 0
    endloop
  endfacet
  facet normal -0.997859 0.0653948 0
    outer loop
      vertex -5.75 30 8
      vertex -5.7778 29.5758 0
      vertex -5.7778 29.5758 8
    endloop
  endfacet
  facet normal -0.195008 0.980802 0
    outer loop
      vertex -8.15884 26.8607 0
      vertex -8.57579 26.7778 8
      vertex -8.15884 26.8607 8
    endloop
  endfacet
  facet normal -0.195008 0.980802 0
    outer loop
      vertex -8.57579 26.7778 8
      vertex -8.15884 26.8607 0
      vertex -8.57579 26.7778 0
    endloop
  endfacet
  facet normal 0.997859 0.0653948 0
    outer loop
      vertex -12.2222 29.5758 8
      vertex -12.25 30 0
      vertex -12.25 30 8
    endloop
  endfacet
  facet normal 0.997859 0.0653948 0
    outer loop
      vertex -12.25 30 0
      vertex -12.2222 29.5758 8
      vertex -12.2222 29.5758 0
    endloop
  endfacet
  facet normal -0.55559 0.831456 0
    outer loop
      vertex -7.02152 27.4216 0
      vertex -7.375 27.1854 8
      vertex -7.02152 27.4216 8
    endloop
  endfacet
  facet normal -0.55559 0.831456 0
    outer loop
      vertex -7.375 27.1854 8
      vertex -7.02152 27.4216 0
      vertex -7.375 27.1854 0
    endloop
  endfacet
  facet normal -0.980788 0.195076 0
    outer loop
      vertex -5.86074 29.1588 0
      vertex -5.7778 29.5758 8
      vertex -5.7778 29.5758 0
    endloop
  endfacet
  facet normal -0.980788 0.195076 0
    outer loop
      vertex -5.7778 29.5758 8
      vertex -5.86074 29.1588 0
      vertex -5.86074 29.1588 8
    endloop
  endfacet
  facet normal 0.555568 -0.831471 0
    outer loop
      vertex -10.9785 32.5784 0
      vertex -10.625 32.8146 8
      vertex -10.9785 32.5784 8
    endloop
  endfacet
  facet normal 0.555568 -0.831471 0
    outer loop
      vertex -10.625 32.8146 8
      vertex -10.9785 32.5784 0
      vertex -10.625 32.8146 0
    endloop
  endfacet
  facet normal -0.831493 0.555536 0
    outer loop
      vertex -6.4216 28.0215 0
      vertex -6.18542 28.375 8
      vertex -6.18542 28.375 0
    endloop
  endfacet
  facet normal -0.831493 0.555536 0
    outer loop
      vertex -6.18542 28.375 8
      vertex -6.4216 28.0215 0
      vertex -6.4216 28.0215 8
    endloop
  endfacet
  facet normal -0.321543 0.946895 0
    outer loop
      vertex -7.75628 26.9974 0
      vertex -8.15884 26.8607 8
      vertex -7.75628 26.9974 8
    endloop
  endfacet
  facet normal -0.321543 0.946895 0
    outer loop
      vertex -8.15884 26.8607 8
      vertex -7.75628 26.9974 0
      vertex -8.15884 26.8607 0
    endloop
  endfacet
  facet normal 0.896907 -0.44222 0
    outer loop
      vertex -12.0026 31.2437 8
      vertex -11.8146 31.625 0
      vertex -11.8146 31.625 8
    endloop
  endfacet
  facet normal 0.896907 -0.44222 0
    outer loop
      vertex -11.8146 31.625 0
      vertex -12.0026 31.2437 8
      vertex -12.0026 31.2437 0
    endloop
  endfacet
  facet normal 0.997859 -0.0653948 0
    outer loop
      vertex -12.25 30 8
      vertex -12.2222 30.4242 0
      vertex -12.2222 30.4242 8
    endloop
  endfacet
  facet normal 0.997859 -0.0653948 0
    outer loop
      vertex -12.2222 30.4242 0
      vertex -12.25 30 8
      vertex -12.25 30 0
    endloop
  endfacet
  facet normal 0.94688 -0.321586 0
    outer loop
      vertex -12.1393 30.8412 8
      vertex -12.0026 31.2437 0
      vertex -12.0026 31.2437 8
    endloop
  endfacet
  facet normal 0.94688 -0.321586 0
    outer loop
      vertex -12.0026 31.2437 0
      vertex -12.1393 30.8412 8
      vertex -12.1393 30.8412 0
    endloop
  endfacet
  facet normal 0.94688 0.321586 0
    outer loop
      vertex -12.0026 28.7563 8
      vertex -12.1393 29.1588 0
      vertex -12.1393 29.1588 8
    endloop
  endfacet
  facet normal 0.94688 0.321586 0
    outer loop
      vertex -12.1393 29.1588 0
      vertex -12.0026 28.7563 8
      vertex -12.0026 28.7563 0
    endloop
  endfacet
  facet normal 0.195008 -0.980802 0
    outer loop
      vertex -9.84116 33.1393 0
      vertex -9.42421 33.2222 8
      vertex -9.84116 33.1393 8
    endloop
  endfacet
  facet normal 0.195008 -0.980802 0
    outer loop
      vertex -9.42421 33.2222 8
      vertex -9.84116 33.1393 0
      vertex -9.42421 33.2222 0
    endloop
  endfacet
  facet normal 0.980806 -0.194985 0
    outer loop
      vertex -12.2222 30.4242 8
      vertex -12.1393 30.8412 0
      vertex -12.1393 30.8412 8
    endloop
  endfacet
  facet normal 0.980806 -0.194985 0
    outer loop
      vertex -12.1393 30.8412 0
      vertex -12.2222 30.4242 8
      vertex -12.2222 30.4242 0
    endloop
  endfacet
  facet normal -0.751818 0.65937 0
    outer loop
      vertex -6.7019 27.7019 0
      vertex -6.4216 28.0215 8
      vertex -6.4216 28.0215 0
    endloop
  endfacet
  facet normal -0.751818 0.65937 0
    outer loop
      vertex -6.4216 28.0215 8
      vertex -6.7019 27.7019 0
      vertex -6.7019 27.7019 8
    endloop
  endfacet
  facet normal -0.0653933 0.99786 0
    outer loop
      vertex -8.57579 26.7778 0
      vertex -9 26.75 8
      vertex -8.57579 26.7778 8
    endloop
  endfacet
  facet normal -0.0653933 0.99786 0
    outer loop
      vertex -9 26.75 8
      vertex -8.57579 26.7778 0
      vertex -9 26.75 0
    endloop
  endfacet
  facet normal -0.321543 -0.946895 0
    outer loop
      vertex -8.15884 33.1393 0
      vertex -7.75628 33.0026 8
      vertex -8.15884 33.1393 8
    endloop
  endfacet
  facet normal -0.321543 -0.946895 -0
    outer loop
      vertex -7.75628 33.0026 8
      vertex -8.15884 33.1393 0
      vertex -7.75628 33.0026 0
    endloop
  endfacet
  facet normal -0.659347 0.751839 0
    outer loop
      vertex -6.7019 27.7019 0
      vertex -7.02152 27.4216 8
      vertex -6.7019 27.7019 8
    endloop
  endfacet
  facet normal -0.659347 0.751839 0
    outer loop
      vertex -7.02152 27.4216 8
      vertex -6.7019 27.7019 0
      vertex -7.02152 27.4216 0
    endloop
  endfacet
  facet normal 0.44222 -0.896907 0
    outer loop
      vertex -10.625 32.8146 0
      vertex -10.2437 33.0026 8
      vertex -10.625 32.8146 8
    endloop
  endfacet
  facet normal 0.44222 -0.896907 0
    outer loop
      vertex -10.2437 33.0026 8
      vertex -10.625 32.8146 0
      vertex -10.2437 33.0026 0
    endloop
  endfacet
  facet normal 0.751818 -0.65937 0
    outer loop
      vertex -11.5784 31.9785 8
      vertex -11.2981 32.2981 0
      vertex -11.2981 32.2981 8
    endloop
  endfacet
  facet normal 0.751818 -0.65937 0
    outer loop
      vertex -11.2981 32.2981 0
      vertex -11.5784 31.9785 8
      vertex -11.5784 31.9785 0
    endloop
  endfacet
  facet normal 0.831471 0.555568 0
    outer loop
      vertex -11.5784 28.0215 8
      vertex -11.8146 28.375 0
      vertex -11.8146 28.375 8
    endloop
  endfacet
  facet normal 0.831471 0.555568 0
    outer loop
      vertex -11.8146 28.375 0
      vertex -11.5784 28.0215 8
      vertex -11.5784 28.0215 0
    endloop
  endfacet
  facet normal 0.555568 0.831471 -0
    outer loop
      vertex -10.625 27.1854 0
      vertex -10.9785 27.4216 8
      vertex -10.625 27.1854 8
    endloop
  endfacet
  facet normal 0.555568 0.831471 0
    outer loop
      vertex -10.9785 27.4216 8
      vertex -10.625 27.1854 0
      vertex -10.9785 27.4216 0
    endloop
  endfacet
  facet normal -0.195008 -0.980802 0
    outer loop
      vertex -8.57579 33.2222 0
      vertex -8.15884 33.1393 8
      vertex -8.57579 33.2222 8
    endloop
  endfacet
  facet normal -0.195008 -0.980802 -0
    outer loop
      vertex -8.15884 33.1393 8
      vertex -8.57579 33.2222 0
      vertex -8.15884 33.1393 0
    endloop
  endfacet
  facet normal 0.65937 -0.751818 0
    outer loop
      vertex 36.7019 32.2981 0
      vertex 37.0215 32.5784 8
      vertex 36.7019 32.2981 8
    endloop
  endfacet
  facet normal 0.65937 -0.751818 0
    outer loop
      vertex 37.0215 32.5784 8
      vertex 36.7019 32.2981 0
      vertex 37.0215 32.5784 0
    endloop
  endfacet
  facet normal -0.980806 -0.194985 0
    outer loop
      vertex 42.2222 30.4242 0
      vertex 42.1393 30.8412 8
      vertex 42.1393 30.8412 0
    endloop
  endfacet
  facet normal -0.980806 -0.194985 0
    outer loop
      vertex 42.1393 30.8412 8
      vertex 42.2222 30.4242 0
      vertex 42.2222 30.4242 8
    endloop
  endfacet
  facet normal -0.997859 -0.0653948 0
    outer loop
      vertex 42.25 30 0
      vertex 42.2222 30.4242 8
      vertex 42.2222 30.4242 0
    endloop
  endfacet
  facet normal -0.997859 -0.0653948 0
    outer loop
      vertex 42.2222 30.4242 8
      vertex 42.25 30 0
      vertex 42.25 30 8
    endloop
  endfacet
  facet normal -0.94688 -0.321586 0
    outer loop
      vertex 42.1393 30.8412 0
      vertex 42.0026 31.2437 8
      vertex 42.0026 31.2437 0
    endloop
  endfacet
  facet normal -0.94688 -0.321586 0
    outer loop
      vertex 42.0026 31.2437 8
      vertex 42.1393 30.8412 0
      vertex 42.1393 30.8412 8
    endloop
  endfacet
  facet normal 0.751818 -0.65937 0
    outer loop
      vertex 36.4216 31.9785 8
      vertex 36.7019 32.2981 0
      vertex 36.7019 32.2981 8
    endloop
  endfacet
  facet normal 0.751818 -0.65937 0
    outer loop
      vertex 36.7019 32.2981 0
      vertex 36.4216 31.9785 8
      vertex 36.4216 31.9785 0
    endloop
  endfacet
  facet normal -0.321586 -0.94688 0
    outer loop
      vertex 39.8412 33.1393 0
      vertex 40.2437 33.0026 8
      vertex 39.8412 33.1393 8
    endloop
  endfacet
  facet normal -0.321586 -0.94688 -0
    outer loop
      vertex 40.2437 33.0026 8
      vertex 39.8412 33.1393 0
      vertex 40.2437 33.0026 0
    endloop
  endfacet
  facet normal 0.321586 -0.94688 0
    outer loop
      vertex 37.7563 33.0026 0
      vertex 38.1588 33.1393 8
      vertex 37.7563 33.0026 8
    endloop
  endfacet
  facet normal 0.321586 -0.94688 0
    outer loop
      vertex 38.1588 33.1393 8
      vertex 37.7563 33.0026 0
      vertex 38.1588 33.1393 0
    endloop
  endfacet
  facet normal -0.896907 -0.44222 0
    outer loop
      vertex 42.0026 31.2437 0
      vertex 41.8146 31.625 8
      vertex 41.8146 31.625 0
    endloop
  endfacet
  facet normal -0.896907 -0.44222 0
    outer loop
      vertex 41.8146 31.625 8
      vertex 42.0026 31.2437 0
      vertex 42.0026 31.2437 8
    endloop
  endfacet
  facet normal -0.831471 -0.555568 0
    outer loop
      vertex 41.8146 31.625 0
      vertex 41.5784 31.9785 8
      vertex 41.5784 31.9785 0
    endloop
  endfacet
  facet normal -0.831471 -0.555568 0
    outer loop
      vertex 41.5784 31.9785 8
      vertex 41.8146 31.625 0
      vertex 41.8146 31.625 8
    endloop
  endfacet
  facet normal -0.94688 0.321586 0
    outer loop
      vertex 42.0026 28.7563 0
      vertex 42.1393 29.1588 8
      vertex 42.1393 29.1588 0
    endloop
  endfacet
  facet normal -0.94688 0.321586 0
    outer loop
      vertex 42.1393 29.1588 8
      vertex 42.0026 28.7563 0
      vertex 42.0026 28.7563 8
    endloop
  endfacet
  facet normal -0.65937 0.751818 0
    outer loop
      vertex 41.2981 27.7019 0
      vertex 40.9785 27.4216 8
      vertex 41.2981 27.7019 8
    endloop
  endfacet
  facet normal -0.65937 0.751818 0
    outer loop
      vertex 40.9785 27.4216 8
      vertex 41.2981 27.7019 0
      vertex 40.9785 27.4216 0
    endloop
  endfacet
  facet normal 0.0653948 -0.997859 0
    outer loop
      vertex 38.5758 33.2222 0
      vertex 39 33.25 8
      vertex 38.5758 33.2222 8
    endloop
  endfacet
  facet normal 0.0653948 -0.997859 0
    outer loop
      vertex 39 33.25 8
      vertex 38.5758 33.2222 0
      vertex 39 33.25 0
    endloop
  endfacet
  facet normal 0.194985 0.980806 -0
    outer loop
      vertex 38.5758 26.7778 0
      vertex 38.1588 26.8607 8
      vertex 38.5758 26.7778 8
    endloop
  endfacet
  facet normal 0.194985 0.980806 0
    outer loop
      vertex 38.1588 26.8607 8
      vertex 38.5758 26.7778 0
      vertex 38.1588 26.8607 0
    endloop
  endfacet
  facet normal -0.0653948 -0.997859 0
    outer loop
      vertex 39 33.25 0
      vertex 39.4242 33.2222 8
      vertex 39 33.25 8
    endloop
  endfacet
  facet normal -0.0653948 -0.997859 -0
    outer loop
      vertex 39.4242 33.2222 8
      vertex 39 33.25 0
      vertex 39.4242 33.2222 0
    endloop
  endfacet
  facet normal -0.751818 -0.65937 0
    outer loop
      vertex 41.5784 31.9785 0
      vertex 41.2981 32.2981 8
      vertex 41.2981 32.2981 0
    endloop
  endfacet
  facet normal -0.751818 -0.65937 0
    outer loop
      vertex 41.2981 32.2981 8
      vertex 41.5784 31.9785 0
      vertex 41.5784 31.9785 8
    endloop
  endfacet
  facet normal 0.997859 -0.0653948 0
    outer loop
      vertex 35.75 30 8
      vertex 35.7778 30.4242 0
      vertex 35.7778 30.4242 8
    endloop
  endfacet
  facet normal 0.997859 -0.0653948 0
    outer loop
      vertex 35.7778 30.4242 0
      vertex 35.75 30 8
      vertex 35.75 30 0
    endloop
  endfacet
  facet normal 0.980806 -0.194985 0
    outer loop
      vertex 35.7778 30.4242 8
      vertex 35.8607 30.8412 0
      vertex 35.8607 30.8412 8
    endloop
  endfacet
  facet normal 0.980806 -0.194985 0
    outer loop
      vertex 35.8607 30.8412 0
      vertex 35.7778 30.4242 8
      vertex 35.7778 30.4242 0
    endloop
  endfacet
  facet normal 0.94688 -0.321586 0
    outer loop
      vertex 35.8607 30.8412 8
      vertex 35.9974 31.2437 0
      vertex 35.9974 31.2437 8
    endloop
  endfacet
  facet normal 0.94688 -0.321586 0
    outer loop
      vertex 35.9974 31.2437 0
      vertex 35.8607 30.8412 8
      vertex 35.8607 30.8412 0
    endloop
  endfacet
  facet normal 0.194985 -0.980806 0
    outer loop
      vertex 38.1588 33.1393 0
      vertex 38.5758 33.2222 8
      vertex 38.1588 33.1393 8
    endloop
  endfacet
  facet normal 0.194985 -0.980806 0
    outer loop
      vertex 38.5758 33.2222 8
      vertex 38.1588 33.1393 0
      vertex 38.5758 33.2222 0
    endloop
  endfacet
  facet normal -0.44222 0.896907 0
    outer loop
      vertex 40.625 27.1854 0
      vertex 40.2437 26.9974 8
      vertex 40.625 27.1854 8
    endloop
  endfacet
  facet normal -0.44222 0.896907 0
    outer loop
      vertex 40.2437 26.9974 8
      vertex 40.625 27.1854 0
      vertex 40.2437 26.9974 0
    endloop
  endfacet
  facet normal -0.65937 -0.751818 0
    outer loop
      vertex 40.9785 32.5784 0
      vertex 41.2981 32.2981 8
      vertex 40.9785 32.5784 8
    endloop
  endfacet
  facet normal -0.65937 -0.751818 -0
    outer loop
      vertex 41.2981 32.2981 8
      vertex 40.9785 32.5784 0
      vertex 41.2981 32.2981 0
    endloop
  endfacet
  facet normal -0.321586 0.94688 0
    outer loop
      vertex 40.2437 26.9974 0
      vertex 39.8412 26.8607 8
      vertex 40.2437 26.9974 8
    endloop
  endfacet
  facet normal -0.321586 0.94688 0
    outer loop
      vertex 39.8412 26.8607 8
      vertex 40.2437 26.9974 0
      vertex 39.8412 26.8607 0
    endloop
  endfacet
  facet normal -0.831471 0.555568 0
    outer loop
      vertex 41.5784 28.0215 0
      vertex 41.8146 28.375 8
      vertex 41.8146 28.375 0
    endloop
  endfacet
  facet normal -0.831471 0.555568 0
    outer loop
      vertex 41.8146 28.375 8
      vertex 41.5784 28.0215 0
      vertex 41.5784 28.0215 8
    endloop
  endfacet
  facet normal 0.896907 -0.44222 0
    outer loop
      vertex 35.9974 31.2437 8
      vertex 36.1854 31.625 0
      vertex 36.1854 31.625 8
    endloop
  endfacet
  facet normal 0.896907 -0.44222 0
    outer loop
      vertex 36.1854 31.625 0
      vertex 35.9974 31.2437 8
      vertex 35.9974 31.2437 0
    endloop
  endfacet
  facet normal 0.555568 -0.831471 0
    outer loop
      vertex 37.0215 32.5784 0
      vertex 37.375 32.8146 8
      vertex 37.0215 32.5784 8
    endloop
  endfacet
  facet normal 0.555568 -0.831471 0
    outer loop
      vertex 37.375 32.8146 8
      vertex 37.0215 32.5784 0
      vertex 37.375 32.8146 0
    endloop
  endfacet
  facet normal 0.980806 0.194985 0
    outer loop
      vertex 35.8607 29.1588 8
      vertex 35.7778 29.5758 0
      vertex 35.7778 29.5758 8
    endloop
  endfacet
  facet normal 0.980806 0.194985 0
    outer loop
      vertex 35.7778 29.5758 0
      vertex 35.8607 29.1588 8
      vertex 35.8607 29.1588 0
    endloop
  endfacet
  facet normal -0.555568 -0.831471 0
    outer loop
      vertex 40.625 32.8146 0
      vertex 40.9785 32.5784 8
      vertex 40.625 32.8146 8
    endloop
  endfacet
  facet normal -0.555568 -0.831471 -0
    outer loop
      vertex 40.9785 32.5784 8
      vertex 40.625 32.8146 0
      vertex 40.9785 32.5784 0
    endloop
  endfacet
  facet normal 0.997859 0.0653948 0
    outer loop
      vertex 35.7778 29.5758 8
      vertex 35.75 30 0
      vertex 35.75 30 8
    endloop
  endfacet
  facet normal 0.997859 0.0653948 0
    outer loop
      vertex 35.75 30 0
      vertex 35.7778 29.5758 8
      vertex 35.7778 29.5758 0
    endloop
  endfacet
  facet normal 0.94688 0.321586 0
    outer loop
      vertex 35.9974 28.7563 8
      vertex 35.8607 29.1588 0
      vertex 35.8607 29.1588 8
    endloop
  endfacet
  facet normal 0.94688 0.321586 0
    outer loop
      vertex 35.8607 29.1588 0
      vertex 35.9974 28.7563 8
      vertex 35.9974 28.7563 0
    endloop
  endfacet
  facet normal 0.831471 -0.555568 0
    outer loop
      vertex 36.1854 31.625 8
      vertex 36.4216 31.9785 0
      vertex 36.4216 31.9785 8
    endloop
  endfacet
  facet normal 0.831471 -0.555568 0
    outer loop
      vertex 36.4216 31.9785 0
      vertex 36.1854 31.625 8
      vertex 36.1854 31.625 0
    endloop
  endfacet
  facet normal 0.44222 -0.896907 0
    outer loop
      vertex 37.375 32.8146 0
      vertex 37.7563 33.0026 8
      vertex 37.375 32.8146 8
    endloop
  endfacet
  facet normal 0.44222 -0.896907 0
    outer loop
      vertex 37.7563 33.0026 8
      vertex 37.375 32.8146 0
      vertex 37.7563 33.0026 0
    endloop
  endfacet
  facet normal -0.194985 0.980806 0
    outer loop
      vertex 39.8412 26.8607 0
      vertex 39.4242 26.7778 8
      vertex 39.8412 26.8607 8
    endloop
  endfacet
  facet normal -0.194985 0.980806 0
    outer loop
      vertex 39.4242 26.7778 8
      vertex 39.8412 26.8607 0
      vertex 39.4242 26.7778 0
    endloop
  endfacet
  facet normal -0.751818 0.65937 0
    outer loop
      vertex 41.2981 27.7019 0
      vertex 41.5784 28.0215 8
      vertex 41.5784 28.0215 0
    endloop
  endfacet
  facet normal -0.751818 0.65937 0
    outer loop
      vertex 41.5784 28.0215 8
      vertex 41.2981 27.7019 0
      vertex 41.2981 27.7019 8
    endloop
  endfacet
  facet normal 0.831471 0.555568 0
    outer loop
      vertex 36.4216 28.0215 8
      vertex 36.1854 28.375 0
      vertex 36.1854 28.375 8
    endloop
  endfacet
  facet normal 0.831471 0.555568 0
    outer loop
      vertex 36.1854 28.375 0
      vertex 36.4216 28.0215 8
      vertex 36.4216 28.0215 0
    endloop
  endfacet
  facet normal 0.44222 0.896907 -0
    outer loop
      vertex 37.7563 26.9974 0
      vertex 37.375 27.1854 8
      vertex 37.7563 26.9974 8
    endloop
  endfacet
  facet normal 0.44222 0.896907 0
    outer loop
      vertex 37.375 27.1854 8
      vertex 37.7563 26.9974 0
      vertex 37.375 27.1854 0
    endloop
  endfacet
  facet normal -0.980806 0.194985 0
    outer loop
      vertex 42.1393 29.1588 0
      vertex 42.2222 29.5758 8
      vertex 42.2222 29.5758 0
    endloop
  endfacet
  facet normal -0.980806 0.194985 0
    outer loop
      vertex 42.2222 29.5758 8
      vertex 42.1393 29.1588 0
      vertex 42.1393 29.1588 8
    endloop
  endfacet
  facet normal 0.65937 0.751818 -0
    outer loop
      vertex 37.0215 27.4216 0
      vertex 36.7019 27.7019 8
      vertex 37.0215 27.4216 8
    endloop
  endfacet
  facet normal 0.65937 0.751818 0
    outer loop
      vertex 36.7019 27.7019 8
      vertex 37.0215 27.4216 0
      vertex 36.7019 27.7019 0
    endloop
  endfacet
  facet normal 0.896907 0.44222 0
    outer loop
      vertex 36.1854 28.375 8
      vertex 35.9974 28.7563 0
      vertex 35.9974 28.7563 8
    endloop
  endfacet
  facet normal 0.896907 0.44222 0
    outer loop
      vertex 35.9974 28.7563 0
      vertex 36.1854 28.375 8
      vertex 36.1854 28.375 0
    endloop
  endfacet
  facet normal -0.896907 0.44222 0
    outer loop
      vertex 41.8146 28.375 0
      vertex 42.0026 28.7563 8
      vertex 42.0026 28.7563 0
    endloop
  endfacet
  facet normal -0.896907 0.44222 0
    outer loop
      vertex 42.0026 28.7563 8
      vertex 41.8146 28.375 0
      vertex 41.8146 28.375 8
    endloop
  endfacet
  facet normal -0.555568 0.831471 0
    outer loop
      vertex 40.9785 27.4216 0
      vertex 40.625 27.1854 8
      vertex 40.9785 27.4216 8
    endloop
  endfacet
  facet normal -0.555568 0.831471 0
    outer loop
      vertex 40.625 27.1854 8
      vertex 40.9785 27.4216 0
      vertex 40.625 27.1854 0
    endloop
  endfacet
  facet normal -0.44222 -0.896907 0
    outer loop
      vertex 40.2437 33.0026 0
      vertex 40.625 32.8146 8
      vertex 40.2437 33.0026 8
    endloop
  endfacet
  facet normal -0.44222 -0.896907 -0
    outer loop
      vertex 40.625 32.8146 8
      vertex 40.2437 33.0026 0
      vertex 40.625 32.8146 0
    endloop
  endfacet
  facet normal 0.751818 0.65937 0
    outer loop
      vertex 36.7019 27.7019 8
      vertex 36.4216 28.0215 0
      vertex 36.4216 28.0215 8
    endloop
  endfacet
  facet normal 0.751818 0.65937 0
    outer loop
      vertex 36.4216 28.0215 0
      vertex 36.7019 27.7019 8
      vertex 36.7019 27.7019 0
    endloop
  endfacet
  facet normal -0.997859 0.0653948 0
    outer loop
      vertex 42.2222 29.5758 0
      vertex 42.25 30 8
      vertex 42.25 30 0
    endloop
  endfacet
  facet normal -0.997859 0.0653948 0
    outer loop
      vertex 42.25 30 8
      vertex 42.2222 29.5758 0
      vertex 42.2222 29.5758 8
    endloop
  endfacet
  facet normal -0.0653948 0.997859 0
    outer loop
      vertex 39.4242 26.7778 0
      vertex 39 26.75 8
      vertex 39.4242 26.7778 8
    endloop
  endfacet
  facet normal -0.0653948 0.997859 0
    outer loop
      vertex 39 26.75 8
      vertex 39.4242 26.7778 0
      vertex 39 26.75 0
    endloop
  endfacet
  facet normal 0.0653948 0.997859 -0
    outer loop
      vertex 39 26.75 0
      vertex 38.5758 26.7778 8
      vertex 39 26.75 8
    endloop
  endfacet
  facet normal 0.0653948 0.997859 0
    outer loop
      vertex 38.5758 26.7778 8
      vertex 39 26.75 0
      vertex 38.5758 26.7778 0
    endloop
  endfacet
  facet normal 0.321586 0.94688 -0
    outer loop
      vertex 38.1588 26.8607 0
      vertex 37.7563 26.9974 8
      vertex 38.1588 26.8607 8
    endloop
  endfacet
  facet normal 0.321586 0.94688 0
    outer loop
      vertex 37.7563 26.9974 8
      vertex 38.1588 26.8607 0
      vertex 37.7563 26.9974 0
    endloop
  endfacet
  facet normal -0.194985 -0.980806 0
    outer loop
      vertex 39.4242 33.2222 0
      vertex 39.8412 33.1393 8
      vertex 39.4242 33.2222 8
    endloop
  endfacet
  facet normal -0.194985 -0.980806 -0
    outer loop
      vertex 39.8412 33.1393 8
      vertex 39.4242 33.2222 0
      vertex 39.8412 33.1393 0
    endloop
  endfacet
  facet normal 0.555568 0.831471 -0
    outer loop
      vertex 37.375 27.1854 0
      vertex 37.0215 27.4216 8
      vertex 37.375 27.1854 8
    endloop
  endfacet
  facet normal 0.555568 0.831471 0
    outer loop
      vertex 37.0215 27.4216 8
      vertex 37.375 27.1854 0
      vertex 37.0215 27.4216 0
    endloop
  endfacet
  facet normal -0.980986 -0.19408 0
    outer loop
      vertex 15.9944 53.2848 0
      vertex 15.9779 53.3682 3
      vertex 15.9779 53.3682 0
    endloop
  endfacet
  facet normal -0.980986 -0.19408 0
    outer loop
      vertex 15.9779 53.3682 3
      vertex 15.9944 53.2848 0
      vertex 15.9944 53.2848 3
    endloop
  endfacet
  facet normal -0.997827 -0.0658942 0
    outer loop
      vertex 16 53.2 0
      vertex 15.9944 53.2848 3
      vertex 15.9944 53.2848 0
    endloop
  endfacet
  facet normal -0.997827 -0.0658942 0
    outer loop
      vertex 15.9944 53.2848 3
      vertex 16 53.2 0
      vertex 16 53.2 3
    endloop
  endfacet
  facet normal -0.0658942 0.997827 0
    outer loop
      vertex 15.4348 52.5556 0
      vertex 15.35 52.55 3
      vertex 15.4348 52.5556 3
    endloop
  endfacet
  facet normal -0.0658942 0.997827 0
    outer loop
      vertex 15.35 52.55 3
      vertex 15.4348 52.5556 0
      vertex 15.35 52.55 0
    endloop
  endfacet
  facet normal 0.659753 -0.751483 0
    outer loop
      vertex 14.8904 53.6596 0
      vertex 14.9543 53.7157 3
      vertex 14.8904 53.6596 3
    endloop
  endfacet
  facet normal 0.659753 -0.751483 0
    outer loop
      vertex 14.9543 53.7157 3
      vertex 14.8904 53.6596 0
      vertex 14.9543 53.7157 0
    endloop
  endfacet
  facet normal 0.831688 0.555243 0
    outer loop
      vertex 14.8343 52.8043 3
      vertex 14.7871 52.875 0
      vertex 14.7871 52.875 3
    endloop
  endfacet
  facet normal 0.831688 0.555243 0
    outer loop
      vertex 14.7871 52.875 0
      vertex 14.8343 52.8043 3
      vertex 14.8343 52.8043 0
    endloop
  endfacet
  facet normal 0.19408 0.980986 -0
    outer loop
      vertex 15.2652 52.5556 0
      vertex 15.1818 52.5721 3
      vertex 15.2652 52.5556 3
    endloop
  endfacet
  facet normal 0.19408 0.980986 0
    outer loop
      vertex 15.1818 52.5721 3
      vertex 15.2652 52.5556 0
      vertex 15.1818 52.5721 0
    endloop
  endfacet
  facet normal -0.659753 -0.751483 0
    outer loop
      vertex 15.7457 53.7157 0
      vertex 15.8096 53.6596 3
      vertex 15.7457 53.7157 3
    endloop
  endfacet
  facet normal -0.659753 -0.751483 -0
    outer loop
      vertex 15.8096 53.6596 3
      vertex 15.7457 53.7157 0
      vertex 15.8096 53.6596 0
    endloop
  endfacet
  facet normal -0.946665 0.322219 0
    outer loop
      vertex 15.9505 52.9513 0
      vertex 15.9779 53.0318 3
      vertex 15.9779 53.0318 0
    endloop
  endfacet
  facet normal -0.946665 0.322219 0
    outer loop
      vertex 15.9779 53.0318 3
      vertex 15.9505 52.9513 0
      vertex 15.9505 52.9513 3
    endloop
  endfacet
  facet normal -0.751483 0.659753 0
    outer loop
      vertex 15.8096 52.7404 0
      vertex 15.8657 52.8043 3
      vertex 15.8657 52.8043 0
    endloop
  endfacet
  facet normal -0.751483 0.659753 0
    outer loop
      vertex 15.8657 52.8043 3
      vertex 15.8096 52.7404 0
      vertex 15.8096 52.7404 3
    endloop
  endfacet
  facet normal -0.751483 -0.659753 0
    outer loop
      vertex 15.8657 53.5957 0
      vertex 15.8096 53.6596 3
      vertex 15.8096 53.6596 0
    endloop
  endfacet
  facet normal -0.751483 -0.659753 0
    outer loop
      vertex 15.8096 53.6596 3
      vertex 15.8657 53.5957 0
      vertex 15.8657 53.5957 3
    endloop
  endfacet
  facet normal 0.946665 0.322219 0
    outer loop
      vertex 14.7495 52.9513 3
      vertex 14.7221 53.0318 0
      vertex 14.7221 53.0318 3
    endloop
  endfacet
  facet normal 0.946665 0.322219 0
    outer loop
      vertex 14.7221 53.0318 0
      vertex 14.7495 52.9513 3
      vertex 14.7495 52.9513 0
    endloop
  endfacet
  facet normal -0.322219 0.946665 0
    outer loop
      vertex 15.5987 52.5995 0
      vertex 15.5182 52.5721 3
      vertex 15.5987 52.5995 3
    endloop
  endfacet
  facet normal -0.322219 0.946665 0
    outer loop
      vertex 15.5182 52.5721 3
      vertex 15.5987 52.5995 0
      vertex 15.5182 52.5721 0
    endloop
  endfacet
  facet normal 0.0658942 0.997827 -0
    outer loop
      vertex 15.35 52.55 0
      vertex 15.2652 52.5556 3
      vertex 15.35 52.55 3
    endloop
  endfacet
  facet normal 0.0658942 0.997827 0
    outer loop
      vertex 15.2652 52.5556 3
      vertex 15.35 52.55 0
      vertex 15.2652 52.5556 0
    endloop
  endfacet
  facet normal 0.322219 -0.946665 0
    outer loop
      vertex 15.1013 53.8005 0
      vertex 15.1818 53.8279 3
      vertex 15.1013 53.8005 3
    endloop
  endfacet
  facet normal 0.322219 -0.946665 0
    outer loop
      vertex 15.1818 53.8279 3
      vertex 15.1013 53.8005 0
      vertex 15.1818 53.8279 0
    endloop
  endfacet
  facet normal -0.946665 -0.322219 0
    outer loop
      vertex 15.9779 53.3682 0
      vertex 15.9505 53.4487 3
      vertex 15.9505 53.4487 0
    endloop
  endfacet
  facet normal -0.946665 -0.322219 0
    outer loop
      vertex 15.9505 53.4487 3
      vertex 15.9779 53.3682 0
      vertex 15.9779 53.3682 3
    endloop
  endfacet
  facet normal 0.751483 -0.659753 0
    outer loop
      vertex 14.8343 53.5957 3
      vertex 14.8904 53.6596 0
      vertex 14.8904 53.6596 3
    endloop
  endfacet
  facet normal 0.751483 -0.659753 0
    outer loop
      vertex 14.8904 53.6596 0
      vertex 14.8343 53.5957 3
      vertex 14.8343 53.5957 0
    endloop
  endfacet
  facet normal 0.442033 0.896999 -0
    outer loop
      vertex 15.1013 52.5995 0
      vertex 15.025 52.6371 3
      vertex 15.1013 52.5995 3
    endloop
  endfacet
  facet normal 0.442033 0.896999 0
    outer loop
      vertex 15.025 52.6371 3
      vertex 15.1013 52.5995 0
      vertex 15.025 52.6371 0
    endloop
  endfacet
  facet normal 0.0658942 -0.997827 0
    outer loop
      vertex 15.2652 53.8444 0
      vertex 15.35 53.85 3
      vertex 15.2652 53.8444 3
    endloop
  endfacet
  facet normal 0.0658942 -0.997827 0
    outer loop
      vertex 15.35 53.85 3
      vertex 15.2652 53.8444 0
      vertex 15.35 53.85 0
    endloop
  endfacet
  facet normal -0.896999 0.442033 0
    outer loop
      vertex 15.9129 52.875 0
      vertex 15.9505 52.9513 3
      vertex 15.9505 52.9513 0
    endloop
  endfacet
  facet normal -0.896999 0.442033 0
    outer loop
      vertex 15.9505 52.9513 3
      vertex 15.9129 52.875 0
      vertex 15.9129 52.875 3
    endloop
  endfacet
  facet normal -0.555243 0.831688 0
    outer loop
      vertex 15.7457 52.6843 0
      vertex 15.675 52.6371 3
      vertex 15.7457 52.6843 3
    endloop
  endfacet
  facet normal -0.555243 0.831688 0
    outer loop
      vertex 15.675 52.6371 3
      vertex 15.7457 52.6843 0
      vertex 15.675 52.6371 0
    endloop
  endfacet
  facet normal 0.980986 0.19408 0
    outer loop
      vertex 14.7221 53.0318 3
      vertex 14.7056 53.1152 0
      vertex 14.7056 53.1152 3
    endloop
  endfacet
  facet normal 0.980986 0.19408 0
    outer loop
      vertex 14.7056 53.1152 0
      vertex 14.7221 53.0318 3
      vertex 14.7221 53.0318 0
    endloop
  endfacet
  facet normal -0.19408 -0.980986 0
    outer loop
      vertex 15.4348 53.8444 0
      vertex 15.5182 53.8279 3
      vertex 15.4348 53.8444 3
    endloop
  endfacet
  facet normal -0.19408 -0.980986 -0
    outer loop
      vertex 15.5182 53.8279 3
      vertex 15.4348 53.8444 0
      vertex 15.5182 53.8279 0
    endloop
  endfacet
  facet normal -0.831688 -0.555243 0
    outer loop
      vertex 15.9129 53.525 0
      vertex 15.8657 53.5957 3
      vertex 15.8657 53.5957 0
    endloop
  endfacet
  facet normal -0.831688 -0.555243 0
    outer loop
      vertex 15.8657 53.5957 3
      vertex 15.9129 53.525 0
      vertex 15.9129 53.525 3
    endloop
  endfacet
  facet normal -0.997827 0.0658942 0
    outer loop
      vertex 15.9944 53.1152 0
      vertex 16 53.2 3
      vertex 16 53.2 0
    endloop
  endfacet
  facet normal -0.997827 0.0658942 0
    outer loop
      vertex 16 53.2 3
      vertex 15.9944 53.1152 0
      vertex 15.9944 53.1152 3
    endloop
  endfacet
  facet normal -0.322219 -0.946665 0
    outer loop
      vertex 15.5182 53.8279 0
      vertex 15.5987 53.8005 3
      vertex 15.5182 53.8279 3
    endloop
  endfacet
  facet normal -0.322219 -0.946665 -0
    outer loop
      vertex 15.5987 53.8005 3
      vertex 15.5182 53.8279 0
      vertex 15.5987 53.8005 0
    endloop
  endfacet
  facet normal -0.555243 -0.831688 0
    outer loop
      vertex 15.675 53.7629 0
      vertex 15.7457 53.7157 3
      vertex 15.675 53.7629 3
    endloop
  endfacet
  facet normal -0.555243 -0.831688 -0
    outer loop
      vertex 15.7457 53.7157 3
      vertex 15.675 53.7629 0
      vertex 15.7457 53.7157 0
    endloop
  endfacet
  facet normal 0.19408 -0.980986 0
    outer loop
      vertex 15.1818 53.8279 0
      vertex 15.2652 53.8444 3
      vertex 15.1818 53.8279 3
    endloop
  endfacet
  facet normal 0.19408 -0.980986 0
    outer loop
      vertex 15.2652 53.8444 3
      vertex 15.1818 53.8279 0
      vertex 15.2652 53.8444 0
    endloop
  endfacet
  facet normal -0.659753 0.751483 0
    outer loop
      vertex 15.8096 52.7404 0
      vertex 15.7457 52.6843 3
      vertex 15.8096 52.7404 3
    endloop
  endfacet
  facet normal -0.659753 0.751483 0
    outer loop
      vertex 15.7457 52.6843 3
      vertex 15.8096 52.7404 0
      vertex 15.7457 52.6843 0
    endloop
  endfacet
  facet normal 0.896999 -0.442033 0
    outer loop
      vertex 14.7495 53.4487 3
      vertex 14.7871 53.525 0
      vertex 14.7871 53.525 3
    endloop
  endfacet
  facet normal 0.896999 -0.442033 0
    outer loop
      vertex 14.7871 53.525 0
      vertex 14.7495 53.4487 3
      vertex 14.7495 53.4487 0
    endloop
  endfacet
  facet normal -0.980986 0.19408 0
    outer loop
      vertex 15.9779 53.0318 0
      vertex 15.9944 53.1152 3
      vertex 15.9944 53.1152 0
    endloop
  endfacet
  facet normal -0.980986 0.19408 0
    outer loop
      vertex 15.9944 53.1152 3
      vertex 15.9779 53.0318 0
      vertex 15.9779 53.0318 3
    endloop
  endfacet
  facet normal -0.19408 0.980986 0
    outer loop
      vertex 15.5182 52.5721 0
      vertex 15.4348 52.5556 3
      vertex 15.5182 52.5721 3
    endloop
  endfacet
  facet normal -0.19408 0.980986 0
    outer loop
      vertex 15.4348 52.5556 3
      vertex 15.5182 52.5721 0
      vertex 15.4348 52.5556 0
    endloop
  endfacet
  facet normal 0.659753 0.751483 -0
    outer loop
      vertex 14.9543 52.6843 0
      vertex 14.8904 52.7404 3
      vertex 14.9543 52.6843 3
    endloop
  endfacet
  facet normal 0.659753 0.751483 0
    outer loop
      vertex 14.8904 52.7404 3
      vertex 14.9543 52.6843 0
      vertex 14.8904 52.7404 0
    endloop
  endfacet
  facet normal 0.751483 0.659753 0
    outer loop
      vertex 14.8904 52.7404 3
      vertex 14.8343 52.8043 0
      vertex 14.8343 52.8043 3
    endloop
  endfacet
  facet normal 0.751483 0.659753 0
    outer loop
      vertex 14.8343 52.8043 0
      vertex 14.8904 52.7404 3
      vertex 14.8904 52.7404 0
    endloop
  endfacet
  facet normal -0.0658942 -0.997827 0
    outer loop
      vertex 15.35 53.85 0
      vertex 15.4348 53.8444 3
      vertex 15.35 53.85 3
    endloop
  endfacet
  facet normal -0.0658942 -0.997827 -0
    outer loop
      vertex 15.4348 53.8444 3
      vertex 15.35 53.85 0
      vertex 15.4348 53.8444 0
    endloop
  endfacet
  facet normal -0.442033 -0.896999 0
    outer loop
      vertex 15.5987 53.8005 0
      vertex 15.675 53.7629 3
      vertex 15.5987 53.8005 3
    endloop
  endfacet
  facet normal -0.442033 -0.896999 -0
    outer loop
      vertex 15.675 53.7629 3
      vertex 15.5987 53.8005 0
      vertex 15.675 53.7629 0
    endloop
  endfacet
  facet normal -0.831688 0.555243 0
    outer loop
      vertex 15.8657 52.8043 0
      vertex 15.9129 52.875 3
      vertex 15.9129 52.875 0
    endloop
  endfacet
  facet normal -0.831688 0.555243 0
    outer loop
      vertex 15.9129 52.875 3
      vertex 15.8657 52.8043 0
      vertex 15.8657 52.8043 3
    endloop
  endfacet
  facet normal 0.997827 0.0658942 0
    outer loop
      vertex 14.7056 53.1152 3
      vertex 14.7 53.2 0
      vertex 14.7 53.2 3
    endloop
  endfacet
  facet normal 0.997827 0.0658942 0
    outer loop
      vertex 14.7 53.2 0
      vertex 14.7056 53.1152 3
      vertex 14.7056 53.1152 0
    endloop
  endfacet
  facet normal -0.442033 0.896999 0
    outer loop
      vertex 15.675 52.6371 0
      vertex 15.5987 52.5995 3
      vertex 15.675 52.6371 3
    endloop
  endfacet
  facet normal -0.442033 0.896999 0
    outer loop
      vertex 15.5987 52.5995 3
      vertex 15.675 52.6371 0
      vertex 15.5987 52.5995 0
    endloop
  endfacet
  facet normal 0.980986 -0.19408 0
    outer loop
      vertex 14.7056 53.2848 3
      vertex 14.7221 53.3682 0
      vertex 14.7221 53.3682 3
    endloop
  endfacet
  facet normal 0.980986 -0.19408 0
    outer loop
      vertex 14.7221 53.3682 0
      vertex 14.7056 53.2848 3
      vertex 14.7056 53.2848 0
    endloop
  endfacet
  facet normal 0.896999 0.442033 0
    outer loop
      vertex 14.7871 52.875 3
      vertex 14.7495 52.9513 0
      vertex 14.7495 52.9513 3
    endloop
  endfacet
  facet normal 0.896999 0.442033 0
    outer loop
      vertex 14.7495 52.9513 0
      vertex 14.7871 52.875 3
      vertex 14.7871 52.875 0
    endloop
  endfacet
  facet normal 0.946665 -0.322219 0
    outer loop
      vertex 14.7221 53.3682 3
      vertex 14.7495 53.4487 0
      vertex 14.7495 53.4487 3
    endloop
  endfacet
  facet normal 0.946665 -0.322219 0
    outer loop
      vertex 14.7495 53.4487 0
      vertex 14.7221 53.3682 3
      vertex 14.7221 53.3682 0
    endloop
  endfacet
  facet normal 0.555243 -0.831688 0
    outer loop
      vertex 14.9543 53.7157 0
      vertex 15.025 53.7629 3
      vertex 14.9543 53.7157 3
    endloop
  endfacet
  facet normal 0.555243 -0.831688 0
    outer loop
      vertex 15.025 53.7629 3
      vertex 14.9543 53.7157 0
      vertex 15.025 53.7629 0
    endloop
  endfacet
  facet normal -0.896999 -0.442033 0
    outer loop
      vertex 15.9505 53.4487 0
      vertex 15.9129 53.525 3
      vertex 15.9129 53.525 0
    endloop
  endfacet
  facet normal -0.896999 -0.442033 0
    outer loop
      vertex 15.9129 53.525 3
      vertex 15.9505 53.4487 0
      vertex 15.9505 53.4487 3
    endloop
  endfacet
  facet normal 0.997827 -0.0658942 0
    outer loop
      vertex 14.7 53.2 3
      vertex 14.7056 53.2848 0
      vertex 14.7056 53.2848 3
    endloop
  endfacet
  facet normal 0.997827 -0.0658942 0
    outer loop
      vertex 14.7056 53.2848 0
      vertex 14.7 53.2 3
      vertex 14.7 53.2 0
    endloop
  endfacet
  facet normal 0.322219 0.946665 -0
    outer loop
      vertex 15.1818 52.5721 0
      vertex 15.1013 52.5995 3
      vertex 15.1818 52.5721 3
    endloop
  endfacet
  facet normal 0.322219 0.946665 0
    outer loop
      vertex 15.1013 52.5995 3
      vertex 15.1818 52.5721 0
      vertex 15.1013 52.5995 0
    endloop
  endfacet
  facet normal 0.442033 -0.896999 0
    outer loop
      vertex 15.025 53.7629 0
      vertex 15.1013 53.8005 3
      vertex 15.025 53.7629 3
    endloop
  endfacet
  facet normal 0.442033 -0.896999 0
    outer loop
      vertex 15.1013 53.8005 3
      vertex 15.025 53.7629 0
      vertex 15.1013 53.8005 0
    endloop
  endfacet
  facet normal 0.831688 -0.555243 0
    outer loop
      vertex 14.7871 53.525 3
      vertex 14.8343 53.5957 0
      vertex 14.8343 53.5957 3
    endloop
  endfacet
  facet normal 0.831688 -0.555243 0
    outer loop
      vertex 14.8343 53.5957 0
      vertex 14.7871 53.525 3
      vertex 14.7871 53.525 0
    endloop
  endfacet
  facet normal 0.555243 0.831688 -0
    outer loop
      vertex 15.025 52.6371 0
      vertex 14.9543 52.6843 3
      vertex 15.025 52.6371 3
    endloop
  endfacet
  facet normal 0.555243 0.831688 0
    outer loop
      vertex 14.9543 52.6843 3
      vertex 15.025 52.6371 0
      vertex 14.9543 52.6843 0
    endloop
  endfacet
  facet normal -0.321464 0.946922 0
    outer loop
      vertex 16.0197 51.5832 3
      vertex 15.8029 51.5096 6
      vertex 16.0197 51.5832 6
    endloop
  endfacet
  facet normal -0.321464 0.946922 0
    outer loop
      vertex 15.8029 51.5096 6
      vertex 16.0197 51.5832 3
      vertex 15.8029 51.5096 3
    endloop
  endfacet
  facet normal -0.194856 -0.980832 0
    outer loop
      vertex 15.5784 54.935 3
      vertex 15.8029 54.8904 6
      vertex 15.5784 54.935 6
    endloop
  endfacet
  facet normal -0.194856 -0.980832 -0
    outer loop
      vertex 15.8029 54.8904 6
      vertex 15.5784 54.935 3
      vertex 15.8029 54.8904 3
    endloop
  endfacet
  facet normal -0.659524 -0.751683 0
    outer loop
      vertex 16.4153 54.5884 3
      vertex 16.5874 54.4374 6
      vertex 16.4153 54.5884 6
    endloop
  endfacet
  facet normal -0.659524 -0.751683 -0
    outer loop
      vertex 16.5874 54.4374 6
      vertex 16.4153 54.5884 3
      vertex 16.5874 54.4374 3
    endloop
  endfacet
  facet normal 0.99785 0.0655331 0
    outer loop
      vertex 13.615 52.9716 6
      vertex 13.6 53.2 3
      vertex 13.6 53.2 6
    endloop
  endfacet
  facet normal 0.99785 0.0655331 0
    outer loop
      vertex 13.6 53.2 3
      vertex 13.615 52.9716 6
      vertex 13.615 52.9716 3
    endloop
  endfacet
  facet normal -0.0655331 0.99785 0
    outer loop
      vertex 15.5784 51.465 3
      vertex 15.35 51.45 6
      vertex 15.5784 51.465 6
    endloop
  endfacet
  facet normal -0.0655331 0.99785 0
    outer loop
      vertex 15.35 51.45 6
      vertex 15.5784 51.465 3
      vertex 15.35 51.45 3
    endloop
  endfacet
  facet normal 0.194856 0.980832 -0
    outer loop
      vertex 15.1216 51.465 3
      vertex 14.8971 51.5096 6
      vertex 15.1216 51.465 6
    endloop
  endfacet
  facet normal 0.194856 0.980832 0
    outer loop
      vertex 14.8971 51.5096 6
      vertex 15.1216 51.465 3
      vertex 14.8971 51.5096 3
    endloop
  endfacet
  facet normal 0.321464 0.946922 -0
    outer loop
      vertex 14.8971 51.5096 3
      vertex 14.6803 51.5832 6
      vertex 14.8971 51.5096 6
    endloop
  endfacet
  facet normal 0.321464 0.946922 0
    outer loop
      vertex 14.6803 51.5832 6
      vertex 14.8971 51.5096 3
      vertex 14.6803 51.5832 3
    endloop
  endfacet
  facet normal 0.194856 -0.980832 0
    outer loop
      vertex 14.8971 54.8904 3
      vertex 15.1216 54.935 6
      vertex 14.8971 54.8904 6
    endloop
  endfacet
  facet normal 0.194856 -0.980832 0
    outer loop
      vertex 15.1216 54.935 6
      vertex 14.8971 54.8904 3
      vertex 15.1216 54.935 3
    endloop
  endfacet
  facet normal 0.980832 0.194856 0
    outer loop
      vertex 13.6596 52.7471 6
      vertex 13.615 52.9716 3
      vertex 13.615 52.9716 6
    endloop
  endfacet
  facet normal 0.980832 0.194856 0
    outer loop
      vertex 13.615 52.9716 3
      vertex 13.6596 52.7471 6
      vertex 13.6596 52.7471 3
    endloop
  endfacet
  facet normal 0.751683 0.659524 0
    outer loop
      vertex 14.1126 51.9626 6
      vertex 13.9616 52.1347 3
      vertex 13.9616 52.1347 6
    endloop
  endfacet
  facet normal 0.751683 0.659524 0
    outer loop
      vertex 13.9616 52.1347 3
      vertex 14.1126 51.9626 6
      vertex 14.1126 51.9626 3
    endloop
  endfacet
  facet normal -0.555406 -0.831579 0
    outer loop
      vertex 16.225 54.7155 3
      vertex 16.4153 54.5884 6
      vertex 16.225 54.7155 6
    endloop
  endfacet
  facet normal -0.555406 -0.831579 -0
    outer loop
      vertex 16.4153 54.5884 6
      vertex 16.225 54.7155 3
      vertex 16.4153 54.5884 3
    endloop
  endfacet
  facet normal -0.44249 -0.896774 0
    outer loop
      vertex 16.0197 54.8168 3
      vertex 16.225 54.7155 6
      vertex 16.0197 54.8168 6
    endloop
  endfacet
  facet normal -0.44249 -0.896774 -0
    outer loop
      vertex 16.225 54.7155 6
      vertex 16.0197 54.8168 3
      vertex 16.225 54.7155 3
    endloop
  endfacet
  facet normal 0.659524 -0.751683 0
    outer loop
      vertex 14.1126 54.4374 3
      vertex 14.2847 54.5884 6
      vertex 14.1126 54.4374 6
    endloop
  endfacet
  facet normal 0.659524 -0.751683 0
    outer loop
      vertex 14.2847 54.5884 6
      vertex 14.1126 54.4374 3
      vertex 14.2847 54.5884 3
    endloop
  endfacet
  facet normal 0.44249 -0.896774 0
    outer loop
      vertex 14.475 54.7155 3
      vertex 14.6803 54.8168 6
      vertex 14.475 54.7155 6
    endloop
  endfacet
  facet normal 0.44249 -0.896774 0
    outer loop
      vertex 14.6803 54.8168 6
      vertex 14.475 54.7155 3
      vertex 14.6803 54.8168 3
    endloop
  endfacet
  facet normal -0 0 1
    outer loop
      vertex 15.8657 52.8043 3
      vertex 16.62 51.9997 3
      vertex 15.9129 52.875 3
    endloop
  endfacet
  facet normal -0 0 1
    outer loop
      vertex 15.8096 52.7404 3
      vertex 16.62 51.9997 3
      vertex 15.8657 52.8043 3
    endloop
  endfacet
  facet normal 0 0 1
    outer loop
      vertex 16.62 51.9997 3
      vertex 15.8096 52.7404 3
      vertex 16.5874 51.9626 3
    endloop
  endfacet
  facet normal 0 0 1
    outer loop
      vertex 16.5874 51.9626 3
      vertex 15.8096 52.7404 3
      vertex 16.4153 51.8116 3
    endloop
  endfacet
  facet normal -0 0 1
    outer loop
      vertex 15.7457 52.6843 3
      vertex 16.4153 51.8116 3
      vertex 15.8096 52.7404 3
    endloop
  endfacet
  facet normal 0 0 1
    outer loop
      vertex 16.4153 51.8116 3
      vertex 15.7457 52.6843 3
      vertex 16.225 51.6845 3
    endloop
  endfacet
  facet normal -0 0 1
    outer loop
      vertex 15.675 52.6371 3
      vertex 16.225 51.6845 3
      vertex 15.7457 52.6843 3
    endloop
  endfacet
  facet normal 0 0 1
    outer loop
      vertex 16.225 51.6845 3
      vertex 15.675 52.6371 3
      vertex 16.0197 51.5832 3
    endloop
  endfacet
  facet normal -0 0 1
    outer loop
      vertex 15.5987 52.5995 3
      vertex 16.0197 51.5832 3
      vertex 15.675 52.6371 3
    endloop
  endfacet
  facet normal 0 0 1
    outer loop
      vertex 16.0197 51.5832 3
      vertex 15.5987 52.5995 3
      vertex 15.8029 51.5096 3
    endloop
  endfacet
  facet normal -0 0 1
    outer loop
      vertex 15.5182 52.5721 3
      vertex 15.8029 51.5096 3
      vertex 15.5987 52.5995 3
    endloop
  endfacet
  facet normal 0 0 1
    outer loop
      vertex 15.8029 51.5096 3
      vertex 15.5182 52.5721 3
      vertex 15.5784 51.465 3
    endloop
  endfacet
  facet normal -0 0 1
    outer loop
      vertex 15.4348 52.5556 3
      vertex 15.5784 51.465 3
      vertex 15.5182 52.5721 3
    endloop
  endfacet
  facet normal -0 0 1
    outer loop
      vertex 15.35 52.55 3
      vertex 15.5784 51.465 3
      vertex 15.4348 52.5556 3
    endloop
  endfacet
  facet normal 0 0 1
    outer loop
      vertex 15.35 52.55 3
      vertex 15.35 51.45 3
      vertex 15.5784 51.465 3
    endloop
  endfacet
  facet normal 0 0 1
    outer loop
      vertex 15.2652 52.5556 3
      vertex 15.35 51.45 3
      vertex 15.35 52.55 3
    endloop
  endfacet
  facet normal 0 0 1
    outer loop
      vertex 15.1216 51.465 3
      vertex 15.2652 52.5556 3
      vertex 15.1818 52.5721 3
    endloop
  endfacet
  facet normal 0 0 1
    outer loop
      vertex 15.2652 52.5556 3
      vertex 15.1216 51.465 3
      vertex 15.35 51.45 3
    endloop
  endfacet
  facet normal 0 0 1
    outer loop
      vertex 14.8971 51.5096 3
      vertex 15.1818 52.5721 3
      vertex 15.1013 52.5995 3
    endloop
  endfacet
  facet normal 0 0 1
    outer loop
      vertex 14.6803 51.5832 3
      vertex 15.1013 52.5995 3
      vertex 15.025 52.6371 3
    endloop
  endfacet
  facet normal 0 0 1
    outer loop
      vertex 14.475 51.6845 3
      vertex 15.025 52.6371 3
      vertex 14.9543 52.6843 3
    endloop
  endfacet
  facet normal 0 0 1
    outer loop
      vertex 15.1818 52.5721 3
      vertex 14.8971 51.5096 3
      vertex 15.1216 51.465 3
    endloop
  endfacet
  facet normal 0 0 1
    outer loop
      vertex 14.2847 51.8116 3
      vertex 14.9543 52.6843 3
      vertex 14.8904 52.7404 3
    endloop
  endfacet
  facet normal 0 0 1
    outer loop
      vertex 14.1126 51.9626 3
      vertex 14.8904 52.7404 3
      vertex 14.8343 52.8043 3
    endloop
  endfacet
  facet normal 0 0 1
    outer loop
      vertex 13.9616 52.1347 3
      vertex 14.8343 52.8043 3
      vertex 14.7871 52.875 3
    endloop
  endfacet
  facet normal 0 0 1
    outer loop
      vertex 13.8345 52.325 3
      vertex 14.7871 52.875 3
      vertex 14.7495 52.9513 3
    endloop
  endfacet
  facet normal 0 0 1
    outer loop
      vertex 13.7332 52.5303 3
      vertex 14.7495 52.9513 3
      vertex 14.7221 53.0318 3
    endloop
  endfacet
  facet normal 0 0 1
    outer loop
      vertex 13.6596 52.7471 3
      vertex 14.7221 53.0318 3
      vertex 14.7056 53.1152 3
    endloop
  endfacet
  facet normal 0 0 1
    outer loop
      vertex 15.1013 52.5995 3
      vertex 14.6803 51.5832 3
      vertex 14.8971 51.5096 3
    endloop
  endfacet
  facet normal 0 0 1
    outer loop
      vertex 13.615 52.9716 3
      vertex 14.7056 53.1152 3
      vertex 14.7 53.2 3
    endloop
  endfacet
  facet normal -0 0 1
    outer loop
      vertex 13.8345 54.075 3
      vertex 14.7871 53.525 3
      vertex 13.9616 54.2653 3
    endloop
  endfacet
  facet normal 0 0 1
    outer loop
      vertex 14.7871 53.525 3
      vertex 13.8345 54.075 3
      vertex 14.7495 53.4487 3
    endloop
  endfacet
  facet normal 0 0 1
    outer loop
      vertex 15.025 52.6371 3
      vertex 14.475 51.6845 3
      vertex 14.6803 51.5832 3
    endloop
  endfacet
  facet normal -0 0 1
    outer loop
      vertex 13.7332 53.8697 3
      vertex 14.7495 53.4487 3
      vertex 13.8345 54.075 3
    endloop
  endfacet
  facet normal 0 0 1
    outer loop
      vertex 14.9543 52.6843 3
      vertex 14.2847 51.8116 3
      vertex 14.475 51.6845 3
    endloop
  endfacet
  facet normal 0 0 1
    outer loop
      vertex 14.7495 53.4487 3
      vertex 13.7332 53.8697 3
      vertex 14.7221 53.3682 3
    endloop
  endfacet
  facet normal 0 0 1
    outer loop
      vertex 14.8904 52.7404 3
      vertex 14.1126 51.9626 3
      vertex 14.2847 51.8116 3
    endloop
  endfacet
  facet normal -0 0 1
    outer loop
      vertex 13.6596 53.6529 3
      vertex 14.7221 53.3682 3
      vertex 13.7332 53.8697 3
    endloop
  endfacet
  facet normal 0 0 1
    outer loop
      vertex 14.8343 52.8043 3
      vertex 13.9616 52.1347 3
      vertex 14.1126 51.9626 3
    endloop
  endfacet
  facet normal 0 0 1
    outer loop
      vertex 14.7221 53.3682 3
      vertex 13.6596 53.6529 3
      vertex 14.7056 53.2848 3
    endloop
  endfacet
  facet normal 0 0 1
    outer loop
      vertex 14.7871 52.875 3
      vertex 13.8345 52.325 3
      vertex 13.9616 52.1347 3
    endloop
  endfacet
  facet normal -0 0 1
    outer loop
      vertex 13.615 53.4284 3
      vertex 14.7056 53.2848 3
      vertex 13.6596 53.6529 3
    endloop
  endfacet
  facet normal 0 0 1
    outer loop
      vertex 14.7495 52.9513 3
      vertex 13.7332 52.5303 3
      vertex 13.8345 52.325 3
    endloop
  endfacet
  facet normal 0 0 1
    outer loop
      vertex 14.7056 53.2848 3
      vertex 13.615 53.4284 3
      vertex 14.7 53.2 3
    endloop
  endfacet
  facet normal 0 0 1
    outer loop
      vertex 14.7221 53.0318 3
      vertex 13.6596 52.7471 3
      vertex 13.7332 52.5303 3
    endloop
  endfacet
  facet normal 0 0 1
    outer loop
      vertex 13.6 53.2 3
      vertex 14.7 53.2 3
      vertex 13.615 53.4284 3
    endloop
  endfacet
  facet normal 0 0 1
    outer loop
      vertex 14.7056 53.1152 3
      vertex 13.615 52.9716 3
      vertex 13.6596 52.7471 3
    endloop
  endfacet
  facet normal 0 0 1
    outer loop
      vertex 14.7 53.2 3
      vertex 13.6 53.2 3
      vertex 13.615 52.9716 3
    endloop
  endfacet
  facet normal 0 0 1
    outer loop
      vertex 18.54 53.2 3
      vertex 19.64 53.2 3
      vertex 19.625 53.4284 3
    endloop
  endfacet
  facet normal 0 0 1
    outer loop
      vertex 18.5344 53.2848 3
      vertex 19.625 53.4284 3
      vertex 19.5804 53.6529 3
    endloop
  endfacet
  facet normal 0 0 1
    outer loop
      vertex 19.64 53.2 3
      vertex 18.54 53.2 3
      vertex 19.625 52.9716 3
    endloop
  endfacet
  facet normal 0 0 1
    outer loop
      vertex 18.5179 53.3682 3
      vertex 19.5804 53.6529 3
      vertex 19.5068 53.8697 3
    endloop
  endfacet
  facet normal -0 0 1
    outer loop
      vertex 18.5344 53.1152 3
      vertex 19.625 52.9716 3
      vertex 18.54 53.2 3
    endloop
  endfacet
  facet normal 0 0 1
    outer loop
      vertex 18.4905 53.4487 3
      vertex 19.5068 53.8697 3
      vertex 19.4055 54.075 3
    endloop
  endfacet
  facet normal 0 0 1
    outer loop
      vertex 19.625 52.9716 3
      vertex 18.5344 53.1152 3
      vertex 19.5804 52.7471 3
    endloop
  endfacet
  facet normal 0 0 1
    outer loop
      vertex 18.4529 53.525 3
      vertex 19.4055 54.075 3
      vertex 19.2784 54.2653 3
    endloop
  endfacet
  facet normal -0 0 1
    outer loop
      vertex 18.5179 53.0318 3
      vertex 19.5804 52.7471 3
      vertex 18.5344 53.1152 3
    endloop
  endfacet
  facet normal 0 0 1
    outer loop
      vertex 18.4057 53.5957 3
      vertex 19.2784 54.2653 3
      vertex 19.1274 54.4374 3
    endloop
  endfacet
  facet normal 0 0 1
    outer loop
      vertex 19.5804 52.7471 3
      vertex 18.5179 53.0318 3
      vertex 19.5068 52.5303 3
    endloop
  endfacet
  facet normal 0 0 1
    outer loop
      vertex 18.3496 53.6596 3
      vertex 19.1274 54.4374 3
      vertex 18.9553 54.5884 3
    endloop
  endfacet
  facet normal -0 0 1
    outer loop
      vertex 18.4905 52.9513 3
      vertex 19.5068 52.5303 3
      vertex 18.5179 53.0318 3
    endloop
  endfacet
  facet normal 0 0 1
    outer loop
      vertex 18.2857 53.7157 3
      vertex 18.9553 54.5884 3
      vertex 18.765 54.7155 3
    endloop
  endfacet
  facet normal 0 0 1
    outer loop
      vertex 19.5068 52.5303 3
      vertex 18.4905 52.9513 3
      vertex 19.4055 52.325 3
    endloop
  endfacet
  facet normal 0 0 1
    outer loop
      vertex 18.215 53.7629 3
      vertex 18.765 54.7155 3
      vertex 18.5597 54.8168 3
    endloop
  endfacet
  facet normal -0 0 1
    outer loop
      vertex 18.4529 52.875 3
      vertex 19.4055 52.325 3
      vertex 18.4905 52.9513 3
    endloop
  endfacet
  facet normal 0 0 1
    outer loop
      vertex 19.4055 52.325 3
      vertex 18.4529 52.875 3
      vertex 19.2784 52.1347 3
    endloop
  endfacet
  facet normal 0 0 1
    outer loop
      vertex 19.625 53.4284 3
      vertex 18.5344 53.2848 3
      vertex 18.54 53.2 3
    endloop
  endfacet
  facet normal 0 0 1
    outer loop
      vertex 19.5804 53.6529 3
      vertex 18.5179 53.3682 3
      vertex 18.5344 53.2848 3
    endloop
  endfacet
  facet normal 0 0 1
    outer loop
      vertex 19.5068 53.8697 3
      vertex 18.4905 53.4487 3
      vertex 18.5179 53.3682 3
    endloop
  endfacet
  facet normal 0 0 1
    outer loop
      vertex 19.4055 54.075 3
      vertex 18.4529 53.525 3
      vertex 18.4905 53.4487 3
    endloop
  endfacet
  facet normal 0 0 1
    outer loop
      vertex 19.2784 54.2653 3
      vertex 18.4057 53.5957 3
      vertex 18.4529 53.525 3
    endloop
  endfacet
  facet normal 0 0 1
    outer loop
      vertex 19.1274 54.4374 3
      vertex 18.3496 53.6596 3
      vertex 18.4057 53.5957 3
    endloop
  endfacet
  facet normal 0 0 1
    outer loop
      vertex 18.1387 53.8005 3
      vertex 18.5597 54.8168 3
      vertex 18.3429 54.8904 3
    endloop
  endfacet
  facet normal 0 0 1
    outer loop
      vertex 18.9553 54.5884 3
      vertex 18.2857 53.7157 3
      vertex 18.3496 53.6596 3
    endloop
  endfacet
  facet normal 0 0 1
    outer loop
      vertex 18.765 54.7155 3
      vertex 18.215 53.7629 3
      vertex 18.2857 53.7157 3
    endloop
  endfacet
  facet normal 0 0 1
    outer loop
      vertex 18.5597 54.8168 3
      vertex 18.1387 53.8005 3
      vertex 18.215 53.7629 3
    endloop
  endfacet
  facet normal 0 0 1
    outer loop
      vertex 18.0582 53.8279 3
      vertex 18.3429 54.8904 3
      vertex 18.1184 54.935 3
    endloop
  endfacet
  facet normal 0 0 1
    outer loop
      vertex 18.3429 54.8904 3
      vertex 18.0582 53.8279 3
      vertex 18.1387 53.8005 3
    endloop
  endfacet
  facet normal 0 0 1
    outer loop
      vertex 18.1184 54.935 3
      vertex 17.9748 53.8444 3
      vertex 18.0582 53.8279 3
    endloop
  endfacet
  facet normal 0 0 1
    outer loop
      vertex 17.89 54.95 3
      vertex 17.9748 53.8444 3
      vertex 18.1184 54.935 3
    endloop
  endfacet
  facet normal 0 0 1
    outer loop
      vertex 17.89 54.95 3
      vertex 17.89 53.85 3
      vertex 17.9748 53.8444 3
    endloop
  endfacet
  facet normal 0 0 1
    outer loop
      vertex 17.89 54.95 3
      vertex 17.8052 53.8444 3
      vertex 17.89 53.85 3
    endloop
  endfacet
  facet normal -0 0 1
    outer loop
      vertex 17.6616 54.935 3
      vertex 17.8052 53.8444 3
      vertex 17.89 54.95 3
    endloop
  endfacet
  facet normal 0 0 1
    outer loop
      vertex 17.8052 53.8444 3
      vertex 17.6616 54.935 3
      vertex 17.7218 53.8279 3
    endloop
  endfacet
  facet normal -0 0 1
    outer loop
      vertex 17.4371 54.8904 3
      vertex 17.7218 53.8279 3
      vertex 17.6616 54.935 3
    endloop
  endfacet
  facet normal 0 0 1
    outer loop
      vertex 17.7218 53.8279 3
      vertex 17.4371 54.8904 3
      vertex 17.6413 53.8005 3
    endloop
  endfacet
  facet normal -0 0 1
    outer loop
      vertex 17.2203 54.8168 3
      vertex 17.6413 53.8005 3
      vertex 17.4371 54.8904 3
    endloop
  endfacet
  facet normal 0 0 1
    outer loop
      vertex 17.6413 53.8005 3
      vertex 17.2203 54.8168 3
      vertex 17.565 53.7629 3
    endloop
  endfacet
  facet normal -0 0 1
    outer loop
      vertex 17.015 54.7155 3
      vertex 17.565 53.7629 3
      vertex 17.2203 54.8168 3
    endloop
  endfacet
  facet normal 0 0 1
    outer loop
      vertex 17.565 53.7629 3
      vertex 17.015 54.7155 3
      vertex 17.4943 53.7157 3
    endloop
  endfacet
  facet normal -0 0 1
    outer loop
      vertex 16.8247 54.5884 3
      vertex 17.4943 53.7157 3
      vertex 17.015 54.7155 3
    endloop
  endfacet
  facet normal 0 0 1
    outer loop
      vertex 17.4943 53.7157 3
      vertex 16.8247 54.5884 3
      vertex 17.4304 53.6596 3
    endloop
  endfacet
  facet normal -0 0 1
    outer loop
      vertex 16.6526 54.4374 3
      vertex 17.4304 53.6596 3
      vertex 16.8247 54.5884 3
    endloop
  endfacet
  facet normal -0 0 1
    outer loop
      vertex 16.62 54.4003 3
      vertex 17.4304 53.6596 3
      vertex 16.6526 54.4374 3
    endloop
  endfacet
  facet normal 0 0 1
    outer loop
      vertex 17.3743 53.5957 3
      vertex 16.62 54.4003 3
      vertex 17.3271 53.525 3
    endloop
  endfacet
  facet normal 0 0 1
    outer loop
      vertex 17.4304 53.6596 3
      vertex 16.62 54.4003 3
      vertex 17.3743 53.5957 3
    endloop
  endfacet
  facet normal -0 0 1
    outer loop
      vertex 18.4057 52.8043 3
      vertex 19.2784 52.1347 3
      vertex 18.4529 52.875 3
    endloop
  endfacet
  facet normal 0 0 1
    outer loop
      vertex 19.2784 52.1347 3
      vertex 18.4057 52.8043 3
      vertex 19.1274 51.9626 3
    endloop
  endfacet
  facet normal -0 0 1
    outer loop
      vertex 18.3496 52.7404 3
      vertex 19.1274 51.9626 3
      vertex 18.4057 52.8043 3
    endloop
  endfacet
  facet normal 0 0 1
    outer loop
      vertex 19.1274 51.9626 3
      vertex 18.3496 52.7404 3
      vertex 18.9553 51.8116 3
    endloop
  endfacet
  facet normal -0 0 1
    outer loop
      vertex 18.2857 52.6843 3
      vertex 18.9553 51.8116 3
      vertex 18.3496 52.7404 3
    endloop
  endfacet
  facet normal 0 0 1
    outer loop
      vertex 18.9553 51.8116 3
      vertex 18.2857 52.6843 3
      vertex 18.765 51.6845 3
    endloop
  endfacet
  facet normal -0 0 1
    outer loop
      vertex 18.215 52.6371 3
      vertex 18.765 51.6845 3
      vertex 18.2857 52.6843 3
    endloop
  endfacet
  facet normal 0 0 1
    outer loop
      vertex 18.765 51.6845 3
      vertex 18.215 52.6371 3
      vertex 18.5597 51.5832 3
    endloop
  endfacet
  facet normal -0 0 1
    outer loop
      vertex 18.1387 52.5995 3
      vertex 18.5597 51.5832 3
      vertex 18.215 52.6371 3
    endloop
  endfacet
  facet normal 0 0 1
    outer loop
      vertex 18.5597 51.5832 3
      vertex 18.1387 52.5995 3
      vertex 18.3429 51.5096 3
    endloop
  endfacet
  facet normal -0 0 1
    outer loop
      vertex 18.0582 52.5721 3
      vertex 18.3429 51.5096 3
      vertex 18.1387 52.5995 3
    endloop
  endfacet
  facet normal 0 0 1
    outer loop
      vertex 18.3429 51.5096 3
      vertex 18.0582 52.5721 3
      vertex 18.1184 51.465 3
    endloop
  endfacet
  facet normal -0 0 1
    outer loop
      vertex 17.9748 52.5556 3
      vertex 18.1184 51.465 3
      vertex 18.0582 52.5721 3
    endloop
  endfacet
  facet normal -0 0 1
    outer loop
      vertex 17.89 52.55 3
      vertex 18.1184 51.465 3
      vertex 17.9748 52.5556 3
    endloop
  endfacet
  facet normal 0 0 1
    outer loop
      vertex 17.89 52.55 3
      vertex 17.89 51.45 3
      vertex 18.1184 51.465 3
    endloop
  endfacet
  facet normal 0 0 1
    outer loop
      vertex 17.8052 52.5556 3
      vertex 17.89 51.45 3
      vertex 17.89 52.55 3
    endloop
  endfacet
  facet normal 0 0 1
    outer loop
      vertex 17.6616 51.465 3
      vertex 17.8052 52.5556 3
      vertex 17.7218 52.5721 3
    endloop
  endfacet
  facet normal 0 0 1
    outer loop
      vertex 17.8052 52.5556 3
      vertex 17.6616 51.465 3
      vertex 17.89 51.45 3
    endloop
  endfacet
  facet normal 0 0 1
    outer loop
      vertex 17.4371 51.5096 3
      vertex 17.7218 52.5721 3
      vertex 17.6413 52.5995 3
    endloop
  endfacet
  facet normal 0 0 1
    outer loop
      vertex 17.2203 51.5832 3
      vertex 17.6413 52.5995 3
      vertex 17.565 52.6371 3
    endloop
  endfacet
  facet normal 0 0 1
    outer loop
      vertex 17.015 51.6845 3
      vertex 17.565 52.6371 3
      vertex 17.4943 52.6843 3
    endloop
  endfacet
  facet normal 0 0 1
    outer loop
      vertex 17.7218 52.5721 3
      vertex 17.4371 51.5096 3
      vertex 17.6616 51.465 3
    endloop
  endfacet
  facet normal 0 0 1
    outer loop
      vertex 16.8247 51.8116 3
      vertex 17.4943 52.6843 3
      vertex 17.4304 52.7404 3
    endloop
  endfacet
  facet normal 0 0 1
    outer loop
      vertex 16.62 51.9997 3
      vertex 17.4304 52.7404 3
      vertex 17.3743 52.8043 3
    endloop
  endfacet
  facet normal 0 0 1
    outer loop
      vertex 16.62 51.9997 3
      vertex 17.3743 52.8043 3
      vertex 17.3271 52.875 3
    endloop
  endfacet
  facet normal 0 0 1
    outer loop
      vertex 16.62 51.9997 3
      vertex 17.3271 52.875 3
      vertex 17.2895 52.9513 3
    endloop
  endfacet
  facet normal 0 0 1
    outer loop
      vertex 17.2456 53.1152 3
      vertex 15.9944 53.1152 3
      vertex 17.2621 53.0318 3
    endloop
  endfacet
  facet normal 0 0 1
    outer loop
      vertex 15.9944 53.1152 3
      vertex 17.2456 53.1152 3
      vertex 16 53.2 3
    endloop
  endfacet
  facet normal 0 0 1
    outer loop
      vertex 17.6413 52.5995 3
      vertex 17.2203 51.5832 3
      vertex 17.4371 51.5096 3
    endloop
  endfacet
  facet normal -0 0 1
    outer loop
      vertex 16 53.2 3
      vertex 17.2456 53.1152 3
      vertex 17.24 53.2 3
    endloop
  endfacet
  facet normal 0 0 1
    outer loop
      vertex 17.3271 53.525 3
      vertex 16.62 54.4003 3
      vertex 17.2895 53.4487 3
    endloop
  endfacet
  facet normal 0 0 1
    outer loop
      vertex 15.9505 53.4487 3
      vertex 17.2895 53.4487 3
      vertex 16.62 54.4003 3
    endloop
  endfacet
  facet normal 0 0 1
    outer loop
      vertex 17.565 52.6371 3
      vertex 17.015 51.6845 3
      vertex 17.2203 51.5832 3
    endloop
  endfacet
  facet normal 0 0 1
    outer loop
      vertex 17.2895 53.4487 3
      vertex 15.9505 53.4487 3
      vertex 17.2621 53.3682 3
    endloop
  endfacet
  facet normal 0 0 1
    outer loop
      vertex 17.4943 52.6843 3
      vertex 16.8247 51.8116 3
      vertex 17.015 51.6845 3
    endloop
  endfacet
  facet normal 0 -0 1
    outer loop
      vertex 15.9779 53.3682 3
      vertex 17.2621 53.3682 3
      vertex 15.9505 53.4487 3
    endloop
  endfacet
  facet normal 0 0 1
    outer loop
      vertex 17.2621 53.3682 3
      vertex 15.9779 53.3682 3
      vertex 17.2456 53.2848 3
    endloop
  endfacet
  facet normal 0 0 1
    outer loop
      vertex 17.4304 52.7404 3
      vertex 16.62 51.9997 3
      vertex 16.6526 51.9626 3
    endloop
  endfacet
  facet normal 0 0 1
    outer loop
      vertex 17.4304 52.7404 3
      vertex 16.6526 51.9626 3
      vertex 16.8247 51.8116 3
    endloop
  endfacet
  facet normal 0 0 1
    outer loop
      vertex 15.8096 53.6596 3
      vertex 16.62 54.4003 3
      vertex 16.5874 54.4374 3
    endloop
  endfacet
  facet normal 0 0 1
    outer loop
      vertex 15.9779 53.0318 3
      vertex 17.2621 53.0318 3
      vertex 15.9944 53.1152 3
    endloop
  endfacet
  facet normal 0 0 1
    outer loop
      vertex 15.8096 53.6596 3
      vertex 16.5874 54.4374 3
      vertex 16.4153 54.5884 3
    endloop
  endfacet
  facet normal 0 0 1
    outer loop
      vertex 17.2621 53.0318 3
      vertex 15.9779 53.0318 3
      vertex 17.2895 52.9513 3
    endloop
  endfacet
  facet normal 0 0 1
    outer loop
      vertex 15.7457 53.7157 3
      vertex 16.4153 54.5884 3
      vertex 16.225 54.7155 3
    endloop
  endfacet
  facet normal 0 0 1
    outer loop
      vertex 15.9505 52.9513 3
      vertex 17.2895 52.9513 3
      vertex 15.9779 53.0318 3
    endloop
  endfacet
  facet normal 0 0 1
    outer loop
      vertex 15.675 53.7629 3
      vertex 16.225 54.7155 3
      vertex 16.0197 54.8168 3
    endloop
  endfacet
  facet normal 0 0 1
    outer loop
      vertex 17.2895 52.9513 3
      vertex 15.9505 52.9513 3
      vertex 16.62 51.9997 3
    endloop
  endfacet
  facet normal -0 0 1
    outer loop
      vertex 15.9129 52.875 3
      vertex 16.62 51.9997 3
      vertex 15.9505 52.9513 3
    endloop
  endfacet
  facet normal 0 0 1
    outer loop
      vertex 17.24 53.2 3
      vertex 15.9944 53.2848 3
      vertex 16 53.2 3
    endloop
  endfacet
  facet normal 0 0 1
    outer loop
      vertex 17.2456 53.2848 3
      vertex 15.9944 53.2848 3
      vertex 17.24 53.2 3
    endloop
  endfacet
  facet normal 0 -0 1
    outer loop
      vertex 15.9944 53.2848 3
      vertex 17.2456 53.2848 3
      vertex 15.9779 53.3682 3
    endloop
  endfacet
  facet normal 0 0 1
    outer loop
      vertex 16.62 54.4003 3
      vertex 15.9129 53.525 3
      vertex 15.9505 53.4487 3
    endloop
  endfacet
  facet normal 0 0 1
    outer loop
      vertex 16.62 54.4003 3
      vertex 15.8657 53.5957 3
      vertex 15.9129 53.525 3
    endloop
  endfacet
  facet normal 0 0 1
    outer loop
      vertex 16.62 54.4003 3
      vertex 15.8096 53.6596 3
      vertex 15.8657 53.5957 3
    endloop
  endfacet
  facet normal 0 0 1
    outer loop
      vertex 15.5987 53.8005 3
      vertex 16.0197 54.8168 3
      vertex 15.8029 54.8904 3
    endloop
  endfacet
  facet normal 0 0 1
    outer loop
      vertex 16.4153 54.5884 3
      vertex 15.7457 53.7157 3
      vertex 15.8096 53.6596 3
    endloop
  endfacet
  facet normal 0 0 1
    outer loop
      vertex 16.225 54.7155 3
      vertex 15.675 53.7629 3
      vertex 15.7457 53.7157 3
    endloop
  endfacet
  facet normal 0 0 1
    outer loop
      vertex 16.0197 54.8168 3
      vertex 15.5987 53.8005 3
      vertex 15.675 53.7629 3
    endloop
  endfacet
  facet normal 0 0 1
    outer loop
      vertex 15.5182 53.8279 3
      vertex 15.8029 54.8904 3
      vertex 15.5784 54.935 3
    endloop
  endfacet
  facet normal 0 0 1
    outer loop
      vertex 15.8029 54.8904 3
      vertex 15.5182 53.8279 3
      vertex 15.5987 53.8005 3
    endloop
  endfacet
  facet normal 0 0 1
    outer loop
      vertex 15.5784 54.935 3
      vertex 15.4348 53.8444 3
      vertex 15.5182 53.8279 3
    endloop
  endfacet
  facet normal 0 0 1
    outer loop
      vertex 15.35 54.95 3
      vertex 15.4348 53.8444 3
      vertex 15.5784 54.935 3
    endloop
  endfacet
  facet normal 0 0 1
    outer loop
      vertex 15.35 54.95 3
      vertex 15.35 53.85 3
      vertex 15.4348 53.8444 3
    endloop
  endfacet
  facet normal 0 0 1
    outer loop
      vertex 15.35 54.95 3
      vertex 15.2652 53.8444 3
      vertex 15.35 53.85 3
    endloop
  endfacet
  facet normal -0 0 1
    outer loop
      vertex 15.1216 54.935 3
      vertex 15.2652 53.8444 3
      vertex 15.35 54.95 3
    endloop
  endfacet
  facet normal 0 0 1
    outer loop
      vertex 15.2652 53.8444 3
      vertex 15.1216 54.935 3
      vertex 15.1818 53.8279 3
    endloop
  endfacet
  facet normal -0 0 1
    outer loop
      vertex 14.8971 54.8904 3
      vertex 15.1818 53.8279 3
      vertex 15.1216 54.935 3
    endloop
  endfacet
  facet normal 0 0 1
    outer loop
      vertex 15.1818 53.8279 3
      vertex 14.8971 54.8904 3
      vertex 15.1013 53.8005 3
    endloop
  endfacet
  facet normal -0 0 1
    outer loop
      vertex 14.6803 54.8168 3
      vertex 15.1013 53.8005 3
      vertex 14.8971 54.8904 3
    endloop
  endfacet
  facet normal 0 0 1
    outer loop
      vertex 15.1013 53.8005 3
      vertex 14.6803 54.8168 3
      vertex 15.025 53.7629 3
    endloop
  endfacet
  facet normal -0 0 1
    outer loop
      vertex 14.475 54.7155 3
      vertex 15.025 53.7629 3
      vertex 14.6803 54.8168 3
    endloop
  endfacet
  facet normal 0 0 1
    outer loop
      vertex 15.025 53.7629 3
      vertex 14.475 54.7155 3
      vertex 14.9543 53.7157 3
    endloop
  endfacet
  facet normal -0 0 1
    outer loop
      vertex 14.2847 54.5884 3
      vertex 14.9543 53.7157 3
      vertex 14.475 54.7155 3
    endloop
  endfacet
  facet normal 0 0 1
    outer loop
      vertex 14.9543 53.7157 3
      vertex 14.2847 54.5884 3
      vertex 14.8904 53.6596 3
    endloop
  endfacet
  facet normal -0 0 1
    outer loop
      vertex 14.1126 54.4374 3
      vertex 14.8904 53.6596 3
      vertex 14.2847 54.5884 3
    endloop
  endfacet
  facet normal 0 0 1
    outer loop
      vertex 14.8904 53.6596 3
      vertex 14.1126 54.4374 3
      vertex 14.8343 53.5957 3
    endloop
  endfacet
  facet normal 0 0 1
    outer loop
      vertex 14.8343 53.5957 3
      vertex 13.9616 54.2653 3
      vertex 14.7871 53.525 3
    endloop
  endfacet
  facet normal -0 0 1
    outer loop
      vertex 13.9616 54.2653 3
      vertex 14.8343 53.5957 3
      vertex 14.1126 54.4374 3
    endloop
  endfacet
  facet normal -0.194856 0.980832 0
    outer loop
      vertex 15.8029 51.5096 3
      vertex 15.5784 51.465 6
      vertex 15.8029 51.5096 6
    endloop
  endfacet
  facet normal -0.194856 0.980832 0
    outer loop
      vertex 15.5784 51.465 6
      vertex 15.8029 51.5096 3
      vertex 15.5784 51.465 3
    endloop
  endfacet
  facet normal -0.0655331 -0.99785 0
    outer loop
      vertex 15.35 54.95 3
      vertex 15.5784 54.935 6
      vertex 15.35 54.95 6
    endloop
  endfacet
  facet normal -0.0655331 -0.99785 -0
    outer loop
      vertex 15.5784 54.935 6
      vertex 15.35 54.95 3
      vertex 15.5784 54.935 3
    endloop
  endfacet
  facet normal 0.321464 -0.946922 0
    outer loop
      vertex 14.6803 54.8168 3
      vertex 14.8971 54.8904 6
      vertex 14.6803 54.8168 6
    endloop
  endfacet
  facet normal 0.321464 -0.946922 0
    outer loop
      vertex 14.8971 54.8904 6
      vertex 14.6803 54.8168 3
      vertex 14.8971 54.8904 3
    endloop
  endfacet
  facet normal 0.946922 -0.321464 0
    outer loop
      vertex 13.6596 53.6529 6
      vertex 13.7332 53.8697 3
      vertex 13.7332 53.8697 6
    endloop
  endfacet
  facet normal 0.946922 -0.321464 0
    outer loop
      vertex 13.7332 53.8697 3
      vertex 13.6596 53.6529 6
      vertex 13.6596 53.6529 3
    endloop
  endfacet
  facet normal -0.44249 0.896774 0
    outer loop
      vertex 16.225 51.6845 3
      vertex 16.0197 51.5832 6
      vertex 16.225 51.6845 6
    endloop
  endfacet
  facet normal -0.44249 0.896774 0
    outer loop
      vertex 16.0197 51.5832 6
      vertex 16.225 51.6845 3
      vertex 16.0197 51.5832 3
    endloop
  endfacet
  facet normal 0.0655331 0.99785 -0
    outer loop
      vertex 15.35 51.45 3
      vertex 15.1216 51.465 6
      vertex 15.35 51.45 6
    endloop
  endfacet
  facet normal 0.0655331 0.99785 0
    outer loop
      vertex 15.1216 51.465 6
      vertex 15.35 51.45 3
      vertex 15.1216 51.465 3
    endloop
  endfacet
  facet normal 0.0655331 -0.99785 0
    outer loop
      vertex 15.1216 54.935 3
      vertex 15.35 54.95 6
      vertex 15.1216 54.935 6
    endloop
  endfacet
  facet normal 0.0655331 -0.99785 0
    outer loop
      vertex 15.35 54.95 6
      vertex 15.1216 54.935 3
      vertex 15.35 54.95 3
    endloop
  endfacet
  facet normal 0.896774 0.44249 0
    outer loop
      vertex 13.8345 52.325 6
      vertex 13.7332 52.5303 3
      vertex 13.7332 52.5303 6
    endloop
  endfacet
  facet normal 0.896774 0.44249 0
    outer loop
      vertex 13.7332 52.5303 3
      vertex 13.8345 52.325 6
      vertex 13.8345 52.325 3
    endloop
  endfacet
  facet normal 0.99785 -0.0655331 0
    outer loop
      vertex 13.6 53.2 6
      vertex 13.615 53.4284 3
      vertex 13.615 53.4284 6
    endloop
  endfacet
  facet normal 0.99785 -0.0655331 0
    outer loop
      vertex 13.615 53.4284 3
      vertex 13.6 53.2 6
      vertex 13.6 53.2 3
    endloop
  endfacet
  facet normal 0.946922 0.321464 0
    outer loop
      vertex 13.7332 52.5303 6
      vertex 13.6596 52.7471 3
      vertex 13.6596 52.7471 6
    endloop
  endfacet
  facet normal 0.946922 0.321464 0
    outer loop
      vertex 13.6596 52.7471 3
      vertex 13.7332 52.5303 6
      vertex 13.7332 52.5303 3
    endloop
  endfacet
  facet normal 0.555406 0.831579 -0
    outer loop
      vertex 14.475 51.6845 3
      vertex 14.2847 51.8116 6
      vertex 14.475 51.6845 6
    endloop
  endfacet
  facet normal 0.555406 0.831579 0
    outer loop
      vertex 14.2847 51.8116 6
      vertex 14.475 51.6845 3
      vertex 14.2847 51.8116 3
    endloop
  endfacet
  facet normal 0.980832 -0.194856 0
    outer loop
      vertex 13.615 53.4284 6
      vertex 13.6596 53.6529 3
      vertex 13.6596 53.6529 6
    endloop
  endfacet
  facet normal 0.980832 -0.194856 0
    outer loop
      vertex 13.6596 53.6529 3
      vertex 13.615 53.4284 6
      vertex 13.615 53.4284 3
    endloop
  endfacet
  facet normal -0.659524 0.751683 0
    outer loop
      vertex 16.5874 51.9626 3
      vertex 16.4153 51.8116 6
      vertex 16.5874 51.9626 6
    endloop
  endfacet
  facet normal -0.659524 0.751683 0
    outer loop
      vertex 16.4153 51.8116 6
      vertex 16.5874 51.9626 3
      vertex 16.4153 51.8116 3
    endloop
  endfacet
  facet normal -0.751195 -0.66008 0
    outer loop
      vertex 16.62 54.4003 3
      vertex 16.5874 54.4374 6
      vertex 16.5874 54.4374 3
    endloop
  endfacet
  facet normal -0.751195 -0.66008 0
    outer loop
      vertex 16.5874 54.4374 6
      vertex 16.62 54.4003 3
      vertex 16.62 54.4003 6
    endloop
  endfacet
  facet normal 0.896774 -0.44249 0
    outer loop
      vertex 13.7332 53.8697 6
      vertex 13.8345 54.075 3
      vertex 13.8345 54.075 6
    endloop
  endfacet
  facet normal 0.896774 -0.44249 0
    outer loop
      vertex 13.8345 54.075 3
      vertex 13.7332 53.8697 6
      vertex 13.7332 53.8697 3
    endloop
  endfacet
  facet normal 0.555406 -0.831579 0
    outer loop
      vertex 14.2847 54.5884 3
      vertex 14.475 54.7155 6
      vertex 14.2847 54.5884 6
    endloop
  endfacet
  facet normal 0.555406 -0.831579 0
    outer loop
      vertex 14.475 54.7155 6
      vertex 14.2847 54.5884 3
      vertex 14.475 54.7155 3
    endloop
  endfacet
  facet normal 0.659524 0.751683 -0
    outer loop
      vertex 14.2847 51.8116 3
      vertex 14.1126 51.9626 6
      vertex 14.2847 51.8116 6
    endloop
  endfacet
  facet normal 0.659524 0.751683 0
    outer loop
      vertex 14.1126 51.9626 6
      vertex 14.2847 51.8116 3
      vertex 14.1126 51.9626 3
    endloop
  endfacet
  facet normal 0.831579 0.555406 0
    outer loop
      vertex 13.9616 52.1347 6
      vertex 13.8345 52.325 3
      vertex 13.8345 52.325 6
    endloop
  endfacet
  facet normal 0.831579 0.555406 0
    outer loop
      vertex 13.8345 52.325 3
      vertex 13.9616 52.1347 6
      vertex 13.9616 52.1347 3
    endloop
  endfacet
  facet normal 0.751683 -0.659524 0
    outer loop
      vertex 13.9616 54.2653 6
      vertex 14.1126 54.4374 3
      vertex 14.1126 54.4374 6
    endloop
  endfacet
  facet normal 0.751683 -0.659524 0
    outer loop
      vertex 14.1126 54.4374 3
      vertex 13.9616 54.2653 6
      vertex 13.9616 54.2653 3
    endloop
  endfacet
  facet normal 0.44249 0.896774 -0
    outer loop
      vertex 14.6803 51.5832 3
      vertex 14.475 51.6845 6
      vertex 14.6803 51.5832 6
    endloop
  endfacet
  facet normal 0.44249 0.896774 0
    outer loop
      vertex 14.475 51.6845 6
      vertex 14.6803 51.5832 3
      vertex 14.475 51.6845 3
    endloop
  endfacet
  facet normal -0.321464 -0.946922 0
    outer loop
      vertex 15.8029 54.8904 3
      vertex 16.0197 54.8168 6
      vertex 15.8029 54.8904 6
    endloop
  endfacet
  facet normal -0.321464 -0.946922 -0
    outer loop
      vertex 16.0197 54.8168 6
      vertex 15.8029 54.8904 3
      vertex 16.0197 54.8168 3
    endloop
  endfacet
  facet normal -0.555406 0.831579 0
    outer loop
      vertex 16.4153 51.8116 3
      vertex 16.225 51.6845 6
      vertex 16.4153 51.8116 6
    endloop
  endfacet
  facet normal -0.555406 0.831579 0
    outer loop
      vertex 16.225 51.6845 6
      vertex 16.4153 51.8116 3
      vertex 16.225 51.6845 3
    endloop
  endfacet
  facet normal 0.831579 -0.555406 0
    outer loop
      vertex 13.8345 54.075 6
      vertex 13.9616 54.2653 3
      vertex 13.9616 54.2653 6
    endloop
  endfacet
  facet normal 0.831579 -0.555406 0
    outer loop
      vertex 13.9616 54.2653 3
      vertex 13.8345 54.075 6
      vertex 13.8345 54.075 3
    endloop
  endfacet
  facet normal -0.751195 0.66008 0
    outer loop
      vertex 16.5874 51.9626 3
      vertex 16.62 51.9997 6
      vertex 16.62 51.9997 3
    endloop
  endfacet
  facet normal -0.751195 0.66008 0
    outer loop
      vertex 16.62 51.9997 6
      vertex 16.5874 51.9626 3
      vertex 16.5874 51.9626 6
    endloop
  endfacet
  facet normal -0.980986 -0.19408 0
    outer loop
      vertex 18.5344 53.2848 0
      vertex 18.5179 53.3682 3
      vertex 18.5179 53.3682 0
    endloop
  endfacet
  facet normal -0.980986 -0.19408 0
    outer loop
      vertex 18.5179 53.3682 3
      vertex 18.5344 53.2848 0
      vertex 18.5344 53.2848 3
    endloop
  endfacet
  facet normal -0.997827 -0.0658942 0
    outer loop
      vertex 18.54 53.2 0
      vertex 18.5344 53.2848 3
      vertex 18.5344 53.2848 0
    endloop
  endfacet
  facet normal -0.997827 -0.0658942 0
    outer loop
      vertex 18.5344 53.2848 3
      vertex 18.54 53.2 0
      vertex 18.54 53.2 3
    endloop
  endfacet
  facet normal -0.0658942 0.997827 0
    outer loop
      vertex 17.9748 52.5556 0
      vertex 17.89 52.55 3
      vertex 17.9748 52.5556 3
    endloop
  endfacet
  facet normal -0.0658942 0.997827 0
    outer loop
      vertex 17.89 52.55 3
      vertex 17.9748 52.5556 0
      vertex 17.89 52.55 0
    endloop
  endfacet
  facet normal 0.659753 -0.751483 0
    outer loop
      vertex 17.4304 53.6596 0
      vertex 17.4943 53.7157 3
      vertex 17.4304 53.6596 3
    endloop
  endfacet
  facet normal 0.659753 -0.751483 0
    outer loop
      vertex 17.4943 53.7157 3
      vertex 17.4304 53.6596 0
      vertex 17.4943 53.7157 0
    endloop
  endfacet
  facet normal 0.831688 0.555243 0
    outer loop
      vertex 17.3743 52.8043 3
      vertex 17.3271 52.875 0
      vertex 17.3271 52.875 3
    endloop
  endfacet
  facet normal 0.831688 0.555243 0
    outer loop
      vertex 17.3271 52.875 0
      vertex 17.3743 52.8043 3
      vertex 17.3743 52.8043 0
    endloop
  endfacet
  facet normal 0.19408 0.980986 -0
    outer loop
      vertex 17.8052 52.5556 0
      vertex 17.7218 52.5721 3
      vertex 17.8052 52.5556 3
    endloop
  endfacet
  facet normal 0.19408 0.980986 0
    outer loop
      vertex 17.7218 52.5721 3
      vertex 17.8052 52.5556 0
      vertex 17.7218 52.5721 0
    endloop
  endfacet
  facet normal -0.659753 -0.751483 0
    outer loop
      vertex 18.2857 53.7157 0
      vertex 18.3496 53.6596 3
      vertex 18.2857 53.7157 3
    endloop
  endfacet
  facet normal -0.659753 -0.751483 -0
    outer loop
      vertex 18.3496 53.6596 3
      vertex 18.2857 53.7157 0
      vertex 18.3496 53.6596 0
    endloop
  endfacet
  facet normal -0.946665 0.322219 0
    outer loop
      vertex 18.4905 52.9513 0
      vertex 18.5179 53.0318 3
      vertex 18.5179 53.0318 0
    endloop
  endfacet
  facet normal -0.946665 0.322219 0
    outer loop
      vertex 18.5179 53.0318 3
      vertex 18.4905 52.9513 0
      vertex 18.4905 52.9513 3
    endloop
  endfacet
  facet normal -0.751483 0.659753 0
    outer loop
      vertex 18.3496 52.7404 0
      vertex 18.4057 52.8043 3
      vertex 18.4057 52.8043 0
    endloop
  endfacet
  facet normal -0.751483 0.659753 0
    outer loop
      vertex 18.4057 52.8043 3
      vertex 18.3496 52.7404 0
      vertex 18.3496 52.7404 3
    endloop
  endfacet
  facet normal -0.751483 -0.659753 0
    outer loop
      vertex 18.4057 53.5957 0
      vertex 18.3496 53.6596 3
      vertex 18.3496 53.6596 0
    endloop
  endfacet
  facet normal -0.751483 -0.659753 0
    outer loop
      vertex 18.3496 53.6596 3
      vertex 18.4057 53.5957 0
      vertex 18.4057 53.5957 3
    endloop
  endfacet
  facet normal 0.946665 0.322219 0
    outer loop
      vertex 17.2895 52.9513 3
      vertex 17.2621 53.0318 0
      vertex 17.2621 53.0318 3
    endloop
  endfacet
  facet normal 0.946665 0.322219 0
    outer loop
      vertex 17.2621 53.0318 0
      vertex 17.2895 52.9513 3
      vertex 17.2895 52.9513 0
    endloop
  endfacet
  facet normal -0.322219 0.946665 0
    outer loop
      vertex 18.1387 52.5995 0
      vertex 18.0582 52.5721 3
      vertex 18.1387 52.5995 3
    endloop
  endfacet
  facet normal -0.322219 0.946665 0
    outer loop
      vertex 18.0582 52.5721 3
      vertex 18.1387 52.5995 0
      vertex 18.0582 52.5721 0
    endloop
  endfacet
  facet normal 0.0658942 0.997827 -0
    outer loop
      vertex 17.89 52.55 0
      vertex 17.8052 52.5556 3
      vertex 17.89 52.55 3
    endloop
  endfacet
  facet normal 0.0658942 0.997827 0
    outer loop
      vertex 17.8052 52.5556 3
      vertex 17.89 52.55 0
      vertex 17.8052 52.5556 0
    endloop
  endfacet
  facet normal 0.322219 -0.946665 0
    outer loop
      vertex 17.6413 53.8005 0
      vertex 17.7218 53.8279 3
      vertex 17.6413 53.8005 3
    endloop
  endfacet
  facet normal 0.322219 -0.946665 0
    outer loop
      vertex 17.7218 53.8279 3
      vertex 17.6413 53.8005 0
      vertex 17.7218 53.8279 0
    endloop
  endfacet
  facet normal -0.946665 -0.322219 0
    outer loop
      vertex 18.5179 53.3682 0
      vertex 18.4905 53.4487 3
      vertex 18.4905 53.4487 0
    endloop
  endfacet
  facet normal -0.946665 -0.322219 0
    outer loop
      vertex 18.4905 53.4487 3
      vertex 18.5179 53.3682 0
      vertex 18.5179 53.3682 3
    endloop
  endfacet
  facet normal 0.751483 -0.659753 0
    outer loop
      vertex 17.3743 53.5957 3
      vertex 17.4304 53.6596 0
      vertex 17.4304 53.6596 3
    endloop
  endfacet
  facet normal 0.751483 -0.659753 0
    outer loop
      vertex 17.4304 53.6596 0
      vertex 17.3743 53.5957 3
      vertex 17.3743 53.5957 0
    endloop
  endfacet
  facet normal 0.442033 0.896999 -0
    outer loop
      vertex 17.6413 52.5995 0
      vertex 17.565 52.6371 3
      vertex 17.6413 52.5995 3
    endloop
  endfacet
  facet normal 0.442033 0.896999 0
    outer loop
      vertex 17.565 52.6371 3
      vertex 17.6413 52.5995 0
      vertex 17.565 52.6371 0
    endloop
  endfacet
  facet normal 0.0658942 -0.997827 0
    outer loop
      vertex 17.8052 53.8444 0
      vertex 17.89 53.85 3
      vertex 17.8052 53.8444 3
    endloop
  endfacet
  facet normal 0.0658942 -0.997827 0
    outer loop
      vertex 17.89 53.85 3
      vertex 17.8052 53.8444 0
      vertex 17.89 53.85 0
    endloop
  endfacet
  facet normal -0.896999 0.442033 0
    outer loop
      vertex 18.4529 52.875 0
      vertex 18.4905 52.9513 3
      vertex 18.4905 52.9513 0
    endloop
  endfacet
  facet normal -0.896999 0.442033 0
    outer loop
      vertex 18.4905 52.9513 3
      vertex 18.4529 52.875 0
      vertex 18.4529 52.875 3
    endloop
  endfacet
  facet normal -0.555243 0.831688 0
    outer loop
      vertex 18.2857 52.6843 0
      vertex 18.215 52.6371 3
      vertex 18.2857 52.6843 3
    endloop
  endfacet
  facet normal -0.555243 0.831688 0
    outer loop
      vertex 18.215 52.6371 3
      vertex 18.2857 52.6843 0
      vertex 18.215 52.6371 0
    endloop
  endfacet
  facet normal 0.980986 0.19408 0
    outer loop
      vertex 17.2621 53.0318 3
      vertex 17.2456 53.1152 0
      vertex 17.2456 53.1152 3
    endloop
  endfacet
  facet normal 0.980986 0.19408 0
    outer loop
      vertex 17.2456 53.1152 0
      vertex 17.2621 53.0318 3
      vertex 17.2621 53.0318 0
    endloop
  endfacet
  facet normal -0.19408 -0.980986 0
    outer loop
      vertex 17.9748 53.8444 0
      vertex 18.0582 53.8279 3
      vertex 17.9748 53.8444 3
    endloop
  endfacet
  facet normal -0.19408 -0.980986 -0
    outer loop
      vertex 18.0582 53.8279 3
      vertex 17.9748 53.8444 0
      vertex 18.0582 53.8279 0
    endloop
  endfacet
  facet normal -0.831688 -0.555243 0
    outer loop
      vertex 18.4529 53.525 0
      vertex 18.4057 53.5957 3
      vertex 18.4057 53.5957 0
    endloop
  endfacet
  facet normal -0.831688 -0.555243 0
    outer loop
      vertex 18.4057 53.5957 3
      vertex 18.4529 53.525 0
      vertex 18.4529 53.525 3
    endloop
  endfacet
  facet normal -0.997827 0.0658942 0
    outer loop
      vertex 18.5344 53.1152 0
      vertex 18.54 53.2 3
      vertex 18.54 53.2 0
    endloop
  endfacet
  facet normal -0.997827 0.0658942 0
    outer loop
      vertex 18.54 53.2 3
      vertex 18.5344 53.1152 0
      vertex 18.5344 53.1152 3
    endloop
  endfacet
  facet normal -0.322219 -0.946665 0
    outer loop
      vertex 18.0582 53.8279 0
      vertex 18.1387 53.8005 3
      vertex 18.0582 53.8279 3
    endloop
  endfacet
  facet normal -0.322219 -0.946665 -0
    outer loop
      vertex 18.1387 53.8005 3
      vertex 18.0582 53.8279 0
      vertex 18.1387 53.8005 0
    endloop
  endfacet
  facet normal -0.555243 -0.831688 0
    outer loop
      vertex 18.215 53.7629 0
      vertex 18.2857 53.7157 3
      vertex 18.215 53.7629 3
    endloop
  endfacet
  facet normal -0.555243 -0.831688 -0
    outer loop
      vertex 18.2857 53.7157 3
      vertex 18.215 53.7629 0
      vertex 18.2857 53.7157 0
    endloop
  endfacet
  facet normal 0.19408 -0.980986 0
    outer loop
      vertex 17.7218 53.8279 0
      vertex 17.8052 53.8444 3
      vertex 17.7218 53.8279 3
    endloop
  endfacet
  facet normal 0.19408 -0.980986 0
    outer loop
      vertex 17.8052 53.8444 3
      vertex 17.7218 53.8279 0
      vertex 17.8052 53.8444 0
    endloop
  endfacet
  facet normal -0.659753 0.751483 0
    outer loop
      vertex 18.3496 52.7404 0
      vertex 18.2857 52.6843 3
      vertex 18.3496 52.7404 3
    endloop
  endfacet
  facet normal -0.659753 0.751483 0
    outer loop
      vertex 18.2857 52.6843 3
      vertex 18.3496 52.7404 0
      vertex 18.2857 52.6843 0
    endloop
  endfacet
  facet normal 0.896999 -0.442033 0
    outer loop
      vertex 17.2895 53.4487 3
      vertex 17.3271 53.525 0
      vertex 17.3271 53.525 3
    endloop
  endfacet
  facet normal 0.896999 -0.442033 0
    outer loop
      vertex 17.3271 53.525 0
      vertex 17.2895 53.4487 3
      vertex 17.2895 53.4487 0
    endloop
  endfacet
  facet normal -0.980986 0.19408 0
    outer loop
      vertex 18.5179 53.0318 0
      vertex 18.5344 53.1152 3
      vertex 18.5344 53.1152 0
    endloop
  endfacet
  facet normal -0.980986 0.19408 0
    outer loop
      vertex 18.5344 53.1152 3
      vertex 18.5179 53.0318 0
      vertex 18.5179 53.0318 3
    endloop
  endfacet
  facet normal -0.19408 0.980986 0
    outer loop
      vertex 18.0582 52.5721 0
      vertex 17.9748 52.5556 3
      vertex 18.0582 52.5721 3
    endloop
  endfacet
  facet normal -0.19408 0.980986 0
    outer loop
      vertex 17.9748 52.5556 3
      vertex 18.0582 52.5721 0
      vertex 17.9748 52.5556 0
    endloop
  endfacet
  facet normal 0.659753 0.751483 -0
    outer loop
      vertex 17.4943 52.6843 0
      vertex 17.4304 52.7404 3
      vertex 17.4943 52.6843 3
    endloop
  endfacet
  facet normal 0.659753 0.751483 0
    outer loop
      vertex 17.4304 52.7404 3
      vertex 17.4943 52.6843 0
      vertex 17.4304 52.7404 0
    endloop
  endfacet
  facet normal 0.751483 0.659753 0
    outer loop
      vertex 17.4304 52.7404 3
      vertex 17.3743 52.8043 0
      vertex 17.3743 52.8043 3
    endloop
  endfacet
  facet normal 0.751483 0.659753 0
    outer loop
      vertex 17.3743 52.8043 0
      vertex 17.4304 52.7404 3
      vertex 17.4304 52.7404 0
    endloop
  endfacet
  facet normal -0.0658942 -0.997827 0
    outer loop
      vertex 17.89 53.85 0
      vertex 17.9748 53.8444 3
      vertex 17.89 53.85 3
    endloop
  endfacet
  facet normal -0.0658942 -0.997827 -0
    outer loop
      vertex 17.9748 53.8444 3
      vertex 17.89 53.85 0
      vertex 17.9748 53.8444 0
    endloop
  endfacet
  facet normal -0.442033 -0.896999 0
    outer loop
      vertex 18.1387 53.8005 0
      vertex 18.215 53.7629 3
      vertex 18.1387 53.8005 3
    endloop
  endfacet
  facet normal -0.442033 -0.896999 -0
    outer loop
      vertex 18.215 53.7629 3
      vertex 18.1387 53.8005 0
      vertex 18.215 53.7629 0
    endloop
  endfacet
  facet normal -0.831688 0.555243 0
    outer loop
      vertex 18.4057 52.8043 0
      vertex 18.4529 52.875 3
      vertex 18.4529 52.875 0
    endloop
  endfacet
  facet normal -0.831688 0.555243 0
    outer loop
      vertex 18.4529 52.875 3
      vertex 18.4057 52.8043 0
      vertex 18.4057 52.8043 3
    endloop
  endfacet
  facet normal 0.997827 0.0658942 0
    outer loop
      vertex 17.2456 53.1152 3
      vertex 17.24 53.2 0
      vertex 17.24 53.2 3
    endloop
  endfacet
  facet normal 0.997827 0.0658942 0
    outer loop
      vertex 17.24 53.2 0
      vertex 17.2456 53.1152 3
      vertex 17.2456 53.1152 0
    endloop
  endfacet
  facet normal -0.442033 0.896999 0
    outer loop
      vertex 18.215 52.6371 0
      vertex 18.1387 52.5995 3
      vertex 18.215 52.6371 3
    endloop
  endfacet
  facet normal -0.442033 0.896999 0
    outer loop
      vertex 18.1387 52.5995 3
      vertex 18.215 52.6371 0
      vertex 18.1387 52.5995 0
    endloop
  endfacet
  facet normal 0.980986 -0.19408 0
    outer loop
      vertex 17.2456 53.2848 3
      vertex 17.2621 53.3682 0
      vertex 17.2621 53.3682 3
    endloop
  endfacet
  facet normal 0.980986 -0.19408 0
    outer loop
      vertex 17.2621 53.3682 0
      vertex 17.2456 53.2848 3
      vertex 17.2456 53.2848 0
    endloop
  endfacet
  facet normal 0.896999 0.442033 0
    outer loop
      vertex 17.3271 52.875 3
      vertex 17.2895 52.9513 0
      vertex 17.2895 52.9513 3
    endloop
  endfacet
  facet normal 0.896999 0.442033 0
    outer loop
      vertex 17.2895 52.9513 0
      vertex 17.3271 52.875 3
      vertex 17.3271 52.875 0
    endloop
  endfacet
  facet normal 0.946665 -0.322219 0
    outer loop
      vertex 17.2621 53.3682 3
      vertex 17.2895 53.4487 0
      vertex 17.2895 53.4487 3
    endloop
  endfacet
  facet normal 0.946665 -0.322219 0
    outer loop
      vertex 17.2895 53.4487 0
      vertex 17.2621 53.3682 3
      vertex 17.2621 53.3682 0
    endloop
  endfacet
  facet normal 0.555243 -0.831688 0
    outer loop
      vertex 17.4943 53.7157 0
      vertex 17.565 53.7629 3
      vertex 17.4943 53.7157 3
    endloop
  endfacet
  facet normal 0.555243 -0.831688 0
    outer loop
      vertex 17.565 53.7629 3
      vertex 17.4943 53.7157 0
      vertex 17.565 53.7629 0
    endloop
  endfacet
  facet normal -0.896999 -0.442033 0
    outer loop
      vertex 18.4905 53.4487 0
      vertex 18.4529 53.525 3
      vertex 18.4529 53.525 0
    endloop
  endfacet
  facet normal -0.896999 -0.442033 0
    outer loop
      vertex 18.4529 53.525 3
      vertex 18.4905 53.4487 0
      vertex 18.4905 53.4487 3
    endloop
  endfacet
  facet normal 0.997827 -0.0658942 0
    outer loop
      vertex 17.24 53.2 3
      vertex 17.2456 53.2848 0
      vertex 17.2456 53.2848 3
    endloop
  endfacet
  facet normal 0.997827 -0.0658942 0
    outer loop
      vertex 17.2456 53.2848 0
      vertex 17.24 53.2 3
      vertex 17.24 53.2 0
    endloop
  endfacet
  facet normal 0.322219 0.946665 -0
    outer loop
      vertex 17.7218 52.5721 0
      vertex 17.6413 52.5995 3
      vertex 17.7218 52.5721 3
    endloop
  endfacet
  facet normal 0.322219 0.946665 0
    outer loop
      vertex 17.6413 52.5995 3
      vertex 17.7218 52.5721 0
      vertex 17.6413 52.5995 0
    endloop
  endfacet
  facet normal 0.442033 -0.896999 0
    outer loop
      vertex 17.565 53.7629 0
      vertex 17.6413 53.8005 3
      vertex 17.565 53.7629 3
    endloop
  endfacet
  facet normal 0.442033 -0.896999 0
    outer loop
      vertex 17.6413 53.8005 3
      vertex 17.565 53.7629 0
      vertex 17.6413 53.8005 0
    endloop
  endfacet
  facet normal 0.831688 -0.555243 0
    outer loop
      vertex 17.3271 53.525 3
      vertex 17.3743 53.5957 0
      vertex 17.3743 53.5957 3
    endloop
  endfacet
  facet normal 0.831688 -0.555243 0
    outer loop
      vertex 17.3743 53.5957 0
      vertex 17.3271 53.525 3
      vertex 17.3271 53.525 0
    endloop
  endfacet
  facet normal 0.555243 0.831688 -0
    outer loop
      vertex 17.565 52.6371 0
      vertex 17.4943 52.6843 3
      vertex 17.565 52.6371 3
    endloop
  endfacet
  facet normal 0.555243 0.831688 0
    outer loop
      vertex 17.4943 52.6843 3
      vertex 17.565 52.6371 0
      vertex 17.4943 52.6843 0
    endloop
  endfacet
  facet normal -0.321464 0.946922 0
    outer loop
      vertex 18.5597 51.5832 3
      vertex 18.3429 51.5096 6
      vertex 18.5597 51.5832 6
    endloop
  endfacet
  facet normal -0.321464 0.946922 0
    outer loop
      vertex 18.3429 51.5096 6
      vertex 18.5597 51.5832 3
      vertex 18.3429 51.5096 3
    endloop
  endfacet
  facet normal -0.194856 -0.980832 0
    outer loop
      vertex 18.1184 54.935 3
      vertex 18.3429 54.8904 6
      vertex 18.1184 54.935 6
    endloop
  endfacet
  facet normal -0.194856 -0.980832 -0
    outer loop
      vertex 18.3429 54.8904 6
      vertex 18.1184 54.935 3
      vertex 18.3429 54.8904 3
    endloop
  endfacet
  facet normal -0.831579 -0.555406 0
    outer loop
      vertex 19.4055 54.075 3
      vertex 19.2784 54.2653 6
      vertex 19.2784 54.2653 3
    endloop
  endfacet
  facet normal -0.831579 -0.555406 0
    outer loop
      vertex 19.2784 54.2653 6
      vertex 19.4055 54.075 3
      vertex 19.4055 54.075 6
    endloop
  endfacet
  facet normal -0.659524 -0.751683 0
    outer loop
      vertex 18.9553 54.5884 3
      vertex 19.1274 54.4374 6
      vertex 18.9553 54.5884 6
    endloop
  endfacet
  facet normal -0.659524 -0.751683 -0
    outer loop
      vertex 19.1274 54.4374 6
      vertex 18.9553 54.5884 3
      vertex 19.1274 54.4374 3
    endloop
  endfacet
  facet normal -0.0655331 0.99785 0
    outer loop
      vertex 18.1184 51.465 3
      vertex 17.89 51.45 6
      vertex 18.1184 51.465 6
    endloop
  endfacet
  facet normal -0.0655331 0.99785 0
    outer loop
      vertex 17.89 51.45 6
      vertex 18.1184 51.465 3
      vertex 17.89 51.45 3
    endloop
  endfacet
  facet normal 0.194856 0.980832 -0
    outer loop
      vertex 17.6616 51.465 3
      vertex 17.4371 51.5096 6
      vertex 17.6616 51.465 6
    endloop
  endfacet
  facet normal 0.194856 0.980832 0
    outer loop
      vertex 17.4371 51.5096 6
      vertex 17.6616 51.465 3
      vertex 17.4371 51.5096 3
    endloop
  endfacet
  facet normal 0.321464 0.946922 -0
    outer loop
      vertex 17.4371 51.5096 3
      vertex 17.2203 51.5832 6
      vertex 17.4371 51.5096 6
    endloop
  endfacet
  facet normal 0.321464 0.946922 0
    outer loop
      vertex 17.2203 51.5832 6
      vertex 17.4371 51.5096 3
      vertex 17.2203 51.5832 3
    endloop
  endfacet
  facet normal -0.946922 -0.321464 0
    outer loop
      vertex 19.5804 53.6529 3
      vertex 19.5068 53.8697 8
      vertex 19.5068 53.8697 3
    endloop
  endfacet
  facet normal -0.946922 -0.321464 0
    outer loop
      vertex 19.5068 53.8697 8
      vertex 19.5804 53.6529 3
      vertex 19.5804 53.6529 8
    endloop
  endfacet
  facet normal -0.99785 -0.0655331 0
    outer loop
      vertex 19.64 53.2 3
      vertex 19.625 53.4284 8
      vertex 19.625 53.4284 3
    endloop
  endfacet
  facet normal -0.99785 -0.0655331 0
    outer loop
      vertex 19.625 53.4284 8
      vertex 19.64 53.2 3
      vertex 19.64 53.2 8
    endloop
  endfacet
  facet normal -0.99785 0.0655331 0
    outer loop
      vertex 19.625 52.9716 3
      vertex 19.64 53.2 8
      vertex 19.64 53.2 3
    endloop
  endfacet
  facet normal -0.99785 0.0655331 0
    outer loop
      vertex 19.64 53.2 8
      vertex 19.625 52.9716 3
      vertex 19.625 52.9716 8
    endloop
  endfacet
  facet normal 0.194856 -0.980832 0
    outer loop
      vertex 17.4371 54.8904 3
      vertex 17.6616 54.935 6
      vertex 17.4371 54.8904 6
    endloop
  endfacet
  facet normal 0.194856 -0.980832 0
    outer loop
      vertex 17.6616 54.935 6
      vertex 17.4371 54.8904 3
      vertex 17.6616 54.935 3
    endloop
  endfacet
  facet normal 0.751195 0.66008 0
    outer loop
      vertex 16.6526 51.9626 6
      vertex 16.62 51.9997 3
      vertex 16.62 51.9997 6
    endloop
  endfacet
  facet normal 0.751195 0.66008 0
    outer loop
      vertex 16.62 51.9997 3
      vertex 16.6526 51.9626 6
      vertex 16.6526 51.9626 3
    endloop
  endfacet
  facet normal -0.896756 -0.442525 0
    outer loop
      vertex 19.4055 54.075 3
      vertex 19.5 53.8835 6
      vertex 19.4055 54.075 6
    endloop
  endfacet
  facet normal -0.896774 -0.44249 2.76647e-06
    outer loop
      vertex 19.5068 53.8697 3
      vertex 19.5 53.8835 6
      vertex 19.4055 54.075 3
    endloop
  endfacet
  facet normal -0.897012 -0.442006 -0
    outer loop
      vertex 19.5068 53.8697 8
      vertex 19.5 53.8835 6
      vertex 19.5068 53.8697 3
    endloop
  endfacet
  facet normal -0.897012 -0.442006 0
    outer loop
      vertex 19.5 53.8835 6
      vertex 19.5068 53.8697 8
      vertex 19.5 53.8835 8
    endloop
  endfacet
  facet normal -0.555406 -0.831579 0
    outer loop
      vertex 18.765 54.7155 3
      vertex 18.9553 54.5884 6
      vertex 18.765 54.7155 6
    endloop
  endfacet
  facet normal -0.555406 -0.831579 -0
    outer loop
      vertex 18.9553 54.5884 6
      vertex 18.765 54.7155 3
      vertex 18.9553 54.5884 3
    endloop
  endfacet
  facet normal -0.831579 0.555406 0
    outer loop
      vertex 19.2784 52.1347 3
      vertex 19.4055 52.325 6
      vertex 19.4055 52.325 3
    endloop
  endfacet
  facet normal -0.831579 0.555406 0
    outer loop
      vertex 19.4055 52.325 6
      vertex 19.2784 52.1347 3
      vertex 19.2784 52.1347 6
    endloop
  endfacet
  facet normal -0.44249 -0.896774 0
    outer loop
      vertex 18.5597 54.8168 3
      vertex 18.765 54.7155 6
      vertex 18.5597 54.8168 6
    endloop
  endfacet
  facet normal -0.44249 -0.896774 -0
    outer loop
      vertex 18.765 54.7155 6
      vertex 18.5597 54.8168 3
      vertex 18.765 54.7155 3
    endloop
  endfacet
  facet normal -0.980832 -0.194856 0
    outer loop
      vertex 19.625 53.4284 3
      vertex 19.5804 53.6529 8
      vertex 19.5804 53.6529 3
    endloop
  endfacet
  facet normal -0.980832 -0.194856 0
    outer loop
      vertex 19.5804 53.6529 8
      vertex 19.625 53.4284 3
      vertex 19.625 53.4284 8
    endloop
  endfacet
  facet normal 0.659524 -0.751683 0
    outer loop
      vertex 16.6526 54.4374 3
      vertex 16.8247 54.5884 6
      vertex 16.6526 54.4374 6
    endloop
  endfacet
  facet normal 0.659524 -0.751683 0
    outer loop
      vertex 16.8247 54.5884 6
      vertex 16.6526 54.4374 3
      vertex 16.8247 54.5884 3
    endloop
  endfacet
  facet normal 0.44249 -0.896774 0
    outer loop
      vertex 17.015 54.7155 3
      vertex 17.2203 54.8168 6
      vertex 17.015 54.7155 6
    endloop
  endfacet
  facet normal 0.44249 -0.896774 0
    outer loop
      vertex 17.2203 54.8168 6
      vertex 17.015 54.7155 3
      vertex 17.2203 54.8168 3
    endloop
  endfacet
  facet normal -0.897012 0.442006 0
    outer loop
      vertex 19.5068 52.5303 3
      vertex 19.5 52.5165 6
      vertex 19.5068 52.5303 8
    endloop
  endfacet
  facet normal -0.896774 0.44249 2.76647e-06
    outer loop
      vertex 19.4055 52.325 3
      vertex 19.5 52.5165 6
      vertex 19.5068 52.5303 3
    endloop
  endfacet
  facet normal -0.896756 0.442525 0
    outer loop
      vertex 19.5 52.5165 6
      vertex 19.4055 52.325 3
      vertex 19.4055 52.325 6
    endloop
  endfacet
  facet normal -0.897012 0.442006 0
    outer loop
      vertex 19.5068 52.5303 8
      vertex 19.5 52.5165 6
      vertex 19.5 52.5165 8
    endloop
  endfacet
  facet normal -0.194856 0.980832 0
    outer loop
      vertex 18.3429 51.5096 3
      vertex 18.1184 51.465 6
      vertex 18.3429 51.5096 6
    endloop
  endfacet
  facet normal -0.194856 0.980832 0
    outer loop
      vertex 18.1184 51.465 6
      vertex 18.3429 51.5096 3
      vertex 18.1184 51.465 3
    endloop
  endfacet
  facet normal 0 0 0
    outer loop
      vertex 17.89 54.95 3
      vertex 17.89 54.95 6
      vertex 17.89 54.95 8
    endloop
  endfacet
  facet normal -0.0655331 -0.99785 0
    outer loop
      vertex 17.89 54.95 3
      vertex 18.1184 54.935 6
      vertex 17.89 54.95 6
    endloop
  endfacet
  facet normal -0.0655331 -0.99785 -0
    outer loop
      vertex 18.1184 54.935 6
      vertex 17.89 54.95 3
      vertex 18.1184 54.935 3
    endloop
  endfacet
  facet normal 0.321464 -0.946922 0
    outer loop
      vertex 17.2203 54.8168 3
      vertex 17.4371 54.8904 6
      vertex 17.2203 54.8168 6
    endloop
  endfacet
  facet normal 0.321464 -0.946922 0
    outer loop
      vertex 17.4371 54.8904 6
      vertex 17.2203 54.8168 3
      vertex 17.4371 54.8904 3
    endloop
  endfacet
  facet normal -0.946922 0.321464 0
    outer loop
      vertex 19.5068 52.5303 3
      vertex 19.5804 52.7471 8
      vertex 19.5804 52.7471 3
    endloop
  endfacet
  facet normal -0.946922 0.321464 0
    outer loop
      vertex 19.5804 52.7471 8
      vertex 19.5068 52.5303 3
      vertex 19.5068 52.5303 8
    endloop
  endfacet
  facet normal -0.980832 0.194856 0
    outer loop
      vertex 19.5804 52.7471 3
      vertex 19.625 52.9716 8
      vertex 19.625 52.9716 3
    endloop
  endfacet
  facet normal -0.980832 0.194856 0
    outer loop
      vertex 19.625 52.9716 8
      vertex 19.5804 52.7471 3
      vertex 19.5804 52.7471 8
    endloop
  endfacet
  facet normal -0.44249 0.896774 0
    outer loop
      vertex 18.765 51.6845 3
      vertex 18.5597 51.5832 6
      vertex 18.765 51.6845 6
    endloop
  endfacet
  facet normal -0.44249 0.896774 0
    outer loop
      vertex 18.5597 51.5832 6
      vertex 18.765 51.6845 3
      vertex 18.5597 51.5832 3
    endloop
  endfacet
  facet normal 0.0655331 0.99785 -0
    outer loop
      vertex 17.89 51.45 3
      vertex 17.6616 51.465 6
      vertex 17.89 51.45 6
    endloop
  endfacet
  facet normal 0.0655331 0.99785 0
    outer loop
      vertex 17.6616 51.465 6
      vertex 17.89 51.45 3
      vertex 17.6616 51.465 3
    endloop
  endfacet
  facet normal 0.0655331 -0.99785 0
    outer loop
      vertex 17.6616 54.935 6
      vertex 17.6616 54.935 3
      vertex 17.89 54.95 6
    endloop
  endfacet
  facet normal 0 -0 0
    outer loop
      vertex 17.89 54.95 6
      vertex 17.89 54.95 3
      vertex 17.89 54.95 8
    endloop
  endfacet
  facet normal 0.0655331 -0.99785 0
    outer loop
      vertex 17.89 54.95 3
      vertex 17.89 54.95 6
      vertex 17.6616 54.935 3
    endloop
  endfacet
  facet normal 0.555406 0.831579 -0
    outer loop
      vertex 17.015 51.6845 3
      vertex 16.8247 51.8116 6
      vertex 17.015 51.6845 6
    endloop
  endfacet
  facet normal 0.555406 0.831579 0
    outer loop
      vertex 16.8247 51.8116 6
      vertex 17.015 51.6845 3
      vertex 16.8247 51.8116 3
    endloop
  endfacet
  facet normal -0.659524 0.751683 0
    outer loop
      vertex 19.1274 51.9626 3
      vertex 18.9553 51.8116 6
      vertex 19.1274 51.9626 6
    endloop
  endfacet
  facet normal -0.659524 0.751683 0
    outer loop
      vertex 18.9553 51.8116 6
      vertex 19.1274 51.9626 3
      vertex 18.9553 51.8116 3
    endloop
  endfacet
  facet normal -0.751683 -0.659524 0
    outer loop
      vertex 19.2784 54.2653 3
      vertex 19.1274 54.4374 6
      vertex 19.1274 54.4374 3
    endloop
  endfacet
  facet normal -0.751683 -0.659524 0
    outer loop
      vertex 19.1274 54.4374 6
      vertex 19.2784 54.2653 3
      vertex 19.2784 54.2653 6
    endloop
  endfacet
  facet normal 0.555406 -0.831579 0
    outer loop
      vertex 16.8247 54.5884 3
      vertex 17.015 54.7155 6
      vertex 16.8247 54.5884 6
    endloop
  endfacet
  facet normal 0.555406 -0.831579 0
    outer loop
      vertex 17.015 54.7155 6
      vertex 16.8247 54.5884 3
      vertex 17.015 54.7155 3
    endloop
  endfacet
  facet normal 0.659524 0.751683 -0
    outer loop
      vertex 16.8247 51.8116 3
      vertex 16.6526 51.9626 6
      vertex 16.8247 51.8116 6
    endloop
  endfacet
  facet normal 0.659524 0.751683 0
    outer loop
      vertex 16.6526 51.9626 6
      vertex 16.8247 51.8116 3
      vertex 16.6526 51.9626 3
    endloop
  endfacet
  facet normal 0.751195 -0.66008 0
    outer loop
      vertex 16.62 54.4003 6
      vertex 16.6526 54.4374 3
      vertex 16.6526 54.4374 6
    endloop
  endfacet
  facet normal 0.751195 -0.66008 0
    outer loop
      vertex 16.6526 54.4374 3
      vertex 16.62 54.4003 6
      vertex 16.62 54.4003 3
    endloop
  endfacet
  facet normal 0.44249 0.896774 -0
    outer loop
      vertex 17.2203 51.5832 3
      vertex 17.015 51.6845 6
      vertex 17.2203 51.5832 6
    endloop
  endfacet
  facet normal 0.44249 0.896774 0
    outer loop
      vertex 17.015 51.6845 6
      vertex 17.2203 51.5832 3
      vertex 17.015 51.6845 3
    endloop
  endfacet
  facet normal -0.321464 -0.946922 0
    outer loop
      vertex 18.3429 54.8904 3
      vertex 18.5597 54.8168 6
      vertex 18.3429 54.8904 6
    endloop
  endfacet
  facet normal -0.321464 -0.946922 -0
    outer loop
      vertex 18.5597 54.8168 6
      vertex 18.3429 54.8904 3
      vertex 18.5597 54.8168 3
    endloop
  endfacet
  facet normal -0.555406 0.831579 0
    outer loop
      vertex 18.9553 51.8116 3
      vertex 18.765 51.6845 6
      vertex 18.9553 51.8116 6
    endloop
  endfacet
  facet normal -0.555406 0.831579 0
    outer loop
      vertex 18.765 51.6845 6
      vertex 18.9553 51.8116 3
      vertex 18.765 51.6845 3
    endloop
  endfacet
  facet normal -0.751683 0.659524 0
    outer loop
      vertex 19.1274 51.9626 3
      vertex 19.2784 52.1347 6
      vertex 19.2784 52.1347 3
    endloop
  endfacet
  facet normal -0.751683 0.659524 0
    outer loop
      vertex 19.2784 52.1347 6
      vertex 19.1274 51.9626 3
      vertex 19.1274 51.9626 6
    endloop
  endfacet
  facet normal -0.980986 -0.19408 0
    outer loop
      vertex 15.6444 37.7348 0
      vertex 15.6279 37.8182 3
      vertex 15.6279 37.8182 0
    endloop
  endfacet
  facet normal -0.980986 -0.19408 0
    outer loop
      vertex 15.6279 37.8182 3
      vertex 15.6444 37.7348 0
      vertex 15.6444 37.7348 3
    endloop
  endfacet
  facet normal -0.997827 -0.0658942 0
    outer loop
      vertex 15.65 37.65 0
      vertex 15.6444 37.7348 3
      vertex 15.6444 37.7348 0
    endloop
  endfacet
  facet normal -0.997827 -0.0658942 0
    outer loop
      vertex 15.6444 37.7348 3
      vertex 15.65 37.65 0
      vertex 15.65 37.65 3
    endloop
  endfacet
  facet normal -0.0658942 0.997827 0
    outer loop
      vertex 15.0848 37.0056 0
      vertex 15 37 3
      vertex 15.0848 37.0056 3
    endloop
  endfacet
  facet normal -0.0658942 0.997827 0
    outer loop
      vertex 15 37 3
      vertex 15.0848 37.0056 0
      vertex 15 37 0
    endloop
  endfacet
  facet normal 0.659753 -0.751483 0
    outer loop
      vertex 14.5404 38.1096 0
      vertex 14.6043 38.1657 3
      vertex 14.5404 38.1096 3
    endloop
  endfacet
  facet normal 0.659753 -0.751483 0
    outer loop
      vertex 14.6043 38.1657 3
      vertex 14.5404 38.1096 0
      vertex 14.6043 38.1657 0
    endloop
  endfacet
  facet normal 0.831688 0.555243 0
    outer loop
      vertex 14.4843 37.2543 3
      vertex 14.4371 37.325 0
      vertex 14.4371 37.325 3
    endloop
  endfacet
  facet normal 0.831688 0.555243 0
    outer loop
      vertex 14.4371 37.325 0
      vertex 14.4843 37.2543 3
      vertex 14.4843 37.2543 0
    endloop
  endfacet
  facet normal 0.19408 0.980986 -0
    outer loop
      vertex 14.9152 37.0056 0
      vertex 14.8318 37.0221 3
      vertex 14.9152 37.0056 3
    endloop
  endfacet
  facet normal 0.19408 0.980986 0
    outer loop
      vertex 14.8318 37.0221 3
      vertex 14.9152 37.0056 0
      vertex 14.8318 37.0221 0
    endloop
  endfacet
  facet normal -0.659753 -0.751483 0
    outer loop
      vertex 15.3957 38.1657 0
      vertex 15.4596 38.1096 3
      vertex 15.3957 38.1657 3
    endloop
  endfacet
  facet normal -0.659753 -0.751483 -0
    outer loop
      vertex 15.4596 38.1096 3
      vertex 15.3957 38.1657 0
      vertex 15.4596 38.1096 0
    endloop
  endfacet
  facet normal -0.946665 0.322219 0
    outer loop
      vertex 15.6005 37.4013 0
      vertex 15.6279 37.4818 3
      vertex 15.6279 37.4818 0
    endloop
  endfacet
  facet normal -0.946665 0.322219 0
    outer loop
      vertex 15.6279 37.4818 3
      vertex 15.6005 37.4013 0
      vertex 15.6005 37.4013 3
    endloop
  endfacet
  facet normal -0.751483 0.659753 0
    outer loop
      vertex 15.4596 37.1904 0
      vertex 15.5157 37.2543 3
      vertex 15.5157 37.2543 0
    endloop
  endfacet
  facet normal -0.751483 0.659753 0
    outer loop
      vertex 15.5157 37.2543 3
      vertex 15.4596 37.1904 0
      vertex 15.4596 37.1904 3
    endloop
  endfacet
  facet normal -0.751483 -0.659753 0
    outer loop
      vertex 15.5157 38.0457 0
      vertex 15.4596 38.1096 3
      vertex 15.4596 38.1096 0
    endloop
  endfacet
  facet normal -0.751483 -0.659753 0
    outer loop
      vertex 15.4596 38.1096 3
      vertex 15.5157 38.0457 0
      vertex 15.5157 38.0457 3
    endloop
  endfacet
  facet normal 0.946665 0.322219 0
    outer loop
      vertex 14.3995 37.4013 3
      vertex 14.3721 37.4818 0
      vertex 14.3721 37.4818 3
    endloop
  endfacet
  facet normal 0.946665 0.322219 0
    outer loop
      vertex 14.3721 37.4818 0
      vertex 14.3995 37.4013 3
      vertex 14.3995 37.4013 0
    endloop
  endfacet
  facet normal -0.322219 0.946665 0
    outer loop
      vertex 15.2487 37.0495 0
      vertex 15.1682 37.0221 3
      vertex 15.2487 37.0495 3
    endloop
  endfacet
  facet normal -0.322219 0.946665 0
    outer loop
      vertex 15.1682 37.0221 3
      vertex 15.2487 37.0495 0
      vertex 15.1682 37.0221 0
    endloop
  endfacet
  facet normal 0.0658942 0.997827 -0
    outer loop
      vertex 15 37 0
      vertex 14.9152 37.0056 3
      vertex 15 37 3
    endloop
  endfacet
  facet normal 0.0658942 0.997827 0
    outer loop
      vertex 14.9152 37.0056 3
      vertex 15 37 0
      vertex 14.9152 37.0056 0
    endloop
  endfacet
  facet normal 0.322219 -0.946665 0
    outer loop
      vertex 14.7513 38.2505 0
      vertex 14.8318 38.2779 3
      vertex 14.7513 38.2505 3
    endloop
  endfacet
  facet normal 0.322219 -0.946665 0
    outer loop
      vertex 14.8318 38.2779 3
      vertex 14.7513 38.2505 0
      vertex 14.8318 38.2779 0
    endloop
  endfacet
  facet normal -0.946665 -0.322219 0
    outer loop
      vertex 15.6279 37.8182 0
      vertex 15.6005 37.8987 3
      vertex 15.6005 37.8987 0
    endloop
  endfacet
  facet normal -0.946665 -0.322219 0
    outer loop
      vertex 15.6005 37.8987 3
      vertex 15.6279 37.8182 0
      vertex 15.6279 37.8182 3
    endloop
  endfacet
  facet normal 0.751483 -0.659753 0
    outer loop
      vertex 14.4843 38.0457 3
      vertex 14.5404 38.1096 0
      vertex 14.5404 38.1096 3
    endloop
  endfacet
  facet normal 0.751483 -0.659753 0
    outer loop
      vertex 14.5404 38.1096 0
      vertex 14.4843 38.0457 3
      vertex 14.4843 38.0457 0
    endloop
  endfacet
  facet normal 0.442033 0.896999 -0
    outer loop
      vertex 14.7513 37.0495 0
      vertex 14.675 37.0871 3
      vertex 14.7513 37.0495 3
    endloop
  endfacet
  facet normal 0.442033 0.896999 0
    outer loop
      vertex 14.675 37.0871 3
      vertex 14.7513 37.0495 0
      vertex 14.675 37.0871 0
    endloop
  endfacet
  facet normal 0.0658942 -0.997827 0
    outer loop
      vertex 14.9152 38.2944 0
      vertex 15 38.3 3
      vertex 14.9152 38.2944 3
    endloop
  endfacet
  facet normal 0.0658942 -0.997827 0
    outer loop
      vertex 15 38.3 3
      vertex 14.9152 38.2944 0
      vertex 15 38.3 0
    endloop
  endfacet
  facet normal -0.896999 0.442033 0
    outer loop
      vertex 15.5629 37.325 0
      vertex 15.6005 37.4013 3
      vertex 15.6005 37.4013 0
    endloop
  endfacet
  facet normal -0.896999 0.442033 0
    outer loop
      vertex 15.6005 37.4013 3
      vertex 15.5629 37.325 0
      vertex 15.5629 37.325 3
    endloop
  endfacet
  facet normal -0.555243 0.831688 0
    outer loop
      vertex 15.3957 37.1343 0
      vertex 15.325 37.0871 3
      vertex 15.3957 37.1343 3
    endloop
  endfacet
  facet normal -0.555243 0.831688 0
    outer loop
      vertex 15.325 37.0871 3
      vertex 15.3957 37.1343 0
      vertex 15.325 37.0871 0
    endloop
  endfacet
  facet normal 0.980986 0.19408 0
    outer loop
      vertex 14.3721 37.4818 3
      vertex 14.3556 37.5652 0
      vertex 14.3556 37.5652 3
    endloop
  endfacet
  facet normal 0.980986 0.19408 0
    outer loop
      vertex 14.3556 37.5652 0
      vertex 14.3721 37.4818 3
      vertex 14.3721 37.4818 0
    endloop
  endfacet
  facet normal -0.19408 -0.980986 0
    outer loop
      vertex 15.0848 38.2944 0
      vertex 15.1682 38.2779 3
      vertex 15.0848 38.2944 3
    endloop
  endfacet
  facet normal -0.19408 -0.980986 -0
    outer loop
      vertex 15.1682 38.2779 3
      vertex 15.0848 38.2944 0
      vertex 15.1682 38.2779 0
    endloop
  endfacet
  facet normal -0.831688 -0.555243 0
    outer loop
      vertex 15.5629 37.975 0
      vertex 15.5157 38.0457 3
      vertex 15.5157 38.0457 0
    endloop
  endfacet
  facet normal -0.831688 -0.555243 0
    outer loop
      vertex 15.5157 38.0457 3
      vertex 15.5629 37.975 0
      vertex 15.5629 37.975 3
    endloop
  endfacet
  facet normal -0.997827 0.0658942 0
    outer loop
      vertex 15.6444 37.5652 0
      vertex 15.65 37.65 3
      vertex 15.65 37.65 0
    endloop
  endfacet
  facet normal -0.997827 0.0658942 0
    outer loop
      vertex 15.65 37.65 3
      vertex 15.6444 37.5652 0
      vertex 15.6444 37.5652 3
    endloop
  endfacet
  facet normal -0.322219 -0.946665 0
    outer loop
      vertex 15.1682 38.2779 0
      vertex 15.2487 38.2505 3
      vertex 15.1682 38.2779 3
    endloop
  endfacet
  facet normal -0.322219 -0.946665 -0
    outer loop
      vertex 15.2487 38.2505 3
      vertex 15.1682 38.2779 0
      vertex 15.2487 38.2505 0
    endloop
  endfacet
  facet normal -0.555243 -0.831688 0
    outer loop
      vertex 15.325 38.2129 0
      vertex 15.3957 38.1657 3
      vertex 15.325 38.2129 3
    endloop
  endfacet
  facet normal -0.555243 -0.831688 -0
    outer loop
      vertex 15.3957 38.1657 3
      vertex 15.325 38.2129 0
      vertex 15.3957 38.1657 0
    endloop
  endfacet
  facet normal 0.19408 -0.980986 0
    outer loop
      vertex 14.8318 38.2779 0
      vertex 14.9152 38.2944 3
      vertex 14.8318 38.2779 3
    endloop
  endfacet
  facet normal 0.19408 -0.980986 0
    outer loop
      vertex 14.9152 38.2944 3
      vertex 14.8318 38.2779 0
      vertex 14.9152 38.2944 0
    endloop
  endfacet
  facet normal -0.659753 0.751483 0
    outer loop
      vertex 15.4596 37.1904 0
      vertex 15.3957 37.1343 3
      vertex 15.4596 37.1904 3
    endloop
  endfacet
  facet normal -0.659753 0.751483 0
    outer loop
      vertex 15.3957 37.1343 3
      vertex 15.4596 37.1904 0
      vertex 15.3957 37.1343 0
    endloop
  endfacet
  facet normal 0.896999 -0.442033 0
    outer loop
      vertex 14.3995 37.8987 3
      vertex 14.4371 37.975 0
      vertex 14.4371 37.975 3
    endloop
  endfacet
  facet normal 0.896999 -0.442033 0
    outer loop
      vertex 14.4371 37.975 0
      vertex 14.3995 37.8987 3
      vertex 14.3995 37.8987 0
    endloop
  endfacet
  facet normal -0.980986 0.19408 0
    outer loop
      vertex 15.6279 37.4818 0
      vertex 15.6444 37.5652 3
      vertex 15.6444 37.5652 0
    endloop
  endfacet
  facet normal -0.980986 0.19408 0
    outer loop
      vertex 15.6444 37.5652 3
      vertex 15.6279 37.4818 0
      vertex 15.6279 37.4818 3
    endloop
  endfacet
  facet normal -0.19408 0.980986 0
    outer loop
      vertex 15.1682 37.0221 0
      vertex 15.0848 37.0056 3
      vertex 15.1682 37.0221 3
    endloop
  endfacet
  facet normal -0.19408 0.980986 0
    outer loop
      vertex 15.0848 37.0056 3
      vertex 15.1682 37.0221 0
      vertex 15.0848 37.0056 0
    endloop
  endfacet
  facet normal 0.659753 0.751483 -0
    outer loop
      vertex 14.6043 37.1343 0
      vertex 14.5404 37.1904 3
      vertex 14.6043 37.1343 3
    endloop
  endfacet
  facet normal 0.659753 0.751483 0
    outer loop
      vertex 14.5404 37.1904 3
      vertex 14.6043 37.1343 0
      vertex 14.5404 37.1904 0
    endloop
  endfacet
  facet normal 0.751483 0.659753 0
    outer loop
      vertex 14.5404 37.1904 3
      vertex 14.4843 37.2543 0
      vertex 14.4843 37.2543 3
    endloop
  endfacet
  facet normal 0.751483 0.659753 0
    outer loop
      vertex 14.4843 37.2543 0
      vertex 14.5404 37.1904 3
      vertex 14.5404 37.1904 0
    endloop
  endfacet
  facet normal -0.0658942 -0.997827 0
    outer loop
      vertex 15 38.3 0
      vertex 15.0848 38.2944 3
      vertex 15 38.3 3
    endloop
  endfacet
  facet normal -0.0658942 -0.997827 -0
    outer loop
      vertex 15.0848 38.2944 3
      vertex 15 38.3 0
      vertex 15.0848 38.2944 0
    endloop
  endfacet
  facet normal -0.442033 -0.896999 0
    outer loop
      vertex 15.2487 38.2505 0
      vertex 15.325 38.2129 3
      vertex 15.2487 38.2505 3
    endloop
  endfacet
  facet normal -0.442033 -0.896999 -0
    outer loop
      vertex 15.325 38.2129 3
      vertex 15.2487 38.2505 0
      vertex 15.325 38.2129 0
    endloop
  endfacet
  facet normal -0.831688 0.555243 0
    outer loop
      vertex 15.5157 37.2543 0
      vertex 15.5629 37.325 3
      vertex 15.5629 37.325 0
    endloop
  endfacet
  facet normal -0.831688 0.555243 0
    outer loop
      vertex 15.5629 37.325 3
      vertex 15.5157 37.2543 0
      vertex 15.5157 37.2543 3
    endloop
  endfacet
  facet normal 0.997827 0.0658942 0
    outer loop
      vertex 14.3556 37.5652 3
      vertex 14.35 37.65 0
      vertex 14.35 37.65 3
    endloop
  endfacet
  facet normal 0.997827 0.0658942 0
    outer loop
      vertex 14.35 37.65 0
      vertex 14.3556 37.5652 3
      vertex 14.3556 37.5652 0
    endloop
  endfacet
  facet normal -0.442033 0.896999 0
    outer loop
      vertex 15.325 37.0871 0
      vertex 15.2487 37.0495 3
      vertex 15.325 37.0871 3
    endloop
  endfacet
  facet normal -0.442033 0.896999 0
    outer loop
      vertex 15.2487 37.0495 3
      vertex 15.325 37.0871 0
      vertex 15.2487 37.0495 0
    endloop
  endfacet
  facet normal 0.980986 -0.19408 0
    outer loop
      vertex 14.3556 37.7348 3
      vertex 14.3721 37.8182 0
      vertex 14.3721 37.8182 3
    endloop
  endfacet
  facet normal 0.980986 -0.19408 0
    outer loop
      vertex 14.3721 37.8182 0
      vertex 14.3556 37.7348 3
      vertex 14.3556 37.7348 0
    endloop
  endfacet
  facet normal 0.896999 0.442033 0
    outer loop
      vertex 14.4371 37.325 3
      vertex 14.3995 37.4013 0
      vertex 14.3995 37.4013 3
    endloop
  endfacet
  facet normal 0.896999 0.442033 0
    outer loop
      vertex 14.3995 37.4013 0
      vertex 14.4371 37.325 3
      vertex 14.4371 37.325 0
    endloop
  endfacet
  facet normal 0.946665 -0.322219 0
    outer loop
      vertex 14.3721 37.8182 3
      vertex 14.3995 37.8987 0
      vertex 14.3995 37.8987 3
    endloop
  endfacet
  facet normal 0.946665 -0.322219 0
    outer loop
      vertex 14.3995 37.8987 0
      vertex 14.3721 37.8182 3
      vertex 14.3721 37.8182 0
    endloop
  endfacet
  facet normal 0.555243 -0.831688 0
    outer loop
      vertex 14.6043 38.1657 0
      vertex 14.675 38.2129 3
      vertex 14.6043 38.1657 3
    endloop
  endfacet
  facet normal 0.555243 -0.831688 0
    outer loop
      vertex 14.675 38.2129 3
      vertex 14.6043 38.1657 0
      vertex 14.675 38.2129 0
    endloop
  endfacet
  facet normal -0.896999 -0.442033 0
    outer loop
      vertex 15.6005 37.8987 0
      vertex 15.5629 37.975 3
      vertex 15.5629 37.975 0
    endloop
  endfacet
  facet normal -0.896999 -0.442033 0
    outer loop
      vertex 15.5629 37.975 3
      vertex 15.6005 37.8987 0
      vertex 15.6005 37.8987 3
    endloop
  endfacet
  facet normal 0.997827 -0.0658942 0
    outer loop
      vertex 14.35 37.65 3
      vertex 14.3556 37.7348 0
      vertex 14.3556 37.7348 3
    endloop
  endfacet
  facet normal 0.997827 -0.0658942 0
    outer loop
      vertex 14.3556 37.7348 0
      vertex 14.35 37.65 3
      vertex 14.35 37.65 0
    endloop
  endfacet
  facet normal 0.322219 0.946665 -0
    outer loop
      vertex 14.8318 37.0221 0
      vertex 14.7513 37.0495 3
      vertex 14.8318 37.0221 3
    endloop
  endfacet
  facet normal 0.322219 0.946665 0
    outer loop
      vertex 14.7513 37.0495 3
      vertex 14.8318 37.0221 0
      vertex 14.7513 37.0495 0
    endloop
  endfacet
  facet normal 0.442033 -0.896999 0
    outer loop
      vertex 14.675 38.2129 0
      vertex 14.7513 38.2505 3
      vertex 14.675 38.2129 3
    endloop
  endfacet
  facet normal 0.442033 -0.896999 0
    outer loop
      vertex 14.7513 38.2505 3
      vertex 14.675 38.2129 0
      vertex 14.7513 38.2505 0
    endloop
  endfacet
  facet normal 0.831688 -0.555243 0
    outer loop
      vertex 14.4371 37.975 3
      vertex 14.4843 38.0457 0
      vertex 14.4843 38.0457 3
    endloop
  endfacet
  facet normal 0.831688 -0.555243 0
    outer loop
      vertex 14.4843 38.0457 0
      vertex 14.4371 37.975 3
      vertex 14.4371 37.975 0
    endloop
  endfacet
  facet normal 0.555243 0.831688 -0
    outer loop
      vertex 14.675 37.0871 0
      vertex 14.6043 37.1343 3
      vertex 14.675 37.0871 3
    endloop
  endfacet
  facet normal 0.555243 0.831688 0
    outer loop
      vertex 14.6043 37.1343 3
      vertex 14.675 37.0871 0
      vertex 14.6043 37.1343 0
    endloop
  endfacet
  facet normal -0.321464 0.946922 0
    outer loop
      vertex 15.6697 36.0332 3
      vertex 15.4529 35.9596 6
      vertex 15.6697 36.0332 6
    endloop
  endfacet
  facet normal -0.321464 0.946922 0
    outer loop
      vertex 15.4529 35.9596 6
      vertex 15.6697 36.0332 3
      vertex 15.4529 35.9596 3
    endloop
  endfacet
  facet normal -0.194856 -0.980832 0
    outer loop
      vertex 15.2284 39.385 3
      vertex 15.4529 39.3404 6
      vertex 15.2284 39.385 6
    endloop
  endfacet
  facet normal -0.194856 -0.980832 -0
    outer loop
      vertex 15.4529 39.3404 6
      vertex 15.2284 39.385 3
      vertex 15.4529 39.3404 3
    endloop
  endfacet
  facet normal -0.831579 -0.555406 0
    outer loop
      vertex 16.5155 38.525 3
      vertex 16.3884 38.7153 6
      vertex 16.3884 38.7153 3
    endloop
  endfacet
  facet normal -0.831579 -0.555406 0
    outer loop
      vertex 16.3884 38.7153 6
      vertex 16.5155 38.525 3
      vertex 16.5155 38.525 6
    endloop
  endfacet
  facet normal -0.659524 -0.751683 0
    outer loop
      vertex 16.0653 39.0384 3
      vertex 16.2374 38.8874 6
      vertex 16.0653 39.0384 6
    endloop
  endfacet
  facet normal -0.659524 -0.751683 -0
    outer loop
      vertex 16.2374 38.8874 6
      vertex 16.0653 39.0384 3
      vertex 16.2374 38.8874 3
    endloop
  endfacet
  facet normal 0.99785 0.0655331 0
    outer loop
      vertex 13.265 37.4216 6
      vertex 13.25 37.65 3
      vertex 13.25 37.65 6
    endloop
  endfacet
  facet normal 0.99785 0.0655331 0
    outer loop
      vertex 13.25 37.65 3
      vertex 13.265 37.4216 6
      vertex 13.265 37.4216 3
    endloop
  endfacet
  facet normal -0.0655331 0.99785 0
    outer loop
      vertex 15.2284 35.915 3
      vertex 15 35.9 6
      vertex 15.2284 35.915 6
    endloop
  endfacet
  facet normal -0.0655331 0.99785 0
    outer loop
      vertex 15 35.9 6
      vertex 15.2284 35.915 3
      vertex 15 35.9 3
    endloop
  endfacet
  facet normal 0.194856 0.980832 -0
    outer loop
      vertex 14.7716 35.915 3
      vertex 14.5471 35.9596 6
      vertex 14.7716 35.915 6
    endloop
  endfacet
  facet normal 0.194856 0.980832 0
    outer loop
      vertex 14.5471 35.9596 6
      vertex 14.7716 35.915 3
      vertex 14.5471 35.9596 3
    endloop
  endfacet
  facet normal 0.321464 0.946922 -0
    outer loop
      vertex 14.5471 35.9596 3
      vertex 14.3303 36.0332 6
      vertex 14.5471 35.9596 6
    endloop
  endfacet
  facet normal 0.321464 0.946922 0
    outer loop
      vertex 14.3303 36.0332 6
      vertex 14.5471 35.9596 3
      vertex 14.3303 36.0332 3
    endloop
  endfacet
  facet normal -0.946922 -0.321464 0
    outer loop
      vertex 16.6904 38.1029 3
      vertex 16.6168 38.3197 6
      vertex 16.6168 38.3197 3
    endloop
  endfacet
  facet normal -0.946922 -0.321464 0
    outer loop
      vertex 16.6168 38.3197 6
      vertex 16.6904 38.1029 3
      vertex 16.6904 38.1029 6
    endloop
  endfacet
  facet normal -0.99785 -0.0655331 0
    outer loop
      vertex 16.75 37.65 3
      vertex 16.735 37.8784 6
      vertex 16.735 37.8784 3
    endloop
  endfacet
  facet normal -0.99785 -0.0655331 0
    outer loop
      vertex 16.735 37.8784 6
      vertex 16.75 37.65 3
      vertex 16.75 37.65 6
    endloop
  endfacet
  facet normal -0.99785 0.0655331 0
    outer loop
      vertex 16.735 37.4216 3
      vertex 16.75 37.65 6
      vertex 16.75 37.65 3
    endloop
  endfacet
  facet normal -0.99785 0.0655331 0
    outer loop
      vertex 16.75 37.65 6
      vertex 16.735 37.4216 3
      vertex 16.735 37.4216 6
    endloop
  endfacet
  facet normal 0.194856 -0.980832 0
    outer loop
      vertex 14.5471 39.3404 3
      vertex 14.7716 39.385 6
      vertex 14.5471 39.3404 6
    endloop
  endfacet
  facet normal 0.194856 -0.980832 0
    outer loop
      vertex 14.7716 39.385 6
      vertex 14.5471 39.3404 3
      vertex 14.7716 39.385 3
    endloop
  endfacet
  facet normal 0.980832 0.194856 0
    outer loop
      vertex 13.3096 37.1971 6
      vertex 13.265 37.4216 3
      vertex 13.265 37.4216 6
    endloop
  endfacet
  facet normal 0.980832 0.194856 0
    outer loop
      vertex 13.265 37.4216 3
      vertex 13.3096 37.1971 6
      vertex 13.3096 37.1971 3
    endloop
  endfacet
  facet normal 0.751683 0.659524 0
    outer loop
      vertex 13.7626 36.4126 6
      vertex 13.6116 36.5847 3
      vertex 13.6116 36.5847 6
    endloop
  endfacet
  facet normal 0.751683 0.659524 0
    outer loop
      vertex 13.6116 36.5847 3
      vertex 13.7626 36.4126 6
      vertex 13.7626 36.4126 3
    endloop
  endfacet
  facet normal -0.896774 -0.44249 0
    outer loop
      vertex 16.6168 38.3197 3
      vertex 16.5155 38.525 6
      vertex 16.5155 38.525 3
    endloop
  endfacet
  facet normal -0.896774 -0.44249 0
    outer loop
      vertex 16.5155 38.525 6
      vertex 16.6168 38.3197 3
      vertex 16.6168 38.3197 6
    endloop
  endfacet
  facet normal -0.555406 -0.831579 0
    outer loop
      vertex 15.875 39.1655 3
      vertex 16.0653 39.0384 6
      vertex 15.875 39.1655 6
    endloop
  endfacet
  facet normal -0.555406 -0.831579 -0
    outer loop
      vertex 16.0653 39.0384 6
      vertex 15.875 39.1655 3
      vertex 16.0653 39.0384 3
    endloop
  endfacet
  facet normal -0.831579 0.555406 0
    outer loop
      vertex 16.3884 36.5847 3
      vertex 16.5155 36.775 6
      vertex 16.5155 36.775 3
    endloop
  endfacet
  facet normal -0.831579 0.555406 0
    outer loop
      vertex 16.5155 36.775 6
      vertex 16.3884 36.5847 3
      vertex 16.3884 36.5847 6
    endloop
  endfacet
  facet normal -0.44249 -0.896774 0
    outer loop
      vertex 15.6697 39.2668 3
      vertex 15.875 39.1655 6
      vertex 15.6697 39.2668 6
    endloop
  endfacet
  facet normal -0.44249 -0.896774 -0
    outer loop
      vertex 15.875 39.1655 6
      vertex 15.6697 39.2668 3
      vertex 15.875 39.1655 3
    endloop
  endfacet
  facet normal -0.980832 -0.194856 0
    outer loop
      vertex 16.735 37.8784 3
      vertex 16.6904 38.1029 6
      vertex 16.6904 38.1029 3
    endloop
  endfacet
  facet normal -0.980832 -0.194856 0
    outer loop
      vertex 16.6904 38.1029 6
      vertex 16.735 37.8784 3
      vertex 16.735 37.8784 6
    endloop
  endfacet
  facet normal 0.659524 -0.751683 0
    outer loop
      vertex 13.7626 38.8874 3
      vertex 13.9347 39.0384 6
      vertex 13.7626 38.8874 6
    endloop
  endfacet
  facet normal 0.659524 -0.751683 0
    outer loop
      vertex 13.9347 39.0384 6
      vertex 13.7626 38.8874 3
      vertex 13.9347 39.0384 3
    endloop
  endfacet
  facet normal 0.44249 -0.896774 0
    outer loop
      vertex 14.125 39.1655 3
      vertex 14.3303 39.2668 6
      vertex 14.125 39.1655 6
    endloop
  endfacet
  facet normal 0.44249 -0.896774 0
    outer loop
      vertex 14.3303 39.2668 6
      vertex 14.125 39.1655 3
      vertex 14.3303 39.2668 3
    endloop
  endfacet
  facet normal -0.896774 0.44249 0
    outer loop
      vertex 16.5155 36.775 3
      vertex 16.6168 36.9803 6
      vertex 16.6168 36.9803 3
    endloop
  endfacet
  facet normal -0.896774 0.44249 0
    outer loop
      vertex 16.6168 36.9803 6
      vertex 16.5155 36.775 3
      vertex 16.5155 36.775 6
    endloop
  endfacet
  facet normal 0 0 1
    outer loop
      vertex 15.65 37.65 3
      vertex 16.75 37.65 3
      vertex 16.735 37.8784 3
    endloop
  endfacet
  facet normal 0 0 1
    outer loop
      vertex 15.6444 37.7348 3
      vertex 16.735 37.8784 3
      vertex 16.6904 38.1029 3
    endloop
  endfacet
  facet normal 0 0 1
    outer loop
      vertex 16.75 37.65 3
      vertex 15.65 37.65 3
      vertex 16.735 37.4216 3
    endloop
  endfacet
  facet normal 0 0 1
    outer loop
      vertex 15.6279 37.8182 3
      vertex 16.6904 38.1029 3
      vertex 16.6168 38.3197 3
    endloop
  endfacet
  facet normal -0 0 1
    outer loop
      vertex 15.6444 37.5652 3
      vertex 16.735 37.4216 3
      vertex 15.65 37.65 3
    endloop
  endfacet
  facet normal 0 0 1
    outer loop
      vertex 15.6005 37.8987 3
      vertex 16.6168 38.3197 3
      vertex 16.5155 38.525 3
    endloop
  endfacet
  facet normal 0 0 1
    outer loop
      vertex 16.735 37.4216 3
      vertex 15.6444 37.5652 3
      vertex 16.6904 37.1971 3
    endloop
  endfacet
  facet normal 0 0 1
    outer loop
      vertex 15.5629 37.975 3
      vertex 16.5155 38.525 3
      vertex 16.3884 38.7153 3
    endloop
  endfacet
  facet normal -0 0 1
    outer loop
      vertex 15.6279 37.4818 3
      vertex 16.6904 37.1971 3
      vertex 15.6444 37.5652 3
    endloop
  endfacet
  facet normal 0 0 1
    outer loop
      vertex 15.5157 38.0457 3
      vertex 16.3884 38.7153 3
      vertex 16.2374 38.8874 3
    endloop
  endfacet
  facet normal 0 0 1
    outer loop
      vertex 16.6904 37.1971 3
      vertex 15.6279 37.4818 3
      vertex 16.6168 36.9803 3
    endloop
  endfacet
  facet normal 0 0 1
    outer loop
      vertex 15.4596 38.1096 3
      vertex 16.2374 38.8874 3
      vertex 16.0653 39.0384 3
    endloop
  endfacet
  facet normal -0 0 1
    outer loop
      vertex 15.6005 37.4013 3
      vertex 16.6168 36.9803 3
      vertex 15.6279 37.4818 3
    endloop
  endfacet
  facet normal 0 0 1
    outer loop
      vertex 15.3957 38.1657 3
      vertex 16.0653 39.0384 3
      vertex 15.875 39.1655 3
    endloop
  endfacet
  facet normal 0 0 1
    outer loop
      vertex 16.6168 36.9803 3
      vertex 15.6005 37.4013 3
      vertex 16.5155 36.775 3
    endloop
  endfacet
  facet normal 0 0 1
    outer loop
      vertex 15.325 38.2129 3
      vertex 15.875 39.1655 3
      vertex 15.6697 39.2668 3
    endloop
  endfacet
  facet normal -0 0 1
    outer loop
      vertex 15.5629 37.325 3
      vertex 16.5155 36.775 3
      vertex 15.6005 37.4013 3
    endloop
  endfacet
  facet normal 0 0 1
    outer loop
      vertex 16.5155 36.775 3
      vertex 15.5629 37.325 3
      vertex 16.3884 36.5847 3
    endloop
  endfacet
  facet normal 0 0 1
    outer loop
      vertex 16.735 37.8784 3
      vertex 15.6444 37.7348 3
      vertex 15.65 37.65 3
    endloop
  endfacet
  facet normal 0 0 1
    outer loop
      vertex 16.6904 38.1029 3
      vertex 15.6279 37.8182 3
      vertex 15.6444 37.7348 3
    endloop
  endfacet
  facet normal 0 0 1
    outer loop
      vertex 16.6168 38.3197 3
      vertex 15.6005 37.8987 3
      vertex 15.6279 37.8182 3
    endloop
  endfacet
  facet normal 0 0 1
    outer loop
      vertex 16.5155 38.525 3
      vertex 15.5629 37.975 3
      vertex 15.6005 37.8987 3
    endloop
  endfacet
  facet normal 0 0 1
    outer loop
      vertex 16.3884 38.7153 3
      vertex 15.5157 38.0457 3
      vertex 15.5629 37.975 3
    endloop
  endfacet
  facet normal 0 0 1
    outer loop
      vertex 16.2374 38.8874 3
      vertex 15.4596 38.1096 3
      vertex 15.5157 38.0457 3
    endloop
  endfacet
  facet normal 0 0 1
    outer loop
      vertex 15.2487 38.2505 3
      vertex 15.6697 39.2668 3
      vertex 15.4529 39.3404 3
    endloop
  endfacet
  facet normal 0 0 1
    outer loop
      vertex 16.0653 39.0384 3
      vertex 15.3957 38.1657 3
      vertex 15.4596 38.1096 3
    endloop
  endfacet
  facet normal 0 0 1
    outer loop
      vertex 15.875 39.1655 3
      vertex 15.325 38.2129 3
      vertex 15.3957 38.1657 3
    endloop
  endfacet
  facet normal 0 0 1
    outer loop
      vertex 15.6697 39.2668 3
      vertex 15.2487 38.2505 3
      vertex 15.325 38.2129 3
    endloop
  endfacet
  facet normal 0 0 1
    outer loop
      vertex 15.1682 38.2779 3
      vertex 15.4529 39.3404 3
      vertex 15.2284 39.385 3
    endloop
  endfacet
  facet normal 0 0 1
    outer loop
      vertex 15.4529 39.3404 3
      vertex 15.1682 38.2779 3
      vertex 15.2487 38.2505 3
    endloop
  endfacet
  facet normal 0 0 1
    outer loop
      vertex 15.2284 39.385 3
      vertex 15.0848 38.2944 3
      vertex 15.1682 38.2779 3
    endloop
  endfacet
  facet normal 0 0 1
    outer loop
      vertex 15 39.4 3
      vertex 15.0848 38.2944 3
      vertex 15.2284 39.385 3
    endloop
  endfacet
  facet normal 0 0 1
    outer loop
      vertex 15 39.4 3
      vertex 15 38.3 3
      vertex 15.0848 38.2944 3
    endloop
  endfacet
  facet normal 0 0 1
    outer loop
      vertex 15 39.4 3
      vertex 14.9152 38.2944 3
      vertex 15 38.3 3
    endloop
  endfacet
  facet normal -0 0 1
    outer loop
      vertex 14.7716 39.385 3
      vertex 14.9152 38.2944 3
      vertex 15 39.4 3
    endloop
  endfacet
  facet normal 0 0 1
    outer loop
      vertex 14.9152 38.2944 3
      vertex 14.7716 39.385 3
      vertex 14.8318 38.2779 3
    endloop
  endfacet
  facet normal -0 0 1
    outer loop
      vertex 14.5471 39.3404 3
      vertex 14.8318 38.2779 3
      vertex 14.7716 39.385 3
    endloop
  endfacet
  facet normal 0 0 1
    outer loop
      vertex 14.8318 38.2779 3
      vertex 14.5471 39.3404 3
      vertex 14.7513 38.2505 3
    endloop
  endfacet
  facet normal -0 0 1
    outer loop
      vertex 14.3303 39.2668 3
      vertex 14.7513 38.2505 3
      vertex 14.5471 39.3404 3
    endloop
  endfacet
  facet normal 0 0 1
    outer loop
      vertex 14.7513 38.2505 3
      vertex 14.3303 39.2668 3
      vertex 14.675 38.2129 3
    endloop
  endfacet
  facet normal -0 0 1
    outer loop
      vertex 14.125 39.1655 3
      vertex 14.675 38.2129 3
      vertex 14.3303 39.2668 3
    endloop
  endfacet
  facet normal 0 0 1
    outer loop
      vertex 14.675 38.2129 3
      vertex 14.125 39.1655 3
      vertex 14.6043 38.1657 3
    endloop
  endfacet
  facet normal -0 0 1
    outer loop
      vertex 13.9347 39.0384 3
      vertex 14.6043 38.1657 3
      vertex 14.125 39.1655 3
    endloop
  endfacet
  facet normal 0 0 1
    outer loop
      vertex 14.6043 38.1657 3
      vertex 13.9347 39.0384 3
      vertex 14.5404 38.1096 3
    endloop
  endfacet
  facet normal -0 0 1
    outer loop
      vertex 13.7626 38.8874 3
      vertex 14.5404 38.1096 3
      vertex 13.9347 39.0384 3
    endloop
  endfacet
  facet normal 0 0 1
    outer loop
      vertex 14.5404 38.1096 3
      vertex 13.7626 38.8874 3
      vertex 14.4843 38.0457 3
    endloop
  endfacet
  facet normal 0 0 1
    outer loop
      vertex 14.4843 38.0457 3
      vertex 13.6116 38.7153 3
      vertex 14.4371 37.975 3
    endloop
  endfacet
  facet normal -0 0 1
    outer loop
      vertex 13.6116 38.7153 3
      vertex 14.4843 38.0457 3
      vertex 13.7626 38.8874 3
    endloop
  endfacet
  facet normal -0 0 1
    outer loop
      vertex 15.5157 37.2543 3
      vertex 16.3884 36.5847 3
      vertex 15.5629 37.325 3
    endloop
  endfacet
  facet normal 0 0 1
    outer loop
      vertex 16.3884 36.5847 3
      vertex 15.5157 37.2543 3
      vertex 16.2374 36.4126 3
    endloop
  endfacet
  facet normal -0 0 1
    outer loop
      vertex 15.4596 37.1904 3
      vertex 16.2374 36.4126 3
      vertex 15.5157 37.2543 3
    endloop
  endfacet
  facet normal 0 0 1
    outer loop
      vertex 16.2374 36.4126 3
      vertex 15.4596 37.1904 3
      vertex 16.0653 36.2616 3
    endloop
  endfacet
  facet normal -0 0 1
    outer loop
      vertex 15.3957 37.1343 3
      vertex 16.0653 36.2616 3
      vertex 15.4596 37.1904 3
    endloop
  endfacet
  facet normal 0 0 1
    outer loop
      vertex 16.0653 36.2616 3
      vertex 15.3957 37.1343 3
      vertex 15.875 36.1345 3
    endloop
  endfacet
  facet normal -0 0 1
    outer loop
      vertex 15.325 37.0871 3
      vertex 15.875 36.1345 3
      vertex 15.3957 37.1343 3
    endloop
  endfacet
  facet normal 0 0 1
    outer loop
      vertex 15.875 36.1345 3
      vertex 15.325 37.0871 3
      vertex 15.6697 36.0332 3
    endloop
  endfacet
  facet normal -0 0 1
    outer loop
      vertex 15.2487 37.0495 3
      vertex 15.6697 36.0332 3
      vertex 15.325 37.0871 3
    endloop
  endfacet
  facet normal 0 0 1
    outer loop
      vertex 15.6697 36.0332 3
      vertex 15.2487 37.0495 3
      vertex 15.4529 35.9596 3
    endloop
  endfacet
  facet normal -0 0 1
    outer loop
      vertex 15.1682 37.0221 3
      vertex 15.4529 35.9596 3
      vertex 15.2487 37.0495 3
    endloop
  endfacet
  facet normal 0 0 1
    outer loop
      vertex 15.4529 35.9596 3
      vertex 15.1682 37.0221 3
      vertex 15.2284 35.915 3
    endloop
  endfacet
  facet normal -0 0 1
    outer loop
      vertex 15.0848 37.0056 3
      vertex 15.2284 35.915 3
      vertex 15.1682 37.0221 3
    endloop
  endfacet
  facet normal -0 0 1
    outer loop
      vertex 15 37 3
      vertex 15.2284 35.915 3
      vertex 15.0848 37.0056 3
    endloop
  endfacet
  facet normal 0 0 1
    outer loop
      vertex 15 37 3
      vertex 15 35.9 3
      vertex 15.2284 35.915 3
    endloop
  endfacet
  facet normal 0 0 1
    outer loop
      vertex 14.9152 37.0056 3
      vertex 15 35.9 3
      vertex 15 37 3
    endloop
  endfacet
  facet normal 0 0 1
    outer loop
      vertex 14.7716 35.915 3
      vertex 14.9152 37.0056 3
      vertex 14.8318 37.0221 3
    endloop
  endfacet
  facet normal 0 0 1
    outer loop
      vertex 14.9152 37.0056 3
      vertex 14.7716 35.915 3
      vertex 15 35.9 3
    endloop
  endfacet
  facet normal 0 0 1
    outer loop
      vertex 14.5471 35.9596 3
      vertex 14.8318 37.0221 3
      vertex 14.7513 37.0495 3
    endloop
  endfacet
  facet normal 0 0 1
    outer loop
      vertex 14.3303 36.0332 3
      vertex 14.7513 37.0495 3
      vertex 14.675 37.0871 3
    endloop
  endfacet
  facet normal 0 0 1
    outer loop
      vertex 14.125 36.1345 3
      vertex 14.675 37.0871 3
      vertex 14.6043 37.1343 3
    endloop
  endfacet
  facet normal 0 0 1
    outer loop
      vertex 14.8318 37.0221 3
      vertex 14.5471 35.9596 3
      vertex 14.7716 35.915 3
    endloop
  endfacet
  facet normal 0 0 1
    outer loop
      vertex 13.9347 36.2616 3
      vertex 14.6043 37.1343 3
      vertex 14.5404 37.1904 3
    endloop
  endfacet
  facet normal 0 0 1
    outer loop
      vertex 13.7626 36.4126 3
      vertex 14.5404 37.1904 3
      vertex 14.4843 37.2543 3
    endloop
  endfacet
  facet normal 0 0 1
    outer loop
      vertex 13.6116 36.5847 3
      vertex 14.4843 37.2543 3
      vertex 14.4371 37.325 3
    endloop
  endfacet
  facet normal 0 0 1
    outer loop
      vertex 13.4845 36.775 3
      vertex 14.4371 37.325 3
      vertex 14.3995 37.4013 3
    endloop
  endfacet
  facet normal 0 0 1
    outer loop
      vertex 13.3832 36.9803 3
      vertex 14.3995 37.4013 3
      vertex 14.3721 37.4818 3
    endloop
  endfacet
  facet normal 0 0 1
    outer loop
      vertex 13.3096 37.1971 3
      vertex 14.3721 37.4818 3
      vertex 14.3556 37.5652 3
    endloop
  endfacet
  facet normal 0 0 1
    outer loop
      vertex 14.7513 37.0495 3
      vertex 14.3303 36.0332 3
      vertex 14.5471 35.9596 3
    endloop
  endfacet
  facet normal 0 0 1
    outer loop
      vertex 13.265 37.4216 3
      vertex 14.3556 37.5652 3
      vertex 14.35 37.65 3
    endloop
  endfacet
  facet normal -0 0 1
    outer loop
      vertex 13.4845 38.525 3
      vertex 14.4371 37.975 3
      vertex 13.6116 38.7153 3
    endloop
  endfacet
  facet normal 0 0 1
    outer loop
      vertex 14.4371 37.975 3
      vertex 13.4845 38.525 3
      vertex 14.3995 37.8987 3
    endloop
  endfacet
  facet normal 0 0 1
    outer loop
      vertex 14.675 37.0871 3
      vertex 14.125 36.1345 3
      vertex 14.3303 36.0332 3
    endloop
  endfacet
  facet normal -0 0 1
    outer loop
      vertex 13.3832 38.3197 3
      vertex 14.3995 37.8987 3
      vertex 13.4845 38.525 3
    endloop
  endfacet
  facet normal 0 0 1
    outer loop
      vertex 14.6043 37.1343 3
      vertex 13.9347 36.2616 3
      vertex 14.125 36.1345 3
    endloop
  endfacet
  facet normal 0 0 1
    outer loop
      vertex 14.3995 37.8987 3
      vertex 13.3832 38.3197 3
      vertex 14.3721 37.8182 3
    endloop
  endfacet
  facet normal 0 0 1
    outer loop
      vertex 14.5404 37.1904 3
      vertex 13.7626 36.4126 3
      vertex 13.9347 36.2616 3
    endloop
  endfacet
  facet normal -0 0 1
    outer loop
      vertex 13.3096 38.1029 3
      vertex 14.3721 37.8182 3
      vertex 13.3832 38.3197 3
    endloop
  endfacet
  facet normal 0 0 1
    outer loop
      vertex 14.4843 37.2543 3
      vertex 13.6116 36.5847 3
      vertex 13.7626 36.4126 3
    endloop
  endfacet
  facet normal 0 0 1
    outer loop
      vertex 14.3721 37.8182 3
      vertex 13.3096 38.1029 3
      vertex 14.3556 37.7348 3
    endloop
  endfacet
  facet normal 0 0 1
    outer loop
      vertex 14.4371 37.325 3
      vertex 13.4845 36.775 3
      vertex 13.6116 36.5847 3
    endloop
  endfacet
  facet normal -0 0 1
    outer loop
      vertex 13.265 37.8784 3
      vertex 14.3556 37.7348 3
      vertex 13.3096 38.1029 3
    endloop
  endfacet
  facet normal 0 0 1
    outer loop
      vertex 14.3995 37.4013 3
      vertex 13.3832 36.9803 3
      vertex 13.4845 36.775 3
    endloop
  endfacet
  facet normal 0 0 1
    outer loop
      vertex 14.3556 37.7348 3
      vertex 13.265 37.8784 3
      vertex 14.35 37.65 3
    endloop
  endfacet
  facet normal 0 0 1
    outer loop
      vertex 14.3721 37.4818 3
      vertex 13.3096 37.1971 3
      vertex 13.3832 36.9803 3
    endloop
  endfacet
  facet normal 0 0 1
    outer loop
      vertex 13.25 37.65 3
      vertex 14.35 37.65 3
      vertex 13.265 37.8784 3
    endloop
  endfacet
  facet normal 0 0 1
    outer loop
      vertex 14.3556 37.5652 3
      vertex 13.265 37.4216 3
      vertex 13.3096 37.1971 3
    endloop
  endfacet
  facet normal 0 0 1
    outer loop
      vertex 14.35 37.65 3
      vertex 13.25 37.65 3
      vertex 13.265 37.4216 3
    endloop
  endfacet
  facet normal -0.194856 0.980832 0
    outer loop
      vertex 15.4529 35.9596 3
      vertex 15.2284 35.915 6
      vertex 15.4529 35.9596 6
    endloop
  endfacet
  facet normal -0.194856 0.980832 0
    outer loop
      vertex 15.2284 35.915 6
      vertex 15.4529 35.9596 3
      vertex 15.2284 35.915 3
    endloop
  endfacet
  facet normal -0.0655331 -0.99785 0
    outer loop
      vertex 15 39.4 3
      vertex 15.2284 39.385 6
      vertex 15 39.4 6
    endloop
  endfacet
  facet normal -0.0655331 -0.99785 -0
    outer loop
      vertex 15.2284 39.385 6
      vertex 15 39.4 3
      vertex 15.2284 39.385 3
    endloop
  endfacet
  facet normal 0.321464 -0.946922 0
    outer loop
      vertex 14.3303 39.2668 3
      vertex 14.5471 39.3404 6
      vertex 14.3303 39.2668 6
    endloop
  endfacet
  facet normal 0.321464 -0.946922 0
    outer loop
      vertex 14.5471 39.3404 6
      vertex 14.3303 39.2668 3
      vertex 14.5471 39.3404 3
    endloop
  endfacet
  facet normal -0.946922 0.321464 0
    outer loop
      vertex 16.6168 36.9803 3
      vertex 16.6904 37.1971 6
      vertex 16.6904 37.1971 3
    endloop
  endfacet
  facet normal -0.946922 0.321464 0
    outer loop
      vertex 16.6904 37.1971 6
      vertex 16.6168 36.9803 3
      vertex 16.6168 36.9803 6
    endloop
  endfacet
  facet normal -0.980832 0.194856 0
    outer loop
      vertex 16.6904 37.1971 3
      vertex 16.735 37.4216 6
      vertex 16.735 37.4216 3
    endloop
  endfacet
  facet normal -0.980832 0.194856 0
    outer loop
      vertex 16.735 37.4216 6
      vertex 16.6904 37.1971 3
      vertex 16.6904 37.1971 6
    endloop
  endfacet
  facet normal 0.946922 -0.321464 0
    outer loop
      vertex 13.3096 38.1029 6
      vertex 13.3832 38.3197 3
      vertex 13.3832 38.3197 6
    endloop
  endfacet
  facet normal 0.946922 -0.321464 0
    outer loop
      vertex 13.3832 38.3197 3
      vertex 13.3096 38.1029 6
      vertex 13.3096 38.1029 3
    endloop
  endfacet
  facet normal -0.44249 0.896774 0
    outer loop
      vertex 15.875 36.1345 3
      vertex 15.6697 36.0332 6
      vertex 15.875 36.1345 6
    endloop
  endfacet
  facet normal -0.44249 0.896774 0
    outer loop
      vertex 15.6697 36.0332 6
      vertex 15.875 36.1345 3
      vertex 15.6697 36.0332 3
    endloop
  endfacet
  facet normal 0.0655331 0.99785 -0
    outer loop
      vertex 15 35.9 3
      vertex 14.7716 35.915 6
      vertex 15 35.9 6
    endloop
  endfacet
  facet normal 0.0655331 0.99785 0
    outer loop
      vertex 14.7716 35.915 6
      vertex 15 35.9 3
      vertex 14.7716 35.915 3
    endloop
  endfacet
  facet normal 0.0655331 -0.99785 0
    outer loop
      vertex 14.7716 39.385 3
      vertex 15 39.4 6
      vertex 14.7716 39.385 6
    endloop
  endfacet
  facet normal 0.0655331 -0.99785 0
    outer loop
      vertex 15 39.4 6
      vertex 14.7716 39.385 3
      vertex 15 39.4 3
    endloop
  endfacet
  facet normal 0.896774 0.44249 0
    outer loop
      vertex 13.4845 36.775 6
      vertex 13.3832 36.9803 3
      vertex 13.3832 36.9803 6
    endloop
  endfacet
  facet normal 0.896774 0.44249 0
    outer loop
      vertex 13.3832 36.9803 3
      vertex 13.4845 36.775 6
      vertex 13.4845 36.775 3
    endloop
  endfacet
  facet normal 0.99785 -0.0655331 0
    outer loop
      vertex 13.25 37.65 6
      vertex 13.265 37.8784 3
      vertex 13.265 37.8784 6
    endloop
  endfacet
  facet normal 0.99785 -0.0655331 0
    outer loop
      vertex 13.265 37.8784 3
      vertex 13.25 37.65 6
      vertex 13.25 37.65 3
    endloop
  endfacet
  facet normal 0.946922 0.321464 0
    outer loop
      vertex 13.3832 36.9803 6
      vertex 13.3096 37.1971 3
      vertex 13.3096 37.1971 6
    endloop
  endfacet
  facet normal 0.946922 0.321464 0
    outer loop
      vertex 13.3096 37.1971 3
      vertex 13.3832 36.9803 6
      vertex 13.3832 36.9803 3
    endloop
  endfacet
  facet normal 0.555406 0.831579 -0
    outer loop
      vertex 14.125 36.1345 3
      vertex 13.9347 36.2616 6
      vertex 14.125 36.1345 6
    endloop
  endfacet
  facet normal 0.555406 0.831579 0
    outer loop
      vertex 13.9347 36.2616 6
      vertex 14.125 36.1345 3
      vertex 13.9347 36.2616 3
    endloop
  endfacet
  facet normal 0.980832 -0.194856 0
    outer loop
      vertex 13.265 37.8784 6
      vertex 13.3096 38.1029 3
      vertex 13.3096 38.1029 6
    endloop
  endfacet
  facet normal 0.980832 -0.194856 0
    outer loop
      vertex 13.3096 38.1029 3
      vertex 13.265 37.8784 6
      vertex 13.265 37.8784 3
    endloop
  endfacet
  facet normal -0.659524 0.751683 0
    outer loop
      vertex 16.2374 36.4126 3
      vertex 16.0653 36.2616 6
      vertex 16.2374 36.4126 6
    endloop
  endfacet
  facet normal -0.659524 0.751683 0
    outer loop
      vertex 16.0653 36.2616 6
      vertex 16.2374 36.4126 3
      vertex 16.0653 36.2616 3
    endloop
  endfacet
  facet normal -0.751683 -0.659524 0
    outer loop
      vertex 16.3884 38.7153 3
      vertex 16.2374 38.8874 6
      vertex 16.2374 38.8874 3
    endloop
  endfacet
  facet normal -0.751683 -0.659524 0
    outer loop
      vertex 16.2374 38.8874 6
      vertex 16.3884 38.7153 3
      vertex 16.3884 38.7153 6
    endloop
  endfacet
  facet normal 0.896774 -0.44249 0
    outer loop
      vertex 13.3832 38.3197 6
      vertex 13.4845 38.525 3
      vertex 13.4845 38.525 6
    endloop
  endfacet
  facet normal 0.896774 -0.44249 0
    outer loop
      vertex 13.4845 38.525 3
      vertex 13.3832 38.3197 6
      vertex 13.3832 38.3197 3
    endloop
  endfacet
  facet normal 0.555406 -0.831579 0
    outer loop
      vertex 13.9347 39.0384 3
      vertex 14.125 39.1655 6
      vertex 13.9347 39.0384 6
    endloop
  endfacet
  facet normal 0.555406 -0.831579 0
    outer loop
      vertex 14.125 39.1655 6
      vertex 13.9347 39.0384 3
      vertex 14.125 39.1655 3
    endloop
  endfacet
  facet normal 0.659524 0.751683 -0
    outer loop
      vertex 13.9347 36.2616 3
      vertex 13.7626 36.4126 6
      vertex 13.9347 36.2616 6
    endloop
  endfacet
  facet normal 0.659524 0.751683 0
    outer loop
      vertex 13.7626 36.4126 6
      vertex 13.9347 36.2616 3
      vertex 13.7626 36.4126 3
    endloop
  endfacet
  facet normal 0.831579 0.555406 0
    outer loop
      vertex 13.6116 36.5847 6
      vertex 13.4845 36.775 3
      vertex 13.4845 36.775 6
    endloop
  endfacet
  facet normal 0.831579 0.555406 0
    outer loop
      vertex 13.4845 36.775 3
      vertex 13.6116 36.5847 6
      vertex 13.6116 36.5847 3
    endloop
  endfacet
  facet normal 0.751683 -0.659524 0
    outer loop
      vertex 13.6116 38.7153 6
      vertex 13.7626 38.8874 3
      vertex 13.7626 38.8874 6
    endloop
  endfacet
  facet normal 0.751683 -0.659524 0
    outer loop
      vertex 13.7626 38.8874 3
      vertex 13.6116 38.7153 6
      vertex 13.6116 38.7153 3
    endloop
  endfacet
  facet normal 0.44249 0.896774 -0
    outer loop
      vertex 14.3303 36.0332 3
      vertex 14.125 36.1345 6
      vertex 14.3303 36.0332 6
    endloop
  endfacet
  facet normal 0.44249 0.896774 0
    outer loop
      vertex 14.125 36.1345 6
      vertex 14.3303 36.0332 3
      vertex 14.125 36.1345 3
    endloop
  endfacet
  facet normal -0.321464 -0.946922 0
    outer loop
      vertex 15.4529 39.3404 3
      vertex 15.6697 39.2668 6
      vertex 15.4529 39.3404 6
    endloop
  endfacet
  facet normal -0.321464 -0.946922 -0
    outer loop
      vertex 15.6697 39.2668 6
      vertex 15.4529 39.3404 3
      vertex 15.6697 39.2668 3
    endloop
  endfacet
  facet normal -0.555406 0.831579 0
    outer loop
      vertex 16.0653 36.2616 3
      vertex 15.875 36.1345 6
      vertex 16.0653 36.2616 6
    endloop
  endfacet
  facet normal -0.555406 0.831579 0
    outer loop
      vertex 15.875 36.1345 6
      vertex 16.0653 36.2616 3
      vertex 15.875 36.1345 3
    endloop
  endfacet
  facet normal 0.831579 -0.555406 0
    outer loop
      vertex 13.4845 38.525 6
      vertex 13.6116 38.7153 3
      vertex 13.6116 38.7153 6
    endloop
  endfacet
  facet normal 0.831579 -0.555406 0
    outer loop
      vertex 13.6116 38.7153 3
      vertex 13.4845 38.525 6
      vertex 13.4845 38.525 3
    endloop
  endfacet
  facet normal -0.751683 0.659524 0
    outer loop
      vertex 16.2374 36.4126 3
      vertex 16.3884 36.5847 6
      vertex 16.3884 36.5847 3
    endloop
  endfacet
  facet normal -0.751683 0.659524 0
    outer loop
      vertex 16.3884 36.5847 6
      vertex 16.2374 36.4126 3
      vertex 16.2374 36.4126 6
    endloop
  endfacet
  facet normal -0.980986 -0.19408 0
    outer loop
      vertex 15.6444 31.9848 0
      vertex 15.6279 32.0682 3
      vertex 15.6279 32.0682 0
    endloop
  endfacet
  facet normal -0.980986 -0.19408 0
    outer loop
      vertex 15.6279 32.0682 3
      vertex 15.6444 31.9848 0
      vertex 15.6444 31.9848 3
    endloop
  endfacet
  facet normal -0.997827 -0.0658942 0
    outer loop
      vertex 15.65 31.9 0
      vertex 15.6444 31.9848 3
      vertex 15.6444 31.9848 0
    endloop
  endfacet
  facet normal -0.997827 -0.0658942 0
    outer loop
      vertex 15.6444 31.9848 3
      vertex 15.65 31.9 0
      vertex 15.65 31.9 3
    endloop
  endfacet
  facet normal -0.0658942 0.997827 0
    outer loop
      vertex 15.0848 31.2556 0
      vertex 15 31.25 3
      vertex 15.0848 31.2556 3
    endloop
  endfacet
  facet normal -0.0658942 0.997827 0
    outer loop
      vertex 15 31.25 3
      vertex 15.0848 31.2556 0
      vertex 15 31.25 0
    endloop
  endfacet
  facet normal 0.659753 -0.751483 0
    outer loop
      vertex 14.5404 32.3596 0
      vertex 14.6043 32.4157 3
      vertex 14.5404 32.3596 3
    endloop
  endfacet
  facet normal 0.659753 -0.751483 0
    outer loop
      vertex 14.6043 32.4157 3
      vertex 14.5404 32.3596 0
      vertex 14.6043 32.4157 0
    endloop
  endfacet
  facet normal 0.831688 0.555243 0
    outer loop
      vertex 14.4843 31.5043 3
      vertex 14.4371 31.575 0
      vertex 14.4371 31.575 3
    endloop
  endfacet
  facet normal 0.831688 0.555243 0
    outer loop
      vertex 14.4371 31.575 0
      vertex 14.4843 31.5043 3
      vertex 14.4843 31.5043 0
    endloop
  endfacet
  facet normal 0.19408 0.980986 -0
    outer loop
      vertex 14.9152 31.2556 0
      vertex 14.8318 31.2721 3
      vertex 14.9152 31.2556 3
    endloop
  endfacet
  facet normal 0.19408 0.980986 0
    outer loop
      vertex 14.8318 31.2721 3
      vertex 14.9152 31.2556 0
      vertex 14.8318 31.2721 0
    endloop
  endfacet
  facet normal -0.659753 -0.751483 0
    outer loop
      vertex 15.3957 32.4157 0
      vertex 15.4596 32.3596 3
      vertex 15.3957 32.4157 3
    endloop
  endfacet
  facet normal -0.659753 -0.751483 -0
    outer loop
      vertex 15.4596 32.3596 3
      vertex 15.3957 32.4157 0
      vertex 15.4596 32.3596 0
    endloop
  endfacet
  facet normal -0.946665 0.322219 0
    outer loop
      vertex 15.6005 31.6513 0
      vertex 15.6279 31.7318 3
      vertex 15.6279 31.7318 0
    endloop
  endfacet
  facet normal -0.946665 0.322219 0
    outer loop
      vertex 15.6279 31.7318 3
      vertex 15.6005 31.6513 0
      vertex 15.6005 31.6513 3
    endloop
  endfacet
  facet normal -0.751483 0.659753 0
    outer loop
      vertex 15.4596 31.4404 0
      vertex 15.5157 31.5043 3
      vertex 15.5157 31.5043 0
    endloop
  endfacet
  facet normal -0.751483 0.659753 0
    outer loop
      vertex 15.5157 31.5043 3
      vertex 15.4596 31.4404 0
      vertex 15.4596 31.4404 3
    endloop
  endfacet
  facet normal -0.751483 -0.659753 0
    outer loop
      vertex 15.5157 32.2957 0
      vertex 15.4596 32.3596 3
      vertex 15.4596 32.3596 0
    endloop
  endfacet
  facet normal -0.751483 -0.659753 0
    outer loop
      vertex 15.4596 32.3596 3
      vertex 15.5157 32.2957 0
      vertex 15.5157 32.2957 3
    endloop
  endfacet
  facet normal 0.946665 0.322219 0
    outer loop
      vertex 14.3995 31.6513 3
      vertex 14.3721 31.7318 0
      vertex 14.3721 31.7318 3
    endloop
  endfacet
  facet normal 0.946665 0.322219 0
    outer loop
      vertex 14.3721 31.7318 0
      vertex 14.3995 31.6513 3
      vertex 14.3995 31.6513 0
    endloop
  endfacet
  facet normal -0.322219 0.946665 0
    outer loop
      vertex 15.2487 31.2995 0
      vertex 15.1682 31.2721 3
      vertex 15.2487 31.2995 3
    endloop
  endfacet
  facet normal -0.322219 0.946665 0
    outer loop
      vertex 15.1682 31.2721 3
      vertex 15.2487 31.2995 0
      vertex 15.1682 31.2721 0
    endloop
  endfacet
  facet normal 0.0658942 0.997827 -0
    outer loop
      vertex 15 31.25 0
      vertex 14.9152 31.2556 3
      vertex 15 31.25 3
    endloop
  endfacet
  facet normal 0.0658942 0.997827 0
    outer loop
      vertex 14.9152 31.2556 3
      vertex 15 31.25 0
      vertex 14.9152 31.2556 0
    endloop
  endfacet
  facet normal 0.322219 -0.946665 0
    outer loop
      vertex 14.7513 32.5005 0
      vertex 14.8318 32.5279 3
      vertex 14.7513 32.5005 3
    endloop
  endfacet
  facet normal 0.322219 -0.946665 0
    outer loop
      vertex 14.8318 32.5279 3
      vertex 14.7513 32.5005 0
      vertex 14.8318 32.5279 0
    endloop
  endfacet
  facet normal -0.946665 -0.322219 0
    outer loop
      vertex 15.6279 32.0682 0
      vertex 15.6005 32.1487 3
      vertex 15.6005 32.1487 0
    endloop
  endfacet
  facet normal -0.946665 -0.322219 0
    outer loop
      vertex 15.6005 32.1487 3
      vertex 15.6279 32.0682 0
      vertex 15.6279 32.0682 3
    endloop
  endfacet
  facet normal 0.751483 -0.659753 0
    outer loop
      vertex 14.4843 32.2957 3
      vertex 14.5404 32.3596 0
      vertex 14.5404 32.3596 3
    endloop
  endfacet
  facet normal 0.751483 -0.659753 0
    outer loop
      vertex 14.5404 32.3596 0
      vertex 14.4843 32.2957 3
      vertex 14.4843 32.2957 0
    endloop
  endfacet
  facet normal 0.442033 0.896999 -0
    outer loop
      vertex 14.7513 31.2995 0
      vertex 14.675 31.3371 3
      vertex 14.7513 31.2995 3
    endloop
  endfacet
  facet normal 0.442033 0.896999 0
    outer loop
      vertex 14.675 31.3371 3
      vertex 14.7513 31.2995 0
      vertex 14.675 31.3371 0
    endloop
  endfacet
  facet normal 0.0658942 -0.997827 0
    outer loop
      vertex 14.9152 32.5444 0
      vertex 15 32.55 3
      vertex 14.9152 32.5444 3
    endloop
  endfacet
  facet normal 0.0658942 -0.997827 0
    outer loop
      vertex 15 32.55 3
      vertex 14.9152 32.5444 0
      vertex 15 32.55 0
    endloop
  endfacet
  facet normal -0.896999 0.442033 0
    outer loop
      vertex 15.5629 31.575 0
      vertex 15.6005 31.6513 3
      vertex 15.6005 31.6513 0
    endloop
  endfacet
  facet normal -0.896999 0.442033 0
    outer loop
      vertex 15.6005 31.6513 3
      vertex 15.5629 31.575 0
      vertex 15.5629 31.575 3
    endloop
  endfacet
  facet normal -0.555243 0.831688 0
    outer loop
      vertex 15.3957 31.3843 0
      vertex 15.325 31.3371 3
      vertex 15.3957 31.3843 3
    endloop
  endfacet
  facet normal -0.555243 0.831688 0
    outer loop
      vertex 15.325 31.3371 3
      vertex 15.3957 31.3843 0
      vertex 15.325 31.3371 0
    endloop
  endfacet
  facet normal 0.980986 0.19408 0
    outer loop
      vertex 14.3721 31.7318 3
      vertex 14.3556 31.8152 0
      vertex 14.3556 31.8152 3
    endloop
  endfacet
  facet normal 0.980986 0.19408 0
    outer loop
      vertex 14.3556 31.8152 0
      vertex 14.3721 31.7318 3
      vertex 14.3721 31.7318 0
    endloop
  endfacet
  facet normal -0.19408 -0.980986 0
    outer loop
      vertex 15.0848 32.5444 0
      vertex 15.1682 32.5279 3
      vertex 15.0848 32.5444 3
    endloop
  endfacet
  facet normal -0.19408 -0.980986 -0
    outer loop
      vertex 15.1682 32.5279 3
      vertex 15.0848 32.5444 0
      vertex 15.1682 32.5279 0
    endloop
  endfacet
  facet normal -0.831688 -0.555243 0
    outer loop
      vertex 15.5629 32.225 0
      vertex 15.5157 32.2957 3
      vertex 15.5157 32.2957 0
    endloop
  endfacet
  facet normal -0.831688 -0.555243 0
    outer loop
      vertex 15.5157 32.2957 3
      vertex 15.5629 32.225 0
      vertex 15.5629 32.225 3
    endloop
  endfacet
  facet normal -0.997827 0.0658942 0
    outer loop
      vertex 15.6444 31.8152 0
      vertex 15.65 31.9 3
      vertex 15.65 31.9 0
    endloop
  endfacet
  facet normal -0.997827 0.0658942 0
    outer loop
      vertex 15.65 31.9 3
      vertex 15.6444 31.8152 0
      vertex 15.6444 31.8152 3
    endloop
  endfacet
  facet normal -0.322219 -0.946665 0
    outer loop
      vertex 15.1682 32.5279 0
      vertex 15.2487 32.5005 3
      vertex 15.1682 32.5279 3
    endloop
  endfacet
  facet normal -0.322219 -0.946665 -0
    outer loop
      vertex 15.2487 32.5005 3
      vertex 15.1682 32.5279 0
      vertex 15.2487 32.5005 0
    endloop
  endfacet
  facet normal -0.555243 -0.831688 0
    outer loop
      vertex 15.325 32.4629 0
      vertex 15.3957 32.4157 3
      vertex 15.325 32.4629 3
    endloop
  endfacet
  facet normal -0.555243 -0.831688 -0
    outer loop
      vertex 15.3957 32.4157 3
      vertex 15.325 32.4629 0
      vertex 15.3957 32.4157 0
    endloop
  endfacet
  facet normal 0.19408 -0.980986 0
    outer loop
      vertex 14.8318 32.5279 0
      vertex 14.9152 32.5444 3
      vertex 14.8318 32.5279 3
    endloop
  endfacet
  facet normal 0.19408 -0.980986 0
    outer loop
      vertex 14.9152 32.5444 3
      vertex 14.8318 32.5279 0
      vertex 14.9152 32.5444 0
    endloop
  endfacet
  facet normal -0.659753 0.751483 0
    outer loop
      vertex 15.4596 31.4404 0
      vertex 15.3957 31.3843 3
      vertex 15.4596 31.4404 3
    endloop
  endfacet
  facet normal -0.659753 0.751483 0
    outer loop
      vertex 15.3957 31.3843 3
      vertex 15.4596 31.4404 0
      vertex 15.3957 31.3843 0
    endloop
  endfacet
  facet normal 0.896999 -0.442033 0
    outer loop
      vertex 14.3995 32.1487 3
      vertex 14.4371 32.225 0
      vertex 14.4371 32.225 3
    endloop
  endfacet
  facet normal 0.896999 -0.442033 0
    outer loop
      vertex 14.4371 32.225 0
      vertex 14.3995 32.1487 3
      vertex 14.3995 32.1487 0
    endloop
  endfacet
  facet normal -0.980986 0.19408 0
    outer loop
      vertex 15.6279 31.7318 0
      vertex 15.6444 31.8152 3
      vertex 15.6444 31.8152 0
    endloop
  endfacet
  facet normal -0.980986 0.19408 0
    outer loop
      vertex 15.6444 31.8152 3
      vertex 15.6279 31.7318 0
      vertex 15.6279 31.7318 3
    endloop
  endfacet
  facet normal -0.19408 0.980986 0
    outer loop
      vertex 15.1682 31.2721 0
      vertex 15.0848 31.2556 3
      vertex 15.1682 31.2721 3
    endloop
  endfacet
  facet normal -0.19408 0.980986 0
    outer loop
      vertex 15.0848 31.2556 3
      vertex 15.1682 31.2721 0
      vertex 15.0848 31.2556 0
    endloop
  endfacet
  facet normal 0.659753 0.751483 -0
    outer loop
      vertex 14.6043 31.3843 0
      vertex 14.5404 31.4404 3
      vertex 14.6043 31.3843 3
    endloop
  endfacet
  facet normal 0.659753 0.751483 0
    outer loop
      vertex 14.5404 31.4404 3
      vertex 14.6043 31.3843 0
      vertex 14.5404 31.4404 0
    endloop
  endfacet
  facet normal 0.751483 0.659753 0
    outer loop
      vertex 14.5404 31.4404 3
      vertex 14.4843 31.5043 0
      vertex 14.4843 31.5043 3
    endloop
  endfacet
  facet normal 0.751483 0.659753 0
    outer loop
      vertex 14.4843 31.5043 0
      vertex 14.5404 31.4404 3
      vertex 14.5404 31.4404 0
    endloop
  endfacet
  facet normal -0.0658942 -0.997827 0
    outer loop
      vertex 15 32.55 0
      vertex 15.0848 32.5444 3
      vertex 15 32.55 3
    endloop
  endfacet
  facet normal -0.0658942 -0.997827 -0
    outer loop
      vertex 15.0848 32.5444 3
      vertex 15 32.55 0
      vertex 15.0848 32.5444 0
    endloop
  endfacet
  facet normal -0.442033 -0.896999 0
    outer loop
      vertex 15.2487 32.5005 0
      vertex 15.325 32.4629 3
      vertex 15.2487 32.5005 3
    endloop
  endfacet
  facet normal -0.442033 -0.896999 -0
    outer loop
      vertex 15.325 32.4629 3
      vertex 15.2487 32.5005 0
      vertex 15.325 32.4629 0
    endloop
  endfacet
  facet normal -0.831688 0.555243 0
    outer loop
      vertex 15.5157 31.5043 0
      vertex 15.5629 31.575 3
      vertex 15.5629 31.575 0
    endloop
  endfacet
  facet normal -0.831688 0.555243 0
    outer loop
      vertex 15.5629 31.575 3
      vertex 15.5157 31.5043 0
      vertex 15.5157 31.5043 3
    endloop
  endfacet
  facet normal 0.997827 0.0658942 0
    outer loop
      vertex 14.3556 31.8152 3
      vertex 14.35 31.9 0
      vertex 14.35 31.9 3
    endloop
  endfacet
  facet normal 0.997827 0.0658942 0
    outer loop
      vertex 14.35 31.9 0
      vertex 14.3556 31.8152 3
      vertex 14.3556 31.8152 0
    endloop
  endfacet
  facet normal -0.442033 0.896999 0
    outer loop
      vertex 15.325 31.3371 0
      vertex 15.2487 31.2995 3
      vertex 15.325 31.3371 3
    endloop
  endfacet
  facet normal -0.442033 0.896999 0
    outer loop
      vertex 15.2487 31.2995 3
      vertex 15.325 31.3371 0
      vertex 15.2487 31.2995 0
    endloop
  endfacet
  facet normal 0.980986 -0.19408 0
    outer loop
      vertex 14.3556 31.9848 3
      vertex 14.3721 32.0682 0
      vertex 14.3721 32.0682 3
    endloop
  endfacet
  facet normal 0.980986 -0.19408 0
    outer loop
      vertex 14.3721 32.0682 0
      vertex 14.3556 31.9848 3
      vertex 14.3556 31.9848 0
    endloop
  endfacet
  facet normal 0.896999 0.442033 0
    outer loop
      vertex 14.4371 31.575 3
      vertex 14.3995 31.6513 0
      vertex 14.3995 31.6513 3
    endloop
  endfacet
  facet normal 0.896999 0.442033 0
    outer loop
      vertex 14.3995 31.6513 0
      vertex 14.4371 31.575 3
      vertex 14.4371 31.575 0
    endloop
  endfacet
  facet normal 0.946665 -0.322219 0
    outer loop
      vertex 14.3721 32.0682 3
      vertex 14.3995 32.1487 0
      vertex 14.3995 32.1487 3
    endloop
  endfacet
  facet normal 0.946665 -0.322219 0
    outer loop
      vertex 14.3995 32.1487 0
      vertex 14.3721 32.0682 3
      vertex 14.3721 32.0682 0
    endloop
  endfacet
  facet normal 0.555243 -0.831688 0
    outer loop
      vertex 14.6043 32.4157 0
      vertex 14.675 32.4629 3
      vertex 14.6043 32.4157 3
    endloop
  endfacet
  facet normal 0.555243 -0.831688 0
    outer loop
      vertex 14.675 32.4629 3
      vertex 14.6043 32.4157 0
      vertex 14.675 32.4629 0
    endloop
  endfacet
  facet normal -0.896999 -0.442033 0
    outer loop
      vertex 15.6005 32.1487 0
      vertex 15.5629 32.225 3
      vertex 15.5629 32.225 0
    endloop
  endfacet
  facet normal -0.896999 -0.442033 0
    outer loop
      vertex 15.5629 32.225 3
      vertex 15.6005 32.1487 0
      vertex 15.6005 32.1487 3
    endloop
  endfacet
  facet normal 0.997827 -0.0658942 0
    outer loop
      vertex 14.35 31.9 3
      vertex 14.3556 31.9848 0
      vertex 14.3556 31.9848 3
    endloop
  endfacet
  facet normal 0.997827 -0.0658942 0
    outer loop
      vertex 14.3556 31.9848 0
      vertex 14.35 31.9 3
      vertex 14.35 31.9 0
    endloop
  endfacet
  facet normal 0.322219 0.946665 -0
    outer loop
      vertex 14.8318 31.2721 0
      vertex 14.7513 31.2995 3
      vertex 14.8318 31.2721 3
    endloop
  endfacet
  facet normal 0.322219 0.946665 0
    outer loop
      vertex 14.7513 31.2995 3
      vertex 14.8318 31.2721 0
      vertex 14.7513 31.2995 0
    endloop
  endfacet
  facet normal 0.442033 -0.896999 0
    outer loop
      vertex 14.675 32.4629 0
      vertex 14.7513 32.5005 3
      vertex 14.675 32.4629 3
    endloop
  endfacet
  facet normal 0.442033 -0.896999 0
    outer loop
      vertex 14.7513 32.5005 3
      vertex 14.675 32.4629 0
      vertex 14.7513 32.5005 0
    endloop
  endfacet
  facet normal 0.831688 -0.555243 0
    outer loop
      vertex 14.4371 32.225 3
      vertex 14.4843 32.2957 0
      vertex 14.4843 32.2957 3
    endloop
  endfacet
  facet normal 0.831688 -0.555243 0
    outer loop
      vertex 14.4843 32.2957 0
      vertex 14.4371 32.225 3
      vertex 14.4371 32.225 0
    endloop
  endfacet
  facet normal 0.555243 0.831688 -0
    outer loop
      vertex 14.675 31.3371 0
      vertex 14.6043 31.3843 3
      vertex 14.675 31.3371 3
    endloop
  endfacet
  facet normal 0.555243 0.831688 0
    outer loop
      vertex 14.6043 31.3843 3
      vertex 14.675 31.3371 0
      vertex 14.6043 31.3843 0
    endloop
  endfacet
  facet normal -0.321464 0.946922 0
    outer loop
      vertex 15.6697 30.2832 3
      vertex 15.4529 30.2096 6
      vertex 15.6697 30.2832 6
    endloop
  endfacet
  facet normal -0.321464 0.946922 0
    outer loop
      vertex 15.4529 30.2096 6
      vertex 15.6697 30.2832 3
      vertex 15.4529 30.2096 3
    endloop
  endfacet
  facet normal -0.194856 -0.980832 0
    outer loop
      vertex 15.2284 33.635 3
      vertex 15.4529 33.5904 6
      vertex 15.2284 33.635 6
    endloop
  endfacet
  facet normal -0.194856 -0.980832 -0
    outer loop
      vertex 15.4529 33.5904 6
      vertex 15.2284 33.635 3
      vertex 15.4529 33.5904 3
    endloop
  endfacet
  facet normal -0.831579 -0.555406 0
    outer loop
      vertex 16.5155 32.775 3
      vertex 16.3884 32.9653 6
      vertex 16.3884 32.9653 3
    endloop
  endfacet
  facet normal -0.831579 -0.555406 0
    outer loop
      vertex 16.3884 32.9653 6
      vertex 16.5155 32.775 3
      vertex 16.5155 32.775 6
    endloop
  endfacet
  facet normal -0.659524 -0.751683 0
    outer loop
      vertex 16.0653 33.2884 3
      vertex 16.2374 33.1374 6
      vertex 16.0653 33.2884 6
    endloop
  endfacet
  facet normal -0.659524 -0.751683 -0
    outer loop
      vertex 16.2374 33.1374 6
      vertex 16.0653 33.2884 3
      vertex 16.2374 33.1374 3
    endloop
  endfacet
  facet normal 0.99785 0.0655331 0
    outer loop
      vertex 13.265 31.6716 6
      vertex 13.25 31.9 3
      vertex 13.25 31.9 6
    endloop
  endfacet
  facet normal 0.99785 0.0655331 0
    outer loop
      vertex 13.25 31.9 3
      vertex 13.265 31.6716 6
      vertex 13.265 31.6716 3
    endloop
  endfacet
  facet normal -0.0655331 0.99785 0
    outer loop
      vertex 15.2284 30.165 3
      vertex 15 30.15 6
      vertex 15.2284 30.165 6
    endloop
  endfacet
  facet normal -0.0655331 0.99785 0
    outer loop
      vertex 15 30.15 6
      vertex 15.2284 30.165 3
      vertex 15 30.15 3
    endloop
  endfacet
  facet normal 0.194856 0.980832 -0
    outer loop
      vertex 14.7716 30.165 3
      vertex 14.5471 30.2096 6
      vertex 14.7716 30.165 6
    endloop
  endfacet
  facet normal 0.194856 0.980832 0
    outer loop
      vertex 14.5471 30.2096 6
      vertex 14.7716 30.165 3
      vertex 14.5471 30.2096 3
    endloop
  endfacet
  facet normal 0.321464 0.946922 -0
    outer loop
      vertex 14.5471 30.2096 3
      vertex 14.3303 30.2832 6
      vertex 14.5471 30.2096 6
    endloop
  endfacet
  facet normal 0.321464 0.946922 0
    outer loop
      vertex 14.3303 30.2832 6
      vertex 14.5471 30.2096 3
      vertex 14.3303 30.2832 3
    endloop
  endfacet
  facet normal -0.946922 -0.321464 0
    outer loop
      vertex 16.6904 32.3529 3
      vertex 16.6168 32.5697 6
      vertex 16.6168 32.5697 3
    endloop
  endfacet
  facet normal -0.946922 -0.321464 0
    outer loop
      vertex 16.6168 32.5697 6
      vertex 16.6904 32.3529 3
      vertex 16.6904 32.3529 6
    endloop
  endfacet
  facet normal -0.99785 -0.0655331 0
    outer loop
      vertex 16.75 31.9 3
      vertex 16.735 32.1284 6
      vertex 16.735 32.1284 3
    endloop
  endfacet
  facet normal -0.99785 -0.0655331 0
    outer loop
      vertex 16.735 32.1284 6
      vertex 16.75 31.9 3
      vertex 16.75 31.9 6
    endloop
  endfacet
  facet normal -0.99785 0.0655331 0
    outer loop
      vertex 16.735 31.6716 3
      vertex 16.75 31.9 6
      vertex 16.75 31.9 3
    endloop
  endfacet
  facet normal -0.99785 0.0655331 0
    outer loop
      vertex 16.75 31.9 6
      vertex 16.735 31.6716 3
      vertex 16.735 31.6716 6
    endloop
  endfacet
  facet normal 0.194856 -0.980832 0
    outer loop
      vertex 14.5471 33.5904 3
      vertex 14.7716 33.635 6
      vertex 14.5471 33.5904 6
    endloop
  endfacet
  facet normal 0.194856 -0.980832 0
    outer loop
      vertex 14.7716 33.635 6
      vertex 14.5471 33.5904 3
      vertex 14.7716 33.635 3
    endloop
  endfacet
  facet normal 0.980832 0.194856 0
    outer loop
      vertex 13.3096 31.4471 6
      vertex 13.265 31.6716 3
      vertex 13.265 31.6716 6
    endloop
  endfacet
  facet normal 0.980832 0.194856 0
    outer loop
      vertex 13.265 31.6716 3
      vertex 13.3096 31.4471 6
      vertex 13.3096 31.4471 3
    endloop
  endfacet
  facet normal 0.751683 0.659524 0
    outer loop
      vertex 13.7626 30.6626 6
      vertex 13.6116 30.8347 3
      vertex 13.6116 30.8347 6
    endloop
  endfacet
  facet normal 0.751683 0.659524 0
    outer loop
      vertex 13.6116 30.8347 3
      vertex 13.7626 30.6626 6
      vertex 13.7626 30.6626 3
    endloop
  endfacet
  facet normal -0.896774 -0.44249 0
    outer loop
      vertex 16.6168 32.5697 3
      vertex 16.5155 32.775 6
      vertex 16.5155 32.775 3
    endloop
  endfacet
  facet normal -0.896774 -0.44249 0
    outer loop
      vertex 16.5155 32.775 6
      vertex 16.6168 32.5697 3
      vertex 16.6168 32.5697 6
    endloop
  endfacet
  facet normal -0.555406 -0.831579 0
    outer loop
      vertex 15.875 33.4155 3
      vertex 16.0653 33.2884 6
      vertex 15.875 33.4155 6
    endloop
  endfacet
  facet normal -0.555406 -0.831579 -0
    outer loop
      vertex 16.0653 33.2884 6
      vertex 15.875 33.4155 3
      vertex 16.0653 33.2884 3
    endloop
  endfacet
  facet normal -0.831579 0.555406 0
    outer loop
      vertex 16.3884 30.8347 3
      vertex 16.5155 31.025 6
      vertex 16.5155 31.025 3
    endloop
  endfacet
  facet normal -0.831579 0.555406 0
    outer loop
      vertex 16.5155 31.025 6
      vertex 16.3884 30.8347 3
      vertex 16.3884 30.8347 6
    endloop
  endfacet
  facet normal -0.44249 -0.896774 0
    outer loop
      vertex 15.6697 33.5168 3
      vertex 15.875 33.4155 6
      vertex 15.6697 33.5168 6
    endloop
  endfacet
  facet normal -0.44249 -0.896774 -0
    outer loop
      vertex 15.875 33.4155 6
      vertex 15.6697 33.5168 3
      vertex 15.875 33.4155 3
    endloop
  endfacet
  facet normal -0.980832 -0.194856 0
    outer loop
      vertex 16.735 32.1284 3
      vertex 16.6904 32.3529 6
      vertex 16.6904 32.3529 3
    endloop
  endfacet
  facet normal -0.980832 -0.194856 0
    outer loop
      vertex 16.6904 32.3529 6
      vertex 16.735 32.1284 3
      vertex 16.735 32.1284 6
    endloop
  endfacet
  facet normal 0.659524 -0.751683 0
    outer loop
      vertex 13.7626 33.1374 3
      vertex 13.9347 33.2884 6
      vertex 13.7626 33.1374 6
    endloop
  endfacet
  facet normal 0.659524 -0.751683 0
    outer loop
      vertex 13.9347 33.2884 6
      vertex 13.7626 33.1374 3
      vertex 13.9347 33.2884 3
    endloop
  endfacet
  facet normal 0.44249 -0.896774 0
    outer loop
      vertex 14.125 33.4155 3
      vertex 14.3303 33.5168 6
      vertex 14.125 33.4155 6
    endloop
  endfacet
  facet normal 0.44249 -0.896774 0
    outer loop
      vertex 14.3303 33.5168 6
      vertex 14.125 33.4155 3
      vertex 14.3303 33.5168 3
    endloop
  endfacet
  facet normal -0.896774 0.44249 0
    outer loop
      vertex 16.5155 31.025 3
      vertex 16.6168 31.2303 6
      vertex 16.6168 31.2303 3
    endloop
  endfacet
  facet normal -0.896774 0.44249 0
    outer loop
      vertex 16.6168 31.2303 6
      vertex 16.5155 31.025 3
      vertex 16.5155 31.025 6
    endloop
  endfacet
  facet normal 0 0 1
    outer loop
      vertex 15.65 31.9 3
      vertex 16.75 31.9 3
      vertex 16.735 32.1284 3
    endloop
  endfacet
  facet normal 0 0 1
    outer loop
      vertex 15.6444 31.9848 3
      vertex 16.735 32.1284 3
      vertex 16.6904 32.3529 3
    endloop
  endfacet
  facet normal 0 0 1
    outer loop
      vertex 16.75 31.9 3
      vertex 15.65 31.9 3
      vertex 16.735 31.6716 3
    endloop
  endfacet
  facet normal 0 0 1
    outer loop
      vertex 15.6279 32.0682 3
      vertex 16.6904 32.3529 3
      vertex 16.6168 32.5697 3
    endloop
  endfacet
  facet normal -0 0 1
    outer loop
      vertex 15.6444 31.8152 3
      vertex 16.735 31.6716 3
      vertex 15.65 31.9 3
    endloop
  endfacet
  facet normal 0 0 1
    outer loop
      vertex 15.6005 32.1487 3
      vertex 16.6168 32.5697 3
      vertex 16.5155 32.775 3
    endloop
  endfacet
  facet normal 0 0 1
    outer loop
      vertex 16.735 31.6716 3
      vertex 15.6444 31.8152 3
      vertex 16.6904 31.4471 3
    endloop
  endfacet
  facet normal 0 0 1
    outer loop
      vertex 15.5629 32.225 3
      vertex 16.5155 32.775 3
      vertex 16.3884 32.9653 3
    endloop
  endfacet
  facet normal -0 0 1
    outer loop
      vertex 15.6279 31.7318 3
      vertex 16.6904 31.4471 3
      vertex 15.6444 31.8152 3
    endloop
  endfacet
  facet normal 0 0 1
    outer loop
      vertex 15.5157 32.2957 3
      vertex 16.3884 32.9653 3
      vertex 16.2374 33.1374 3
    endloop
  endfacet
  facet normal 0 0 1
    outer loop
      vertex 16.6904 31.4471 3
      vertex 15.6279 31.7318 3
      vertex 16.6168 31.2303 3
    endloop
  endfacet
  facet normal 0 0 1
    outer loop
      vertex 15.4596 32.3596 3
      vertex 16.2374 33.1374 3
      vertex 16.0653 33.2884 3
    endloop
  endfacet
  facet normal -0 0 1
    outer loop
      vertex 15.6005 31.6513 3
      vertex 16.6168 31.2303 3
      vertex 15.6279 31.7318 3
    endloop
  endfacet
  facet normal 0 0 1
    outer loop
      vertex 15.3957 32.4157 3
      vertex 16.0653 33.2884 3
      vertex 15.875 33.4155 3
    endloop
  endfacet
  facet normal 0 0 1
    outer loop
      vertex 16.6168 31.2303 3
      vertex 15.6005 31.6513 3
      vertex 16.5155 31.025 3
    endloop
  endfacet
  facet normal 0 0 1
    outer loop
      vertex 15.325 32.4629 3
      vertex 15.875 33.4155 3
      vertex 15.6697 33.5168 3
    endloop
  endfacet
  facet normal -0 0 1
    outer loop
      vertex 15.5629 31.575 3
      vertex 16.5155 31.025 3
      vertex 15.6005 31.6513 3
    endloop
  endfacet
  facet normal 0 0 1
    outer loop
      vertex 16.5155 31.025 3
      vertex 15.5629 31.575 3
      vertex 16.3884 30.8347 3
    endloop
  endfacet
  facet normal 0 0 1
    outer loop
      vertex 16.735 32.1284 3
      vertex 15.6444 31.9848 3
      vertex 15.65 31.9 3
    endloop
  endfacet
  facet normal 0 0 1
    outer loop
      vertex 16.6904 32.3529 3
      vertex 15.6279 32.0682 3
      vertex 15.6444 31.9848 3
    endloop
  endfacet
  facet normal 0 0 1
    outer loop
      vertex 16.6168 32.5697 3
      vertex 15.6005 32.1487 3
      vertex 15.6279 32.0682 3
    endloop
  endfacet
  facet normal 0 0 1
    outer loop
      vertex 16.5155 32.775 3
      vertex 15.5629 32.225 3
      vertex 15.6005 32.1487 3
    endloop
  endfacet
  facet normal 0 0 1
    outer loop
      vertex 16.3884 32.9653 3
      vertex 15.5157 32.2957 3
      vertex 15.5629 32.225 3
    endloop
  endfacet
  facet normal 0 0 1
    outer loop
      vertex 16.2374 33.1374 3
      vertex 15.4596 32.3596 3
      vertex 15.5157 32.2957 3
    endloop
  endfacet
  facet normal 0 0 1
    outer loop
      vertex 15.2487 32.5005 3
      vertex 15.6697 33.5168 3
      vertex 15.4529 33.5904 3
    endloop
  endfacet
  facet normal 0 0 1
    outer loop
      vertex 16.0653 33.2884 3
      vertex 15.3957 32.4157 3
      vertex 15.4596 32.3596 3
    endloop
  endfacet
  facet normal 0 0 1
    outer loop
      vertex 15.875 33.4155 3
      vertex 15.325 32.4629 3
      vertex 15.3957 32.4157 3
    endloop
  endfacet
  facet normal 0 0 1
    outer loop
      vertex 15.6697 33.5168 3
      vertex 15.2487 32.5005 3
      vertex 15.325 32.4629 3
    endloop
  endfacet
  facet normal 0 0 1
    outer loop
      vertex 15.1682 32.5279 3
      vertex 15.4529 33.5904 3
      vertex 15.2284 33.635 3
    endloop
  endfacet
  facet normal 0 0 1
    outer loop
      vertex 15.4529 33.5904 3
      vertex 15.1682 32.5279 3
      vertex 15.2487 32.5005 3
    endloop
  endfacet
  facet normal 0 0 1
    outer loop
      vertex 15.2284 33.635 3
      vertex 15.0848 32.5444 3
      vertex 15.1682 32.5279 3
    endloop
  endfacet
  facet normal 0 0 1
    outer loop
      vertex 15 33.65 3
      vertex 15.0848 32.5444 3
      vertex 15.2284 33.635 3
    endloop
  endfacet
  facet normal 0 0 1
    outer loop
      vertex 15 33.65 3
      vertex 15 32.55 3
      vertex 15.0848 32.5444 3
    endloop
  endfacet
  facet normal 0 0 1
    outer loop
      vertex 15 33.65 3
      vertex 14.9152 32.5444 3
      vertex 15 32.55 3
    endloop
  endfacet
  facet normal -0 0 1
    outer loop
      vertex 14.7716 33.635 3
      vertex 14.9152 32.5444 3
      vertex 15 33.65 3
    endloop
  endfacet
  facet normal 0 0 1
    outer loop
      vertex 14.9152 32.5444 3
      vertex 14.7716 33.635 3
      vertex 14.8318 32.5279 3
    endloop
  endfacet
  facet normal -0 0 1
    outer loop
      vertex 14.5471 33.5904 3
      vertex 14.8318 32.5279 3
      vertex 14.7716 33.635 3
    endloop
  endfacet
  facet normal 0 0 1
    outer loop
      vertex 14.8318 32.5279 3
      vertex 14.5471 33.5904 3
      vertex 14.7513 32.5005 3
    endloop
  endfacet
  facet normal -0 0 1
    outer loop
      vertex 14.3303 33.5168 3
      vertex 14.7513 32.5005 3
      vertex 14.5471 33.5904 3
    endloop
  endfacet
  facet normal 0 0 1
    outer loop
      vertex 14.7513 32.5005 3
      vertex 14.3303 33.5168 3
      vertex 14.675 32.4629 3
    endloop
  endfacet
  facet normal -0 0 1
    outer loop
      vertex 14.125 33.4155 3
      vertex 14.675 32.4629 3
      vertex 14.3303 33.5168 3
    endloop
  endfacet
  facet normal 0 0 1
    outer loop
      vertex 14.675 32.4629 3
      vertex 14.125 33.4155 3
      vertex 14.6043 32.4157 3
    endloop
  endfacet
  facet normal -0 0 1
    outer loop
      vertex 13.9347 33.2884 3
      vertex 14.6043 32.4157 3
      vertex 14.125 33.4155 3
    endloop
  endfacet
  facet normal 0 0 1
    outer loop
      vertex 14.6043 32.4157 3
      vertex 13.9347 33.2884 3
      vertex 14.5404 32.3596 3
    endloop
  endfacet
  facet normal -0 0 1
    outer loop
      vertex 13.7626 33.1374 3
      vertex 14.5404 32.3596 3
      vertex 13.9347 33.2884 3
    endloop
  endfacet
  facet normal 0 0 1
    outer loop
      vertex 14.5404 32.3596 3
      vertex 13.7626 33.1374 3
      vertex 14.4843 32.2957 3
    endloop
  endfacet
  facet normal 0 0 1
    outer loop
      vertex 14.4843 32.2957 3
      vertex 13.6116 32.9653 3
      vertex 14.4371 32.225 3
    endloop
  endfacet
  facet normal -0 0 1
    outer loop
      vertex 13.6116 32.9653 3
      vertex 14.4843 32.2957 3
      vertex 13.7626 33.1374 3
    endloop
  endfacet
  facet normal -0 0 1
    outer loop
      vertex 15.5157 31.5043 3
      vertex 16.3884 30.8347 3
      vertex 15.5629 31.575 3
    endloop
  endfacet
  facet normal 0 0 1
    outer loop
      vertex 16.3884 30.8347 3
      vertex 15.5157 31.5043 3
      vertex 16.2374 30.6626 3
    endloop
  endfacet
  facet normal -0 0 1
    outer loop
      vertex 15.4596 31.4404 3
      vertex 16.2374 30.6626 3
      vertex 15.5157 31.5043 3
    endloop
  endfacet
  facet normal 0 0 1
    outer loop
      vertex 16.2374 30.6626 3
      vertex 15.4596 31.4404 3
      vertex 16.0653 30.5116 3
    endloop
  endfacet
  facet normal -0 0 1
    outer loop
      vertex 15.3957 31.3843 3
      vertex 16.0653 30.5116 3
      vertex 15.4596 31.4404 3
    endloop
  endfacet
  facet normal 0 0 1
    outer loop
      vertex 16.0653 30.5116 3
      vertex 15.3957 31.3843 3
      vertex 15.875 30.3845 3
    endloop
  endfacet
  facet normal -0 0 1
    outer loop
      vertex 15.325 31.3371 3
      vertex 15.875 30.3845 3
      vertex 15.3957 31.3843 3
    endloop
  endfacet
  facet normal 0 0 1
    outer loop
      vertex 15.875 30.3845 3
      vertex 15.325 31.3371 3
      vertex 15.6697 30.2832 3
    endloop
  endfacet
  facet normal -0 0 1
    outer loop
      vertex 15.2487 31.2995 3
      vertex 15.6697 30.2832 3
      vertex 15.325 31.3371 3
    endloop
  endfacet
  facet normal 0 0 1
    outer loop
      vertex 15.6697 30.2832 3
      vertex 15.2487 31.2995 3
      vertex 15.4529 30.2096 3
    endloop
  endfacet
  facet normal -0 0 1
    outer loop
      vertex 15.1682 31.2721 3
      vertex 15.4529 30.2096 3
      vertex 15.2487 31.2995 3
    endloop
  endfacet
  facet normal 0 0 1
    outer loop
      vertex 15.4529 30.2096 3
      vertex 15.1682 31.2721 3
      vertex 15.2284 30.165 3
    endloop
  endfacet
  facet normal -0 0 1
    outer loop
      vertex 15.0848 31.2556 3
      vertex 15.2284 30.165 3
      vertex 15.1682 31.2721 3
    endloop
  endfacet
  facet normal -0 0 1
    outer loop
      vertex 15 31.25 3
      vertex 15.2284 30.165 3
      vertex 15.0848 31.2556 3
    endloop
  endfacet
  facet normal 0 0 1
    outer loop
      vertex 15 31.25 3
      vertex 15 30.15 3
      vertex 15.2284 30.165 3
    endloop
  endfacet
  facet normal 0 0 1
    outer loop
      vertex 14.9152 31.2556 3
      vertex 15 30.15 3
      vertex 15 31.25 3
    endloop
  endfacet
  facet normal 0 0 1
    outer loop
      vertex 14.7716 30.165 3
      vertex 14.9152 31.2556 3
      vertex 14.8318 31.2721 3
    endloop
  endfacet
  facet normal 0 0 1
    outer loop
      vertex 14.9152 31.2556 3
      vertex 14.7716 30.165 3
      vertex 15 30.15 3
    endloop
  endfacet
  facet normal 0 0 1
    outer loop
      vertex 14.5471 30.2096 3
      vertex 14.8318 31.2721 3
      vertex 14.7513 31.2995 3
    endloop
  endfacet
  facet normal 0 0 1
    outer loop
      vertex 14.3303 30.2832 3
      vertex 14.7513 31.2995 3
      vertex 14.675 31.3371 3
    endloop
  endfacet
  facet normal 0 0 1
    outer loop
      vertex 14.125 30.3845 3
      vertex 14.675 31.3371 3
      vertex 14.6043 31.3843 3
    endloop
  endfacet
  facet normal 0 0 1
    outer loop
      vertex 14.8318 31.2721 3
      vertex 14.5471 30.2096 3
      vertex 14.7716 30.165 3
    endloop
  endfacet
  facet normal 0 0 1
    outer loop
      vertex 13.9347 30.5116 3
      vertex 14.6043 31.3843 3
      vertex 14.5404 31.4404 3
    endloop
  endfacet
  facet normal 0 0 1
    outer loop
      vertex 13.7626 30.6626 3
      vertex 14.5404 31.4404 3
      vertex 14.4843 31.5043 3
    endloop
  endfacet
  facet normal 0 0 1
    outer loop
      vertex 13.6116 30.8347 3
      vertex 14.4843 31.5043 3
      vertex 14.4371 31.575 3
    endloop
  endfacet
  facet normal 0 0 1
    outer loop
      vertex 13.4845 31.025 3
      vertex 14.4371 31.575 3
      vertex 14.3995 31.6513 3
    endloop
  endfacet
  facet normal 0 0 1
    outer loop
      vertex 13.3832 31.2303 3
      vertex 14.3995 31.6513 3
      vertex 14.3721 31.7318 3
    endloop
  endfacet
  facet normal 0 0 1
    outer loop
      vertex 13.3096 31.4471 3
      vertex 14.3721 31.7318 3
      vertex 14.3556 31.8152 3
    endloop
  endfacet
  facet normal 0 0 1
    outer loop
      vertex 14.7513 31.2995 3
      vertex 14.3303 30.2832 3
      vertex 14.5471 30.2096 3
    endloop
  endfacet
  facet normal 0 0 1
    outer loop
      vertex 13.265 31.6716 3
      vertex 14.3556 31.8152 3
      vertex 14.35 31.9 3
    endloop
  endfacet
  facet normal -0 0 1
    outer loop
      vertex 13.4845 32.775 3
      vertex 14.4371 32.225 3
      vertex 13.6116 32.9653 3
    endloop
  endfacet
  facet normal 0 0 1
    outer loop
      vertex 14.4371 32.225 3
      vertex 13.4845 32.775 3
      vertex 14.3995 32.1487 3
    endloop
  endfacet
  facet normal 0 0 1
    outer loop
      vertex 14.675 31.3371 3
      vertex 14.125 30.3845 3
      vertex 14.3303 30.2832 3
    endloop
  endfacet
  facet normal -0 0 1
    outer loop
      vertex 13.3832 32.5697 3
      vertex 14.3995 32.1487 3
      vertex 13.4845 32.775 3
    endloop
  endfacet
  facet normal 0 0 1
    outer loop
      vertex 14.6043 31.3843 3
      vertex 13.9347 30.5116 3
      vertex 14.125 30.3845 3
    endloop
  endfacet
  facet normal 0 0 1
    outer loop
      vertex 14.3995 32.1487 3
      vertex 13.3832 32.5697 3
      vertex 14.3721 32.0682 3
    endloop
  endfacet
  facet normal 0 0 1
    outer loop
      vertex 14.5404 31.4404 3
      vertex 13.7626 30.6626 3
      vertex 13.9347 30.5116 3
    endloop
  endfacet
  facet normal -0 0 1
    outer loop
      vertex 13.3096 32.3529 3
      vertex 14.3721 32.0682 3
      vertex 13.3832 32.5697 3
    endloop
  endfacet
  facet normal 0 0 1
    outer loop
      vertex 14.4843 31.5043 3
      vertex 13.6116 30.8347 3
      vertex 13.7626 30.6626 3
    endloop
  endfacet
  facet normal 0 0 1
    outer loop
      vertex 14.3721 32.0682 3
      vertex 13.3096 32.3529 3
      vertex 14.3556 31.9848 3
    endloop
  endfacet
  facet normal 0 0 1
    outer loop
      vertex 14.4371 31.575 3
      vertex 13.4845 31.025 3
      vertex 13.6116 30.8347 3
    endloop
  endfacet
  facet normal -0 0 1
    outer loop
      vertex 13.265 32.1284 3
      vertex 14.3556 31.9848 3
      vertex 13.3096 32.3529 3
    endloop
  endfacet
  facet normal 0 0 1
    outer loop
      vertex 14.3995 31.6513 3
      vertex 13.3832 31.2303 3
      vertex 13.4845 31.025 3
    endloop
  endfacet
  facet normal 0 0 1
    outer loop
      vertex 14.3556 31.9848 3
      vertex 13.265 32.1284 3
      vertex 14.35 31.9 3
    endloop
  endfacet
  facet normal 0 0 1
    outer loop
      vertex 14.3721 31.7318 3
      vertex 13.3096 31.4471 3
      vertex 13.3832 31.2303 3
    endloop
  endfacet
  facet normal 0 0 1
    outer loop
      vertex 13.25 31.9 3
      vertex 14.35 31.9 3
      vertex 13.265 32.1284 3
    endloop
  endfacet
  facet normal 0 0 1
    outer loop
      vertex 14.3556 31.8152 3
      vertex 13.265 31.6716 3
      vertex 13.3096 31.4471 3
    endloop
  endfacet
  facet normal 0 0 1
    outer loop
      vertex 14.35 31.9 3
      vertex 13.25 31.9 3
      vertex 13.265 31.6716 3
    endloop
  endfacet
  facet normal -0.194856 0.980832 0
    outer loop
      vertex 15.4529 30.2096 3
      vertex 15.2284 30.165 6
      vertex 15.4529 30.2096 6
    endloop
  endfacet
  facet normal -0.194856 0.980832 0
    outer loop
      vertex 15.2284 30.165 6
      vertex 15.4529 30.2096 3
      vertex 15.2284 30.165 3
    endloop
  endfacet
  facet normal -0.0655331 -0.99785 0
    outer loop
      vertex 15 33.65 3
      vertex 15.2284 33.635 6
      vertex 15 33.65 6
    endloop
  endfacet
  facet normal -0.0655331 -0.99785 -0
    outer loop
      vertex 15.2284 33.635 6
      vertex 15 33.65 3
      vertex 15.2284 33.635 3
    endloop
  endfacet
  facet normal 0.321464 -0.946922 0
    outer loop
      vertex 14.3303 33.5168 3
      vertex 14.5471 33.5904 6
      vertex 14.3303 33.5168 6
    endloop
  endfacet
  facet normal 0.321464 -0.946922 0
    outer loop
      vertex 14.5471 33.5904 6
      vertex 14.3303 33.5168 3
      vertex 14.5471 33.5904 3
    endloop
  endfacet
  facet normal -0.946922 0.321464 0
    outer loop
      vertex 16.6168 31.2303 3
      vertex 16.6904 31.4471 6
      vertex 16.6904 31.4471 3
    endloop
  endfacet
  facet normal -0.946922 0.321464 0
    outer loop
      vertex 16.6904 31.4471 6
      vertex 16.6168 31.2303 3
      vertex 16.6168 31.2303 6
    endloop
  endfacet
  facet normal -0.980832 0.194856 0
    outer loop
      vertex 16.6904 31.4471 3
      vertex 16.735 31.6716 6
      vertex 16.735 31.6716 3
    endloop
  endfacet
  facet normal -0.980832 0.194856 0
    outer loop
      vertex 16.735 31.6716 6
      vertex 16.6904 31.4471 3
      vertex 16.6904 31.4471 6
    endloop
  endfacet
  facet normal 0.946922 -0.321464 0
    outer loop
      vertex 13.3096 32.3529 6
      vertex 13.3832 32.5697 3
      vertex 13.3832 32.5697 6
    endloop
  endfacet
  facet normal 0.946922 -0.321464 0
    outer loop
      vertex 13.3832 32.5697 3
      vertex 13.3096 32.3529 6
      vertex 13.3096 32.3529 3
    endloop
  endfacet
  facet normal -0.44249 0.896774 0
    outer loop
      vertex 15.875 30.3845 3
      vertex 15.6697 30.2832 6
      vertex 15.875 30.3845 6
    endloop
  endfacet
  facet normal -0.44249 0.896774 0
    outer loop
      vertex 15.6697 30.2832 6
      vertex 15.875 30.3845 3
      vertex 15.6697 30.2832 3
    endloop
  endfacet
  facet normal 0.0655331 0.99785 -0
    outer loop
      vertex 15 30.15 3
      vertex 14.7716 30.165 6
      vertex 15 30.15 6
    endloop
  endfacet
  facet normal 0.0655331 0.99785 0
    outer loop
      vertex 14.7716 30.165 6
      vertex 15 30.15 3
      vertex 14.7716 30.165 3
    endloop
  endfacet
  facet normal 0.0655331 -0.99785 0
    outer loop
      vertex 14.7716 33.635 3
      vertex 15 33.65 6
      vertex 14.7716 33.635 6
    endloop
  endfacet
  facet normal 0.0655331 -0.99785 0
    outer loop
      vertex 15 33.65 6
      vertex 14.7716 33.635 3
      vertex 15 33.65 3
    endloop
  endfacet
  facet normal 0.896774 0.44249 0
    outer loop
      vertex 13.4845 31.025 6
      vertex 13.3832 31.2303 3
      vertex 13.3832 31.2303 6
    endloop
  endfacet
  facet normal 0.896774 0.44249 0
    outer loop
      vertex 13.3832 31.2303 3
      vertex 13.4845 31.025 6
      vertex 13.4845 31.025 3
    endloop
  endfacet
  facet normal 0.99785 -0.0655331 0
    outer loop
      vertex 13.25 31.9 6
      vertex 13.265 32.1284 3
      vertex 13.265 32.1284 6
    endloop
  endfacet
  facet normal 0.99785 -0.0655331 0
    outer loop
      vertex 13.265 32.1284 3
      vertex 13.25 31.9 6
      vertex 13.25 31.9 3
    endloop
  endfacet
  facet normal 0.946922 0.321464 0
    outer loop
      vertex 13.3832 31.2303 6
      vertex 13.3096 31.4471 3
      vertex 13.3096 31.4471 6
    endloop
  endfacet
  facet normal 0.946922 0.321464 0
    outer loop
      vertex 13.3096 31.4471 3
      vertex 13.3832 31.2303 6
      vertex 13.3832 31.2303 3
    endloop
  endfacet
  facet normal 0.555406 0.831579 -0
    outer loop
      vertex 14.125 30.3845 3
      vertex 13.9347 30.5116 6
      vertex 14.125 30.3845 6
    endloop
  endfacet
  facet normal 0.555406 0.831579 0
    outer loop
      vertex 13.9347 30.5116 6
      vertex 14.125 30.3845 3
      vertex 13.9347 30.5116 3
    endloop
  endfacet
  facet normal 0.980832 -0.194856 0
    outer loop
      vertex 13.265 32.1284 6
      vertex 13.3096 32.3529 3
      vertex 13.3096 32.3529 6
    endloop
  endfacet
  facet normal 0.980832 -0.194856 0
    outer loop
      vertex 13.3096 32.3529 3
      vertex 13.265 32.1284 6
      vertex 13.265 32.1284 3
    endloop
  endfacet
  facet normal -0.659524 0.751683 0
    outer loop
      vertex 16.2374 30.6626 3
      vertex 16.0653 30.5116 6
      vertex 16.2374 30.6626 6
    endloop
  endfacet
  facet normal -0.659524 0.751683 0
    outer loop
      vertex 16.0653 30.5116 6
      vertex 16.2374 30.6626 3
      vertex 16.0653 30.5116 3
    endloop
  endfacet
  facet normal -0.751683 -0.659524 0
    outer loop
      vertex 16.3884 32.9653 3
      vertex 16.2374 33.1374 6
      vertex 16.2374 33.1374 3
    endloop
  endfacet
  facet normal -0.751683 -0.659524 0
    outer loop
      vertex 16.2374 33.1374 6
      vertex 16.3884 32.9653 3
      vertex 16.3884 32.9653 6
    endloop
  endfacet
  facet normal 0.896774 -0.44249 0
    outer loop
      vertex 13.3832 32.5697 6
      vertex 13.4845 32.775 3
      vertex 13.4845 32.775 6
    endloop
  endfacet
  facet normal 0.896774 -0.44249 0
    outer loop
      vertex 13.4845 32.775 3
      vertex 13.3832 32.5697 6
      vertex 13.3832 32.5697 3
    endloop
  endfacet
  facet normal 0.555406 -0.831579 0
    outer loop
      vertex 13.9347 33.2884 3
      vertex 14.125 33.4155 6
      vertex 13.9347 33.2884 6
    endloop
  endfacet
  facet normal 0.555406 -0.831579 0
    outer loop
      vertex 14.125 33.4155 6
      vertex 13.9347 33.2884 3
      vertex 14.125 33.4155 3
    endloop
  endfacet
  facet normal 0.659524 0.751683 -0
    outer loop
      vertex 13.9347 30.5116 3
      vertex 13.7626 30.6626 6
      vertex 13.9347 30.5116 6
    endloop
  endfacet
  facet normal 0.659524 0.751683 0
    outer loop
      vertex 13.7626 30.6626 6
      vertex 13.9347 30.5116 3
      vertex 13.7626 30.6626 3
    endloop
  endfacet
  facet normal 0.831579 0.555406 0
    outer loop
      vertex 13.6116 30.8347 6
      vertex 13.4845 31.025 3
      vertex 13.4845 31.025 6
    endloop
  endfacet
  facet normal 0.831579 0.555406 0
    outer loop
      vertex 13.4845 31.025 3
      vertex 13.6116 30.8347 6
      vertex 13.6116 30.8347 3
    endloop
  endfacet
  facet normal 0.751683 -0.659524 0
    outer loop
      vertex 13.6116 32.9653 6
      vertex 13.7626 33.1374 3
      vertex 13.7626 33.1374 6
    endloop
  endfacet
  facet normal 0.751683 -0.659524 0
    outer loop
      vertex 13.7626 33.1374 3
      vertex 13.6116 32.9653 6
      vertex 13.6116 32.9653 3
    endloop
  endfacet
  facet normal 0.44249 0.896774 -0
    outer loop
      vertex 14.3303 30.2832 3
      vertex 14.125 30.3845 6
      vertex 14.3303 30.2832 6
    endloop
  endfacet
  facet normal 0.44249 0.896774 0
    outer loop
      vertex 14.125 30.3845 6
      vertex 14.3303 30.2832 3
      vertex 14.125 30.3845 3
    endloop
  endfacet
  facet normal -0.321464 -0.946922 0
    outer loop
      vertex 15.4529 33.5904 3
      vertex 15.6697 33.5168 6
      vertex 15.4529 33.5904 6
    endloop
  endfacet
  facet normal -0.321464 -0.946922 -0
    outer loop
      vertex 15.6697 33.5168 6
      vertex 15.4529 33.5904 3
      vertex 15.6697 33.5168 3
    endloop
  endfacet
  facet normal -0.555406 0.831579 0
    outer loop
      vertex 16.0653 30.5116 3
      vertex 15.875 30.3845 6
      vertex 16.0653 30.5116 6
    endloop
  endfacet
  facet normal -0.555406 0.831579 0
    outer loop
      vertex 15.875 30.3845 6
      vertex 16.0653 30.5116 3
      vertex 15.875 30.3845 3
    endloop
  endfacet
  facet normal 0.831579 -0.555406 0
    outer loop
      vertex 13.4845 32.775 6
      vertex 13.6116 32.9653 3
      vertex 13.6116 32.9653 6
    endloop
  endfacet
  facet normal 0.831579 -0.555406 0
    outer loop
      vertex 13.6116 32.9653 3
      vertex 13.4845 32.775 6
      vertex 13.4845 32.775 3
    endloop
  endfacet
  facet normal -0.751683 0.659524 0
    outer loop
      vertex 16.2374 30.6626 3
      vertex 16.3884 30.8347 6
      vertex 16.3884 30.8347 3
    endloop
  endfacet
  facet normal -0.751683 0.659524 0
    outer loop
      vertex 16.3884 30.8347 6
      vertex 16.2374 30.6626 3
      vertex 16.2374 30.6626 6
    endloop
  endfacet
  facet normal -0.980986 -0.19408 0
    outer loop
      vertex 15.6444 28.1848 0
      vertex 15.6279 28.2682 3
      vertex 15.6279 28.2682 0
    endloop
  endfacet
  facet normal -0.980986 -0.19408 0
    outer loop
      vertex 15.6279 28.2682 3
      vertex 15.6444 28.1848 0
      vertex 15.6444 28.1848 3
    endloop
  endfacet
  facet normal -0.997827 -0.0658942 0
    outer loop
      vertex 15.65 28.1 0
      vertex 15.6444 28.1848 3
      vertex 15.6444 28.1848 0
    endloop
  endfacet
  facet normal -0.997827 -0.0658942 0
    outer loop
      vertex 15.6444 28.1848 3
      vertex 15.65 28.1 0
      vertex 15.65 28.1 3
    endloop
  endfacet
  facet normal -0.0658942 0.997827 0
    outer loop
      vertex 15.0848 27.4556 0
      vertex 15 27.45 3
      vertex 15.0848 27.4556 3
    endloop
  endfacet
  facet normal -0.0658942 0.997827 0
    outer loop
      vertex 15 27.45 3
      vertex 15.0848 27.4556 0
      vertex 15 27.45 0
    endloop
  endfacet
  facet normal 0.659753 -0.751483 0
    outer loop
      vertex 14.5404 28.5596 0
      vertex 14.6043 28.6157 3
      vertex 14.5404 28.5596 3
    endloop
  endfacet
  facet normal 0.659753 -0.751483 0
    outer loop
      vertex 14.6043 28.6157 3
      vertex 14.5404 28.5596 0
      vertex 14.6043 28.6157 0
    endloop
  endfacet
  facet normal 0.831688 0.555243 0
    outer loop
      vertex 14.4843 27.7043 3
      vertex 14.4371 27.775 0
      vertex 14.4371 27.775 3
    endloop
  endfacet
  facet normal 0.831688 0.555243 0
    outer loop
      vertex 14.4371 27.775 0
      vertex 14.4843 27.7043 3
      vertex 14.4843 27.7043 0
    endloop
  endfacet
  facet normal 0.19408 0.980986 -0
    outer loop
      vertex 14.9152 27.4556 0
      vertex 14.8318 27.4721 3
      vertex 14.9152 27.4556 3
    endloop
  endfacet
  facet normal 0.19408 0.980986 0
    outer loop
      vertex 14.8318 27.4721 3
      vertex 14.9152 27.4556 0
      vertex 14.8318 27.4721 0
    endloop
  endfacet
  facet normal -0.659753 -0.751483 0
    outer loop
      vertex 15.3957 28.6157 0
      vertex 15.4596 28.5596 3
      vertex 15.3957 28.6157 3
    endloop
  endfacet
  facet normal -0.659753 -0.751483 -0
    outer loop
      vertex 15.4596 28.5596 3
      vertex 15.3957 28.6157 0
      vertex 15.4596 28.5596 0
    endloop
  endfacet
  facet normal -0.946665 0.322219 0
    outer loop
      vertex 15.6005 27.8513 0
      vertex 15.6279 27.9318 3
      vertex 15.6279 27.9318 0
    endloop
  endfacet
  facet normal -0.946665 0.322219 0
    outer loop
      vertex 15.6279 27.9318 3
      vertex 15.6005 27.8513 0
      vertex 15.6005 27.8513 3
    endloop
  endfacet
  facet normal -0.751483 0.659753 0
    outer loop
      vertex 15.4596 27.6404 0
      vertex 15.5157 27.7043 3
      vertex 15.5157 27.7043 0
    endloop
  endfacet
  facet normal -0.751483 0.659753 0
    outer loop
      vertex 15.5157 27.7043 3
      vertex 15.4596 27.6404 0
      vertex 15.4596 27.6404 3
    endloop
  endfacet
  facet normal -0.751483 -0.659753 0
    outer loop
      vertex 15.5157 28.4957 0
      vertex 15.4596 28.5596 3
      vertex 15.4596 28.5596 0
    endloop
  endfacet
  facet normal -0.751483 -0.659753 0
    outer loop
      vertex 15.4596 28.5596 3
      vertex 15.5157 28.4957 0
      vertex 15.5157 28.4957 3
    endloop
  endfacet
  facet normal 0.946665 0.322219 0
    outer loop
      vertex 14.3995 27.8513 3
      vertex 14.3721 27.9318 0
      vertex 14.3721 27.9318 3
    endloop
  endfacet
  facet normal 0.946665 0.322219 0
    outer loop
      vertex 14.3721 27.9318 0
      vertex 14.3995 27.8513 3
      vertex 14.3995 27.8513 0
    endloop
  endfacet
  facet normal -0.322219 0.946665 0
    outer loop
      vertex 15.2487 27.4995 0
      vertex 15.1682 27.4721 3
      vertex 15.2487 27.4995 3
    endloop
  endfacet
  facet normal -0.322219 0.946665 0
    outer loop
      vertex 15.1682 27.4721 3
      vertex 15.2487 27.4995 0
      vertex 15.1682 27.4721 0
    endloop
  endfacet
  facet normal 0.0658942 0.997827 -0
    outer loop
      vertex 15 27.45 0
      vertex 14.9152 27.4556 3
      vertex 15 27.45 3
    endloop
  endfacet
  facet normal 0.0658942 0.997827 0
    outer loop
      vertex 14.9152 27.4556 3
      vertex 15 27.45 0
      vertex 14.9152 27.4556 0
    endloop
  endfacet
  facet normal 0.322219 -0.946665 0
    outer loop
      vertex 14.7513 28.7005 0
      vertex 14.8318 28.7279 3
      vertex 14.7513 28.7005 3
    endloop
  endfacet
  facet normal 0.322219 -0.946665 0
    outer loop
      vertex 14.8318 28.7279 3
      vertex 14.7513 28.7005 0
      vertex 14.8318 28.7279 0
    endloop
  endfacet
  facet normal -0.946665 -0.322219 0
    outer loop
      vertex 15.6279 28.2682 0
      vertex 15.6005 28.3487 3
      vertex 15.6005 28.3487 0
    endloop
  endfacet
  facet normal -0.946665 -0.322219 0
    outer loop
      vertex 15.6005 28.3487 3
      vertex 15.6279 28.2682 0
      vertex 15.6279 28.2682 3
    endloop
  endfacet
  facet normal 0.751483 -0.659753 0
    outer loop
      vertex 14.4843 28.4957 3
      vertex 14.5404 28.5596 0
      vertex 14.5404 28.5596 3
    endloop
  endfacet
  facet normal 0.751483 -0.659753 0
    outer loop
      vertex 14.5404 28.5596 0
      vertex 14.4843 28.4957 3
      vertex 14.4843 28.4957 0
    endloop
  endfacet
  facet normal 0.442033 0.896999 -0
    outer loop
      vertex 14.7513 27.4995 0
      vertex 14.675 27.5371 3
      vertex 14.7513 27.4995 3
    endloop
  endfacet
  facet normal 0.442033 0.896999 0
    outer loop
      vertex 14.675 27.5371 3
      vertex 14.7513 27.4995 0
      vertex 14.675 27.5371 0
    endloop
  endfacet
  facet normal 0.0658942 -0.997827 0
    outer loop
      vertex 14.9152 28.7444 0
      vertex 15 28.75 3
      vertex 14.9152 28.7444 3
    endloop
  endfacet
  facet normal 0.0658942 -0.997827 0
    outer loop
      vertex 15 28.75 3
      vertex 14.9152 28.7444 0
      vertex 15 28.75 0
    endloop
  endfacet
  facet normal -0.896999 0.442033 0
    outer loop
      vertex 15.5629 27.775 0
      vertex 15.6005 27.8513 3
      vertex 15.6005 27.8513 0
    endloop
  endfacet
  facet normal -0.896999 0.442033 0
    outer loop
      vertex 15.6005 27.8513 3
      vertex 15.5629 27.775 0
      vertex 15.5629 27.775 3
    endloop
  endfacet
  facet normal -0.555243 0.831688 0
    outer loop
      vertex 15.3957 27.5843 0
      vertex 15.325 27.5371 3
      vertex 15.3957 27.5843 3
    endloop
  endfacet
  facet normal -0.555243 0.831688 0
    outer loop
      vertex 15.325 27.5371 3
      vertex 15.3957 27.5843 0
      vertex 15.325 27.5371 0
    endloop
  endfacet
  facet normal 0.980986 0.19408 0
    outer loop
      vertex 14.3721 27.9318 3
      vertex 14.3556 28.0152 0
      vertex 14.3556 28.0152 3
    endloop
  endfacet
  facet normal 0.980986 0.19408 0
    outer loop
      vertex 14.3556 28.0152 0
      vertex 14.3721 27.9318 3
      vertex 14.3721 27.9318 0
    endloop
  endfacet
  facet normal -0.19408 -0.980986 0
    outer loop
      vertex 15.0848 28.7444 0
      vertex 15.1682 28.7279 3
      vertex 15.0848 28.7444 3
    endloop
  endfacet
  facet normal -0.19408 -0.980986 -0
    outer loop
      vertex 15.1682 28.7279 3
      vertex 15.0848 28.7444 0
      vertex 15.1682 28.7279 0
    endloop
  endfacet
  facet normal -0.831688 -0.555243 0
    outer loop
      vertex 15.5629 28.425 0
      vertex 15.5157 28.4957 3
      vertex 15.5157 28.4957 0
    endloop
  endfacet
  facet normal -0.831688 -0.555243 0
    outer loop
      vertex 15.5157 28.4957 3
      vertex 15.5629 28.425 0
      vertex 15.5629 28.425 3
    endloop
  endfacet
  facet normal -0.997827 0.0658942 0
    outer loop
      vertex 15.6444 28.0152 0
      vertex 15.65 28.1 3
      vertex 15.65 28.1 0
    endloop
  endfacet
  facet normal -0.997827 0.0658942 0
    outer loop
      vertex 15.65 28.1 3
      vertex 15.6444 28.0152 0
      vertex 15.6444 28.0152 3
    endloop
  endfacet
  facet normal -0.322219 -0.946665 0
    outer loop
      vertex 15.1682 28.7279 0
      vertex 15.2487 28.7005 3
      vertex 15.1682 28.7279 3
    endloop
  endfacet
  facet normal -0.322219 -0.946665 -0
    outer loop
      vertex 15.2487 28.7005 3
      vertex 15.1682 28.7279 0
      vertex 15.2487 28.7005 0
    endloop
  endfacet
  facet normal -0.555243 -0.831688 0
    outer loop
      vertex 15.325 28.6629 0
      vertex 15.3957 28.6157 3
      vertex 15.325 28.6629 3
    endloop
  endfacet
  facet normal -0.555243 -0.831688 -0
    outer loop
      vertex 15.3957 28.6157 3
      vertex 15.325 28.6629 0
      vertex 15.3957 28.6157 0
    endloop
  endfacet
  facet normal 0.19408 -0.980986 0
    outer loop
      vertex 14.8318 28.7279 0
      vertex 14.9152 28.7444 3
      vertex 14.8318 28.7279 3
    endloop
  endfacet
  facet normal 0.19408 -0.980986 0
    outer loop
      vertex 14.9152 28.7444 3
      vertex 14.8318 28.7279 0
      vertex 14.9152 28.7444 0
    endloop
  endfacet
  facet normal -0.659753 0.751483 0
    outer loop
      vertex 15.4596 27.6404 0
      vertex 15.3957 27.5843 3
      vertex 15.4596 27.6404 3
    endloop
  endfacet
  facet normal -0.659753 0.751483 0
    outer loop
      vertex 15.3957 27.5843 3
      vertex 15.4596 27.6404 0
      vertex 15.3957 27.5843 0
    endloop
  endfacet
  facet normal 0.896999 -0.442033 0
    outer loop
      vertex 14.3995 28.3487 3
      vertex 14.4371 28.425 0
      vertex 14.4371 28.425 3
    endloop
  endfacet
  facet normal 0.896999 -0.442033 0
    outer loop
      vertex 14.4371 28.425 0
      vertex 14.3995 28.3487 3
      vertex 14.3995 28.3487 0
    endloop
  endfacet
  facet normal -0.980986 0.19408 0
    outer loop
      vertex 15.6279 27.9318 0
      vertex 15.6444 28.0152 3
      vertex 15.6444 28.0152 0
    endloop
  endfacet
  facet normal -0.980986 0.19408 0
    outer loop
      vertex 15.6444 28.0152 3
      vertex 15.6279 27.9318 0
      vertex 15.6279 27.9318 3
    endloop
  endfacet
  facet normal -0.19408 0.980986 0
    outer loop
      vertex 15.1682 27.4721 0
      vertex 15.0848 27.4556 3
      vertex 15.1682 27.4721 3
    endloop
  endfacet
  facet normal -0.19408 0.980986 0
    outer loop
      vertex 15.0848 27.4556 3
      vertex 15.1682 27.4721 0
      vertex 15.0848 27.4556 0
    endloop
  endfacet
  facet normal 0.659753 0.751483 -0
    outer loop
      vertex 14.6043 27.5843 0
      vertex 14.5404 27.6404 3
      vertex 14.6043 27.5843 3
    endloop
  endfacet
  facet normal 0.659753 0.751483 0
    outer loop
      vertex 14.5404 27.6404 3
      vertex 14.6043 27.5843 0
      vertex 14.5404 27.6404 0
    endloop
  endfacet
  facet normal 0.751483 0.659753 0
    outer loop
      vertex 14.5404 27.6404 3
      vertex 14.4843 27.7043 0
      vertex 14.4843 27.7043 3
    endloop
  endfacet
  facet normal 0.751483 0.659753 0
    outer loop
      vertex 14.4843 27.7043 0
      vertex 14.5404 27.6404 3
      vertex 14.5404 27.6404 0
    endloop
  endfacet
  facet normal -0.0658942 -0.997827 0
    outer loop
      vertex 15 28.75 0
      vertex 15.0848 28.7444 3
      vertex 15 28.75 3
    endloop
  endfacet
  facet normal -0.0658942 -0.997827 -0
    outer loop
      vertex 15.0848 28.7444 3
      vertex 15 28.75 0
      vertex 15.0848 28.7444 0
    endloop
  endfacet
  facet normal -0.442033 -0.896999 0
    outer loop
      vertex 15.2487 28.7005 0
      vertex 15.325 28.6629 3
      vertex 15.2487 28.7005 3
    endloop
  endfacet
  facet normal -0.442033 -0.896999 -0
    outer loop
      vertex 15.325 28.6629 3
      vertex 15.2487 28.7005 0
      vertex 15.325 28.6629 0
    endloop
  endfacet
  facet normal -0.831688 0.555243 0
    outer loop
      vertex 15.5157 27.7043 0
      vertex 15.5629 27.775 3
      vertex 15.5629 27.775 0
    endloop
  endfacet
  facet normal -0.831688 0.555243 0
    outer loop
      vertex 15.5629 27.775 3
      vertex 15.5157 27.7043 0
      vertex 15.5157 27.7043 3
    endloop
  endfacet
  facet normal 0.997827 0.0658942 0
    outer loop
      vertex 14.3556 28.0152 3
      vertex 14.35 28.1 0
      vertex 14.35 28.1 3
    endloop
  endfacet
  facet normal 0.997827 0.0658942 0
    outer loop
      vertex 14.35 28.1 0
      vertex 14.3556 28.0152 3
      vertex 14.3556 28.0152 0
    endloop
  endfacet
  facet normal -0.442033 0.896999 0
    outer loop
      vertex 15.325 27.5371 0
      vertex 15.2487 27.4995 3
      vertex 15.325 27.5371 3
    endloop
  endfacet
  facet normal -0.442033 0.896999 0
    outer loop
      vertex 15.2487 27.4995 3
      vertex 15.325 27.5371 0
      vertex 15.2487 27.4995 0
    endloop
  endfacet
  facet normal 0.980986 -0.19408 0
    outer loop
      vertex 14.3556 28.1848 3
      vertex 14.3721 28.2682 0
      vertex 14.3721 28.2682 3
    endloop
  endfacet
  facet normal 0.980986 -0.19408 0
    outer loop
      vertex 14.3721 28.2682 0
      vertex 14.3556 28.1848 3
      vertex 14.3556 28.1848 0
    endloop
  endfacet
  facet normal 0.896999 0.442033 0
    outer loop
      vertex 14.4371 27.775 3
      vertex 14.3995 27.8513 0
      vertex 14.3995 27.8513 3
    endloop
  endfacet
  facet normal 0.896999 0.442033 0
    outer loop
      vertex 14.3995 27.8513 0
      vertex 14.4371 27.775 3
      vertex 14.4371 27.775 0
    endloop
  endfacet
  facet normal 0.946665 -0.322219 0
    outer loop
      vertex 14.3721 28.2682 3
      vertex 14.3995 28.3487 0
      vertex 14.3995 28.3487 3
    endloop
  endfacet
  facet normal 0.946665 -0.322219 0
    outer loop
      vertex 14.3995 28.3487 0
      vertex 14.3721 28.2682 3
      vertex 14.3721 28.2682 0
    endloop
  endfacet
  facet normal 0.555243 -0.831688 0
    outer loop
      vertex 14.6043 28.6157 0
      vertex 14.675 28.6629 3
      vertex 14.6043 28.6157 3
    endloop
  endfacet
  facet normal 0.555243 -0.831688 0
    outer loop
      vertex 14.675 28.6629 3
      vertex 14.6043 28.6157 0
      vertex 14.675 28.6629 0
    endloop
  endfacet
  facet normal -0.896999 -0.442033 0
    outer loop
      vertex 15.6005 28.3487 0
      vertex 15.5629 28.425 3
      vertex 15.5629 28.425 0
    endloop
  endfacet
  facet normal -0.896999 -0.442033 0
    outer loop
      vertex 15.5629 28.425 3
      vertex 15.6005 28.3487 0
      vertex 15.6005 28.3487 3
    endloop
  endfacet
  facet normal 0.997827 -0.0658942 0
    outer loop
      vertex 14.35 28.1 3
      vertex 14.3556 28.1848 0
      vertex 14.3556 28.1848 3
    endloop
  endfacet
  facet normal 0.997827 -0.0658942 0
    outer loop
      vertex 14.3556 28.1848 0
      vertex 14.35 28.1 3
      vertex 14.35 28.1 0
    endloop
  endfacet
  facet normal 0.322219 0.946665 -0
    outer loop
      vertex 14.8318 27.4721 0
      vertex 14.7513 27.4995 3
      vertex 14.8318 27.4721 3
    endloop
  endfacet
  facet normal 0.322219 0.946665 0
    outer loop
      vertex 14.7513 27.4995 3
      vertex 14.8318 27.4721 0
      vertex 14.7513 27.4995 0
    endloop
  endfacet
  facet normal 0.442033 -0.896999 0
    outer loop
      vertex 14.675 28.6629 0
      vertex 14.7513 28.7005 3
      vertex 14.675 28.6629 3
    endloop
  endfacet
  facet normal 0.442033 -0.896999 0
    outer loop
      vertex 14.7513 28.7005 3
      vertex 14.675 28.6629 0
      vertex 14.7513 28.7005 0
    endloop
  endfacet
  facet normal 0.831688 -0.555243 0
    outer loop
      vertex 14.4371 28.425 3
      vertex 14.4843 28.4957 0
      vertex 14.4843 28.4957 3
    endloop
  endfacet
  facet normal 0.831688 -0.555243 0
    outer loop
      vertex 14.4843 28.4957 0
      vertex 14.4371 28.425 3
      vertex 14.4371 28.425 0
    endloop
  endfacet
  facet normal 0.555243 0.831688 -0
    outer loop
      vertex 14.675 27.5371 0
      vertex 14.6043 27.5843 3
      vertex 14.675 27.5371 3
    endloop
  endfacet
  facet normal 0.555243 0.831688 0
    outer loop
      vertex 14.6043 27.5843 3
      vertex 14.675 27.5371 0
      vertex 14.6043 27.5843 0
    endloop
  endfacet
  facet normal -0.321464 0.946922 0
    outer loop
      vertex 15.6697 26.4832 3
      vertex 15.4529 26.4096 6
      vertex 15.6697 26.4832 6
    endloop
  endfacet
  facet normal -0.321464 0.946922 0
    outer loop
      vertex 15.4529 26.4096 6
      vertex 15.6697 26.4832 3
      vertex 15.4529 26.4096 3
    endloop
  endfacet
  facet normal -0.194856 -0.980832 0
    outer loop
      vertex 15.2284 29.835 3
      vertex 15.4529 29.7904 6
      vertex 15.2284 29.835 6
    endloop
  endfacet
  facet normal -0.194856 -0.980832 -0
    outer loop
      vertex 15.4529 29.7904 6
      vertex 15.2284 29.835 3
      vertex 15.4529 29.7904 3
    endloop
  endfacet
  facet normal -0.831579 -0.555406 0
    outer loop
      vertex 16.5155 28.975 3
      vertex 16.3884 29.1653 6
      vertex 16.3884 29.1653 3
    endloop
  endfacet
  facet normal -0.831579 -0.555406 0
    outer loop
      vertex 16.3884 29.1653 6
      vertex 16.5155 28.975 3
      vertex 16.5155 28.975 6
    endloop
  endfacet
  facet normal -0.659524 -0.751683 0
    outer loop
      vertex 16.0653 29.4884 3
      vertex 16.2374 29.3374 6
      vertex 16.0653 29.4884 6
    endloop
  endfacet
  facet normal -0.659524 -0.751683 -0
    outer loop
      vertex 16.2374 29.3374 6
      vertex 16.0653 29.4884 3
      vertex 16.2374 29.3374 3
    endloop
  endfacet
  facet normal 0.99785 0.0655331 0
    outer loop
      vertex 13.265 27.8716 6
      vertex 13.25 28.1 3
      vertex 13.25 28.1 6
    endloop
  endfacet
  facet normal 0.99785 0.0655331 0
    outer loop
      vertex 13.25 28.1 3
      vertex 13.265 27.8716 6
      vertex 13.265 27.8716 3
    endloop
  endfacet
  facet normal -0.0655331 0.99785 0
    outer loop
      vertex 15.2284 26.365 3
      vertex 15 26.35 6
      vertex 15.2284 26.365 6
    endloop
  endfacet
  facet normal -0.0655331 0.99785 0
    outer loop
      vertex 15 26.35 6
      vertex 15.2284 26.365 3
      vertex 15 26.35 3
    endloop
  endfacet
  facet normal 0.194856 0.980832 -0
    outer loop
      vertex 14.7716 26.365 3
      vertex 14.5471 26.4096 6
      vertex 14.7716 26.365 6
    endloop
  endfacet
  facet normal 0.194856 0.980832 0
    outer loop
      vertex 14.5471 26.4096 6
      vertex 14.7716 26.365 3
      vertex 14.5471 26.4096 3
    endloop
  endfacet
  facet normal 0.321464 0.946922 -0
    outer loop
      vertex 14.5471 26.4096 3
      vertex 14.3303 26.4832 6
      vertex 14.5471 26.4096 6
    endloop
  endfacet
  facet normal 0.321464 0.946922 0
    outer loop
      vertex 14.3303 26.4832 6
      vertex 14.5471 26.4096 3
      vertex 14.3303 26.4832 3
    endloop
  endfacet
  facet normal -0.946922 -0.321464 0
    outer loop
      vertex 16.6904 28.5529 3
      vertex 16.6168 28.7697 6
      vertex 16.6168 28.7697 3
    endloop
  endfacet
  facet normal -0.946922 -0.321464 0
    outer loop
      vertex 16.6168 28.7697 6
      vertex 16.6904 28.5529 3
      vertex 16.6904 28.5529 6
    endloop
  endfacet
  facet normal -0.99785 -0.0655331 0
    outer loop
      vertex 16.75 28.1 3
      vertex 16.735 28.3284 6
      vertex 16.735 28.3284 3
    endloop
  endfacet
  facet normal -0.99785 -0.0655331 0
    outer loop
      vertex 16.735 28.3284 6
      vertex 16.75 28.1 3
      vertex 16.75 28.1 6
    endloop
  endfacet
  facet normal -0.99785 0.0655331 0
    outer loop
      vertex 16.735 27.8716 3
      vertex 16.75 28.1 6
      vertex 16.75 28.1 3
    endloop
  endfacet
  facet normal -0.99785 0.0655331 0
    outer loop
      vertex 16.75 28.1 6
      vertex 16.735 27.8716 3
      vertex 16.735 27.8716 6
    endloop
  endfacet
  facet normal 0.194856 -0.980832 0
    outer loop
      vertex 14.5471 29.7904 3
      vertex 14.7716 29.835 6
      vertex 14.5471 29.7904 6
    endloop
  endfacet
  facet normal 0.194856 -0.980832 0
    outer loop
      vertex 14.7716 29.835 6
      vertex 14.5471 29.7904 3
      vertex 14.7716 29.835 3
    endloop
  endfacet
  facet normal 0.980832 0.194856 0
    outer loop
      vertex 13.3096 27.6471 6
      vertex 13.265 27.8716 3
      vertex 13.265 27.8716 6
    endloop
  endfacet
  facet normal 0.980832 0.194856 0
    outer loop
      vertex 13.265 27.8716 3
      vertex 13.3096 27.6471 6
      vertex 13.3096 27.6471 3
    endloop
  endfacet
  facet normal 0.751683 0.659524 0
    outer loop
      vertex 13.7626 26.8626 6
      vertex 13.6116 27.0347 3
      vertex 13.6116 27.0347 6
    endloop
  endfacet
  facet normal 0.751683 0.659524 0
    outer loop
      vertex 13.6116 27.0347 3
      vertex 13.7626 26.8626 6
      vertex 13.7626 26.8626 3
    endloop
  endfacet
  facet normal -0.896774 -0.44249 0
    outer loop
      vertex 16.6168 28.7697 3
      vertex 16.5155 28.975 6
      vertex 16.5155 28.975 3
    endloop
  endfacet
  facet normal -0.896774 -0.44249 0
    outer loop
      vertex 16.5155 28.975 6
      vertex 16.6168 28.7697 3
      vertex 16.6168 28.7697 6
    endloop
  endfacet
  facet normal -0.555406 -0.831579 0
    outer loop
      vertex 15.875 29.6155 3
      vertex 16.0653 29.4884 6
      vertex 15.875 29.6155 6
    endloop
  endfacet
  facet normal -0.555406 -0.831579 -0
    outer loop
      vertex 16.0653 29.4884 6
      vertex 15.875 29.6155 3
      vertex 16.0653 29.4884 3
    endloop
  endfacet
  facet normal -0.831579 0.555406 0
    outer loop
      vertex 16.3884 27.0347 3
      vertex 16.5155 27.225 6
      vertex 16.5155 27.225 3
    endloop
  endfacet
  facet normal -0.831579 0.555406 0
    outer loop
      vertex 16.5155 27.225 6
      vertex 16.3884 27.0347 3
      vertex 16.3884 27.0347 6
    endloop
  endfacet
  facet normal -0.44249 -0.896774 0
    outer loop
      vertex 15.6697 29.7168 3
      vertex 15.875 29.6155 6
      vertex 15.6697 29.7168 6
    endloop
  endfacet
  facet normal -0.44249 -0.896774 -0
    outer loop
      vertex 15.875 29.6155 6
      vertex 15.6697 29.7168 3
      vertex 15.875 29.6155 3
    endloop
  endfacet
  facet normal -0.980832 -0.194856 0
    outer loop
      vertex 16.735 28.3284 3
      vertex 16.6904 28.5529 6
      vertex 16.6904 28.5529 3
    endloop
  endfacet
  facet normal -0.980832 -0.194856 0
    outer loop
      vertex 16.6904 28.5529 6
      vertex 16.735 28.3284 3
      vertex 16.735 28.3284 6
    endloop
  endfacet
  facet normal 0.659524 -0.751683 0
    outer loop
      vertex 13.7626 29.3374 3
      vertex 13.9347 29.4884 6
      vertex 13.7626 29.3374 6
    endloop
  endfacet
  facet normal 0.659524 -0.751683 0
    outer loop
      vertex 13.9347 29.4884 6
      vertex 13.7626 29.3374 3
      vertex 13.9347 29.4884 3
    endloop
  endfacet
  facet normal 0.44249 -0.896774 0
    outer loop
      vertex 14.125 29.6155 3
      vertex 14.3303 29.7168 6
      vertex 14.125 29.6155 6
    endloop
  endfacet
  facet normal 0.44249 -0.896774 0
    outer loop
      vertex 14.3303 29.7168 6
      vertex 14.125 29.6155 3
      vertex 14.3303 29.7168 3
    endloop
  endfacet
  facet normal -0.896774 0.44249 0
    outer loop
      vertex 16.5155 27.225 3
      vertex 16.6168 27.4303 6
      vertex 16.6168 27.4303 3
    endloop
  endfacet
  facet normal -0.896774 0.44249 0
    outer loop
      vertex 16.6168 27.4303 6
      vertex 16.5155 27.225 3
      vertex 16.5155 27.225 6
    endloop
  endfacet
  facet normal 0 0 1
    outer loop
      vertex 15.65 28.1 3
      vertex 16.75 28.1 3
      vertex 16.735 28.3284 3
    endloop
  endfacet
  facet normal 0 0 1
    outer loop
      vertex 15.6444 28.1848 3
      vertex 16.735 28.3284 3
      vertex 16.6904 28.5529 3
    endloop
  endfacet
  facet normal 0 0 1
    outer loop
      vertex 16.75 28.1 3
      vertex 15.65 28.1 3
      vertex 16.735 27.8716 3
    endloop
  endfacet
  facet normal 0 0 1
    outer loop
      vertex 15.6279 28.2682 3
      vertex 16.6904 28.5529 3
      vertex 16.6168 28.7697 3
    endloop
  endfacet
  facet normal -0 0 1
    outer loop
      vertex 15.6444 28.0152 3
      vertex 16.735 27.8716 3
      vertex 15.65 28.1 3
    endloop
  endfacet
  facet normal 0 0 1
    outer loop
      vertex 15.6005 28.3487 3
      vertex 16.6168 28.7697 3
      vertex 16.5155 28.975 3
    endloop
  endfacet
  facet normal 0 0 1
    outer loop
      vertex 16.735 27.8716 3
      vertex 15.6444 28.0152 3
      vertex 16.6904 27.6471 3
    endloop
  endfacet
  facet normal 0 0 1
    outer loop
      vertex 15.5629 28.425 3
      vertex 16.5155 28.975 3
      vertex 16.3884 29.1653 3
    endloop
  endfacet
  facet normal -0 0 1
    outer loop
      vertex 15.6279 27.9318 3
      vertex 16.6904 27.6471 3
      vertex 15.6444 28.0152 3
    endloop
  endfacet
  facet normal 0 0 1
    outer loop
      vertex 15.5157 28.4957 3
      vertex 16.3884 29.1653 3
      vertex 16.2374 29.3374 3
    endloop
  endfacet
  facet normal 0 0 1
    outer loop
      vertex 16.6904 27.6471 3
      vertex 15.6279 27.9318 3
      vertex 16.6168 27.4303 3
    endloop
  endfacet
  facet normal 0 0 1
    outer loop
      vertex 15.4596 28.5596 3
      vertex 16.2374 29.3374 3
      vertex 16.0653 29.4884 3
    endloop
  endfacet
  facet normal -0 0 1
    outer loop
      vertex 15.6005 27.8513 3
      vertex 16.6168 27.4303 3
      vertex 15.6279 27.9318 3
    endloop
  endfacet
  facet normal 0 0 1
    outer loop
      vertex 15.3957 28.6157 3
      vertex 16.0653 29.4884 3
      vertex 15.875 29.6155 3
    endloop
  endfacet
  facet normal 0 0 1
    outer loop
      vertex 16.6168 27.4303 3
      vertex 15.6005 27.8513 3
      vertex 16.5155 27.225 3
    endloop
  endfacet
  facet normal 0 0 1
    outer loop
      vertex 15.325 28.6629 3
      vertex 15.875 29.6155 3
      vertex 15.6697 29.7168 3
    endloop
  endfacet
  facet normal -0 0 1
    outer loop
      vertex 15.5629 27.775 3
      vertex 16.5155 27.225 3
      vertex 15.6005 27.8513 3
    endloop
  endfacet
  facet normal 0 0 1
    outer loop
      vertex 16.5155 27.225 3
      vertex 15.5629 27.775 3
      vertex 16.3884 27.0347 3
    endloop
  endfacet
  facet normal 0 0 1
    outer loop
      vertex 16.735 28.3284 3
      vertex 15.6444 28.1848 3
      vertex 15.65 28.1 3
    endloop
  endfacet
  facet normal 0 0 1
    outer loop
      vertex 16.6904 28.5529 3
      vertex 15.6279 28.2682 3
      vertex 15.6444 28.1848 3
    endloop
  endfacet
  facet normal 0 0 1
    outer loop
      vertex 16.6168 28.7697 3
      vertex 15.6005 28.3487 3
      vertex 15.6279 28.2682 3
    endloop
  endfacet
  facet normal 0 0 1
    outer loop
      vertex 16.5155 28.975 3
      vertex 15.5629 28.425 3
      vertex 15.6005 28.3487 3
    endloop
  endfacet
  facet normal 0 0 1
    outer loop
      vertex 16.3884 29.1653 3
      vertex 15.5157 28.4957 3
      vertex 15.5629 28.425 3
    endloop
  endfacet
  facet normal 0 0 1
    outer loop
      vertex 16.2374 29.3374 3
      vertex 15.4596 28.5596 3
      vertex 15.5157 28.4957 3
    endloop
  endfacet
  facet normal 0 0 1
    outer loop
      vertex 15.2487 28.7005 3
      vertex 15.6697 29.7168 3
      vertex 15.4529 29.7904 3
    endloop
  endfacet
  facet normal 0 0 1
    outer loop
      vertex 16.0653 29.4884 3
      vertex 15.3957 28.6157 3
      vertex 15.4596 28.5596 3
    endloop
  endfacet
  facet normal 0 0 1
    outer loop
      vertex 15.875 29.6155 3
      vertex 15.325 28.6629 3
      vertex 15.3957 28.6157 3
    endloop
  endfacet
  facet normal 0 0 1
    outer loop
      vertex 15.6697 29.7168 3
      vertex 15.2487 28.7005 3
      vertex 15.325 28.6629 3
    endloop
  endfacet
  facet normal 0 0 1
    outer loop
      vertex 15.1682 28.7279 3
      vertex 15.4529 29.7904 3
      vertex 15.2284 29.835 3
    endloop
  endfacet
  facet normal 0 0 1
    outer loop
      vertex 15.4529 29.7904 3
      vertex 15.1682 28.7279 3
      vertex 15.2487 28.7005 3
    endloop
  endfacet
  facet normal 0 0 1
    outer loop
      vertex 15.2284 29.835 3
      vertex 15.0848 28.7444 3
      vertex 15.1682 28.7279 3
    endloop
  endfacet
  facet normal 0 0 1
    outer loop
      vertex 15 29.85 3
      vertex 15.0848 28.7444 3
      vertex 15.2284 29.835 3
    endloop
  endfacet
  facet normal 0 0 1
    outer loop
      vertex 15 29.85 3
      vertex 15 28.75 3
      vertex 15.0848 28.7444 3
    endloop
  endfacet
  facet normal 0 0 1
    outer loop
      vertex 15 29.85 3
      vertex 14.9152 28.7444 3
      vertex 15 28.75 3
    endloop
  endfacet
  facet normal -0 0 1
    outer loop
      vertex 14.7716 29.835 3
      vertex 14.9152 28.7444 3
      vertex 15 29.85 3
    endloop
  endfacet
  facet normal 0 0 1
    outer loop
      vertex 14.9152 28.7444 3
      vertex 14.7716 29.835 3
      vertex 14.8318 28.7279 3
    endloop
  endfacet
  facet normal -0 0 1
    outer loop
      vertex 14.5471 29.7904 3
      vertex 14.8318 28.7279 3
      vertex 14.7716 29.835 3
    endloop
  endfacet
  facet normal 0 0 1
    outer loop
      vertex 14.8318 28.7279 3
      vertex 14.5471 29.7904 3
      vertex 14.7513 28.7005 3
    endloop
  endfacet
  facet normal -0 0 1
    outer loop
      vertex 14.3303 29.7168 3
      vertex 14.7513 28.7005 3
      vertex 14.5471 29.7904 3
    endloop
  endfacet
  facet normal 0 0 1
    outer loop
      vertex 14.7513 28.7005 3
      vertex 14.3303 29.7168 3
      vertex 14.675 28.6629 3
    endloop
  endfacet
  facet normal -0 0 1
    outer loop
      vertex 14.125 29.6155 3
      vertex 14.675 28.6629 3
      vertex 14.3303 29.7168 3
    endloop
  endfacet
  facet normal 0 0 1
    outer loop
      vertex 14.675 28.6629 3
      vertex 14.125 29.6155 3
      vertex 14.6043 28.6157 3
    endloop
  endfacet
  facet normal -0 0 1
    outer loop
      vertex 13.9347 29.4884 3
      vertex 14.6043 28.6157 3
      vertex 14.125 29.6155 3
    endloop
  endfacet
  facet normal 0 0 1
    outer loop
      vertex 14.6043 28.6157 3
      vertex 13.9347 29.4884 3
      vertex 14.5404 28.5596 3
    endloop
  endfacet
  facet normal -0 0 1
    outer loop
      vertex 13.7626 29.3374 3
      vertex 14.5404 28.5596 3
      vertex 13.9347 29.4884 3
    endloop
  endfacet
  facet normal 0 0 1
    outer loop
      vertex 14.5404 28.5596 3
      vertex 13.7626 29.3374 3
      vertex 14.4843 28.4957 3
    endloop
  endfacet
  facet normal 0 0 1
    outer loop
      vertex 14.4843 28.4957 3
      vertex 13.6116 29.1653 3
      vertex 14.4371 28.425 3
    endloop
  endfacet
  facet normal -0 0 1
    outer loop
      vertex 13.6116 29.1653 3
      vertex 14.4843 28.4957 3
      vertex 13.7626 29.3374 3
    endloop
  endfacet
  facet normal -0 0 1
    outer loop
      vertex 15.5157 27.7043 3
      vertex 16.3884 27.0347 3
      vertex 15.5629 27.775 3
    endloop
  endfacet
  facet normal 0 0 1
    outer loop
      vertex 16.3884 27.0347 3
      vertex 15.5157 27.7043 3
      vertex 16.2374 26.8626 3
    endloop
  endfacet
  facet normal -0 0 1
    outer loop
      vertex 15.4596 27.6404 3
      vertex 16.2374 26.8626 3
      vertex 15.5157 27.7043 3
    endloop
  endfacet
  facet normal 0 0 1
    outer loop
      vertex 16.2374 26.8626 3
      vertex 15.4596 27.6404 3
      vertex 16.0653 26.7116 3
    endloop
  endfacet
  facet normal -0 0 1
    outer loop
      vertex 15.3957 27.5843 3
      vertex 16.0653 26.7116 3
      vertex 15.4596 27.6404 3
    endloop
  endfacet
  facet normal 0 0 1
    outer loop
      vertex 16.0653 26.7116 3
      vertex 15.3957 27.5843 3
      vertex 15.875 26.5845 3
    endloop
  endfacet
  facet normal -0 0 1
    outer loop
      vertex 15.325 27.5371 3
      vertex 15.875 26.5845 3
      vertex 15.3957 27.5843 3
    endloop
  endfacet
  facet normal 0 0 1
    outer loop
      vertex 15.875 26.5845 3
      vertex 15.325 27.5371 3
      vertex 15.6697 26.4832 3
    endloop
  endfacet
  facet normal -0 0 1
    outer loop
      vertex 15.2487 27.4995 3
      vertex 15.6697 26.4832 3
      vertex 15.325 27.5371 3
    endloop
  endfacet
  facet normal 0 0 1
    outer loop
      vertex 15.6697 26.4832 3
      vertex 15.2487 27.4995 3
      vertex 15.4529 26.4096 3
    endloop
  endfacet
  facet normal -0 0 1
    outer loop
      vertex 15.1682 27.4721 3
      vertex 15.4529 26.4096 3
      vertex 15.2487 27.4995 3
    endloop
  endfacet
  facet normal 0 0 1
    outer loop
      vertex 15.4529 26.4096 3
      vertex 15.1682 27.4721 3
      vertex 15.2284 26.365 3
    endloop
  endfacet
  facet normal -0 0 1
    outer loop
      vertex 15.0848 27.4556 3
      vertex 15.2284 26.365 3
      vertex 15.1682 27.4721 3
    endloop
  endfacet
  facet normal -0 0 1
    outer loop
      vertex 15 27.45 3
      vertex 15.2284 26.365 3
      vertex 15.0848 27.4556 3
    endloop
  endfacet
  facet normal 0 0 1
    outer loop
      vertex 15 27.45 3
      vertex 15 26.35 3
      vertex 15.2284 26.365 3
    endloop
  endfacet
  facet normal 0 0 1
    outer loop
      vertex 14.9152 27.4556 3
      vertex 15 26.35 3
      vertex 15 27.45 3
    endloop
  endfacet
  facet normal 0 0 1
    outer loop
      vertex 14.7716 26.365 3
      vertex 14.9152 27.4556 3
      vertex 14.8318 27.4721 3
    endloop
  endfacet
  facet normal 0 0 1
    outer loop
      vertex 14.9152 27.4556 3
      vertex 14.7716 26.365 3
      vertex 15 26.35 3
    endloop
  endfacet
  facet normal 0 0 1
    outer loop
      vertex 14.5471 26.4096 3
      vertex 14.8318 27.4721 3
      vertex 14.7513 27.4995 3
    endloop
  endfacet
  facet normal 0 0 1
    outer loop
      vertex 14.3303 26.4832 3
      vertex 14.7513 27.4995 3
      vertex 14.675 27.5371 3
    endloop
  endfacet
  facet normal 0 0 1
    outer loop
      vertex 14.125 26.5845 3
      vertex 14.675 27.5371 3
      vertex 14.6043 27.5843 3
    endloop
  endfacet
  facet normal 0 0 1
    outer loop
      vertex 14.8318 27.4721 3
      vertex 14.5471 26.4096 3
      vertex 14.7716 26.365 3
    endloop
  endfacet
  facet normal 0 0 1
    outer loop
      vertex 13.9347 26.7116 3
      vertex 14.6043 27.5843 3
      vertex 14.5404 27.6404 3
    endloop
  endfacet
  facet normal 0 0 1
    outer loop
      vertex 13.7626 26.8626 3
      vertex 14.5404 27.6404 3
      vertex 14.4843 27.7043 3
    endloop
  endfacet
  facet normal 0 0 1
    outer loop
      vertex 13.6116 27.0347 3
      vertex 14.4843 27.7043 3
      vertex 14.4371 27.775 3
    endloop
  endfacet
  facet normal 0 0 1
    outer loop
      vertex 13.4845 27.225 3
      vertex 14.4371 27.775 3
      vertex 14.3995 27.8513 3
    endloop
  endfacet
  facet normal 0 0 1
    outer loop
      vertex 13.3832 27.4303 3
      vertex 14.3995 27.8513 3
      vertex 14.3721 27.9318 3
    endloop
  endfacet
  facet normal 0 0 1
    outer loop
      vertex 13.3096 27.6471 3
      vertex 14.3721 27.9318 3
      vertex 14.3556 28.0152 3
    endloop
  endfacet
  facet normal 0 0 1
    outer loop
      vertex 14.7513 27.4995 3
      vertex 14.3303 26.4832 3
      vertex 14.5471 26.4096 3
    endloop
  endfacet
  facet normal 0 0 1
    outer loop
      vertex 13.265 27.8716 3
      vertex 14.3556 28.0152 3
      vertex 14.35 28.1 3
    endloop
  endfacet
  facet normal -0 0 1
    outer loop
      vertex 13.4845 28.975 3
      vertex 14.4371 28.425 3
      vertex 13.6116 29.1653 3
    endloop
  endfacet
  facet normal 0 0 1
    outer loop
      vertex 14.4371 28.425 3
      vertex 13.4845 28.975 3
      vertex 14.3995 28.3487 3
    endloop
  endfacet
  facet normal 0 0 1
    outer loop
      vertex 14.675 27.5371 3
      vertex 14.125 26.5845 3
      vertex 14.3303 26.4832 3
    endloop
  endfacet
  facet normal -0 0 1
    outer loop
      vertex 13.3832 28.7697 3
      vertex 14.3995 28.3487 3
      vertex 13.4845 28.975 3
    endloop
  endfacet
  facet normal 0 0 1
    outer loop
      vertex 14.6043 27.5843 3
      vertex 13.9347 26.7116 3
      vertex 14.125 26.5845 3
    endloop
  endfacet
  facet normal 0 0 1
    outer loop
      vertex 14.3995 28.3487 3
      vertex 13.3832 28.7697 3
      vertex 14.3721 28.2682 3
    endloop
  endfacet
  facet normal 0 0 1
    outer loop
      vertex 14.5404 27.6404 3
      vertex 13.7626 26.8626 3
      vertex 13.9347 26.7116 3
    endloop
  endfacet
  facet normal -0 0 1
    outer loop
      vertex 13.3096 28.5529 3
      vertex 14.3721 28.2682 3
      vertex 13.3832 28.7697 3
    endloop
  endfacet
  facet normal 0 0 1
    outer loop
      vertex 14.4843 27.7043 3
      vertex 13.6116 27.0347 3
      vertex 13.7626 26.8626 3
    endloop
  endfacet
  facet normal 0 0 1
    outer loop
      vertex 14.3721 28.2682 3
      vertex 13.3096 28.5529 3
      vertex 14.3556 28.1848 3
    endloop
  endfacet
  facet normal 0 0 1
    outer loop
      vertex 14.4371 27.775 3
      vertex 13.4845 27.225 3
      vertex 13.6116 27.0347 3
    endloop
  endfacet
  facet normal -0 0 1
    outer loop
      vertex 13.265 28.3284 3
      vertex 14.3556 28.1848 3
      vertex 13.3096 28.5529 3
    endloop
  endfacet
  facet normal 0 0 1
    outer loop
      vertex 14.3995 27.8513 3
      vertex 13.3832 27.4303 3
      vertex 13.4845 27.225 3
    endloop
  endfacet
  facet normal 0 0 1
    outer loop
      vertex 14.3556 28.1848 3
      vertex 13.265 28.3284 3
      vertex 14.35 28.1 3
    endloop
  endfacet
  facet normal 0 0 1
    outer loop
      vertex 14.3721 27.9318 3
      vertex 13.3096 27.6471 3
      vertex 13.3832 27.4303 3
    endloop
  endfacet
  facet normal 0 0 1
    outer loop
      vertex 13.25 28.1 3
      vertex 14.35 28.1 3
      vertex 13.265 28.3284 3
    endloop
  endfacet
  facet normal 0 0 1
    outer loop
      vertex 14.3556 28.0152 3
      vertex 13.265 27.8716 3
      vertex 13.3096 27.6471 3
    endloop
  endfacet
  facet normal 0 0 1
    outer loop
      vertex 14.35 28.1 3
      vertex 13.25 28.1 3
      vertex 13.265 27.8716 3
    endloop
  endfacet
  facet normal -0.194856 0.980832 0
    outer loop
      vertex 15.4529 26.4096 3
      vertex 15.2284 26.365 6
      vertex 15.4529 26.4096 6
    endloop
  endfacet
  facet normal -0.194856 0.980832 0
    outer loop
      vertex 15.2284 26.365 6
      vertex 15.4529 26.4096 3
      vertex 15.2284 26.365 3
    endloop
  endfacet
  facet normal -0.0655331 -0.99785 0
    outer loop
      vertex 15 29.85 3
      vertex 15.2284 29.835 6
      vertex 15 29.85 6
    endloop
  endfacet
  facet normal -0.0655331 -0.99785 -0
    outer loop
      vertex 15.2284 29.835 6
      vertex 15 29.85 3
      vertex 15.2284 29.835 3
    endloop
  endfacet
  facet normal 0.321464 -0.946922 0
    outer loop
      vertex 14.3303 29.7168 3
      vertex 14.5471 29.7904 6
      vertex 14.3303 29.7168 6
    endloop
  endfacet
  facet normal 0.321464 -0.946922 0
    outer loop
      vertex 14.5471 29.7904 6
      vertex 14.3303 29.7168 3
      vertex 14.5471 29.7904 3
    endloop
  endfacet
  facet normal -0.946922 0.321464 0
    outer loop
      vertex 16.6168 27.4303 3
      vertex 16.6904 27.6471 6
      vertex 16.6904 27.6471 3
    endloop
  endfacet
  facet normal -0.946922 0.321464 0
    outer loop
      vertex 16.6904 27.6471 6
      vertex 16.6168 27.4303 3
      vertex 16.6168 27.4303 6
    endloop
  endfacet
  facet normal -0.980832 0.194856 0
    outer loop
      vertex 16.6904 27.6471 3
      vertex 16.735 27.8716 6
      vertex 16.735 27.8716 3
    endloop
  endfacet
  facet normal -0.980832 0.194856 0
    outer loop
      vertex 16.735 27.8716 6
      vertex 16.6904 27.6471 3
      vertex 16.6904 27.6471 6
    endloop
  endfacet
  facet normal 0.946922 -0.321464 0
    outer loop
      vertex 13.3096 28.5529 6
      vertex 13.3832 28.7697 3
      vertex 13.3832 28.7697 6
    endloop
  endfacet
  facet normal 0.946922 -0.321464 0
    outer loop
      vertex 13.3832 28.7697 3
      vertex 13.3096 28.5529 6
      vertex 13.3096 28.5529 3
    endloop
  endfacet
  facet normal -0.44249 0.896774 0
    outer loop
      vertex 15.875 26.5845 3
      vertex 15.6697 26.4832 6
      vertex 15.875 26.5845 6
    endloop
  endfacet
  facet normal -0.44249 0.896774 0
    outer loop
      vertex 15.6697 26.4832 6
      vertex 15.875 26.5845 3
      vertex 15.6697 26.4832 3
    endloop
  endfacet
  facet normal 0.0655331 0.99785 -0
    outer loop
      vertex 15 26.35 3
      vertex 14.7716 26.365 6
      vertex 15 26.35 6
    endloop
  endfacet
  facet normal 0.0655331 0.99785 0
    outer loop
      vertex 14.7716 26.365 6
      vertex 15 26.35 3
      vertex 14.7716 26.365 3
    endloop
  endfacet
  facet normal 0.0655331 -0.99785 0
    outer loop
      vertex 14.7716 29.835 3
      vertex 15 29.85 6
      vertex 14.7716 29.835 6
    endloop
  endfacet
  facet normal 0.0655331 -0.99785 0
    outer loop
      vertex 15 29.85 6
      vertex 14.7716 29.835 3
      vertex 15 29.85 3
    endloop
  endfacet
  facet normal 0.896774 0.44249 0
    outer loop
      vertex 13.4845 27.225 6
      vertex 13.3832 27.4303 3
      vertex 13.3832 27.4303 6
    endloop
  endfacet
  facet normal 0.896774 0.44249 0
    outer loop
      vertex 13.3832 27.4303 3
      vertex 13.4845 27.225 6
      vertex 13.4845 27.225 3
    endloop
  endfacet
  facet normal 0.99785 -0.0655331 0
    outer loop
      vertex 13.25 28.1 6
      vertex 13.265 28.3284 3
      vertex 13.265 28.3284 6
    endloop
  endfacet
  facet normal 0.99785 -0.0655331 0
    outer loop
      vertex 13.265 28.3284 3
      vertex 13.25 28.1 6
      vertex 13.25 28.1 3
    endloop
  endfacet
  facet normal 0.946922 0.321464 0
    outer loop
      vertex 13.3832 27.4303 6
      vertex 13.3096 27.6471 3
      vertex 13.3096 27.6471 6
    endloop
  endfacet
  facet normal 0.946922 0.321464 0
    outer loop
      vertex 13.3096 27.6471 3
      vertex 13.3832 27.4303 6
      vertex 13.3832 27.4303 3
    endloop
  endfacet
  facet normal 0.555406 0.831579 -0
    outer loop
      vertex 14.125 26.5845 3
      vertex 13.9347 26.7116 6
      vertex 14.125 26.5845 6
    endloop
  endfacet
  facet normal 0.555406 0.831579 0
    outer loop
      vertex 13.9347 26.7116 6
      vertex 14.125 26.5845 3
      vertex 13.9347 26.7116 3
    endloop
  endfacet
  facet normal 0.980832 -0.194856 0
    outer loop
      vertex 13.265 28.3284 6
      vertex 13.3096 28.5529 3
      vertex 13.3096 28.5529 6
    endloop
  endfacet
  facet normal 0.980832 -0.194856 0
    outer loop
      vertex 13.3096 28.5529 3
      vertex 13.265 28.3284 6
      vertex 13.265 28.3284 3
    endloop
  endfacet
  facet normal -0.659524 0.751683 0
    outer loop
      vertex 16.2374 26.8626 3
      vertex 16.0653 26.7116 6
      vertex 16.2374 26.8626 6
    endloop
  endfacet
  facet normal -0.659524 0.751683 0
    outer loop
      vertex 16.0653 26.7116 6
      vertex 16.2374 26.8626 3
      vertex 16.0653 26.7116 3
    endloop
  endfacet
  facet normal -0.751683 -0.659524 0
    outer loop
      vertex 16.3884 29.1653 3
      vertex 16.2374 29.3374 6
      vertex 16.2374 29.3374 3
    endloop
  endfacet
  facet normal -0.751683 -0.659524 0
    outer loop
      vertex 16.2374 29.3374 6
      vertex 16.3884 29.1653 3
      vertex 16.3884 29.1653 6
    endloop
  endfacet
  facet normal 0.896774 -0.44249 0
    outer loop
      vertex 13.3832 28.7697 6
      vertex 13.4845 28.975 3
      vertex 13.4845 28.975 6
    endloop
  endfacet
  facet normal 0.896774 -0.44249 0
    outer loop
      vertex 13.4845 28.975 3
      vertex 13.3832 28.7697 6
      vertex 13.3832 28.7697 3
    endloop
  endfacet
  facet normal 0.555406 -0.831579 0
    outer loop
      vertex 13.9347 29.4884 3
      vertex 14.125 29.6155 6
      vertex 13.9347 29.4884 6
    endloop
  endfacet
  facet normal 0.555406 -0.831579 0
    outer loop
      vertex 14.125 29.6155 6
      vertex 13.9347 29.4884 3
      vertex 14.125 29.6155 3
    endloop
  endfacet
  facet normal 0.659524 0.751683 -0
    outer loop
      vertex 13.9347 26.7116 3
      vertex 13.7626 26.8626 6
      vertex 13.9347 26.7116 6
    endloop
  endfacet
  facet normal 0.659524 0.751683 0
    outer loop
      vertex 13.7626 26.8626 6
      vertex 13.9347 26.7116 3
      vertex 13.7626 26.8626 3
    endloop
  endfacet
  facet normal 0.831579 0.555406 0
    outer loop
      vertex 13.6116 27.0347 6
      vertex 13.4845 27.225 3
      vertex 13.4845 27.225 6
    endloop
  endfacet
  facet normal 0.831579 0.555406 0
    outer loop
      vertex 13.4845 27.225 3
      vertex 13.6116 27.0347 6
      vertex 13.6116 27.0347 3
    endloop
  endfacet
  facet normal 0.751683 -0.659524 0
    outer loop
      vertex 13.6116 29.1653 6
      vertex 13.7626 29.3374 3
      vertex 13.7626 29.3374 6
    endloop
  endfacet
  facet normal 0.751683 -0.659524 0
    outer loop
      vertex 13.7626 29.3374 3
      vertex 13.6116 29.1653 6
      vertex 13.6116 29.1653 3
    endloop
  endfacet
  facet normal 0.44249 0.896774 -0
    outer loop
      vertex 14.3303 26.4832 3
      vertex 14.125 26.5845 6
      vertex 14.3303 26.4832 6
    endloop
  endfacet
  facet normal 0.44249 0.896774 0
    outer loop
      vertex 14.125 26.5845 6
      vertex 14.3303 26.4832 3
      vertex 14.125 26.5845 3
    endloop
  endfacet
  facet normal -0.321464 -0.946922 0
    outer loop
      vertex 15.4529 29.7904 3
      vertex 15.6697 29.7168 6
      vertex 15.4529 29.7904 6
    endloop
  endfacet
  facet normal -0.321464 -0.946922 -0
    outer loop
      vertex 15.6697 29.7168 6
      vertex 15.4529 29.7904 3
      vertex 15.6697 29.7168 3
    endloop
  endfacet
  facet normal -0.555406 0.831579 0
    outer loop
      vertex 16.0653 26.7116 3
      vertex 15.875 26.5845 6
      vertex 16.0653 26.7116 6
    endloop
  endfacet
  facet normal -0.555406 0.831579 0
    outer loop
      vertex 15.875 26.5845 6
      vertex 16.0653 26.7116 3
      vertex 15.875 26.5845 3
    endloop
  endfacet
  facet normal 0.831579 -0.555406 0
    outer loop
      vertex 13.4845 28.975 6
      vertex 13.6116 29.1653 3
      vertex 13.6116 29.1653 6
    endloop
  endfacet
  facet normal 0.831579 -0.555406 0
    outer loop
      vertex 13.6116 29.1653 3
      vertex 13.4845 28.975 6
      vertex 13.4845 28.975 3
    endloop
  endfacet
  facet normal -0.751683 0.659524 0
    outer loop
      vertex 16.2374 26.8626 3
      vertex 16.3884 27.0347 6
      vertex 16.3884 27.0347 3
    endloop
  endfacet
  facet normal -0.751683 0.659524 0
    outer loop
      vertex 16.3884 27.0347 6
      vertex 16.2374 26.8626 3
      vertex 16.2374 26.8626 6
    endloop
  endfacet
  facet normal -0.980986 -0.19408 0
    outer loop
      vertex 15.6444 22.4348 0
      vertex 15.6279 22.5182 3
      vertex 15.6279 22.5182 0
    endloop
  endfacet
  facet normal -0.980986 -0.19408 0
    outer loop
      vertex 15.6279 22.5182 3
      vertex 15.6444 22.4348 0
      vertex 15.6444 22.4348 3
    endloop
  endfacet
  facet normal -0.997827 -0.0658942 0
    outer loop
      vertex 15.65 22.35 0
      vertex 15.6444 22.4348 3
      vertex 15.6444 22.4348 0
    endloop
  endfacet
  facet normal -0.997827 -0.0658942 0
    outer loop
      vertex 15.6444 22.4348 3
      vertex 15.65 22.35 0
      vertex 15.65 22.35 3
    endloop
  endfacet
  facet normal -0.0658942 0.997827 0
    outer loop
      vertex 15.0848 21.7056 0
      vertex 15 21.7 3
      vertex 15.0848 21.7056 3
    endloop
  endfacet
  facet normal -0.0658942 0.997827 0
    outer loop
      vertex 15 21.7 3
      vertex 15.0848 21.7056 0
      vertex 15 21.7 0
    endloop
  endfacet
  facet normal 0.659753 -0.751483 0
    outer loop
      vertex 14.5404 22.8096 0
      vertex 14.6043 22.8657 3
      vertex 14.5404 22.8096 3
    endloop
  endfacet
  facet normal 0.659753 -0.751483 0
    outer loop
      vertex 14.6043 22.8657 3
      vertex 14.5404 22.8096 0
      vertex 14.6043 22.8657 0
    endloop
  endfacet
  facet normal 0.831688 0.555243 0
    outer loop
      vertex 14.4843 21.9543 3
      vertex 14.4371 22.025 0
      vertex 14.4371 22.025 3
    endloop
  endfacet
  facet normal 0.831688 0.555243 0
    outer loop
      vertex 14.4371 22.025 0
      vertex 14.4843 21.9543 3
      vertex 14.4843 21.9543 0
    endloop
  endfacet
  facet normal 0.19408 0.980986 -0
    outer loop
      vertex 14.9152 21.7056 0
      vertex 14.8318 21.7221 3
      vertex 14.9152 21.7056 3
    endloop
  endfacet
  facet normal 0.19408 0.980986 0
    outer loop
      vertex 14.8318 21.7221 3
      vertex 14.9152 21.7056 0
      vertex 14.8318 21.7221 0
    endloop
  endfacet
  facet normal -0.659753 -0.751483 0
    outer loop
      vertex 15.3957 22.8657 0
      vertex 15.4596 22.8096 3
      vertex 15.3957 22.8657 3
    endloop
  endfacet
  facet normal -0.659753 -0.751483 -0
    outer loop
      vertex 15.4596 22.8096 3
      vertex 15.3957 22.8657 0
      vertex 15.4596 22.8096 0
    endloop
  endfacet
  facet normal -0.946665 0.322219 0
    outer loop
      vertex 15.6005 22.1013 0
      vertex 15.6279 22.1818 3
      vertex 15.6279 22.1818 0
    endloop
  endfacet
  facet normal -0.946665 0.322219 0
    outer loop
      vertex 15.6279 22.1818 3
      vertex 15.6005 22.1013 0
      vertex 15.6005 22.1013 3
    endloop
  endfacet
  facet normal -0.751483 0.659753 0
    outer loop
      vertex 15.4596 21.8904 0
      vertex 15.5157 21.9543 3
      vertex 15.5157 21.9543 0
    endloop
  endfacet
  facet normal -0.751483 0.659753 0
    outer loop
      vertex 15.5157 21.9543 3
      vertex 15.4596 21.8904 0
      vertex 15.4596 21.8904 3
    endloop
  endfacet
  facet normal -0.751483 -0.659753 0
    outer loop
      vertex 15.5157 22.7457 0
      vertex 15.4596 22.8096 3
      vertex 15.4596 22.8096 0
    endloop
  endfacet
  facet normal -0.751483 -0.659753 0
    outer loop
      vertex 15.4596 22.8096 3
      vertex 15.5157 22.7457 0
      vertex 15.5157 22.7457 3
    endloop
  endfacet
  facet normal 0.946665 0.322219 0
    outer loop
      vertex 14.3995 22.1013 3
      vertex 14.3721 22.1818 0
      vertex 14.3721 22.1818 3
    endloop
  endfacet
  facet normal 0.946665 0.322219 0
    outer loop
      vertex 14.3721 22.1818 0
      vertex 14.3995 22.1013 3
      vertex 14.3995 22.1013 0
    endloop
  endfacet
  facet normal -0.322219 0.946665 0
    outer loop
      vertex 15.2487 21.7495 0
      vertex 15.1682 21.7221 3
      vertex 15.2487 21.7495 3
    endloop
  endfacet
  facet normal -0.322219 0.946665 0
    outer loop
      vertex 15.1682 21.7221 3
      vertex 15.2487 21.7495 0
      vertex 15.1682 21.7221 0
    endloop
  endfacet
  facet normal 0.0658942 0.997827 -0
    outer loop
      vertex 15 21.7 0
      vertex 14.9152 21.7056 3
      vertex 15 21.7 3
    endloop
  endfacet
  facet normal 0.0658942 0.997827 0
    outer loop
      vertex 14.9152 21.7056 3
      vertex 15 21.7 0
      vertex 14.9152 21.7056 0
    endloop
  endfacet
  facet normal 0.322219 -0.946665 0
    outer loop
      vertex 14.7513 22.9505 0
      vertex 14.8318 22.9779 3
      vertex 14.7513 22.9505 3
    endloop
  endfacet
  facet normal 0.322219 -0.946665 0
    outer loop
      vertex 14.8318 22.9779 3
      vertex 14.7513 22.9505 0
      vertex 14.8318 22.9779 0
    endloop
  endfacet
  facet normal -0.946665 -0.322219 0
    outer loop
      vertex 15.6279 22.5182 0
      vertex 15.6005 22.5987 3
      vertex 15.6005 22.5987 0
    endloop
  endfacet
  facet normal -0.946665 -0.322219 0
    outer loop
      vertex 15.6005 22.5987 3
      vertex 15.6279 22.5182 0
      vertex 15.6279 22.5182 3
    endloop
  endfacet
  facet normal 0.751483 -0.659753 0
    outer loop
      vertex 14.4843 22.7457 3
      vertex 14.5404 22.8096 0
      vertex 14.5404 22.8096 3
    endloop
  endfacet
  facet normal 0.751483 -0.659753 0
    outer loop
      vertex 14.5404 22.8096 0
      vertex 14.4843 22.7457 3
      vertex 14.4843 22.7457 0
    endloop
  endfacet
  facet normal 0.442033 0.896999 -0
    outer loop
      vertex 14.7513 21.7495 0
      vertex 14.675 21.7871 3
      vertex 14.7513 21.7495 3
    endloop
  endfacet
  facet normal 0.442033 0.896999 0
    outer loop
      vertex 14.675 21.7871 3
      vertex 14.7513 21.7495 0
      vertex 14.675 21.7871 0
    endloop
  endfacet
  facet normal 0.0658942 -0.997827 0
    outer loop
      vertex 14.9152 22.9944 0
      vertex 15 23 3
      vertex 14.9152 22.9944 3
    endloop
  endfacet
  facet normal 0.0658942 -0.997827 0
    outer loop
      vertex 15 23 3
      vertex 14.9152 22.9944 0
      vertex 15 23 0
    endloop
  endfacet
  facet normal -0.896999 0.442033 0
    outer loop
      vertex 15.5629 22.025 0
      vertex 15.6005 22.1013 3
      vertex 15.6005 22.1013 0
    endloop
  endfacet
  facet normal -0.896999 0.442033 0
    outer loop
      vertex 15.6005 22.1013 3
      vertex 15.5629 22.025 0
      vertex 15.5629 22.025 3
    endloop
  endfacet
  facet normal -0.555243 0.831688 0
    outer loop
      vertex 15.3957 21.8343 0
      vertex 15.325 21.7871 3
      vertex 15.3957 21.8343 3
    endloop
  endfacet
  facet normal -0.555243 0.831688 0
    outer loop
      vertex 15.325 21.7871 3
      vertex 15.3957 21.8343 0
      vertex 15.325 21.7871 0
    endloop
  endfacet
  facet normal 0.980986 0.19408 0
    outer loop
      vertex 14.3721 22.1818 3
      vertex 14.3556 22.2652 0
      vertex 14.3556 22.2652 3
    endloop
  endfacet
  facet normal 0.980986 0.19408 0
    outer loop
      vertex 14.3556 22.2652 0
      vertex 14.3721 22.1818 3
      vertex 14.3721 22.1818 0
    endloop
  endfacet
  facet normal -0.19408 -0.980986 0
    outer loop
      vertex 15.0848 22.9944 0
      vertex 15.1682 22.9779 3
      vertex 15.0848 22.9944 3
    endloop
  endfacet
  facet normal -0.19408 -0.980986 -0
    outer loop
      vertex 15.1682 22.9779 3
      vertex 15.0848 22.9944 0
      vertex 15.1682 22.9779 0
    endloop
  endfacet
  facet normal -0.831688 -0.555243 0
    outer loop
      vertex 15.5629 22.675 0
      vertex 15.5157 22.7457 3
      vertex 15.5157 22.7457 0
    endloop
  endfacet
  facet normal -0.831688 -0.555243 0
    outer loop
      vertex 15.5157 22.7457 3
      vertex 15.5629 22.675 0
      vertex 15.5629 22.675 3
    endloop
  endfacet
  facet normal -0.997827 0.0658942 0
    outer loop
      vertex 15.6444 22.2652 0
      vertex 15.65 22.35 3
      vertex 15.65 22.35 0
    endloop
  endfacet
  facet normal -0.997827 0.0658942 0
    outer loop
      vertex 15.65 22.35 3
      vertex 15.6444 22.2652 0
      vertex 15.6444 22.2652 3
    endloop
  endfacet
  facet normal -0.322219 -0.946665 0
    outer loop
      vertex 15.1682 22.9779 0
      vertex 15.2487 22.9505 3
      vertex 15.1682 22.9779 3
    endloop
  endfacet
  facet normal -0.322219 -0.946665 -0
    outer loop
      vertex 15.2487 22.9505 3
      vertex 15.1682 22.9779 0
      vertex 15.2487 22.9505 0
    endloop
  endfacet
  facet normal -0.555243 -0.831688 0
    outer loop
      vertex 15.325 22.9129 0
      vertex 15.3957 22.8657 3
      vertex 15.325 22.9129 3
    endloop
  endfacet
  facet normal -0.555243 -0.831688 -0
    outer loop
      vertex 15.3957 22.8657 3
      vertex 15.325 22.9129 0
      vertex 15.3957 22.8657 0
    endloop
  endfacet
  facet normal 0.19408 -0.980986 0
    outer loop
      vertex 14.8318 22.9779 0
      vertex 14.9152 22.9944 3
      vertex 14.8318 22.9779 3
    endloop
  endfacet
  facet normal 0.19408 -0.980986 0
    outer loop
      vertex 14.9152 22.9944 3
      vertex 14.8318 22.9779 0
      vertex 14.9152 22.9944 0
    endloop
  endfacet
  facet normal -0.659753 0.751483 0
    outer loop
      vertex 15.4596 21.8904 0
      vertex 15.3957 21.8343 3
      vertex 15.4596 21.8904 3
    endloop
  endfacet
  facet normal -0.659753 0.751483 0
    outer loop
      vertex 15.3957 21.8343 3
      vertex 15.4596 21.8904 0
      vertex 15.3957 21.8343 0
    endloop
  endfacet
  facet normal 0.896999 -0.442033 0
    outer loop
      vertex 14.3995 22.5987 3
      vertex 14.4371 22.675 0
      vertex 14.4371 22.675 3
    endloop
  endfacet
  facet normal 0.896999 -0.442033 0
    outer loop
      vertex 14.4371 22.675 0
      vertex 14.3995 22.5987 3
      vertex 14.3995 22.5987 0
    endloop
  endfacet
  facet normal -0.980986 0.19408 0
    outer loop
      vertex 15.6279 22.1818 0
      vertex 15.6444 22.2652 3
      vertex 15.6444 22.2652 0
    endloop
  endfacet
  facet normal -0.980986 0.19408 0
    outer loop
      vertex 15.6444 22.2652 3
      vertex 15.6279 22.1818 0
      vertex 15.6279 22.1818 3
    endloop
  endfacet
  facet normal -0.19408 0.980986 0
    outer loop
      vertex 15.1682 21.7221 0
      vertex 15.0848 21.7056 3
      vertex 15.1682 21.7221 3
    endloop
  endfacet
  facet normal -0.19408 0.980986 0
    outer loop
      vertex 15.0848 21.7056 3
      vertex 15.1682 21.7221 0
      vertex 15.0848 21.7056 0
    endloop
  endfacet
  facet normal 0.659753 0.751483 -0
    outer loop
      vertex 14.6043 21.8343 0
      vertex 14.5404 21.8904 3
      vertex 14.6043 21.8343 3
    endloop
  endfacet
  facet normal 0.659753 0.751483 0
    outer loop
      vertex 14.5404 21.8904 3
      vertex 14.6043 21.8343 0
      vertex 14.5404 21.8904 0
    endloop
  endfacet
  facet normal 0.751483 0.659753 0
    outer loop
      vertex 14.5404 21.8904 3
      vertex 14.4843 21.9543 0
      vertex 14.4843 21.9543 3
    endloop
  endfacet
  facet normal 0.751483 0.659753 0
    outer loop
      vertex 14.4843 21.9543 0
      vertex 14.5404 21.8904 3
      vertex 14.5404 21.8904 0
    endloop
  endfacet
  facet normal -0.0658942 -0.997827 0
    outer loop
      vertex 15 23 0
      vertex 15.0848 22.9944 3
      vertex 15 23 3
    endloop
  endfacet
  facet normal -0.0658942 -0.997827 -0
    outer loop
      vertex 15.0848 22.9944 3
      vertex 15 23 0
      vertex 15.0848 22.9944 0
    endloop
  endfacet
  facet normal -0.442033 -0.896999 0
    outer loop
      vertex 15.2487 22.9505 0
      vertex 15.325 22.9129 3
      vertex 15.2487 22.9505 3
    endloop
  endfacet
  facet normal -0.442033 -0.896999 -0
    outer loop
      vertex 15.325 22.9129 3
      vertex 15.2487 22.9505 0
      vertex 15.325 22.9129 0
    endloop
  endfacet
  facet normal -0.831688 0.555243 0
    outer loop
      vertex 15.5157 21.9543 0
      vertex 15.5629 22.025 3
      vertex 15.5629 22.025 0
    endloop
  endfacet
  facet normal -0.831688 0.555243 0
    outer loop
      vertex 15.5629 22.025 3
      vertex 15.5157 21.9543 0
      vertex 15.5157 21.9543 3
    endloop
  endfacet
  facet normal 0.997827 0.0658942 0
    outer loop
      vertex 14.3556 22.2652 3
      vertex 14.35 22.35 0
      vertex 14.35 22.35 3
    endloop
  endfacet
  facet normal 0.997827 0.0658942 0
    outer loop
      vertex 14.35 22.35 0
      vertex 14.3556 22.2652 3
      vertex 14.3556 22.2652 0
    endloop
  endfacet
  facet normal -0.442033 0.896999 0
    outer loop
      vertex 15.325 21.7871 0
      vertex 15.2487 21.7495 3
      vertex 15.325 21.7871 3
    endloop
  endfacet
  facet normal -0.442033 0.896999 0
    outer loop
      vertex 15.2487 21.7495 3
      vertex 15.325 21.7871 0
      vertex 15.2487 21.7495 0
    endloop
  endfacet
  facet normal 0.980986 -0.19408 0
    outer loop
      vertex 14.3556 22.4348 3
      vertex 14.3721 22.5182 0
      vertex 14.3721 22.5182 3
    endloop
  endfacet
  facet normal 0.980986 -0.19408 0
    outer loop
      vertex 14.3721 22.5182 0
      vertex 14.3556 22.4348 3
      vertex 14.3556 22.4348 0
    endloop
  endfacet
  facet normal 0.896999 0.442033 0
    outer loop
      vertex 14.4371 22.025 3
      vertex 14.3995 22.1013 0
      vertex 14.3995 22.1013 3
    endloop
  endfacet
  facet normal 0.896999 0.442033 0
    outer loop
      vertex 14.3995 22.1013 0
      vertex 14.4371 22.025 3
      vertex 14.4371 22.025 0
    endloop
  endfacet
  facet normal 0.946665 -0.322219 0
    outer loop
      vertex 14.3721 22.5182 3
      vertex 14.3995 22.5987 0
      vertex 14.3995 22.5987 3
    endloop
  endfacet
  facet normal 0.946665 -0.322219 0
    outer loop
      vertex 14.3995 22.5987 0
      vertex 14.3721 22.5182 3
      vertex 14.3721 22.5182 0
    endloop
  endfacet
  facet normal 0.555243 -0.831688 0
    outer loop
      vertex 14.6043 22.8657 0
      vertex 14.675 22.9129 3
      vertex 14.6043 22.8657 3
    endloop
  endfacet
  facet normal 0.555243 -0.831688 0
    outer loop
      vertex 14.675 22.9129 3
      vertex 14.6043 22.8657 0
      vertex 14.675 22.9129 0
    endloop
  endfacet
  facet normal -0.896999 -0.442033 0
    outer loop
      vertex 15.6005 22.5987 0
      vertex 15.5629 22.675 3
      vertex 15.5629 22.675 0
    endloop
  endfacet
  facet normal -0.896999 -0.442033 0
    outer loop
      vertex 15.5629 22.675 3
      vertex 15.6005 22.5987 0
      vertex 15.6005 22.5987 3
    endloop
  endfacet
  facet normal 0.997827 -0.0658942 0
    outer loop
      vertex 14.35 22.35 3
      vertex 14.3556 22.4348 0
      vertex 14.3556 22.4348 3
    endloop
  endfacet
  facet normal 0.997827 -0.0658942 0
    outer loop
      vertex 14.3556 22.4348 0
      vertex 14.35 22.35 3
      vertex 14.35 22.35 0
    endloop
  endfacet
  facet normal 0.322219 0.946665 -0
    outer loop
      vertex 14.8318 21.7221 0
      vertex 14.7513 21.7495 3
      vertex 14.8318 21.7221 3
    endloop
  endfacet
  facet normal 0.322219 0.946665 0
    outer loop
      vertex 14.7513 21.7495 3
      vertex 14.8318 21.7221 0
      vertex 14.7513 21.7495 0
    endloop
  endfacet
  facet normal 0.442033 -0.896999 0
    outer loop
      vertex 14.675 22.9129 0
      vertex 14.7513 22.9505 3
      vertex 14.675 22.9129 3
    endloop
  endfacet
  facet normal 0.442033 -0.896999 0
    outer loop
      vertex 14.7513 22.9505 3
      vertex 14.675 22.9129 0
      vertex 14.7513 22.9505 0
    endloop
  endfacet
  facet normal 0.831688 -0.555243 0
    outer loop
      vertex 14.4371 22.675 3
      vertex 14.4843 22.7457 0
      vertex 14.4843 22.7457 3
    endloop
  endfacet
  facet normal 0.831688 -0.555243 0
    outer loop
      vertex 14.4843 22.7457 0
      vertex 14.4371 22.675 3
      vertex 14.4371 22.675 0
    endloop
  endfacet
  facet normal 0.555243 0.831688 -0
    outer loop
      vertex 14.675 21.7871 0
      vertex 14.6043 21.8343 3
      vertex 14.675 21.7871 3
    endloop
  endfacet
  facet normal 0.555243 0.831688 0
    outer loop
      vertex 14.6043 21.8343 3
      vertex 14.675 21.7871 0
      vertex 14.6043 21.8343 0
    endloop
  endfacet
  facet normal -0.321464 0.946922 0
    outer loop
      vertex 15.6697 20.7332 3
      vertex 15.4529 20.6596 6
      vertex 15.6697 20.7332 6
    endloop
  endfacet
  facet normal -0.321464 0.946922 0
    outer loop
      vertex 15.4529 20.6596 6
      vertex 15.6697 20.7332 3
      vertex 15.4529 20.6596 3
    endloop
  endfacet
  facet normal -0.194856 -0.980832 0
    outer loop
      vertex 15.2284 24.085 3
      vertex 15.4529 24.0404 6
      vertex 15.2284 24.085 6
    endloop
  endfacet
  facet normal -0.194856 -0.980832 -0
    outer loop
      vertex 15.4529 24.0404 6
      vertex 15.2284 24.085 3
      vertex 15.4529 24.0404 3
    endloop
  endfacet
  facet normal -0.831579 -0.555406 0
    outer loop
      vertex 16.5155 23.225 3
      vertex 16.3884 23.4153 6
      vertex 16.3884 23.4153 3
    endloop
  endfacet
  facet normal -0.831579 -0.555406 0
    outer loop
      vertex 16.3884 23.4153 6
      vertex 16.5155 23.225 3
      vertex 16.5155 23.225 6
    endloop
  endfacet
  facet normal -0.659524 -0.751683 0
    outer loop
      vertex 16.0653 23.7384 3
      vertex 16.2374 23.5874 6
      vertex 16.0653 23.7384 6
    endloop
  endfacet
  facet normal -0.659524 -0.751683 -0
    outer loop
      vertex 16.2374 23.5874 6
      vertex 16.0653 23.7384 3
      vertex 16.2374 23.5874 3
    endloop
  endfacet
  facet normal 0.99785 0.0655331 0
    outer loop
      vertex 13.265 22.1216 6
      vertex 13.25 22.35 3
      vertex 13.25 22.35 6
    endloop
  endfacet
  facet normal 0.99785 0.0655331 0
    outer loop
      vertex 13.25 22.35 3
      vertex 13.265 22.1216 6
      vertex 13.265 22.1216 3
    endloop
  endfacet
  facet normal -0.0655331 0.99785 0
    outer loop
      vertex 15.2284 20.615 3
      vertex 15 20.6 6
      vertex 15.2284 20.615 6
    endloop
  endfacet
  facet normal -0.0655331 0.99785 0
    outer loop
      vertex 15 20.6 6
      vertex 15.2284 20.615 3
      vertex 15 20.6 3
    endloop
  endfacet
  facet normal 0.194856 0.980832 -0
    outer loop
      vertex 14.7716 20.615 3
      vertex 14.5471 20.6596 6
      vertex 14.7716 20.615 6
    endloop
  endfacet
  facet normal 0.194856 0.980832 0
    outer loop
      vertex 14.5471 20.6596 6
      vertex 14.7716 20.615 3
      vertex 14.5471 20.6596 3
    endloop
  endfacet
  facet normal 0.321464 0.946922 -0
    outer loop
      vertex 14.5471 20.6596 3
      vertex 14.3303 20.7332 6
      vertex 14.5471 20.6596 6
    endloop
  endfacet
  facet normal 0.321464 0.946922 0
    outer loop
      vertex 14.3303 20.7332 6
      vertex 14.5471 20.6596 3
      vertex 14.3303 20.7332 3
    endloop
  endfacet
  facet normal -0.946922 -0.321464 0
    outer loop
      vertex 16.6904 22.8029 3
      vertex 16.6168 23.0197 6
      vertex 16.6168 23.0197 3
    endloop
  endfacet
  facet normal -0.946922 -0.321464 0
    outer loop
      vertex 16.6168 23.0197 6
      vertex 16.6904 22.8029 3
      vertex 16.6904 22.8029 6
    endloop
  endfacet
  facet normal -0.99785 -0.0655331 0
    outer loop
      vertex 16.75 22.35 3
      vertex 16.735 22.5784 6
      vertex 16.735 22.5784 3
    endloop
  endfacet
  facet normal -0.99785 -0.0655331 0
    outer loop
      vertex 16.735 22.5784 6
      vertex 16.75 22.35 3
      vertex 16.75 22.35 6
    endloop
  endfacet
  facet normal -0.99785 0.0655331 0
    outer loop
      vertex 16.735 22.1216 3
      vertex 16.75 22.35 6
      vertex 16.75 22.35 3
    endloop
  endfacet
  facet normal -0.99785 0.0655331 0
    outer loop
      vertex 16.75 22.35 6
      vertex 16.735 22.1216 3
      vertex 16.735 22.1216 6
    endloop
  endfacet
  facet normal 0.194856 -0.980832 0
    outer loop
      vertex 14.5471 24.0404 3
      vertex 14.7716 24.085 6
      vertex 14.5471 24.0404 6
    endloop
  endfacet
  facet normal 0.194856 -0.980832 0
    outer loop
      vertex 14.7716 24.085 6
      vertex 14.5471 24.0404 3
      vertex 14.7716 24.085 3
    endloop
  endfacet
  facet normal 0.980832 0.194856 0
    outer loop
      vertex 13.3096 21.8971 6
      vertex 13.265 22.1216 3
      vertex 13.265 22.1216 6
    endloop
  endfacet
  facet normal 0.980832 0.194856 0
    outer loop
      vertex 13.265 22.1216 3
      vertex 13.3096 21.8971 6
      vertex 13.3096 21.8971 3
    endloop
  endfacet
  facet normal 0.751683 0.659524 0
    outer loop
      vertex 13.7626 21.1126 6
      vertex 13.6116 21.2847 3
      vertex 13.6116 21.2847 6
    endloop
  endfacet
  facet normal 0.751683 0.659524 0
    outer loop
      vertex 13.6116 21.2847 3
      vertex 13.7626 21.1126 6
      vertex 13.7626 21.1126 3
    endloop
  endfacet
  facet normal -0.896774 -0.44249 0
    outer loop
      vertex 16.6168 23.0197 3
      vertex 16.5155 23.225 6
      vertex 16.5155 23.225 3
    endloop
  endfacet
  facet normal -0.896774 -0.44249 0
    outer loop
      vertex 16.5155 23.225 6
      vertex 16.6168 23.0197 3
      vertex 16.6168 23.0197 6
    endloop
  endfacet
  facet normal -0.555406 -0.831579 0
    outer loop
      vertex 15.875 23.8655 3
      vertex 16.0653 23.7384 6
      vertex 15.875 23.8655 6
    endloop
  endfacet
  facet normal -0.555406 -0.831579 -0
    outer loop
      vertex 16.0653 23.7384 6
      vertex 15.875 23.8655 3
      vertex 16.0653 23.7384 3
    endloop
  endfacet
  facet normal -0.831579 0.555406 0
    outer loop
      vertex 16.3884 21.2847 3
      vertex 16.5155 21.475 6
      vertex 16.5155 21.475 3
    endloop
  endfacet
  facet normal -0.831579 0.555406 0
    outer loop
      vertex 16.5155 21.475 6
      vertex 16.3884 21.2847 3
      vertex 16.3884 21.2847 6
    endloop
  endfacet
  facet normal -0.44249 -0.896774 0
    outer loop
      vertex 15.6697 23.9668 3
      vertex 15.875 23.8655 6
      vertex 15.6697 23.9668 6
    endloop
  endfacet
  facet normal -0.44249 -0.896774 -0
    outer loop
      vertex 15.875 23.8655 6
      vertex 15.6697 23.9668 3
      vertex 15.875 23.8655 3
    endloop
  endfacet
  facet normal -0.980832 -0.194856 0
    outer loop
      vertex 16.735 22.5784 3
      vertex 16.6904 22.8029 6
      vertex 16.6904 22.8029 3
    endloop
  endfacet
  facet normal -0.980832 -0.194856 0
    outer loop
      vertex 16.6904 22.8029 6
      vertex 16.735 22.5784 3
      vertex 16.735 22.5784 6
    endloop
  endfacet
  facet normal 0.659524 -0.751683 0
    outer loop
      vertex 13.7626 23.5874 3
      vertex 13.9347 23.7384 6
      vertex 13.7626 23.5874 6
    endloop
  endfacet
  facet normal 0.659524 -0.751683 0
    outer loop
      vertex 13.9347 23.7384 6
      vertex 13.7626 23.5874 3
      vertex 13.9347 23.7384 3
    endloop
  endfacet
  facet normal 0.44249 -0.896774 0
    outer loop
      vertex 14.125 23.8655 3
      vertex 14.3303 23.9668 6
      vertex 14.125 23.8655 6
    endloop
  endfacet
  facet normal 0.44249 -0.896774 0
    outer loop
      vertex 14.3303 23.9668 6
      vertex 14.125 23.8655 3
      vertex 14.3303 23.9668 3
    endloop
  endfacet
  facet normal -0.896774 0.44249 0
    outer loop
      vertex 16.5155 21.475 3
      vertex 16.6168 21.6803 6
      vertex 16.6168 21.6803 3
    endloop
  endfacet
  facet normal -0.896774 0.44249 0
    outer loop
      vertex 16.6168 21.6803 6
      vertex 16.5155 21.475 3
      vertex 16.5155 21.475 6
    endloop
  endfacet
  facet normal 0 0 1
    outer loop
      vertex 15.65 22.35 3
      vertex 16.75 22.35 3
      vertex 16.735 22.5784 3
    endloop
  endfacet
  facet normal 0 0 1
    outer loop
      vertex 15.6444 22.4348 3
      vertex 16.735 22.5784 3
      vertex 16.6904 22.8029 3
    endloop
  endfacet
  facet normal 0 0 1
    outer loop
      vertex 16.75 22.35 3
      vertex 15.65 22.35 3
      vertex 16.735 22.1216 3
    endloop
  endfacet
  facet normal 0 0 1
    outer loop
      vertex 15.6279 22.5182 3
      vertex 16.6904 22.8029 3
      vertex 16.6168 23.0197 3
    endloop
  endfacet
  facet normal -0 0 1
    outer loop
      vertex 15.6444 22.2652 3
      vertex 16.735 22.1216 3
      vertex 15.65 22.35 3
    endloop
  endfacet
  facet normal 0 0 1
    outer loop
      vertex 15.6005 22.5987 3
      vertex 16.6168 23.0197 3
      vertex 16.5155 23.225 3
    endloop
  endfacet
  facet normal 0 0 1
    outer loop
      vertex 16.735 22.1216 3
      vertex 15.6444 22.2652 3
      vertex 16.6904 21.8971 3
    endloop
  endfacet
  facet normal 0 0 1
    outer loop
      vertex 15.5629 22.675 3
      vertex 16.5155 23.225 3
      vertex 16.3884 23.4153 3
    endloop
  endfacet
  facet normal -0 0 1
    outer loop
      vertex 15.6279 22.1818 3
      vertex 16.6904 21.8971 3
      vertex 15.6444 22.2652 3
    endloop
  endfacet
  facet normal 0 0 1
    outer loop
      vertex 15.5157 22.7457 3
      vertex 16.3884 23.4153 3
      vertex 16.2374 23.5874 3
    endloop
  endfacet
  facet normal 0 0 1
    outer loop
      vertex 16.6904 21.8971 3
      vertex 15.6279 22.1818 3
      vertex 16.6168 21.6803 3
    endloop
  endfacet
  facet normal 0 0 1
    outer loop
      vertex 15.4596 22.8096 3
      vertex 16.2374 23.5874 3
      vertex 16.0653 23.7384 3
    endloop
  endfacet
  facet normal -0 0 1
    outer loop
      vertex 15.6005 22.1013 3
      vertex 16.6168 21.6803 3
      vertex 15.6279 22.1818 3
    endloop
  endfacet
  facet normal 0 0 1
    outer loop
      vertex 15.3957 22.8657 3
      vertex 16.0653 23.7384 3
      vertex 15.875 23.8655 3
    endloop
  endfacet
  facet normal 0 0 1
    outer loop
      vertex 16.6168 21.6803 3
      vertex 15.6005 22.1013 3
      vertex 16.5155 21.475 3
    endloop
  endfacet
  facet normal 0 0 1
    outer loop
      vertex 15.325 22.9129 3
      vertex 15.875 23.8655 3
      vertex 15.6697 23.9668 3
    endloop
  endfacet
  facet normal -0 0 1
    outer loop
      vertex 15.5629 22.025 3
      vertex 16.5155 21.475 3
      vertex 15.6005 22.1013 3
    endloop
  endfacet
  facet normal 0 0 1
    outer loop
      vertex 16.5155 21.475 3
      vertex 15.5629 22.025 3
      vertex 16.3884 21.2847 3
    endloop
  endfacet
  facet normal 0 0 1
    outer loop
      vertex 16.735 22.5784 3
      vertex 15.6444 22.4348 3
      vertex 15.65 22.35 3
    endloop
  endfacet
  facet normal 0 0 1
    outer loop
      vertex 16.6904 22.8029 3
      vertex 15.6279 22.5182 3
      vertex 15.6444 22.4348 3
    endloop
  endfacet
  facet normal 0 0 1
    outer loop
      vertex 16.6168 23.0197 3
      vertex 15.6005 22.5987 3
      vertex 15.6279 22.5182 3
    endloop
  endfacet
  facet normal 0 0 1
    outer loop
      vertex 16.5155 23.225 3
      vertex 15.5629 22.675 3
      vertex 15.6005 22.5987 3
    endloop
  endfacet
  facet normal 0 0 1
    outer loop
      vertex 16.3884 23.4153 3
      vertex 15.5157 22.7457 3
      vertex 15.5629 22.675 3
    endloop
  endfacet
  facet normal 0 0 1
    outer loop
      vertex 16.2374 23.5874 3
      vertex 15.4596 22.8096 3
      vertex 15.5157 22.7457 3
    endloop
  endfacet
  facet normal 0 0 1
    outer loop
      vertex 15.2487 22.9505 3
      vertex 15.6697 23.9668 3
      vertex 15.4529 24.0404 3
    endloop
  endfacet
  facet normal 0 0 1
    outer loop
      vertex 16.0653 23.7384 3
      vertex 15.3957 22.8657 3
      vertex 15.4596 22.8096 3
    endloop
  endfacet
  facet normal 0 0 1
    outer loop
      vertex 15.875 23.8655 3
      vertex 15.325 22.9129 3
      vertex 15.3957 22.8657 3
    endloop
  endfacet
  facet normal 0 0 1
    outer loop
      vertex 15.6697 23.9668 3
      vertex 15.2487 22.9505 3
      vertex 15.325 22.9129 3
    endloop
  endfacet
  facet normal 0 0 1
    outer loop
      vertex 15.1682 22.9779 3
      vertex 15.4529 24.0404 3
      vertex 15.2284 24.085 3
    endloop
  endfacet
  facet normal 0 0 1
    outer loop
      vertex 15.4529 24.0404 3
      vertex 15.1682 22.9779 3
      vertex 15.2487 22.9505 3
    endloop
  endfacet
  facet normal 0 0 1
    outer loop
      vertex 15.2284 24.085 3
      vertex 15.0848 22.9944 3
      vertex 15.1682 22.9779 3
    endloop
  endfacet
  facet normal 0 0 1
    outer loop
      vertex 15 24.1 3
      vertex 15.0848 22.9944 3
      vertex 15.2284 24.085 3
    endloop
  endfacet
  facet normal 0 0 1
    outer loop
      vertex 15 24.1 3
      vertex 15 23 3
      vertex 15.0848 22.9944 3
    endloop
  endfacet
  facet normal 0 0 1
    outer loop
      vertex 15 24.1 3
      vertex 14.9152 22.9944 3
      vertex 15 23 3
    endloop
  endfacet
  facet normal -0 0 1
    outer loop
      vertex 14.7716 24.085 3
      vertex 14.9152 22.9944 3
      vertex 15 24.1 3
    endloop
  endfacet
  facet normal 0 0 1
    outer loop
      vertex 14.9152 22.9944 3
      vertex 14.7716 24.085 3
      vertex 14.8318 22.9779 3
    endloop
  endfacet
  facet normal -0 0 1
    outer loop
      vertex 14.5471 24.0404 3
      vertex 14.8318 22.9779 3
      vertex 14.7716 24.085 3
    endloop
  endfacet
  facet normal 0 0 1
    outer loop
      vertex 14.8318 22.9779 3
      vertex 14.5471 24.0404 3
      vertex 14.7513 22.9505 3
    endloop
  endfacet
  facet normal -0 0 1
    outer loop
      vertex 14.3303 23.9668 3
      vertex 14.7513 22.9505 3
      vertex 14.5471 24.0404 3
    endloop
  endfacet
  facet normal 0 0 1
    outer loop
      vertex 14.7513 22.9505 3
      vertex 14.3303 23.9668 3
      vertex 14.675 22.9129 3
    endloop
  endfacet
  facet normal -0 0 1
    outer loop
      vertex 14.125 23.8655 3
      vertex 14.675 22.9129 3
      vertex 14.3303 23.9668 3
    endloop
  endfacet
  facet normal 0 0 1
    outer loop
      vertex 14.675 22.9129 3
      vertex 14.125 23.8655 3
      vertex 14.6043 22.8657 3
    endloop
  endfacet
  facet normal -0 0 1
    outer loop
      vertex 13.9347 23.7384 3
      vertex 14.6043 22.8657 3
      vertex 14.125 23.8655 3
    endloop
  endfacet
  facet normal 0 0 1
    outer loop
      vertex 14.6043 22.8657 3
      vertex 13.9347 23.7384 3
      vertex 14.5404 22.8096 3
    endloop
  endfacet
  facet normal -0 0 1
    outer loop
      vertex 13.7626 23.5874 3
      vertex 14.5404 22.8096 3
      vertex 13.9347 23.7384 3
    endloop
  endfacet
  facet normal 0 0 1
    outer loop
      vertex 14.5404 22.8096 3
      vertex 13.7626 23.5874 3
      vertex 14.4843 22.7457 3
    endloop
  endfacet
  facet normal 0 0 1
    outer loop
      vertex 14.4843 22.7457 3
      vertex 13.6116 23.4153 3
      vertex 14.4371 22.675 3
    endloop
  endfacet
  facet normal -0 0 1
    outer loop
      vertex 13.6116 23.4153 3
      vertex 14.4843 22.7457 3
      vertex 13.7626 23.5874 3
    endloop
  endfacet
  facet normal -0 0 1
    outer loop
      vertex 15.5157 21.9543 3
      vertex 16.3884 21.2847 3
      vertex 15.5629 22.025 3
    endloop
  endfacet
  facet normal 0 0 1
    outer loop
      vertex 16.3884 21.2847 3
      vertex 15.5157 21.9543 3
      vertex 16.2374 21.1126 3
    endloop
  endfacet
  facet normal -0 0 1
    outer loop
      vertex 15.4596 21.8904 3
      vertex 16.2374 21.1126 3
      vertex 15.5157 21.9543 3
    endloop
  endfacet
  facet normal 0 0 1
    outer loop
      vertex 16.2374 21.1126 3
      vertex 15.4596 21.8904 3
      vertex 16.0653 20.9616 3
    endloop
  endfacet
  facet normal -0 0 1
    outer loop
      vertex 15.3957 21.8343 3
      vertex 16.0653 20.9616 3
      vertex 15.4596 21.8904 3
    endloop
  endfacet
  facet normal 0 0 1
    outer loop
      vertex 16.0653 20.9616 3
      vertex 15.3957 21.8343 3
      vertex 15.875 20.8345 3
    endloop
  endfacet
  facet normal -0 0 1
    outer loop
      vertex 15.325 21.7871 3
      vertex 15.875 20.8345 3
      vertex 15.3957 21.8343 3
    endloop
  endfacet
  facet normal 0 0 1
    outer loop
      vertex 15.875 20.8345 3
      vertex 15.325 21.7871 3
      vertex 15.6697 20.7332 3
    endloop
  endfacet
  facet normal -0 0 1
    outer loop
      vertex 15.2487 21.7495 3
      vertex 15.6697 20.7332 3
      vertex 15.325 21.7871 3
    endloop
  endfacet
  facet normal 0 0 1
    outer loop
      vertex 15.6697 20.7332 3
      vertex 15.2487 21.7495 3
      vertex 15.4529 20.6596 3
    endloop
  endfacet
  facet normal -0 0 1
    outer loop
      vertex 15.1682 21.7221 3
      vertex 15.4529 20.6596 3
      vertex 15.2487 21.7495 3
    endloop
  endfacet
  facet normal 0 0 1
    outer loop
      vertex 15.4529 20.6596 3
      vertex 15.1682 21.7221 3
      vertex 15.2284 20.615 3
    endloop
  endfacet
  facet normal -0 0 1
    outer loop
      vertex 15.0848 21.7056 3
      vertex 15.2284 20.615 3
      vertex 15.1682 21.7221 3
    endloop
  endfacet
  facet normal -0 0 1
    outer loop
      vertex 15 21.7 3
      vertex 15.2284 20.615 3
      vertex 15.0848 21.7056 3
    endloop
  endfacet
  facet normal 0 0 1
    outer loop
      vertex 15 21.7 3
      vertex 15 20.6 3
      vertex 15.2284 20.615 3
    endloop
  endfacet
  facet normal 0 0 1
    outer loop
      vertex 14.9152 21.7056 3
      vertex 15 20.6 3
      vertex 15 21.7 3
    endloop
  endfacet
  facet normal 0 0 1
    outer loop
      vertex 14.7716 20.615 3
      vertex 14.9152 21.7056 3
      vertex 14.8318 21.7221 3
    endloop
  endfacet
  facet normal 0 0 1
    outer loop
      vertex 14.9152 21.7056 3
      vertex 14.7716 20.615 3
      vertex 15 20.6 3
    endloop
  endfacet
  facet normal 0 0 1
    outer loop
      vertex 14.5471 20.6596 3
      vertex 14.8318 21.7221 3
      vertex 14.7513 21.7495 3
    endloop
  endfacet
  facet normal 0 0 1
    outer loop
      vertex 14.3303 20.7332 3
      vertex 14.7513 21.7495 3
      vertex 14.675 21.7871 3
    endloop
  endfacet
  facet normal 0 0 1
    outer loop
      vertex 14.125 20.8345 3
      vertex 14.675 21.7871 3
      vertex 14.6043 21.8343 3
    endloop
  endfacet
  facet normal 0 0 1
    outer loop
      vertex 14.8318 21.7221 3
      vertex 14.5471 20.6596 3
      vertex 14.7716 20.615 3
    endloop
  endfacet
  facet normal 0 0 1
    outer loop
      vertex 13.9347 20.9616 3
      vertex 14.6043 21.8343 3
      vertex 14.5404 21.8904 3
    endloop
  endfacet
  facet normal 0 0 1
    outer loop
      vertex 13.7626 21.1126 3
      vertex 14.5404 21.8904 3
      vertex 14.4843 21.9543 3
    endloop
  endfacet
  facet normal 0 0 1
    outer loop
      vertex 13.6116 21.2847 3
      vertex 14.4843 21.9543 3
      vertex 14.4371 22.025 3
    endloop
  endfacet
  facet normal 0 0 1
    outer loop
      vertex 13.4845 21.475 3
      vertex 14.4371 22.025 3
      vertex 14.3995 22.1013 3
    endloop
  endfacet
  facet normal 0 0 1
    outer loop
      vertex 13.3832 21.6803 3
      vertex 14.3995 22.1013 3
      vertex 14.3721 22.1818 3
    endloop
  endfacet
  facet normal 0 0 1
    outer loop
      vertex 13.3096 21.8971 3
      vertex 14.3721 22.1818 3
      vertex 14.3556 22.2652 3
    endloop
  endfacet
  facet normal 0 0 1
    outer loop
      vertex 14.7513 21.7495 3
      vertex 14.3303 20.7332 3
      vertex 14.5471 20.6596 3
    endloop
  endfacet
  facet normal 0 0 1
    outer loop
      vertex 13.265 22.1216 3
      vertex 14.3556 22.2652 3
      vertex 14.35 22.35 3
    endloop
  endfacet
  facet normal -0 0 1
    outer loop
      vertex 13.4845 23.225 3
      vertex 14.4371 22.675 3
      vertex 13.6116 23.4153 3
    endloop
  endfacet
  facet normal 0 0 1
    outer loop
      vertex 14.4371 22.675 3
      vertex 13.4845 23.225 3
      vertex 14.3995 22.5987 3
    endloop
  endfacet
  facet normal 0 0 1
    outer loop
      vertex 14.675 21.7871 3
      vertex 14.125 20.8345 3
      vertex 14.3303 20.7332 3
    endloop
  endfacet
  facet normal -0 0 1
    outer loop
      vertex 13.3832 23.0197 3
      vertex 14.3995 22.5987 3
      vertex 13.4845 23.225 3
    endloop
  endfacet
  facet normal 0 0 1
    outer loop
      vertex 14.6043 21.8343 3
      vertex 13.9347 20.9616 3
      vertex 14.125 20.8345 3
    endloop
  endfacet
  facet normal 0 0 1
    outer loop
      vertex 14.3995 22.5987 3
      vertex 13.3832 23.0197 3
      vertex 14.3721 22.5182 3
    endloop
  endfacet
  facet normal 0 0 1
    outer loop
      vertex 14.5404 21.8904 3
      vertex 13.7626 21.1126 3
      vertex 13.9347 20.9616 3
    endloop
  endfacet
  facet normal -0 0 1
    outer loop
      vertex 13.3096 22.8029 3
      vertex 14.3721 22.5182 3
      vertex 13.3832 23.0197 3
    endloop
  endfacet
  facet normal 0 0 1
    outer loop
      vertex 14.4843 21.9543 3
      vertex 13.6116 21.2847 3
      vertex 13.7626 21.1126 3
    endloop
  endfacet
  facet normal 0 0 1
    outer loop
      vertex 14.3721 22.5182 3
      vertex 13.3096 22.8029 3
      vertex 14.3556 22.4348 3
    endloop
  endfacet
  facet normal 0 0 1
    outer loop
      vertex 14.4371 22.025 3
      vertex 13.4845 21.475 3
      vertex 13.6116 21.2847 3
    endloop
  endfacet
  facet normal -0 0 1
    outer loop
      vertex 13.265 22.5784 3
      vertex 14.3556 22.4348 3
      vertex 13.3096 22.8029 3
    endloop
  endfacet
  facet normal 0 0 1
    outer loop
      vertex 14.3995 22.1013 3
      vertex 13.3832 21.6803 3
      vertex 13.4845 21.475 3
    endloop
  endfacet
  facet normal 0 0 1
    outer loop
      vertex 14.3556 22.4348 3
      vertex 13.265 22.5784 3
      vertex 14.35 22.35 3
    endloop
  endfacet
  facet normal 0 0 1
    outer loop
      vertex 14.3721 22.1818 3
      vertex 13.3096 21.8971 3
      vertex 13.3832 21.6803 3
    endloop
  endfacet
  facet normal 0 0 1
    outer loop
      vertex 13.25 22.35 3
      vertex 14.35 22.35 3
      vertex 13.265 22.5784 3
    endloop
  endfacet
  facet normal 0 0 1
    outer loop
      vertex 14.3556 22.2652 3
      vertex 13.265 22.1216 3
      vertex 13.3096 21.8971 3
    endloop
  endfacet
  facet normal 0 0 1
    outer loop
      vertex 14.35 22.35 3
      vertex 13.25 22.35 3
      vertex 13.265 22.1216 3
    endloop
  endfacet
  facet normal -0.194856 0.980832 0
    outer loop
      vertex 15.4529 20.6596 3
      vertex 15.2284 20.615 6
      vertex 15.4529 20.6596 6
    endloop
  endfacet
  facet normal -0.194856 0.980832 0
    outer loop
      vertex 15.2284 20.615 6
      vertex 15.4529 20.6596 3
      vertex 15.2284 20.615 3
    endloop
  endfacet
  facet normal -0.0655331 -0.99785 0
    outer loop
      vertex 15 24.1 3
      vertex 15.2284 24.085 6
      vertex 15 24.1 6
    endloop
  endfacet
  facet normal -0.0655331 -0.99785 -0
    outer loop
      vertex 15.2284 24.085 6
      vertex 15 24.1 3
      vertex 15.2284 24.085 3
    endloop
  endfacet
  facet normal 0.321464 -0.946922 0
    outer loop
      vertex 14.3303 23.9668 3
      vertex 14.5471 24.0404 6
      vertex 14.3303 23.9668 6
    endloop
  endfacet
  facet normal 0.321464 -0.946922 0
    outer loop
      vertex 14.5471 24.0404 6
      vertex 14.3303 23.9668 3
      vertex 14.5471 24.0404 3
    endloop
  endfacet
  facet normal -0.946922 0.321464 0
    outer loop
      vertex 16.6168 21.6803 3
      vertex 16.6904 21.8971 6
      vertex 16.6904 21.8971 3
    endloop
  endfacet
  facet normal -0.946922 0.321464 0
    outer loop
      vertex 16.6904 21.8971 6
      vertex 16.6168 21.6803 3
      vertex 16.6168 21.6803 6
    endloop
  endfacet
  facet normal -0.980832 0.194856 0
    outer loop
      vertex 16.6904 21.8971 3
      vertex 16.735 22.1216 6
      vertex 16.735 22.1216 3
    endloop
  endfacet
  facet normal -0.980832 0.194856 0
    outer loop
      vertex 16.735 22.1216 6
      vertex 16.6904 21.8971 3
      vertex 16.6904 21.8971 6
    endloop
  endfacet
  facet normal 0.946922 -0.321464 0
    outer loop
      vertex 13.3096 22.8029 6
      vertex 13.3832 23.0197 3
      vertex 13.3832 23.0197 6
    endloop
  endfacet
  facet normal 0.946922 -0.321464 0
    outer loop
      vertex 13.3832 23.0197 3
      vertex 13.3096 22.8029 6
      vertex 13.3096 22.8029 3
    endloop
  endfacet
  facet normal -0.44249 0.896774 0
    outer loop
      vertex 15.875 20.8345 3
      vertex 15.6697 20.7332 6
      vertex 15.875 20.8345 6
    endloop
  endfacet
  facet normal -0.44249 0.896774 0
    outer loop
      vertex 15.6697 20.7332 6
      vertex 15.875 20.8345 3
      vertex 15.6697 20.7332 3
    endloop
  endfacet
  facet normal 0.0655331 0.99785 -0
    outer loop
      vertex 15 20.6 3
      vertex 14.7716 20.615 6
      vertex 15 20.6 6
    endloop
  endfacet
  facet normal 0.0655331 0.99785 0
    outer loop
      vertex 14.7716 20.615 6
      vertex 15 20.6 3
      vertex 14.7716 20.615 3
    endloop
  endfacet
  facet normal 0.0655331 -0.99785 0
    outer loop
      vertex 14.7716 24.085 3
      vertex 15 24.1 6
      vertex 14.7716 24.085 6
    endloop
  endfacet
  facet normal 0.0655331 -0.99785 0
    outer loop
      vertex 15 24.1 6
      vertex 14.7716 24.085 3
      vertex 15 24.1 3
    endloop
  endfacet
  facet normal 0.896774 0.44249 0
    outer loop
      vertex 13.4845 21.475 6
      vertex 13.3832 21.6803 3
      vertex 13.3832 21.6803 6
    endloop
  endfacet
  facet normal 0.896774 0.44249 0
    outer loop
      vertex 13.3832 21.6803 3
      vertex 13.4845 21.475 6
      vertex 13.4845 21.475 3
    endloop
  endfacet
  facet normal 0.99785 -0.0655331 0
    outer loop
      vertex 13.25 22.35 6
      vertex 13.265 22.5784 3
      vertex 13.265 22.5784 6
    endloop
  endfacet
  facet normal 0.99785 -0.0655331 0
    outer loop
      vertex 13.265 22.5784 3
      vertex 13.25 22.35 6
      vertex 13.25 22.35 3
    endloop
  endfacet
  facet normal 0.946922 0.321464 0
    outer loop
      vertex 13.3832 21.6803 6
      vertex 13.3096 21.8971 3
      vertex 13.3096 21.8971 6
    endloop
  endfacet
  facet normal 0.946922 0.321464 0
    outer loop
      vertex 13.3096 21.8971 3
      vertex 13.3832 21.6803 6
      vertex 13.3832 21.6803 3
    endloop
  endfacet
  facet normal 0.555406 0.831579 -0
    outer loop
      vertex 14.125 20.8345 3
      vertex 13.9347 20.9616 6
      vertex 14.125 20.8345 6
    endloop
  endfacet
  facet normal 0.555406 0.831579 0
    outer loop
      vertex 13.9347 20.9616 6
      vertex 14.125 20.8345 3
      vertex 13.9347 20.9616 3
    endloop
  endfacet
  facet normal 0.980832 -0.194856 0
    outer loop
      vertex 13.265 22.5784 6
      vertex 13.3096 22.8029 3
      vertex 13.3096 22.8029 6
    endloop
  endfacet
  facet normal 0.980832 -0.194856 0
    outer loop
      vertex 13.3096 22.8029 3
      vertex 13.265 22.5784 6
      vertex 13.265 22.5784 3
    endloop
  endfacet
  facet normal -0.659524 0.751683 0
    outer loop
      vertex 16.2374 21.1126 3
      vertex 16.0653 20.9616 6
      vertex 16.2374 21.1126 6
    endloop
  endfacet
  facet normal -0.659524 0.751683 0
    outer loop
      vertex 16.0653 20.9616 6
      vertex 16.2374 21.1126 3
      vertex 16.0653 20.9616 3
    endloop
  endfacet
  facet normal -0.751683 -0.659524 0
    outer loop
      vertex 16.3884 23.4153 3
      vertex 16.2374 23.5874 6
      vertex 16.2374 23.5874 3
    endloop
  endfacet
  facet normal -0.751683 -0.659524 0
    outer loop
      vertex 16.2374 23.5874 6
      vertex 16.3884 23.4153 3
      vertex 16.3884 23.4153 6
    endloop
  endfacet
  facet normal 0.896774 -0.44249 0
    outer loop
      vertex 13.3832 23.0197 6
      vertex 13.4845 23.225 3
      vertex 13.4845 23.225 6
    endloop
  endfacet
  facet normal 0.896774 -0.44249 0
    outer loop
      vertex 13.4845 23.225 3
      vertex 13.3832 23.0197 6
      vertex 13.3832 23.0197 3
    endloop
  endfacet
  facet normal 0.555406 -0.831579 0
    outer loop
      vertex 13.9347 23.7384 3
      vertex 14.125 23.8655 6
      vertex 13.9347 23.7384 6
    endloop
  endfacet
  facet normal 0.555406 -0.831579 0
    outer loop
      vertex 14.125 23.8655 6
      vertex 13.9347 23.7384 3
      vertex 14.125 23.8655 3
    endloop
  endfacet
  facet normal 0.659524 0.751683 -0
    outer loop
      vertex 13.9347 20.9616 3
      vertex 13.7626 21.1126 6
      vertex 13.9347 20.9616 6
    endloop
  endfacet
  facet normal 0.659524 0.751683 0
    outer loop
      vertex 13.7626 21.1126 6
      vertex 13.9347 20.9616 3
      vertex 13.7626 21.1126 3
    endloop
  endfacet
  facet normal 0.831579 0.555406 0
    outer loop
      vertex 13.6116 21.2847 6
      vertex 13.4845 21.475 3
      vertex 13.4845 21.475 6
    endloop
  endfacet
  facet normal 0.831579 0.555406 0
    outer loop
      vertex 13.4845 21.475 3
      vertex 13.6116 21.2847 6
      vertex 13.6116 21.2847 3
    endloop
  endfacet
  facet normal 0.751683 -0.659524 0
    outer loop
      vertex 13.6116 23.4153 6
      vertex 13.7626 23.5874 3
      vertex 13.7626 23.5874 6
    endloop
  endfacet
  facet normal 0.751683 -0.659524 0
    outer loop
      vertex 13.7626 23.5874 3
      vertex 13.6116 23.4153 6
      vertex 13.6116 23.4153 3
    endloop
  endfacet
  facet normal 0.44249 0.896774 -0
    outer loop
      vertex 14.3303 20.7332 3
      vertex 14.125 20.8345 6
      vertex 14.3303 20.7332 6
    endloop
  endfacet
  facet normal 0.44249 0.896774 0
    outer loop
      vertex 14.125 20.8345 6
      vertex 14.3303 20.7332 3
      vertex 14.125 20.8345 3
    endloop
  endfacet
  facet normal -0.321464 -0.946922 0
    outer loop
      vertex 15.4529 24.0404 3
      vertex 15.6697 23.9668 6
      vertex 15.4529 24.0404 6
    endloop
  endfacet
  facet normal -0.321464 -0.946922 -0
    outer loop
      vertex 15.6697 23.9668 6
      vertex 15.4529 24.0404 3
      vertex 15.6697 23.9668 3
    endloop
  endfacet
  facet normal -0.555406 0.831579 0
    outer loop
      vertex 16.0653 20.9616 3
      vertex 15.875 20.8345 6
      vertex 16.0653 20.9616 6
    endloop
  endfacet
  facet normal -0.555406 0.831579 0
    outer loop
      vertex 15.875 20.8345 6
      vertex 16.0653 20.9616 3
      vertex 15.875 20.8345 3
    endloop
  endfacet
  facet normal 0.831579 -0.555406 0
    outer loop
      vertex 13.4845 23.225 6
      vertex 13.6116 23.4153 3
      vertex 13.6116 23.4153 6
    endloop
  endfacet
  facet normal 0.831579 -0.555406 0
    outer loop
      vertex 13.6116 23.4153 3
      vertex 13.4845 23.225 6
      vertex 13.4845 23.225 3
    endloop
  endfacet
  facet normal -0.751683 0.659524 0
    outer loop
      vertex 16.2374 21.1126 3
      vertex 16.3884 21.2847 6
      vertex 16.3884 21.2847 3
    endloop
  endfacet
  facet normal -0.751683 0.659524 0
    outer loop
      vertex 16.3884 21.2847 6
      vertex 16.2374 21.1126 3
      vertex 16.2374 21.1126 6
    endloop
  endfacet
  facet normal -0.980771 0.19516 0
    outer loop
      vertex 4.93185 56.4824 0
      vertex 4.98289 56.7389 2
      vertex 4.98289 56.7389 0
    endloop
  endfacet
  facet normal -0.980771 0.19516 0
    outer loop
      vertex 4.98289 56.7389 2
      vertex 4.93185 56.4824 0
      vertex 4.93185 56.4824 2
    endloop
  endfacet
  facet normal -0.194947 0.980814 0
    outer loop
      vertex 3.51764 55.0681 0
      vertex 3.26105 55.0171 2
      vertex 3.51764 55.0681 2
    endloop
  endfacet
  facet normal -0.194947 0.980814 0
    outer loop
      vertex 3.26105 55.0171 2
      vertex 3.51764 55.0681 0
      vertex 3.26105 55.0171 0
    endloop
  endfacet
  facet normal -0.980771 -0.19516 0
    outer loop
      vertex 4.98289 57.2611 0
      vertex 4.93185 57.5176 2
      vertex 4.93185 57.5176 0
    endloop
  endfacet
  facet normal -0.980771 -0.19516 0
    outer loop
      vertex 4.93185 57.5176 2
      vertex 4.98289 57.2611 0
      vertex 4.98289 57.2611 2
    endloop
  endfacet
  facet normal -0.99786 -0.0653902 0
    outer loop
      vertex 5 57 0
      vertex 4.98289 57.2611 2
      vertex 4.98289 57.2611 0
    endloop
  endfacet
  facet normal -0.99786 -0.0653902 0
    outer loop
      vertex 4.98289 57.2611 2
      vertex 5 57 0
      vertex 5 57 2
    endloop
  endfacet
  facet normal 0.555723 0.831368 -0
    outer loop
      vertex 2 55.2679 0
      vertex 1.78248 55.4133 2
      vertex 2 55.2679 2
    endloop
  endfacet
  facet normal 0.555723 0.831368 0
    outer loop
      vertex 1.78248 55.4133 2
      vertex 2 55.2679 0
      vertex 1.78248 55.4133 0
    endloop
  endfacet
  facet normal 0.896845 -0.442344 0
    outer loop
      vertex 1.15224 57.7654 2
      vertex 1.26795 58 0
      vertex 1.26795 58 2
    endloop
  endfacet
  facet normal 0.896845 -0.442344 0
    outer loop
      vertex 1.26795 58 0
      vertex 1.15224 57.7654 2
      vertex 1.15224 57.7654 0
    endloop
  endfacet
  facet normal 0.751842 0.659343 0
    outer loop
      vertex 1.58579 55.5858 2
      vertex 1.41329 55.7825 0
      vertex 1.41329 55.7825 2
    endloop
  endfacet
  facet normal 0.751842 0.659343 0
    outer loop
      vertex 1.41329 55.7825 0
      vertex 1.58579 55.5858 2
      vertex 1.58579 55.5858 0
    endloop
  endfacet
  facet normal 0.321463 0.946922 -0
    outer loop
      vertex 2.48236 55.0681 0
      vertex 2.23463 55.1522 2
      vertex 2.48236 55.0681 2
    endloop
  endfacet
  facet normal 0.321463 0.946922 0
    outer loop
      vertex 2.23463 55.1522 2
      vertex 2.48236 55.0681 0
      vertex 2.23463 55.1522 0
    endloop
  endfacet
  facet normal 0.751842 -0.659343 0
    outer loop
      vertex 1.41329 58.2175 2
      vertex 1.58579 58.4142 0
      vertex 1.58579 58.4142 2
    endloop
  endfacet
  facet normal 0.751842 -0.659343 0
    outer loop
      vertex 1.58579 58.4142 0
      vertex 1.41329 58.2175 2
      vertex 1.41329 58.2175 0
    endloop
  endfacet
  facet normal 0.555459 -0.831544 0
    outer loop
      vertex 1.78248 58.5867 0
      vertex 2 58.732 2
      vertex 1.78248 58.5867 2
    endloop
  endfacet
  facet normal 0.555459 -0.831544 0
    outer loop
      vertex 2 58.732 2
      vertex 1.78248 58.5867 0
      vertex 2 58.732 0
    endloop
  endfacet
  facet normal -0.751842 0.659343 0
    outer loop
      vertex 4.41421 55.5858 0
      vertex 4.58671 55.7825 2
      vertex 4.58671 55.7825 0
    endloop
  endfacet
  facet normal -0.751842 0.659343 0
    outer loop
      vertex 4.58671 55.7825 2
      vertex 4.41421 55.5858 0
      vertex 4.41421 55.5858 2
    endloop
  endfacet
  facet normal 0.896845 0.442344 0
    outer loop
      vertex 1.26795 56 2
      vertex 1.15224 56.2346 0
      vertex 1.15224 56.2346 2
    endloop
  endfacet
  facet normal 0.896845 0.442344 0
    outer loop
      vertex 1.15224 56.2346 0
      vertex 1.26795 56 2
      vertex 1.26795 56 0
    endloop
  endfacet
  facet normal 0.659362 -0.751826 0
    outer loop
      vertex 1.58579 58.4142 0
      vertex 1.78248 58.5867 2
      vertex 1.58579 58.4142 2
    endloop
  endfacet
  facet normal 0.659362 -0.751826 0
    outer loop
      vertex 1.78248 58.5867 2
      vertex 1.58579 58.4142 0
      vertex 1.78248 58.5867 0
    endloop
  endfacet
  facet normal -0.442575 -0.896731 0
    outer loop
      vertex 3.76537 58.8478 0
      vertex 4 58.732 2
      vertex 3.76537 58.8478 2
    endloop
  endfacet
  facet normal -0.442575 -0.896731 -0
    outer loop
      vertex 4 58.732 2
      vertex 3.76537 58.8478 0
      vertex 4 58.732 0
    endloop
  endfacet
  facet normal -0.946961 0.321348 0
    outer loop
      vertex 4.84776 56.2346 0
      vertex 4.93185 56.4824 2
      vertex 4.93185 56.4824 0
    endloop
  endfacet
  facet normal -0.946961 0.321348 0
    outer loop
      vertex 4.93185 56.4824 2
      vertex 4.84776 56.2346 0
      vertex 4.84776 56.2346 2
    endloop
  endfacet
  facet normal -0.659362 0.751826 0
    outer loop
      vertex 4.41421 55.5858 0
      vertex 4.21752 55.4133 2
      vertex 4.41421 55.5858 2
    endloop
  endfacet
  facet normal -0.659362 0.751826 0
    outer loop
      vertex 4.21752 55.4133 2
      vertex 4.41421 55.5858 0
      vertex 4.21752 55.4133 0
    endloop
  endfacet
  facet normal -0.0653646 0.997861 0
    outer loop
      vertex 3.26105 55.0171 0
      vertex 3 55 2
      vertex 3.26105 55.0171 2
    endloop
  endfacet
  facet normal -0.0653646 0.997861 0
    outer loop
      vertex 3 55 2
      vertex 3.26105 55.0171 0
      vertex 3 55 0
    endloop
  endfacet
  facet normal 0.946961 -0.321348 0
    outer loop
      vertex 1.06815 57.5176 2
      vertex 1.15224 57.7654 0
      vertex 1.15224 57.7654 2
    endloop
  endfacet
  facet normal 0.946961 -0.321348 0
    outer loop
      vertex 1.15224 57.7654 0
      vertex 1.06815 57.5176 2
      vertex 1.06815 57.5176 0
    endloop
  endfacet
  facet normal 0.0653646 -0.997861 0
    outer loop
      vertex 2.73895 58.9829 0
      vertex 3 59 2
      vertex 2.73895 58.9829 2
    endloop
  endfacet
  facet normal 0.0653646 -0.997861 0
    outer loop
      vertex 3 59 2
      vertex 2.73895 58.9829 0
      vertex 3 59 0
    endloop
  endfacet
  facet normal 0.980771 0.19516 0
    outer loop
      vertex 1.06815 56.4824 2
      vertex 1.01711 56.7389 0
      vertex 1.01711 56.7389 2
    endloop
  endfacet
  facet normal 0.980771 0.19516 0
    outer loop
      vertex 1.01711 56.7389 0
      vertex 1.06815 56.4824 2
      vertex 1.06815 56.4824 0
    endloop
  endfacet
  facet normal 0.980771 -0.19516 0
    outer loop
      vertex 1.01711 57.2611 2
      vertex 1.06815 57.5176 0
      vertex 1.06815 57.5176 2
    endloop
  endfacet
  facet normal 0.980771 -0.19516 0
    outer loop
      vertex 1.06815 57.5176 0
      vertex 1.01711 57.2611 2
      vertex 1.01711 57.2611 0
    endloop
  endfacet
  facet normal -0.751842 -0.659343 0
    outer loop
      vertex 4.58671 58.2175 0
      vertex 4.41421 58.4142 2
      vertex 4.41421 58.4142 0
    endloop
  endfacet
  facet normal -0.751842 -0.659343 0
    outer loop
      vertex 4.41421 58.4142 2
      vertex 4.58671 58.2175 0
      vertex 4.58671 58.2175 2
    endloop
  endfacet
  facet normal 0.0653646 0.997861 -0
    outer loop
      vertex 3 55 0
      vertex 2.73895 55.0171 2
      vertex 3 55 2
    endloop
  endfacet
  facet normal 0.0653646 0.997861 0
    outer loop
      vertex 2.73895 55.0171 2
      vertex 3 55 0
      vertex 2.73895 55.0171 0
    endloop
  endfacet
  facet normal -0.0653646 -0.997861 0
    outer loop
      vertex 3 59 0
      vertex 3.26105 58.9829 2
      vertex 3 59 2
    endloop
  endfacet
  facet normal -0.0653646 -0.997861 -0
    outer loop
      vertex 3.26105 58.9829 2
      vertex 3 59 0
      vertex 3.26105 58.9829 0
    endloop
  endfacet
  facet normal 0.946961 0.321348 0
    outer loop
      vertex 1.15224 56.2346 2
      vertex 1.06815 56.4824 0
      vertex 1.06815 56.4824 2
    endloop
  endfacet
  facet normal 0.946961 0.321348 0
    outer loop
      vertex 1.06815 56.4824 0
      vertex 1.15224 56.2346 2
      vertex 1.15224 56.2346 0
    endloop
  endfacet
  facet normal -0.83145 -0.5556 0
    outer loop
      vertex 4.73205 58 0
      vertex 4.58671 58.2175 2
      vertex 4.58671 58.2175 0
    endloop
  endfacet
  facet normal -0.83145 -0.5556 0
    outer loop
      vertex 4.58671 58.2175 2
      vertex 4.73205 58 0
      vertex 4.73205 58 2
    endloop
  endfacet
  facet normal -0.555459 -0.831544 0
    outer loop
      vertex 4 58.732 0
      vertex 4.21752 58.5867 2
      vertex 4 58.732 2
    endloop
  endfacet
  facet normal -0.555459 -0.831544 -0
    outer loop
      vertex 4.21752 58.5867 2
      vertex 4 58.732 0
      vertex 4.21752 58.5867 0
    endloop
  endfacet
  facet normal 0.321463 -0.946922 0
    outer loop
      vertex 2.23463 58.8478 0
      vertex 2.48236 58.9319 2
      vertex 2.23463 58.8478 2
    endloop
  endfacet
  facet normal 0.321463 -0.946922 0
    outer loop
      vertex 2.48236 58.9319 2
      vertex 2.23463 58.8478 0
      vertex 2.48236 58.9319 0
    endloop
  endfacet
  facet normal -0.99786 0.0653902 0
    outer loop
      vertex 4.98289 56.7389 0
      vertex 5 57 2
      vertex 5 57 0
    endloop
  endfacet
  facet normal -0.99786 0.0653902 0
    outer loop
      vertex 5 57 2
      vertex 4.98289 56.7389 0
      vertex 4.98289 56.7389 2
    endloop
  endfacet
  facet normal 0.99786 -0.0653902 0
    outer loop
      vertex 1 57 2
      vertex 1.01711 57.2611 0
      vertex 1.01711 57.2611 2
    endloop
  endfacet
  facet normal 0.99786 -0.0653902 0
    outer loop
      vertex 1.01711 57.2611 0
      vertex 1 57 2
      vertex 1 57 0
    endloop
  endfacet
  facet normal -0.442268 0.896883 0
    outer loop
      vertex 4 55.2679 0
      vertex 3.76537 55.1522 2
      vertex 4 55.2679 2
    endloop
  endfacet
  facet normal -0.442268 0.896883 0
    outer loop
      vertex 3.76537 55.1522 2
      vertex 4 55.2679 0
      vertex 3.76537 55.1522 0
    endloop
  endfacet
  facet normal -0.896845 0.442344 0
    outer loop
      vertex 4.73205 56 0
      vertex 4.84776 56.2346 2
      vertex 4.84776 56.2346 0
    endloop
  endfacet
  facet normal -0.896845 0.442344 0
    outer loop
      vertex 4.84776 56.2346 2
      vertex 4.73205 56 0
      vertex 4.73205 56 2
    endloop
  endfacet
  facet normal -0.83145 0.5556 0
    outer loop
      vertex 4.58671 55.7825 0
      vertex 4.73205 56 2
      vertex 4.73205 56 0
    endloop
  endfacet
  facet normal -0.83145 0.5556 0
    outer loop
      vertex 4.73205 56 2
      vertex 4.58671 55.7825 0
      vertex 4.58671 55.7825 2
    endloop
  endfacet
  facet normal 0.194947 -0.980814 0
    outer loop
      vertex 2.48236 58.9319 0
      vertex 2.73895 58.9829 2
      vertex 2.48236 58.9319 2
    endloop
  endfacet
  facet normal 0.194947 -0.980814 0
    outer loop
      vertex 2.73895 58.9829 2
      vertex 2.48236 58.9319 0
      vertex 2.73895 58.9829 0
    endloop
  endfacet
  facet normal 0.442575 -0.896731 0
    outer loop
      vertex 2 58.732 0
      vertex 2.23463 58.8478 2
      vertex 2 58.732 2
    endloop
  endfacet
  facet normal 0.442575 -0.896731 0
    outer loop
      vertex 2.23463 58.8478 2
      vertex 2 58.732 0
      vertex 2.23463 58.8478 0
    endloop
  endfacet
  facet normal 0.83145 0.5556 0
    outer loop
      vertex 1.41329 55.7825 2
      vertex 1.26795 56 0
      vertex 1.26795 56 2
    endloop
  endfacet
  facet normal 0.83145 0.5556 0
    outer loop
      vertex 1.26795 56 0
      vertex 1.41329 55.7825 2
      vertex 1.41329 55.7825 0
    endloop
  endfacet
  facet normal -0.194947 -0.980814 0
    outer loop
      vertex 3.26105 58.9829 0
      vertex 3.51764 58.9319 2
      vertex 3.26105 58.9829 2
    endloop
  endfacet
  facet normal -0.194947 -0.980814 -0
    outer loop
      vertex 3.51764 58.9319 2
      vertex 3.26105 58.9829 0
      vertex 3.51764 58.9319 0
    endloop
  endfacet
  facet normal -0.555723 0.831368 0
    outer loop
      vertex 4.21752 55.4133 0
      vertex 4 55.2679 2
      vertex 4.21752 55.4133 2
    endloop
  endfacet
  facet normal -0.555723 0.831368 0
    outer loop
      vertex 4 55.2679 2
      vertex 4.21752 55.4133 0
      vertex 4 55.2679 0
    endloop
  endfacet
  facet normal -0.321463 -0.946922 0
    outer loop
      vertex 3.51764 58.9319 0
      vertex 3.76537 58.8478 2
      vertex 3.51764 58.9319 2
    endloop
  endfacet
  facet normal -0.321463 -0.946922 -0
    outer loop
      vertex 3.76537 58.8478 2
      vertex 3.51764 58.9319 0
      vertex 3.76537 58.8478 0
    endloop
  endfacet
  facet normal 0.99786 0.0653902 0
    outer loop
      vertex 1.01711 56.7389 2
      vertex 1 57 0
      vertex 1 57 2
    endloop
  endfacet
  facet normal 0.99786 0.0653902 0
    outer loop
      vertex 1 57 0
      vertex 1.01711 56.7389 2
      vertex 1.01711 56.7389 0
    endloop
  endfacet
  facet normal -0.896845 -0.442344 0
    outer loop
      vertex 4.84776 57.7654 0
      vertex 4.73205 58 2
      vertex 4.73205 58 0
    endloop
  endfacet
  facet normal -0.896845 -0.442344 0
    outer loop
      vertex 4.73205 58 2
      vertex 4.84776 57.7654 0
      vertex 4.84776 57.7654 2
    endloop
  endfacet
  facet normal 0.194947 0.980814 -0
    outer loop
      vertex 2.73895 55.0171 0
      vertex 2.48236 55.0681 2
      vertex 2.73895 55.0171 2
    endloop
  endfacet
  facet normal 0.194947 0.980814 0
    outer loop
      vertex 2.48236 55.0681 2
      vertex 2.73895 55.0171 0
      vertex 2.48236 55.0681 0
    endloop
  endfacet
  facet normal -0.946961 -0.321348 0
    outer loop
      vertex 4.93185 57.5176 0
      vertex 4.84776 57.7654 2
      vertex 4.84776 57.7654 0
    endloop
  endfacet
  facet normal -0.946961 -0.321348 0
    outer loop
      vertex 4.84776 57.7654 2
      vertex 4.93185 57.5176 0
      vertex 4.93185 57.5176 2
    endloop
  endfacet
  facet normal -0.659362 -0.751826 0
    outer loop
      vertex 4.21752 58.5867 0
      vertex 4.41421 58.4142 2
      vertex 4.21752 58.5867 2
    endloop
  endfacet
  facet normal -0.659362 -0.751826 -0
    outer loop
      vertex 4.41421 58.4142 2
      vertex 4.21752 58.5867 0
      vertex 4.41421 58.4142 0
    endloop
  endfacet
  facet normal -0.321463 0.946922 0
    outer loop
      vertex 3.76537 55.1522 0
      vertex 3.51764 55.0681 2
      vertex 3.76537 55.1522 2
    endloop
  endfacet
  facet normal -0.321463 0.946922 0
    outer loop
      vertex 3.51764 55.0681 2
      vertex 3.76537 55.1522 0
      vertex 3.51764 55.0681 0
    endloop
  endfacet
  facet normal 0.659362 0.751826 -0
    outer loop
      vertex 1.78248 55.4133 0
      vertex 1.58579 55.5858 2
      vertex 1.78248 55.4133 2
    endloop
  endfacet
  facet normal 0.659362 0.751826 0
    outer loop
      vertex 1.58579 55.5858 2
      vertex 1.78248 55.4133 0
      vertex 1.58579 55.5858 0
    endloop
  endfacet
  facet normal 0.83145 -0.5556 0
    outer loop
      vertex 1.26795 58 2
      vertex 1.41329 58.2175 0
      vertex 1.41329 58.2175 2
    endloop
  endfacet
  facet normal 0.83145 -0.5556 0
    outer loop
      vertex 1.41329 58.2175 0
      vertex 1.26795 58 2
      vertex 1.26795 58 0
    endloop
  endfacet
  facet normal 0.442268 0.896883 -0
    outer loop
      vertex 2.23463 55.1522 0
      vertex 2 55.2679 2
      vertex 2.23463 55.1522 2
    endloop
  endfacet
  facet normal 0.442268 0.896883 0
    outer loop
      vertex 2 55.2679 2
      vertex 2.23463 55.1522 0
      vertex 2 55.2679 0
    endloop
  endfacet
  facet normal 0 0 -1
    outer loop
      vertex 4.98289 56.7389 2
      vertex 4.98289 57.2611 2
      vertex 5 57 2
    endloop
  endfacet
  facet normal 0 0 -1
    outer loop
      vertex 4.93185 56.4824 2
      vertex 4.98289 57.2611 2
      vertex 4.98289 56.7389 2
    endloop
  endfacet
  facet normal 0 0 -1
    outer loop
      vertex 4.93185 56.4824 2
      vertex 4.93185 57.5176 2
      vertex 4.98289 57.2611 2
    endloop
  endfacet
  facet normal 0 0 -1
    outer loop
      vertex 4.84776 56.2346 2
      vertex 4.93185 57.5176 2
      vertex 4.93185 56.4824 2
    endloop
  endfacet
  facet normal 0 0 -1
    outer loop
      vertex 4.84776 56.2346 2
      vertex 4.84776 57.7654 2
      vertex 4.93185 57.5176 2
    endloop
  endfacet
  facet normal 0 0 -1
    outer loop
      vertex 4.73205 56 2
      vertex 4.84776 57.7654 2
      vertex 4.84776 56.2346 2
    endloop
  endfacet
  facet normal 0 0 -1
    outer loop
      vertex 4.73205 56 2
      vertex 4.73205 58 2
      vertex 4.84776 57.7654 2
    endloop
  endfacet
  facet normal 0 0 -1
    outer loop
      vertex 4.58671 55.7825 2
      vertex 4.73205 58 2
      vertex 4.73205 56 2
    endloop
  endfacet
  facet normal 0 0 -1
    outer loop
      vertex 4.58671 55.7825 2
      vertex 4.58671 58.2175 2
      vertex 4.73205 58 2
    endloop
  endfacet
  facet normal 0 0 -1
    outer loop
      vertex 4.41421 55.5858 2
      vertex 4.58671 58.2175 2
      vertex 4.58671 55.7825 2
    endloop
  endfacet
  facet normal 0 0 -1
    outer loop
      vertex 4.41421 55.5858 2
      vertex 4.41421 58.4142 2
      vertex 4.58671 58.2175 2
    endloop
  endfacet
  facet normal 0 0 -1
    outer loop
      vertex 4.21752 55.4133 2
      vertex 4.41421 58.4142 2
      vertex 4.41421 55.5858 2
    endloop
  endfacet
  facet normal 0 0 -1
    outer loop
      vertex 4.21752 55.4133 2
      vertex 4.21752 58.5867 2
      vertex 4.41421 58.4142 2
    endloop
  endfacet
  facet normal 0 0 -1
    outer loop
      vertex 4 55.2679 2
      vertex 4.21752 58.5867 2
      vertex 4.21752 55.4133 2
    endloop
  endfacet
  facet normal 0 0 -1
    outer loop
      vertex 4 55.2679 2
      vertex 4 58.732 2
      vertex 4.21752 58.5867 2
    endloop
  endfacet
  facet normal 0 0 -1
    outer loop
      vertex 3.76537 55.1522 2
      vertex 4 58.732 2
      vertex 4 55.2679 2
    endloop
  endfacet
  facet normal 0 0 -1
    outer loop
      vertex 3.76537 55.1522 2
      vertex 3.76537 58.8478 2
      vertex 4 58.732 2
    endloop
  endfacet
  facet normal 0 0 -1
    outer loop
      vertex 3.51764 55.0681 2
      vertex 3.76537 58.8478 2
      vertex 3.76537 55.1522 2
    endloop
  endfacet
  facet normal 0 0 -1
    outer loop
      vertex 3.51764 55.0681 2
      vertex 3.51764 58.9319 2
      vertex 3.76537 58.8478 2
    endloop
  endfacet
  facet normal 0 0 -1
    outer loop
      vertex 3.26105 55.0171 2
      vertex 3.51764 58.9319 2
      vertex 3.51764 55.0681 2
    endloop
  endfacet
  facet normal 0 0 -1
    outer loop
      vertex 3.26105 55.0171 2
      vertex 3.26105 58.9829 2
      vertex 3.51764 58.9319 2
    endloop
  endfacet
  facet normal 0 0 -1
    outer loop
      vertex 3 55 2
      vertex 3.26105 58.9829 2
      vertex 3.26105 55.0171 2
    endloop
  endfacet
  facet normal 0 0 -1
    outer loop
      vertex 3 55 2
      vertex 3 59 2
      vertex 3.26105 58.9829 2
    endloop
  endfacet
  facet normal 0 0 -1
    outer loop
      vertex 2.73895 55.0171 2
      vertex 3 59 2
      vertex 3 55 2
    endloop
  endfacet
  facet normal 0 0 -1
    outer loop
      vertex 2.73895 55.0171 2
      vertex 2.73895 58.9829 2
      vertex 3 59 2
    endloop
  endfacet
  facet normal 0 0 -1
    outer loop
      vertex 2.48236 55.0681 2
      vertex 2.73895 58.9829 2
      vertex 2.73895 55.0171 2
    endloop
  endfacet
  facet normal 0 0 -1
    outer loop
      vertex 2.48236 55.0681 2
      vertex 2.48236 58.9319 2
      vertex 2.73895 58.9829 2
    endloop
  endfacet
  facet normal 0 0 -1
    outer loop
      vertex 2.23463 55.1522 2
      vertex 2.48236 58.9319 2
      vertex 2.48236 55.0681 2
    endloop
  endfacet
  facet normal 0 0 -1
    outer loop
      vertex 2.23463 55.1522 2
      vertex 2.23463 58.8478 2
      vertex 2.48236 58.9319 2
    endloop
  endfacet
  facet normal 0 0 -1
    outer loop
      vertex 2 55.2679 2
      vertex 2.23463 58.8478 2
      vertex 2.23463 55.1522 2
    endloop
  endfacet
  facet normal 0 0 -1
    outer loop
      vertex 2 55.2679 2
      vertex 2 58.732 2
      vertex 2.23463 58.8478 2
    endloop
  endfacet
  facet normal 0 0 -1
    outer loop
      vertex 1.78248 55.4133 2
      vertex 2 58.732 2
      vertex 2 55.2679 2
    endloop
  endfacet
  facet normal 0 0 -1
    outer loop
      vertex 1.78248 55.4133 2
      vertex 1.78248 58.5867 2
      vertex 2 58.732 2
    endloop
  endfacet
  facet normal 0 0 -1
    outer loop
      vertex 1.58579 55.5858 2
      vertex 1.78248 58.5867 2
      vertex 1.78248 55.4133 2
    endloop
  endfacet
  facet normal 0 0 -1
    outer loop
      vertex 1.58579 55.5858 2
      vertex 1.58579 58.4142 2
      vertex 1.78248 58.5867 2
    endloop
  endfacet
  facet normal 0 0 -1
    outer loop
      vertex 1.41329 55.7825 2
      vertex 1.58579 58.4142 2
      vertex 1.58579 55.5858 2
    endloop
  endfacet
  facet normal 0 0 -1
    outer loop
      vertex 1.41329 55.7825 2
      vertex 1.41329 58.2175 2
      vertex 1.58579 58.4142 2
    endloop
  endfacet
  facet normal 0 0 -1
    outer loop
      vertex 1.26795 56 2
      vertex 1.41329 58.2175 2
      vertex 1.41329 55.7825 2
    endloop
  endfacet
  facet normal 0 0 -1
    outer loop
      vertex 1.26795 56 2
      vertex 1.26795 58 2
      vertex 1.41329 58.2175 2
    endloop
  endfacet
  facet normal 0 0 -1
    outer loop
      vertex 1.15224 56.2346 2
      vertex 1.26795 58 2
      vertex 1.26795 56 2
    endloop
  endfacet
  facet normal 0 0 -1
    outer loop
      vertex 1.15224 56.2346 2
      vertex 1.15224 57.7654 2
      vertex 1.26795 58 2
    endloop
  endfacet
  facet normal 0 0 -1
    outer loop
      vertex 1.06815 56.4824 2
      vertex 1.15224 57.7654 2
      vertex 1.15224 56.2346 2
    endloop
  endfacet
  facet normal 0 0 -1
    outer loop
      vertex 1.06815 56.4824 2
      vertex 1.06815 57.5176 2
      vertex 1.15224 57.7654 2
    endloop
  endfacet
  facet normal 0 0 -1
    outer loop
      vertex 1.01711 56.7389 2
      vertex 1.06815 57.5176 2
      vertex 1.06815 56.4824 2
    endloop
  endfacet
  facet normal 0 0 -1
    outer loop
      vertex 1.01711 56.7389 2
      vertex 1.01711 57.2611 2
      vertex 1.06815 57.5176 2
    endloop
  endfacet
  facet normal 0 -0 -1
    outer loop
      vertex 1.01711 57.2611 2
      vertex 1.01711 56.7389 2
      vertex 1 57 2
    endloop
  endfacet
  facet normal -0.980801 0.195013 0
    outer loop
      vertex 28.9319 56.4824 0
      vertex 28.9829 56.7389 2
      vertex 28.9829 56.7389 0
    endloop
  endfacet
  facet normal -0.980801 0.195013 0
    outer loop
      vertex 28.9829 56.7389 2
      vertex 28.9319 56.4824 0
      vertex 28.9319 56.4824 2
    endloop
  endfacet
  facet normal -0.195013 0.980801 0
    outer loop
      vertex 27.5176 55.0681 0
      vertex 27.2611 55.0171 2
      vertex 27.5176 55.0681 2
    endloop
  endfacet
  facet normal -0.195013 0.980801 0
    outer loop
      vertex 27.2611 55.0171 2
      vertex 27.5176 55.0681 0
      vertex 27.2611 55.0171 0
    endloop
  endfacet
  facet normal -0.980801 -0.195013 0
    outer loop
      vertex 28.9829 57.2611 0
      vertex 28.9319 57.5176 2
      vertex 28.9319 57.5176 0
    endloop
  endfacet
  facet normal -0.980801 -0.195013 0
    outer loop
      vertex 28.9319 57.5176 2
      vertex 28.9829 57.2611 0
      vertex 28.9829 57.2611 2
    endloop
  endfacet
  facet normal -0.997862 -0.0653521 0
    outer loop
      vertex 29 57 0
      vertex 28.9829 57.2611 2
      vertex 28.9829 57.2611 0
    endloop
  endfacet
  facet normal -0.997862 -0.0653521 0
    outer loop
      vertex 28.9829 57.2611 2
      vertex 29 57 0
      vertex 29 57 2
    endloop
  endfacet
  facet normal 0.555758 0.831344 -0
    outer loop
      vertex 26 55.2679 0
      vertex 25.7825 55.4133 2
      vertex 26 55.2679 2
    endloop
  endfacet
  facet normal 0.555758 0.831344 0
    outer loop
      vertex 25.7825 55.4133 2
      vertex 26 55.2679 0
      vertex 25.7825 55.4133 0
    endloop
  endfacet
  facet normal 0.89686 -0.442314 0
    outer loop
      vertex 25.1522 57.7654 2
      vertex 25.2679 58 0
      vertex 25.2679 58 2
    endloop
  endfacet
  facet normal 0.89686 -0.442314 0
    outer loop
      vertex 25.2679 58 0
      vertex 25.1522 57.7654 2
      vertex 25.1522 57.7654 0
    endloop
  endfacet
  facet normal 0.751842 0.659343 0
    outer loop
      vertex 25.5858 55.5858 2
      vertex 25.4133 55.7825 0
      vertex 25.4133 55.7825 2
    endloop
  endfacet
  facet normal 0.751842 0.659343 0
    outer loop
      vertex 25.4133 55.7825 0
      vertex 25.5858 55.5858 2
      vertex 25.5858 55.5858 0
    endloop
  endfacet
  facet normal 0.321382 0.94695 -0
    outer loop
      vertex 26.4824 55.0681 0
      vertex 26.2346 55.1522 2
      vertex 26.4824 55.0681 2
    endloop
  endfacet
  facet normal 0.321382 0.94695 0
    outer loop
      vertex 26.2346 55.1522 2
      vertex 26.4824 55.0681 0
      vertex 26.2346 55.1522 0
    endloop
  endfacet
  facet normal 0.751842 -0.659343 0
    outer loop
      vertex 25.4133 58.2175 2
      vertex 25.5858 58.4142 0
      vertex 25.5858 58.4142 2
    endloop
  endfacet
  facet normal 0.751842 -0.659343 0
    outer loop
      vertex 25.5858 58.4142 0
      vertex 25.4133 58.2175 2
      vertex 25.4133 58.2175 0
    endloop
  endfacet
  facet normal 0.555494 -0.831521 0
    outer loop
      vertex 25.7825 58.5867 0
      vertex 26 58.732 2
      vertex 25.7825 58.5867 2
    endloop
  endfacet
  facet normal 0.555494 -0.831521 0
    outer loop
      vertex 26 58.732 2
      vertex 25.7825 58.5867 0
      vertex 26 58.732 0
    endloop
  endfacet
  facet normal -0.751842 0.659343 0
    outer loop
      vertex 28.4142 55.5858 0
      vertex 28.5867 55.7825 2
      vertex 28.5867 55.7825 0
    endloop
  endfacet
  facet normal -0.751842 0.659343 0
    outer loop
      vertex 28.5867 55.7825 2
      vertex 28.4142 55.5858 0
      vertex 28.4142 55.5858 2
    endloop
  endfacet
  facet normal 0.659343 -0.751842 0
    outer loop
      vertex 25.5858 58.4142 0
      vertex 25.7825 58.5867 2
      vertex 25.5858 58.4142 2
    endloop
  endfacet
  facet normal 0.659343 -0.751842 0
    outer loop
      vertex 25.7825 58.5867 2
      vertex 25.5858 58.4142 0
      vertex 25.7825 58.5867 0
    endloop
  endfacet
  facet normal -0.442621 -0.896709 0
    outer loop
      vertex 27.7654 58.8478 0
      vertex 28 58.732 2
      vertex 27.7654 58.8478 2
    endloop
  endfacet
  facet normal -0.442621 -0.896709 -0
    outer loop
      vertex 28 58.732 2
      vertex 27.7654 58.8478 0
      vertex 28 58.732 0
    endloop
  endfacet
  facet normal -0.94695 0.321382 0
    outer loop
      vertex 28.8478 56.2346 0
      vertex 28.9319 56.4824 2
      vertex 28.9319 56.4824 0
    endloop
  endfacet
  facet normal -0.94695 0.321382 0
    outer loop
      vertex 28.9319 56.4824 2
      vertex 28.8478 56.2346 0
      vertex 28.8478 56.2346 2
    endloop
  endfacet
  facet normal -0.659343 -0.751842 0
    outer loop
      vertex 28.2175 58.5867 0
      vertex 28.4142 58.4142 2
      vertex 28.2175 58.5867 2
    endloop
  endfacet
  facet normal -0.659343 -0.751842 -0
    outer loop
      vertex 28.4142 58.4142 2
      vertex 28.2175 58.5867 0
      vertex 28.4142 58.4142 0
    endloop
  endfacet
  facet normal -0.659343 0.751842 0
    outer loop
      vertex 28.4142 55.5858 0
      vertex 28.2175 55.4133 2
      vertex 28.4142 55.5858 2
    endloop
  endfacet
  facet normal -0.659343 0.751842 0
    outer loop
      vertex 28.2175 55.4133 2
      vertex 28.4142 55.5858 0
      vertex 28.2175 55.4133 0
    endloop
  endfacet
  facet normal -0.0653521 0.997862 0
    outer loop
      vertex 27.2611 55.0171 0
      vertex 27 55 2
      vertex 27.2611 55.0171 2
    endloop
  endfacet
  facet normal -0.0653521 0.997862 0
    outer loop
      vertex 27 55 2
      vertex 27.2611 55.0171 0
      vertex 27 55 0
    endloop
  endfacet
  facet normal -0.831521 0.555494 0
    outer loop
      vertex 28.5867 55.7825 0
      vertex 28.732 56 2
      vertex 28.732 56 0
    endloop
  endfacet
  facet normal -0.831521 0.555494 0
    outer loop
      vertex 28.732 56 2
      vertex 28.5867 55.7825 0
      vertex 28.5867 55.7825 2
    endloop
  endfacet
  facet normal 0.94695 -0.321382 0
    outer loop
      vertex 25.0681 57.5176 2
      vertex 25.1522 57.7654 0
      vertex 25.1522 57.7654 2
    endloop
  endfacet
  facet normal 0.94695 -0.321382 0
    outer loop
      vertex 25.1522 57.7654 0
      vertex 25.0681 57.5176 2
      vertex 25.0681 57.5176 0
    endloop
  endfacet
  facet normal 0.0653521 -0.997862 0
    outer loop
      vertex 26.7389 58.9829 0
      vertex 27 59 2
      vertex 26.7389 58.9829 2
    endloop
  endfacet
  facet normal 0.0653521 -0.997862 0
    outer loop
      vertex 27 59 2
      vertex 26.7389 58.9829 0
      vertex 27 59 0
    endloop
  endfacet
  facet normal 0.980801 0.195013 0
    outer loop
      vertex 25.0681 56.4824 2
      vertex 25.0171 56.7389 0
      vertex 25.0171 56.7389 2
    endloop
  endfacet
  facet normal 0.980801 0.195013 0
    outer loop
      vertex 25.0171 56.7389 0
      vertex 25.0681 56.4824 2
      vertex 25.0681 56.4824 0
    endloop
  endfacet
  facet normal 0.980801 -0.195013 0
    outer loop
      vertex 25.0171 57.2611 2
      vertex 25.0681 57.5176 0
      vertex 25.0681 57.5176 2
    endloop
  endfacet
  facet normal 0.980801 -0.195013 0
    outer loop
      vertex 25.0681 57.5176 0
      vertex 25.0171 57.2611 2
      vertex 25.0171 57.2611 0
    endloop
  endfacet
  facet normal -0.751842 -0.659343 0
    outer loop
      vertex 28.5867 58.2175 0
      vertex 28.4142 58.4142 2
      vertex 28.4142 58.4142 0
    endloop
  endfacet
  facet normal -0.751842 -0.659343 0
    outer loop
      vertex 28.4142 58.4142 2
      vertex 28.5867 58.2175 0
      vertex 28.5867 58.2175 2
    endloop
  endfacet
  facet normal -0.0653521 -0.997862 0
    outer loop
      vertex 27 59 0
      vertex 27.2611 58.9829 2
      vertex 27 59 2
    endloop
  endfacet
  facet normal -0.0653521 -0.997862 -0
    outer loop
      vertex 27.2611 58.9829 2
      vertex 27 59 0
      vertex 27.2611 58.9829 0
    endloop
  endfacet
  facet normal 0.94695 0.321382 0
    outer loop
      vertex 25.1522 56.2346 2
      vertex 25.0681 56.4824 0
      vertex 25.0681 56.4824 2
    endloop
  endfacet
  facet normal 0.94695 0.321382 0
    outer loop
      vertex 25.0681 56.4824 0
      vertex 25.1522 56.2346 2
      vertex 25.1522 56.2346 0
    endloop
  endfacet
  facet normal -0.831521 -0.555494 0
    outer loop
      vertex 28.732 58 0
      vertex 28.5867 58.2175 2
      vertex 28.5867 58.2175 0
    endloop
  endfacet
  facet normal -0.831521 -0.555494 0
    outer loop
      vertex 28.5867 58.2175 2
      vertex 28.732 58 0
      vertex 28.732 58 2
    endloop
  endfacet
  facet normal -0.555494 -0.831521 0
    outer loop
      vertex 28 58.732 0
      vertex 28.2175 58.5867 2
      vertex 28 58.732 2
    endloop
  endfacet
  facet normal -0.555494 -0.831521 -0
    outer loop
      vertex 28.2175 58.5867 2
      vertex 28 58.732 0
      vertex 28.2175 58.5867 0
    endloop
  endfacet
  facet normal 0.321382 -0.94695 0
    outer loop
      vertex 26.2346 58.8478 0
      vertex 26.4824 58.9319 2
      vertex 26.2346 58.8478 2
    endloop
  endfacet
  facet normal 0.321382 -0.94695 0
    outer loop
      vertex 26.4824 58.9319 2
      vertex 26.2346 58.8478 0
      vertex 26.4824 58.9319 0
    endloop
  endfacet
  facet normal -0.997862 0.0653521 0
    outer loop
      vertex 28.9829 56.7389 0
      vertex 29 57 2
      vertex 29 57 0
    endloop
  endfacet
  facet normal -0.997862 0.0653521 0
    outer loop
      vertex 29 57 2
      vertex 28.9829 56.7389 0
      vertex 28.9829 56.7389 2
    endloop
  endfacet
  facet normal 0.997862 -0.0653521 0
    outer loop
      vertex 25 57 2
      vertex 25.0171 57.2611 0
      vertex 25.0171 57.2611 2
    endloop
  endfacet
  facet normal 0.997862 -0.0653521 0
    outer loop
      vertex 25.0171 57.2611 0
      vertex 25 57 2
      vertex 25 57 0
    endloop
  endfacet
  facet normal -0.442314 0.89686 0
    outer loop
      vertex 28 55.2679 0
      vertex 27.7654 55.1522 2
      vertex 28 55.2679 2
    endloop
  endfacet
  facet normal -0.442314 0.89686 0
    outer loop
      vertex 27.7654 55.1522 2
      vertex 28 55.2679 0
      vertex 27.7654 55.1522 0
    endloop
  endfacet
  facet normal -0.896709 0.442621 0
    outer loop
      vertex 28.732 56 0
      vertex 28.8478 56.2346 2
      vertex 28.8478 56.2346 0
    endloop
  endfacet
  facet normal -0.896709 0.442621 0
    outer loop
      vertex 28.8478 56.2346 2
      vertex 28.732 56 0
      vertex 28.732 56 2
    endloop
  endfacet
  facet normal 0.195013 -0.980801 0
    outer loop
      vertex 26.4824 58.9319 0
      vertex 26.7389 58.9829 2
      vertex 26.4824 58.9319 2
    endloop
  endfacet
  facet normal 0.195013 -0.980801 0
    outer loop
      vertex 26.7389 58.9829 2
      vertex 26.4824 58.9319 0
      vertex 26.7389 58.9829 0
    endloop
  endfacet
  facet normal 0.442621 -0.896709 0
    outer loop
      vertex 26 58.732 0
      vertex 26.2346 58.8478 2
      vertex 26 58.732 2
    endloop
  endfacet
  facet normal 0.442621 -0.896709 0
    outer loop
      vertex 26.2346 58.8478 2
      vertex 26 58.732 0
      vertex 26.2346 58.8478 0
    endloop
  endfacet
  facet normal 0.831344 0.555758 0
    outer loop
      vertex 25.4133 55.7825 2
      vertex 25.2679 56 0
      vertex 25.2679 56 2
    endloop
  endfacet
  facet normal 0.831344 0.555758 0
    outer loop
      vertex 25.2679 56 0
      vertex 25.4133 55.7825 2
      vertex 25.4133 55.7825 0
    endloop
  endfacet
  facet normal -0.195013 -0.980801 0
    outer loop
      vertex 27.2611 58.9829 0
      vertex 27.5176 58.9319 2
      vertex 27.2611 58.9829 2
    endloop
  endfacet
  facet normal -0.195013 -0.980801 -0
    outer loop
      vertex 27.5176 58.9319 2
      vertex 27.2611 58.9829 0
      vertex 27.5176 58.9319 0
    endloop
  endfacet
  facet normal -0.555758 0.831344 0
    outer loop
      vertex 28.2175 55.4133 0
      vertex 28 55.2679 2
      vertex 28.2175 55.4133 2
    endloop
  endfacet
  facet normal -0.555758 0.831344 0
    outer loop
      vertex 28 55.2679 2
      vertex 28.2175 55.4133 0
      vertex 28 55.2679 0
    endloop
  endfacet
  facet normal -0.321382 -0.94695 0
    outer loop
      vertex 27.5176 58.9319 0
      vertex 27.7654 58.8478 2
      vertex 27.5176 58.9319 2
    endloop
  endfacet
  facet normal -0.321382 -0.94695 -0
    outer loop
      vertex 27.7654 58.8478 2
      vertex 27.5176 58.9319 0
      vertex 27.7654 58.8478 0
    endloop
  endfacet
  facet normal 0.89686 0.442314 0
    outer loop
      vertex 25.2679 56 2
      vertex 25.1522 56.2346 0
      vertex 25.1522 56.2346 2
    endloop
  endfacet
  facet normal 0.89686 0.442314 0
    outer loop
      vertex 25.1522 56.2346 0
      vertex 25.2679 56 2
      vertex 25.2679 56 0
    endloop
  endfacet
  facet normal 0.997862 0.0653521 0
    outer loop
      vertex 25.0171 56.7389 2
      vertex 25 57 0
      vertex 25 57 2
    endloop
  endfacet
  facet normal 0.997862 0.0653521 0
    outer loop
      vertex 25 57 0
      vertex 25.0171 56.7389 2
      vertex 25.0171 56.7389 0
    endloop
  endfacet
  facet normal -0.896709 -0.442621 0
    outer loop
      vertex 28.8478 57.7654 0
      vertex 28.732 58 2
      vertex 28.732 58 0
    endloop
  endfacet
  facet normal -0.896709 -0.442621 0
    outer loop
      vertex 28.732 58 2
      vertex 28.8478 57.7654 0
      vertex 28.8478 57.7654 2
    endloop
  endfacet
  facet normal -0.94695 -0.321382 0
    outer loop
      vertex 28.9319 57.5176 0
      vertex 28.8478 57.7654 2
      vertex 28.8478 57.7654 0
    endloop
  endfacet
  facet normal -0.94695 -0.321382 0
    outer loop
      vertex 28.8478 57.7654 2
      vertex 28.9319 57.5176 0
      vertex 28.9319 57.5176 2
    endloop
  endfacet
  facet normal -0.321382 0.94695 0
    outer loop
      vertex 27.7654 55.1522 0
      vertex 27.5176 55.0681 2
      vertex 27.7654 55.1522 2
    endloop
  endfacet
  facet normal -0.321382 0.94695 0
    outer loop
      vertex 27.5176 55.0681 2
      vertex 27.7654 55.1522 0
      vertex 27.5176 55.0681 0
    endloop
  endfacet
  facet normal 0.195013 0.980801 -0
    outer loop
      vertex 26.7389 55.0171 0
      vertex 26.4824 55.0681 2
      vertex 26.7389 55.0171 2
    endloop
  endfacet
  facet normal 0.195013 0.980801 0
    outer loop
      vertex 26.4824 55.0681 2
      vertex 26.7389 55.0171 0
      vertex 26.4824 55.0681 0
    endloop
  endfacet
  facet normal 0.659343 0.751842 -0
    outer loop
      vertex 25.7825 55.4133 0
      vertex 25.5858 55.5858 2
      vertex 25.7825 55.4133 2
    endloop
  endfacet
  facet normal 0.659343 0.751842 0
    outer loop
      vertex 25.5858 55.5858 2
      vertex 25.7825 55.4133 0
      vertex 25.5858 55.5858 0
    endloop
  endfacet
  facet normal 0.831344 -0.555758 0
    outer loop
      vertex 25.2679 58 2
      vertex 25.4133 58.2175 0
      vertex 25.4133 58.2175 2
    endloop
  endfacet
  facet normal 0.831344 -0.555758 0
    outer loop
      vertex 25.4133 58.2175 0
      vertex 25.2679 58 2
      vertex 25.2679 58 0
    endloop
  endfacet
  facet normal 0.0653521 0.997862 -0
    outer loop
      vertex 27 55 0
      vertex 26.7389 55.0171 2
      vertex 27 55 2
    endloop
  endfacet
  facet normal 0.0653521 0.997862 0
    outer loop
      vertex 26.7389 55.0171 2
      vertex 27 55 0
      vertex 26.7389 55.0171 0
    endloop
  endfacet
  facet normal 0.442314 0.89686 -0
    outer loop
      vertex 26.2346 55.1522 0
      vertex 26 55.2679 2
      vertex 26.2346 55.1522 2
    endloop
  endfacet
  facet normal 0.442314 0.89686 0
    outer loop
      vertex 26 55.2679 2
      vertex 26.2346 55.1522 0
      vertex 26 55.2679 0
    endloop
  endfacet
  facet normal 0 0 -1
    outer loop
      vertex 28.9829 56.7389 2
      vertex 28.9829 57.2611 2
      vertex 29 57 2
    endloop
  endfacet
  facet normal 0 0 -1
    outer loop
      vertex 28.9319 56.4824 2
      vertex 28.9829 57.2611 2
      vertex 28.9829 56.7389 2
    endloop
  endfacet
  facet normal 0 0 -1
    outer loop
      vertex 28.9319 56.4824 2
      vertex 28.9319 57.5176 2
      vertex 28.9829 57.2611 2
    endloop
  endfacet
  facet normal 0 0 -1
    outer loop
      vertex 28.8478 56.2346 2
      vertex 28.9319 57.5176 2
      vertex 28.9319 56.4824 2
    endloop
  endfacet
  facet normal 0 0 -1
    outer loop
      vertex 28.8478 56.2346 2
      vertex 28.8478 57.7654 2
      vertex 28.9319 57.5176 2
    endloop
  endfacet
  facet normal 0 0 -1
    outer loop
      vertex 28.732 56 2
      vertex 28.8478 57.7654 2
      vertex 28.8478 56.2346 2
    endloop
  endfacet
  facet normal 0 0 -1
    outer loop
      vertex 28.732 56 2
      vertex 28.732 58 2
      vertex 28.8478 57.7654 2
    endloop
  endfacet
  facet normal 0 0 -1
    outer loop
      vertex 28.5867 55.7825 2
      vertex 28.732 58 2
      vertex 28.732 56 2
    endloop
  endfacet
  facet normal 0 0 -1
    outer loop
      vertex 28.5867 55.7825 2
      vertex 28.5867 58.2175 2
      vertex 28.732 58 2
    endloop
  endfacet
  facet normal 0 0 -1
    outer loop
      vertex 28.4142 55.5858 2
      vertex 28.5867 58.2175 2
      vertex 28.5867 55.7825 2
    endloop
  endfacet
  facet normal 0 0 -1
    outer loop
      vertex 28.4142 55.5858 2
      vertex 28.4142 58.4142 2
      vertex 28.5867 58.2175 2
    endloop
  endfacet
  facet normal 0 0 -1
    outer loop
      vertex 28.2175 55.4133 2
      vertex 28.4142 58.4142 2
      vertex 28.4142 55.5858 2
    endloop
  endfacet
  facet normal 0 0 -1
    outer loop
      vertex 28.2175 55.4133 2
      vertex 28.2175 58.5867 2
      vertex 28.4142 58.4142 2
    endloop
  endfacet
  facet normal 0 0 -1
    outer loop
      vertex 28 55.2679 2
      vertex 28.2175 58.5867 2
      vertex 28.2175 55.4133 2
    endloop
  endfacet
  facet normal 0 0 -1
    outer loop
      vertex 28 55.2679 2
      vertex 28 58.732 2
      vertex 28.2175 58.5867 2
    endloop
  endfacet
  facet normal 0 0 -1
    outer loop
      vertex 27.7654 55.1522 2
      vertex 28 58.732 2
      vertex 28 55.2679 2
    endloop
  endfacet
  facet normal 0 0 -1
    outer loop
      vertex 27.7654 55.1522 2
      vertex 27.7654 58.8478 2
      vertex 28 58.732 2
    endloop
  endfacet
  facet normal 0 0 -1
    outer loop
      vertex 27.5176 55.0681 2
      vertex 27.7654 58.8478 2
      vertex 27.7654 55.1522 2
    endloop
  endfacet
  facet normal 0 0 -1
    outer loop
      vertex 27.5176 55.0681 2
      vertex 27.5176 58.9319 2
      vertex 27.7654 58.8478 2
    endloop
  endfacet
  facet normal 0 0 -1
    outer loop
      vertex 27.2611 55.0171 2
      vertex 27.5176 58.9319 2
      vertex 27.5176 55.0681 2
    endloop
  endfacet
  facet normal 0 0 -1
    outer loop
      vertex 27.2611 55.0171 2
      vertex 27.2611 58.9829 2
      vertex 27.5176 58.9319 2
    endloop
  endfacet
  facet normal 0 0 -1
    outer loop
      vertex 27 55 2
      vertex 27.2611 58.9829 2
      vertex 27.2611 55.0171 2
    endloop
  endfacet
  facet normal 0 0 -1
    outer loop
      vertex 27 55 2
      vertex 27 59 2
      vertex 27.2611 58.9829 2
    endloop
  endfacet
  facet normal 0 0 -1
    outer loop
      vertex 26.7389 55.0171 2
      vertex 27 59 2
      vertex 27 55 2
    endloop
  endfacet
  facet normal 0 0 -1
    outer loop
      vertex 26.7389 55.0171 2
      vertex 26.7389 58.9829 2
      vertex 27 59 2
    endloop
  endfacet
  facet normal 0 0 -1
    outer loop
      vertex 26.4824 55.0681 2
      vertex 26.7389 58.9829 2
      vertex 26.7389 55.0171 2
    endloop
  endfacet
  facet normal 0 0 -1
    outer loop
      vertex 26.4824 55.0681 2
      vertex 26.4824 58.9319 2
      vertex 26.7389 58.9829 2
    endloop
  endfacet
  facet normal 0 0 -1
    outer loop
      vertex 26.2346 55.1522 2
      vertex 26.4824 58.9319 2
      vertex 26.4824 55.0681 2
    endloop
  endfacet
  facet normal 0 0 -1
    outer loop
      vertex 26.2346 55.1522 2
      vertex 26.2346 58.8478 2
      vertex 26.4824 58.9319 2
    endloop
  endfacet
  facet normal 0 0 -1
    outer loop
      vertex 26 55.2679 2
      vertex 26.2346 58.8478 2
      vertex 26.2346 55.1522 2
    endloop
  endfacet
  facet normal 0 0 -1
    outer loop
      vertex 26 55.2679 2
      vertex 26 58.732 2
      vertex 26.2346 58.8478 2
    endloop
  endfacet
  facet normal 0 0 -1
    outer loop
      vertex 25.7825 55.4133 2
      vertex 26 58.732 2
      vertex 26 55.2679 2
    endloop
  endfacet
  facet normal 0 0 -1
    outer loop
      vertex 25.7825 55.4133 2
      vertex 25.7825 58.5867 2
      vertex 26 58.732 2
    endloop
  endfacet
  facet normal 0 0 -1
    outer loop
      vertex 25.5858 55.5858 2
      vertex 25.7825 58.5867 2
      vertex 25.7825 55.4133 2
    endloop
  endfacet
  facet normal 0 0 -1
    outer loop
      vertex 25.5858 55.5858 2
      vertex 25.5858 58.4142 2
      vertex 25.7825 58.5867 2
    endloop
  endfacet
  facet normal 0 0 -1
    outer loop
      vertex 25.4133 55.7825 2
      vertex 25.5858 58.4142 2
      vertex 25.5858 55.5858 2
    endloop
  endfacet
  facet normal 0 0 -1
    outer loop
      vertex 25.4133 55.7825 2
      vertex 25.4133 58.2175 2
      vertex 25.5858 58.4142 2
    endloop
  endfacet
  facet normal 0 0 -1
    outer loop
      vertex 25.2679 56 2
      vertex 25.4133 58.2175 2
      vertex 25.4133 55.7825 2
    endloop
  endfacet
  facet normal 0 0 -1
    outer loop
      vertex 25.2679 56 2
      vertex 25.2679 58 2
      vertex 25.4133 58.2175 2
    endloop
  endfacet
  facet normal 0 0 -1
    outer loop
      vertex 25.1522 56.2346 2
      vertex 25.2679 58 2
      vertex 25.2679 56 2
    endloop
  endfacet
  facet normal 0 0 -1
    outer loop
      vertex 25.1522 56.2346 2
      vertex 25.1522 57.7654 2
      vertex 25.2679 58 2
    endloop
  endfacet
  facet normal 0 0 -1
    outer loop
      vertex 25.0681 56.4824 2
      vertex 25.1522 57.7654 2
      vertex 25.1522 56.2346 2
    endloop
  endfacet
  facet normal 0 0 -1
    outer loop
      vertex 25.0681 56.4824 2
      vertex 25.0681 57.5176 2
      vertex 25.1522 57.7654 2
    endloop
  endfacet
  facet normal 0 0 -1
    outer loop
      vertex 25.0171 56.7389 2
      vertex 25.0681 57.5176 2
      vertex 25.0681 56.4824 2
    endloop
  endfacet
  facet normal 0 0 -1
    outer loop
      vertex 25.0171 56.7389 2
      vertex 25.0171 57.2611 2
      vertex 25.0681 57.5176 2
    endloop
  endfacet
  facet normal 0 -0 -1
    outer loop
      vertex 25.0171 57.2611 2
      vertex 25.0171 56.7389 2
      vertex 25 57 2
    endloop
  endfacet
  facet normal -0.980784 0.195094 0
    outer loop
      vertex 4.93185 2.48236 0
      vertex 4.98289 2.73895 2
      vertex 4.98289 2.73895 0
    endloop
  endfacet
  facet normal -0.980784 0.195094 0
    outer loop
      vertex 4.98289 2.73895 2
      vertex 4.93185 2.48236 0
      vertex 4.93185 2.48236 2
    endloop
  endfacet
  facet normal -0.195094 0.980784 0
    outer loop
      vertex 3.51764 1.06815 0
      vertex 3.26105 1.01711 2
      vertex 3.51764 1.06815 2
    endloop
  endfacet
  facet normal -0.195094 0.980784 0
    outer loop
      vertex 3.26105 1.01711 2
      vertex 3.51764 1.06815 0
      vertex 3.26105 1.01711 0
    endloop
  endfacet
  facet normal -0.980784 -0.195094 0
    outer loop
      vertex 4.98289 3.26105 0
      vertex 4.93185 3.51764 2
      vertex 4.93185 3.51764 0
    endloop
  endfacet
  facet normal -0.980784 -0.195094 0
    outer loop
      vertex 4.93185 3.51764 2
      vertex 4.98289 3.26105 0
      vertex 4.98289 3.26105 2
    endloop
  endfacet
  facet normal -0.997859 -0.0654027 0
    outer loop
      vertex 5 3 0
      vertex 4.98289 3.26105 2
      vertex 4.98289 3.26105 0
    endloop
  endfacet
  facet normal -0.997859 -0.0654027 0
    outer loop
      vertex 4.98289 3.26105 2
      vertex 5 3 0
      vertex 5 3 2
    endloop
  endfacet
  facet normal 0.555564 0.831474 -0
    outer loop
      vertex 2 1.26795 0
      vertex 1.78248 1.41329 2
      vertex 2 1.26795 2
    endloop
  endfacet
  facet normal 0.555564 0.831474 0
    outer loop
      vertex 1.78248 1.41329 2
      vertex 2 1.26795 0
      vertex 1.78248 1.41329 0
    endloop
  endfacet
  facet normal 0.896868 -0.442299 0
    outer loop
      vertex 1.15224 3.76537 2
      vertex 1.26795 4 0
      vertex 1.26795 4 2
    endloop
  endfacet
  facet normal 0.896868 -0.442299 0
    outer loop
      vertex 1.26795 4 0
      vertex 1.15224 3.76537 2
      vertex 1.15224 3.76537 0
    endloop
  endfacet
  facet normal 0.751826 0.659362 0
    outer loop
      vertex 1.58579 1.58579 2
      vertex 1.41329 1.78248 0
      vertex 1.41329 1.78248 2
    endloop
  endfacet
  facet normal 0.751826 0.659362 0
    outer loop
      vertex 1.41329 1.78248 0
      vertex 1.58579 1.58579 2
      vertex 1.58579 1.58579 0
    endloop
  endfacet
  facet normal 0.321429 0.946934 -0
    outer loop
      vertex 2.48236 1.06815 0
      vertex 2.23463 1.15224 2
      vertex 2.48236 1.06815 2
    endloop
  endfacet
  facet normal 0.321429 0.946934 0
    outer loop
      vertex 2.23463 1.15224 2
      vertex 2.48236 1.06815 0
      vertex 2.23463 1.15224 0
    endloop
  endfacet
  facet normal 0.751826 -0.659362 0
    outer loop
      vertex 1.41329 4.21752 2
      vertex 1.58579 4.41421 0
      vertex 1.58579 4.41421 2
    endloop
  endfacet
  facet normal 0.751826 -0.659362 0
    outer loop
      vertex 1.58579 4.41421 0
      vertex 1.41329 4.21752 2
      vertex 1.41329 4.21752 0
    endloop
  endfacet
  facet normal 0.555564 -0.831474 0
    outer loop
      vertex 1.78248 4.58671 0
      vertex 2 4.73205 2
      vertex 1.78248 4.58671 2
    endloop
  endfacet
  facet normal 0.555564 -0.831474 0
    outer loop
      vertex 2 4.73205 2
      vertex 1.78248 4.58671 0
      vertex 2 4.73205 0
    endloop
  endfacet
  facet normal -0.751826 0.659362 0
    outer loop
      vertex 4.41421 1.58579 0
      vertex 4.58671 1.78248 2
      vertex 4.58671 1.78248 0
    endloop
  endfacet
  facet normal -0.751826 0.659362 0
    outer loop
      vertex 4.58671 1.78248 2
      vertex 4.41421 1.58579 0
      vertex 4.41421 1.58579 2
    endloop
  endfacet
  facet normal 0.896868 0.442299 0
    outer loop
      vertex 1.26795 2 2
      vertex 1.15224 2.23463 0
      vertex 1.15224 2.23463 2
    endloop
  endfacet
  facet normal 0.896868 0.442299 0
    outer loop
      vertex 1.15224 2.23463 0
      vertex 1.26795 2 2
      vertex 1.26795 2 0
    endloop
  endfacet
  facet normal 0.659362 -0.751826 0
    outer loop
      vertex 1.58579 4.41421 0
      vertex 1.78248 4.58671 2
      vertex 1.58579 4.41421 2
    endloop
  endfacet
  facet normal 0.659362 -0.751826 0
    outer loop
      vertex 1.78248 4.58671 2
      vertex 1.58579 4.41421 0
      vertex 1.78248 4.58671 0
    endloop
  endfacet
  facet normal -0.442299 -0.896868 0
    outer loop
      vertex 3.76537 4.84776 0
      vertex 4 4.73205 2
      vertex 3.76537 4.84776 2
    endloop
  endfacet
  facet normal -0.442299 -0.896868 -0
    outer loop
      vertex 4 4.73205 2
      vertex 3.76537 4.84776 0
      vertex 4 4.73205 0
    endloop
  endfacet
  facet normal -0.946934 0.321429 0
    outer loop
      vertex 4.84776 2.23463 0
      vertex 4.93185 2.48236 2
      vertex 4.93185 2.48236 0
    endloop
  endfacet
  facet normal -0.946934 0.321429 0
    outer loop
      vertex 4.93185 2.48236 2
      vertex 4.84776 2.23463 0
      vertex 4.84776 2.23463 2
    endloop
  endfacet
  facet normal -0.659362 -0.751826 0
    outer loop
      vertex 4.21752 4.58671 0
      vertex 4.41421 4.41421 2
      vertex 4.21752 4.58671 2
    endloop
  endfacet
  facet normal -0.659362 -0.751826 -0
    outer loop
      vertex 4.41421 4.41421 2
      vertex 4.21752 4.58671 0
      vertex 4.41421 4.41421 0
    endloop
  endfacet
  facet normal -0.659362 0.751826 0
    outer loop
      vertex 4.41421 1.58579 0
      vertex 4.21752 1.41329 2
      vertex 4.41421 1.58579 2
    endloop
  endfacet
  facet normal -0.659362 0.751826 0
    outer loop
      vertex 4.21752 1.41329 2
      vertex 4.41421 1.58579 0
      vertex 4.21752 1.41329 0
    endloop
  endfacet
  facet normal -0.0654027 0.997859 0
    outer loop
      vertex 3.26105 1.01711 0
      vertex 3 1 2
      vertex 3.26105 1.01711 2
    endloop
  endfacet
  facet normal -0.0654027 0.997859 0
    outer loop
      vertex 3 1 2
      vertex 3.26105 1.01711 0
      vertex 3 1 0
    endloop
  endfacet
  facet normal 0.946934 -0.321429 0
    outer loop
      vertex 1.06815 3.51764 2
      vertex 1.15224 3.76537 0
      vertex 1.15224 3.76537 2
    endloop
  endfacet
  facet normal 0.946934 -0.321429 0
    outer loop
      vertex 1.15224 3.76537 0
      vertex 1.06815 3.51764 2
      vertex 1.06815 3.51764 0
    endloop
  endfacet
  facet normal 0.0654027 -0.997859 0
    outer loop
      vertex 2.73895 4.98289 0
      vertex 3 5 2
      vertex 2.73895 4.98289 2
    endloop
  endfacet
  facet normal 0.0654027 -0.997859 0
    outer loop
      vertex 3 5 2
      vertex 2.73895 4.98289 0
      vertex 3 5 0
    endloop
  endfacet
  facet normal 0.980784 0.195094 0
    outer loop
      vertex 1.06815 2.48236 2
      vertex 1.01711 2.73895 0
      vertex 1.01711 2.73895 2
    endloop
  endfacet
  facet normal 0.980784 0.195094 0
    outer loop
      vertex 1.01711 2.73895 0
      vertex 1.06815 2.48236 2
      vertex 1.06815 2.48236 0
    endloop
  endfacet
  facet normal 0.980784 -0.195094 0
    outer loop
      vertex 1.01711 3.26105 2
      vertex 1.06815 3.51764 0
      vertex 1.06815 3.51764 2
    endloop
  endfacet
  facet normal 0.980784 -0.195094 0
    outer loop
      vertex 1.06815 3.51764 0
      vertex 1.01711 3.26105 2
      vertex 1.01711 3.26105 0
    endloop
  endfacet
  facet normal -0.751826 -0.659362 0
    outer loop
      vertex 4.58671 4.21752 0
      vertex 4.41421 4.41421 2
      vertex 4.41421 4.41421 0
    endloop
  endfacet
  facet normal -0.751826 -0.659362 0
    outer loop
      vertex 4.41421 4.41421 2
      vertex 4.58671 4.21752 0
      vertex 4.58671 4.21752 2
    endloop
  endfacet
  facet normal -0.0654027 -0.997859 0
    outer loop
      vertex 3 5 0
      vertex 3.26105 4.98289 2
      vertex 3 5 2
    endloop
  endfacet
  facet normal -0.0654027 -0.997859 -0
    outer loop
      vertex 3.26105 4.98289 2
      vertex 3 5 0
      vertex 3.26105 4.98289 0
    endloop
  endfacet
  facet normal 0.946934 0.321429 0
    outer loop
      vertex 1.15224 2.23463 2
      vertex 1.06815 2.48236 0
      vertex 1.06815 2.48236 2
    endloop
  endfacet
  facet normal 0.946934 0.321429 0
    outer loop
      vertex 1.06815 2.48236 0
      vertex 1.15224 2.23463 2
      vertex 1.15224 2.23463 0
    endloop
  endfacet
  facet normal -0.831474 -0.555564 0
    outer loop
      vertex 4.73205 4 0
      vertex 4.58671 4.21752 2
      vertex 4.58671 4.21752 0
    endloop
  endfacet
  facet normal -0.831474 -0.555564 0
    outer loop
      vertex 4.58671 4.21752 2
      vertex 4.73205 4 0
      vertex 4.73205 4 2
    endloop
  endfacet
  facet normal -0.555564 -0.831474 0
    outer loop
      vertex 4 4.73205 0
      vertex 4.21752 4.58671 2
      vertex 4 4.73205 2
    endloop
  endfacet
  facet normal -0.555564 -0.831474 -0
    outer loop
      vertex 4.21752 4.58671 2
      vertex 4 4.73205 0
      vertex 4.21752 4.58671 0
    endloop
  endfacet
  facet normal 0.321429 -0.946934 0
    outer loop
      vertex 2.23463 4.84776 0
      vertex 2.48236 4.93185 2
      vertex 2.23463 4.84776 2
    endloop
  endfacet
  facet normal 0.321429 -0.946934 0
    outer loop
      vertex 2.48236 4.93185 2
      vertex 2.23463 4.84776 0
      vertex 2.48236 4.93185 0
    endloop
  endfacet
  facet normal -0.997859 0.0654027 0
    outer loop
      vertex 4.98289 2.73895 0
      vertex 5 3 2
      vertex 5 3 0
    endloop
  endfacet
  facet normal -0.997859 0.0654027 0
    outer loop
      vertex 5 3 2
      vertex 4.98289 2.73895 0
      vertex 4.98289 2.73895 2
    endloop
  endfacet
  facet normal 0.997859 -0.0654027 0
    outer loop
      vertex 1 3 2
      vertex 1.01711 3.26105 0
      vertex 1.01711 3.26105 2
    endloop
  endfacet
  facet normal 0.997859 -0.0654027 0
    outer loop
      vertex 1.01711 3.26105 0
      vertex 1 3 2
      vertex 1 3 0
    endloop
  endfacet
  facet normal -0.442299 0.896868 0
    outer loop
      vertex 4 1.26795 0
      vertex 3.76537 1.15224 2
      vertex 4 1.26795 2
    endloop
  endfacet
  facet normal -0.442299 0.896868 0
    outer loop
      vertex 3.76537 1.15224 2
      vertex 4 1.26795 0
      vertex 3.76537 1.15224 0
    endloop
  endfacet
  facet normal -0.896868 0.442299 0
    outer loop
      vertex 4.73205 2 0
      vertex 4.84776 2.23463 2
      vertex 4.84776 2.23463 0
    endloop
  endfacet
  facet normal -0.896868 0.442299 0
    outer loop
      vertex 4.84776 2.23463 2
      vertex 4.73205 2 0
      vertex 4.73205 2 2
    endloop
  endfacet
  facet normal -0.831474 0.555564 0
    outer loop
      vertex 4.58671 1.78248 0
      vertex 4.73205 2 2
      vertex 4.73205 2 0
    endloop
  endfacet
  facet normal -0.831474 0.555564 0
    outer loop
      vertex 4.73205 2 2
      vertex 4.58671 1.78248 0
      vertex 4.58671 1.78248 2
    endloop
  endfacet
  facet normal 0.195094 -0.980784 0
    outer loop
      vertex 2.48236 4.93185 0
      vertex 2.73895 4.98289 2
      vertex 2.48236 4.93185 2
    endloop
  endfacet
  facet normal 0.195094 -0.980784 0
    outer loop
      vertex 2.73895 4.98289 2
      vertex 2.48236 4.93185 0
      vertex 2.73895 4.98289 0
    endloop
  endfacet
  facet normal 0.442299 -0.896868 0
    outer loop
      vertex 2 4.73205 0
      vertex 2.23463 4.84776 2
      vertex 2 4.73205 2
    endloop
  endfacet
  facet normal 0.442299 -0.896868 0
    outer loop
      vertex 2.23463 4.84776 2
      vertex 2 4.73205 0
      vertex 2.23463 4.84776 0
    endloop
  endfacet
  facet normal 0.831474 0.555564 0
    outer loop
      vertex 1.41329 1.78248 2
      vertex 1.26795 2 0
      vertex 1.26795 2 2
    endloop
  endfacet
  facet normal 0.831474 0.555564 0
    outer loop
      vertex 1.26795 2 0
      vertex 1.41329 1.78248 2
      vertex 1.41329 1.78248 0
    endloop
  endfacet
  facet normal -0.195094 -0.980784 0
    outer loop
      vertex 3.26105 4.98289 0
      vertex 3.51764 4.93185 2
      vertex 3.26105 4.98289 2
    endloop
  endfacet
  facet normal -0.195094 -0.980784 -0
    outer loop
      vertex 3.51764 4.93185 2
      vertex 3.26105 4.98289 0
      vertex 3.51764 4.93185 0
    endloop
  endfacet
  facet normal -0.555564 0.831474 0
    outer loop
      vertex 4.21752 1.41329 0
      vertex 4 1.26795 2
      vertex 4.21752 1.41329 2
    endloop
  endfacet
  facet normal -0.555564 0.831474 0
    outer loop
      vertex 4 1.26795 2
      vertex 4.21752 1.41329 0
      vertex 4 1.26795 0
    endloop
  endfacet
  facet normal -0.321429 -0.946934 0
    outer loop
      vertex 3.51764 4.93185 0
      vertex 3.76537 4.84776 2
      vertex 3.51764 4.93185 2
    endloop
  endfacet
  facet normal -0.321429 -0.946934 -0
    outer loop
      vertex 3.76537 4.84776 2
      vertex 3.51764 4.93185 0
      vertex 3.76537 4.84776 0
    endloop
  endfacet
  facet normal 0.997859 0.0654027 0
    outer loop
      vertex 1.01711 2.73895 2
      vertex 1 3 0
      vertex 1 3 2
    endloop
  endfacet
  facet normal 0.997859 0.0654027 0
    outer loop
      vertex 1 3 0
      vertex 1.01711 2.73895 2
      vertex 1.01711 2.73895 0
    endloop
  endfacet
  facet normal -0.896868 -0.442299 0
    outer loop
      vertex 4.84776 3.76537 0
      vertex 4.73205 4 2
      vertex 4.73205 4 0
    endloop
  endfacet
  facet normal -0.896868 -0.442299 0
    outer loop
      vertex 4.73205 4 2
      vertex 4.84776 3.76537 0
      vertex 4.84776 3.76537 2
    endloop
  endfacet
  facet normal 0.195094 0.980784 -0
    outer loop
      vertex 2.73895 1.01711 0
      vertex 2.48236 1.06815 2
      vertex 2.73895 1.01711 2
    endloop
  endfacet
  facet normal 0.195094 0.980784 0
    outer loop
      vertex 2.48236 1.06815 2
      vertex 2.73895 1.01711 0
      vertex 2.48236 1.06815 0
    endloop
  endfacet
  facet normal -0.946934 -0.321429 0
    outer loop
      vertex 4.93185 3.51764 0
      vertex 4.84776 3.76537 2
      vertex 4.84776 3.76537 0
    endloop
  endfacet
  facet normal -0.946934 -0.321429 0
    outer loop
      vertex 4.84776 3.76537 2
      vertex 4.93185 3.51764 0
      vertex 4.93185 3.51764 2
    endloop
  endfacet
  facet normal -0.321429 0.946934 0
    outer loop
      vertex 3.76537 1.15224 0
      vertex 3.51764 1.06815 2
      vertex 3.76537 1.15224 2
    endloop
  endfacet
  facet normal -0.321429 0.946934 0
    outer loop
      vertex 3.51764 1.06815 2
      vertex 3.76537 1.15224 0
      vertex 3.51764 1.06815 0
    endloop
  endfacet
  facet normal 0.659362 0.751826 -0
    outer loop
      vertex 1.78248 1.41329 0
      vertex 1.58579 1.58579 2
      vertex 1.78248 1.41329 2
    endloop
  endfacet
  facet normal 0.659362 0.751826 0
    outer loop
      vertex 1.58579 1.58579 2
      vertex 1.78248 1.41329 0
      vertex 1.58579 1.58579 0
    endloop
  endfacet
  facet normal 0.831474 -0.555564 0
    outer loop
      vertex 1.26795 4 2
      vertex 1.41329 4.21752 0
      vertex 1.41329 4.21752 2
    endloop
  endfacet
  facet normal 0.831474 -0.555564 0
    outer loop
      vertex 1.41329 4.21752 0
      vertex 1.26795 4 2
      vertex 1.26795 4 0
    endloop
  endfacet
  facet normal 0.0654027 0.997859 -0
    outer loop
      vertex 3 1 0
      vertex 2.73895 1.01711 2
      vertex 3 1 2
    endloop
  endfacet
  facet normal 0.0654027 0.997859 0
    outer loop
      vertex 2.73895 1.01711 2
      vertex 3 1 0
      vertex 2.73895 1.01711 0
    endloop
  endfacet
  facet normal 0.442299 0.896868 -0
    outer loop
      vertex 2.23463 1.15224 0
      vertex 2 1.26795 2
      vertex 2.23463 1.15224 2
    endloop
  endfacet
  facet normal 0.442299 0.896868 0
    outer loop
      vertex 2 1.26795 2
      vertex 2.23463 1.15224 0
      vertex 2 1.26795 0
    endloop
  endfacet
  facet normal 0 0 -1
    outer loop
      vertex 4.98289 2.73895 2
      vertex 4.98289 3.26105 2
      vertex 5 3 2
    endloop
  endfacet
  facet normal 0 0 -1
    outer loop
      vertex 4.93185 2.48236 2
      vertex 4.98289 3.26105 2
      vertex 4.98289 2.73895 2
    endloop
  endfacet
  facet normal 0 0 -1
    outer loop
      vertex 4.93185 2.48236 2
      vertex 4.93185 3.51764 2
      vertex 4.98289 3.26105 2
    endloop
  endfacet
  facet normal 0 0 -1
    outer loop
      vertex 4.84776 2.23463 2
      vertex 4.93185 3.51764 2
      vertex 4.93185 2.48236 2
    endloop
  endfacet
  facet normal 0 0 -1
    outer loop
      vertex 4.84776 2.23463 2
      vertex 4.84776 3.76537 2
      vertex 4.93185 3.51764 2
    endloop
  endfacet
  facet normal 0 0 -1
    outer loop
      vertex 4.73205 2 2
      vertex 4.84776 3.76537 2
      vertex 4.84776 2.23463 2
    endloop
  endfacet
  facet normal 0 0 -1
    outer loop
      vertex 4.73205 2 2
      vertex 4.73205 4 2
      vertex 4.84776 3.76537 2
    endloop
  endfacet
  facet normal 0 0 -1
    outer loop
      vertex 4.58671 1.78248 2
      vertex 4.73205 4 2
      vertex 4.73205 2 2
    endloop
  endfacet
  facet normal 0 0 -1
    outer loop
      vertex 4.58671 1.78248 2
      vertex 4.58671 4.21752 2
      vertex 4.73205 4 2
    endloop
  endfacet
  facet normal 0 0 -1
    outer loop
      vertex 4.41421 1.58579 2
      vertex 4.58671 4.21752 2
      vertex 4.58671 1.78248 2
    endloop
  endfacet
  facet normal 0 0 -1
    outer loop
      vertex 4.41421 1.58579 2
      vertex 4.41421 4.41421 2
      vertex 4.58671 4.21752 2
    endloop
  endfacet
  facet normal 0 0 -1
    outer loop
      vertex 4.21752 1.41329 2
      vertex 4.41421 4.41421 2
      vertex 4.41421 1.58579 2
    endloop
  endfacet
  facet normal 0 0 -1
    outer loop
      vertex 4.21752 1.41329 2
      vertex 4.21752 4.58671 2
      vertex 4.41421 4.41421 2
    endloop
  endfacet
  facet normal 0 0 -1
    outer loop
      vertex 4 1.26795 2
      vertex 4.21752 4.58671 2
      vertex 4.21752 1.41329 2
    endloop
  endfacet
  facet normal 0 0 -1
    outer loop
      vertex 4 1.26795 2
      vertex 4 4.73205 2
      vertex 4.21752 4.58671 2
    endloop
  endfacet
  facet normal 0 0 -1
    outer loop
      vertex 3.76537 1.15224 2
      vertex 4 4.73205 2
      vertex 4 1.26795 2
    endloop
  endfacet
  facet normal 0 0 -1
    outer loop
      vertex 3.76537 1.15224 2
      vertex 3.76537 4.84776 2
      vertex 4 4.73205 2
    endloop
  endfacet
  facet normal 0 0 -1
    outer loop
      vertex 3.51764 1.06815 2
      vertex 3.76537 4.84776 2
      vertex 3.76537 1.15224 2
    endloop
  endfacet
  facet normal 0 0 -1
    outer loop
      vertex 3.51764 1.06815 2
      vertex 3.51764 4.93185 2
      vertex 3.76537 4.84776 2
    endloop
  endfacet
  facet normal 0 0 -1
    outer loop
      vertex 3.26105 1.01711 2
      vertex 3.51764 4.93185 2
      vertex 3.51764 1.06815 2
    endloop
  endfacet
  facet normal 0 0 -1
    outer loop
      vertex 3.26105 1.01711 2
      vertex 3.26105 4.98289 2
      vertex 3.51764 4.93185 2
    endloop
  endfacet
  facet normal 0 0 -1
    outer loop
      vertex 3 1 2
      vertex 3.26105 4.98289 2
      vertex 3.26105 1.01711 2
    endloop
  endfacet
  facet normal 0 0 -1
    outer loop
      vertex 3 1 2
      vertex 3 5 2
      vertex 3.26105 4.98289 2
    endloop
  endfacet
  facet normal 0 0 -1
    outer loop
      vertex 2.73895 1.01711 2
      vertex 3 5 2
      vertex 3 1 2
    endloop
  endfacet
  facet normal 0 0 -1
    outer loop
      vertex 2.73895 1.01711 2
      vertex 2.73895 4.98289 2
      vertex 3 5 2
    endloop
  endfacet
  facet normal 0 0 -1
    outer loop
      vertex 2.48236 1.06815 2
      vertex 2.73895 4.98289 2
      vertex 2.73895 1.01711 2
    endloop
  endfacet
  facet normal 0 0 -1
    outer loop
      vertex 2.48236 1.06815 2
      vertex 2.48236 4.93185 2
      vertex 2.73895 4.98289 2
    endloop
  endfacet
  facet normal 0 0 -1
    outer loop
      vertex 2.23463 1.15224 2
      vertex 2.48236 4.93185 2
      vertex 2.48236 1.06815 2
    endloop
  endfacet
  facet normal 0 0 -1
    outer loop
      vertex 2.23463 1.15224 2
      vertex 2.23463 4.84776 2
      vertex 2.48236 4.93185 2
    endloop
  endfacet
  facet normal 0 0 -1
    outer loop
      vertex 2 1.26795 2
      vertex 2.23463 4.84776 2
      vertex 2.23463 1.15224 2
    endloop
  endfacet
  facet normal 0 0 -1
    outer loop
      vertex 2 1.26795 2
      vertex 2 4.73205 2
      vertex 2.23463 4.84776 2
    endloop
  endfacet
  facet normal 0 0 -1
    outer loop
      vertex 1.78248 1.41329 2
      vertex 2 4.73205 2
      vertex 2 1.26795 2
    endloop
  endfacet
  facet normal 0 0 -1
    outer loop
      vertex 1.78248 1.41329 2
      vertex 1.78248 4.58671 2
      vertex 2 4.73205 2
    endloop
  endfacet
  facet normal 0 0 -1
    outer loop
      vertex 1.58579 1.58579 2
      vertex 1.78248 4.58671 2
      vertex 1.78248 1.41329 2
    endloop
  endfacet
  facet normal 0 0 -1
    outer loop
      vertex 1.58579 1.58579 2
      vertex 1.58579 4.41421 2
      vertex 1.78248 4.58671 2
    endloop
  endfacet
  facet normal 0 0 -1
    outer loop
      vertex 1.41329 1.78248 2
      vertex 1.58579 4.41421 2
      vertex 1.58579 1.58579 2
    endloop
  endfacet
  facet normal 0 0 -1
    outer loop
      vertex 1.41329 1.78248 2
      vertex 1.41329 4.21752 2
      vertex 1.58579 4.41421 2
    endloop
  endfacet
  facet normal 0 0 -1
    outer loop
      vertex 1.26795 2 2
      vertex 1.41329 4.21752 2
      vertex 1.41329 1.78248 2
    endloop
  endfacet
  facet normal 0 0 -1
    outer loop
      vertex 1.26795 2 2
      vertex 1.26795 4 2
      vertex 1.41329 4.21752 2
    endloop
  endfacet
  facet normal 0 0 -1
    outer loop
      vertex 1.15224 2.23463 2
      vertex 1.26795 4 2
      vertex 1.26795 2 2
    endloop
  endfacet
  facet normal 0 0 -1
    outer loop
      vertex 1.15224 2.23463 2
      vertex 1.15224 3.76537 2
      vertex 1.26795 4 2
    endloop
  endfacet
  facet normal 0 0 -1
    outer loop
      vertex 1.06815 2.48236 2
      vertex 1.15224 3.76537 2
      vertex 1.15224 2.23463 2
    endloop
  endfacet
  facet normal 0 0 -1
    outer loop
      vertex 1.06815 2.48236 2
      vertex 1.06815 3.51764 2
      vertex 1.15224 3.76537 2
    endloop
  endfacet
  facet normal 0 0 -1
    outer loop
      vertex 1.01711 2.73895 2
      vertex 1.06815 3.51764 2
      vertex 1.06815 2.48236 2
    endloop
  endfacet
  facet normal 0 0 -1
    outer loop
      vertex 1.01711 2.73895 2
      vertex 1.01711 3.26105 2
      vertex 1.06815 3.51764 2
    endloop
  endfacet
  facet normal 0 -0 -1
    outer loop
      vertex 1.01711 3.26105 2
      vertex 1.01711 2.73895 2
      vertex 1 3 2
    endloop
  endfacet
  facet normal -0.980814 0.194947 0
    outer loop
      vertex 28.9319 2.48236 0
      vertex 28.9829 2.73895 2
      vertex 28.9829 2.73895 0
    endloop
  endfacet
  facet normal -0.980814 0.194947 0
    outer loop
      vertex 28.9829 2.73895 2
      vertex 28.9319 2.48236 0
      vertex 28.9319 2.48236 2
    endloop
  endfacet
  facet normal -0.19516 0.980771 0
    outer loop
      vertex 27.5176 1.06815 0
      vertex 27.2611 1.01711 2
      vertex 27.5176 1.06815 2
    endloop
  endfacet
  facet normal -0.19516 0.980771 0
    outer loop
      vertex 27.2611 1.01711 2
      vertex 27.5176 1.06815 0
      vertex 27.2611 1.01711 0
    endloop
  endfacet
  facet normal -0.980814 -0.194947 0
    outer loop
      vertex 28.9829 3.26105 0
      vertex 28.9319 3.51764 2
      vertex 28.9319 3.51764 0
    endloop
  endfacet
  facet normal -0.980814 -0.194947 0
    outer loop
      vertex 28.9319 3.51764 2
      vertex 28.9829 3.26105 0
      vertex 28.9829 3.26105 2
    endloop
  endfacet
  facet normal -0.997861 -0.0653646 0
    outer loop
      vertex 29 3 0
      vertex 28.9829 3.26105 2
      vertex 28.9829 3.26105 0
    endloop
  endfacet
  facet normal -0.997861 -0.0653646 0
    outer loop
      vertex 28.9829 3.26105 2
      vertex 29 3 0
      vertex 29 3 2
    endloop
  endfacet
  facet normal 0.5556 0.83145 -0
    outer loop
      vertex 26 1.26795 0
      vertex 25.7825 1.41329 2
      vertex 26 1.26795 2
    endloop
  endfacet
  facet normal 0.5556 0.83145 0
    outer loop
      vertex 25.7825 1.41329 2
      vertex 26 1.26795 0
      vertex 25.7825 1.41329 0
    endloop
  endfacet
  facet normal 0.896883 -0.442268 0
    outer loop
      vertex 25.1522 3.76537 2
      vertex 25.2679 4 0
      vertex 25.2679 4 2
    endloop
  endfacet
  facet normal 0.896883 -0.442268 0
    outer loop
      vertex 25.2679 4 0
      vertex 25.1522 3.76537 2
      vertex 25.1522 3.76537 0
    endloop
  endfacet
  facet normal 0.751826 0.659362 0
    outer loop
      vertex 25.5858 1.58579 2
      vertex 25.4133 1.78248 0
      vertex 25.4133 1.78248 2
    endloop
  endfacet
  facet normal 0.751826 0.659362 0
    outer loop
      vertex 25.4133 1.78248 0
      vertex 25.5858 1.58579 2
      vertex 25.5858 1.58579 0
    endloop
  endfacet
  facet normal 0.321348 0.946961 -0
    outer loop
      vertex 26.4824 1.06815 0
      vertex 26.2346 1.15224 2
      vertex 26.4824 1.06815 2
    endloop
  endfacet
  facet normal 0.321348 0.946961 0
    outer loop
      vertex 26.2346 1.15224 2
      vertex 26.4824 1.06815 0
      vertex 26.2346 1.15224 0
    endloop
  endfacet
  facet normal 0.751826 -0.659362 0
    outer loop
      vertex 25.4133 4.21752 2
      vertex 25.5858 4.41421 0
      vertex 25.5858 4.41421 2
    endloop
  endfacet
  facet normal 0.751826 -0.659362 0
    outer loop
      vertex 25.5858 4.41421 0
      vertex 25.4133 4.21752 2
      vertex 25.4133 4.21752 0
    endloop
  endfacet
  facet normal 0.5556 -0.83145 0
    outer loop
      vertex 25.7825 4.58671 0
      vertex 26 4.73205 2
      vertex 25.7825 4.58671 2
    endloop
  endfacet
  facet normal 0.5556 -0.83145 0
    outer loop
      vertex 26 4.73205 2
      vertex 25.7825 4.58671 0
      vertex 26 4.73205 0
    endloop
  endfacet
  facet normal -0.751826 0.659362 0
    outer loop
      vertex 28.4142 1.58579 0
      vertex 28.5867 1.78248 2
      vertex 28.5867 1.78248 0
    endloop
  endfacet
  facet normal -0.751826 0.659362 0
    outer loop
      vertex 28.5867 1.78248 2
      vertex 28.4142 1.58579 0
      vertex 28.4142 1.58579 2
    endloop
  endfacet
  facet normal 0.659343 -0.751842 0
    outer loop
      vertex 25.5858 4.41421 0
      vertex 25.7825 4.58671 2
      vertex 25.5858 4.41421 2
    endloop
  endfacet
  facet normal 0.659343 -0.751842 0
    outer loop
      vertex 25.7825 4.58671 2
      vertex 25.5858 4.41421 0
      vertex 25.7825 4.58671 0
    endloop
  endfacet
  facet normal -0.442344 -0.896845 0
    outer loop
      vertex 27.7654 4.84776 0
      vertex 28 4.73205 2
      vertex 27.7654 4.84776 2
    endloop
  endfacet
  facet normal -0.442344 -0.896845 -0
    outer loop
      vertex 28 4.73205 2
      vertex 27.7654 4.84776 0
      vertex 28 4.73205 0
    endloop
  endfacet
  facet normal -0.946922 0.321463 0
    outer loop
      vertex 28.8478 2.23463 0
      vertex 28.9319 2.48236 2
      vertex 28.9319 2.48236 0
    endloop
  endfacet
  facet normal -0.946922 0.321463 0
    outer loop
      vertex 28.9319 2.48236 2
      vertex 28.8478 2.23463 0
      vertex 28.8478 2.23463 2
    endloop
  endfacet
  facet normal -0.659343 -0.751842 0
    outer loop
      vertex 28.2175 4.58671 0
      vertex 28.4142 4.41421 2
      vertex 28.2175 4.58671 2
    endloop
  endfacet
  facet normal -0.659343 -0.751842 -0
    outer loop
      vertex 28.4142 4.41421 2
      vertex 28.2175 4.58671 0
      vertex 28.4142 4.41421 0
    endloop
  endfacet
  facet normal -0.659343 0.751842 0
    outer loop
      vertex 28.4142 1.58579 0
      vertex 28.2175 1.41329 2
      vertex 28.4142 1.58579 2
    endloop
  endfacet
  facet normal -0.659343 0.751842 0
    outer loop
      vertex 28.2175 1.41329 2
      vertex 28.4142 1.58579 0
      vertex 28.2175 1.41329 0
    endloop
  endfacet
  facet normal -0.0653902 0.99786 0
    outer loop
      vertex 27.2611 1.01711 0
      vertex 27 1 2
      vertex 27.2611 1.01711 2
    endloop
  endfacet
  facet normal -0.0653902 0.99786 0
    outer loop
      vertex 27 1 2
      vertex 27.2611 1.01711 0
      vertex 27 1 0
    endloop
  endfacet
  facet normal -0.831544 0.555459 0
    outer loop
      vertex 28.5867 1.78248 0
      vertex 28.732 2 2
      vertex 28.732 2 0
    endloop
  endfacet
  facet normal -0.831544 0.555459 0
    outer loop
      vertex 28.732 2 2
      vertex 28.5867 1.78248 0
      vertex 28.5867 1.78248 2
    endloop
  endfacet
  facet normal 0.946922 -0.321463 0
    outer loop
      vertex 25.0681 3.51764 2
      vertex 25.1522 3.76537 0
      vertex 25.1522 3.76537 2
    endloop
  endfacet
  facet normal 0.946922 -0.321463 0
    outer loop
      vertex 25.1522 3.76537 0
      vertex 25.0681 3.51764 2
      vertex 25.0681 3.51764 0
    endloop
  endfacet
  facet normal 0.0653902 -0.99786 0
    outer loop
      vertex 26.7389 4.98289 0
      vertex 27 5 2
      vertex 26.7389 4.98289 2
    endloop
  endfacet
  facet normal 0.0653902 -0.99786 0
    outer loop
      vertex 27 5 2
      vertex 26.7389 4.98289 0
      vertex 27 5 0
    endloop
  endfacet
  facet normal 0.980814 0.194947 0
    outer loop
      vertex 25.0681 2.48236 2
      vertex 25.0171 2.73895 0
      vertex 25.0171 2.73895 2
    endloop
  endfacet
  facet normal 0.980814 0.194947 0
    outer loop
      vertex 25.0171 2.73895 0
      vertex 25.0681 2.48236 2
      vertex 25.0681 2.48236 0
    endloop
  endfacet
  facet normal 0.980814 -0.194947 0
    outer loop
      vertex 25.0171 3.26105 2
      vertex 25.0681 3.51764 0
      vertex 25.0681 3.51764 2
    endloop
  endfacet
  facet normal 0.980814 -0.194947 0
    outer loop
      vertex 25.0681 3.51764 0
      vertex 25.0171 3.26105 2
      vertex 25.0171 3.26105 0
    endloop
  endfacet
  facet normal -0.751826 -0.659362 0
    outer loop
      vertex 28.5867 4.21752 0
      vertex 28.4142 4.41421 2
      vertex 28.4142 4.41421 0
    endloop
  endfacet
  facet normal -0.751826 -0.659362 0
    outer loop
      vertex 28.4142 4.41421 2
      vertex 28.5867 4.21752 0
      vertex 28.5867 4.21752 2
    endloop
  endfacet
  facet normal -0.0653902 -0.99786 0
    outer loop
      vertex 27 5 0
      vertex 27.2611 4.98289 2
      vertex 27 5 2
    endloop
  endfacet
  facet normal -0.0653902 -0.99786 -0
    outer loop
      vertex 27.2611 4.98289 2
      vertex 27 5 0
      vertex 27.2611 4.98289 0
    endloop
  endfacet
  facet normal 0.946922 0.321463 0
    outer loop
      vertex 25.1522 2.23463 2
      vertex 25.0681 2.48236 0
      vertex 25.0681 2.48236 2
    endloop
  endfacet
  facet normal 0.946922 0.321463 0
    outer loop
      vertex 25.0681 2.48236 0
      vertex 25.1522 2.23463 2
      vertex 25.1522 2.23463 0
    endloop
  endfacet
  facet normal -0.831544 -0.555459 0
    outer loop
      vertex 28.732 4 0
      vertex 28.5867 4.21752 2
      vertex 28.5867 4.21752 0
    endloop
  endfacet
  facet normal -0.831544 -0.555459 0
    outer loop
      vertex 28.5867 4.21752 2
      vertex 28.732 4 0
      vertex 28.732 4 2
    endloop
  endfacet
  facet normal 0.321348 -0.946961 0
    outer loop
      vertex 26.2346 4.84776 0
      vertex 26.4824 4.93185 2
      vertex 26.2346 4.84776 2
    endloop
  endfacet
  facet normal 0.321348 -0.946961 0
    outer loop
      vertex 26.4824 4.93185 2
      vertex 26.2346 4.84776 0
      vertex 26.4824 4.93185 0
    endloop
  endfacet
  facet normal -0.997861 0.0653646 0
    outer loop
      vertex 28.9829 2.73895 0
      vertex 29 3 2
      vertex 29 3 0
    endloop
  endfacet
  facet normal -0.997861 0.0653646 0
    outer loop
      vertex 29 3 2
      vertex 28.9829 2.73895 0
      vertex 28.9829 2.73895 2
    endloop
  endfacet
  facet normal 0.997861 -0.0653646 0
    outer loop
      vertex 25 3 2
      vertex 25.0171 3.26105 0
      vertex 25.0171 3.26105 2
    endloop
  endfacet
  facet normal 0.997861 -0.0653646 0
    outer loop
      vertex 25.0171 3.26105 0
      vertex 25 3 2
      vertex 25 3 0
    endloop
  endfacet
  facet normal -0.5556 -0.83145 0
    outer loop
      vertex 28 4.73205 0
      vertex 28.2175 4.58671 2
      vertex 28 4.73205 2
    endloop
  endfacet
  facet normal -0.5556 -0.83145 -0
    outer loop
      vertex 28.2175 4.58671 2
      vertex 28 4.73205 0
      vertex 28.2175 4.58671 0
    endloop
  endfacet
  facet normal -0.442344 0.896845 0
    outer loop
      vertex 28 1.26795 0
      vertex 27.7654 1.15224 2
      vertex 28 1.26795 2
    endloop
  endfacet
  facet normal -0.442344 0.896845 0
    outer loop
      vertex 27.7654 1.15224 2
      vertex 28 1.26795 0
      vertex 27.7654 1.15224 0
    endloop
  endfacet
  facet normal -0.896731 0.442575 0
    outer loop
      vertex 28.732 2 0
      vertex 28.8478 2.23463 2
      vertex 28.8478 2.23463 0
    endloop
  endfacet
  facet normal -0.896731 0.442575 0
    outer loop
      vertex 28.8478 2.23463 2
      vertex 28.732 2 0
      vertex 28.732 2 2
    endloop
  endfacet
  facet normal 0.19516 -0.980771 0
    outer loop
      vertex 26.4824 4.93185 0
      vertex 26.7389 4.98289 2
      vertex 26.4824 4.93185 2
    endloop
  endfacet
  facet normal 0.19516 -0.980771 0
    outer loop
      vertex 26.7389 4.98289 2
      vertex 26.4824 4.93185 0
      vertex 26.7389 4.98289 0
    endloop
  endfacet
  facet normal 0.442344 -0.896845 0
    outer loop
      vertex 26 4.73205 0
      vertex 26.2346 4.84776 2
      vertex 26 4.73205 2
    endloop
  endfacet
  facet normal 0.442344 -0.896845 0
    outer loop
      vertex 26.2346 4.84776 2
      vertex 26 4.73205 0
      vertex 26.2346 4.84776 0
    endloop
  endfacet
  facet normal 0.831368 0.555723 0
    outer loop
      vertex 25.4133 1.78248 2
      vertex 25.2679 2 0
      vertex 25.2679 2 2
    endloop
  endfacet
  facet normal 0.831368 0.555723 0
    outer loop
      vertex 25.2679 2 0
      vertex 25.4133 1.78248 2
      vertex 25.4133 1.78248 0
    endloop
  endfacet
  facet normal -0.19516 -0.980771 0
    outer loop
      vertex 27.2611 4.98289 0
      vertex 27.5176 4.93185 2
      vertex 27.2611 4.98289 2
    endloop
  endfacet
  facet normal -0.19516 -0.980771 -0
    outer loop
      vertex 27.5176 4.93185 2
      vertex 27.2611 4.98289 0
      vertex 27.5176 4.93185 0
    endloop
  endfacet
  facet normal -0.5556 0.83145 0
    outer loop
      vertex 28.2175 1.41329 0
      vertex 28 1.26795 2
      vertex 28.2175 1.41329 2
    endloop
  endfacet
  facet normal -0.5556 0.83145 0
    outer loop
      vertex 28 1.26795 2
      vertex 28.2175 1.41329 0
      vertex 28 1.26795 0
    endloop
  endfacet
  facet normal -0.321348 -0.946961 0
    outer loop
      vertex 27.5176 4.93185 0
      vertex 27.7654 4.84776 2
      vertex 27.5176 4.93185 2
    endloop
  endfacet
  facet normal -0.321348 -0.946961 -0
    outer loop
      vertex 27.7654 4.84776 2
      vertex 27.5176 4.93185 0
      vertex 27.7654 4.84776 0
    endloop
  endfacet
  facet normal 0.896883 0.442268 0
    outer loop
      vertex 25.2679 2 2
      vertex 25.1522 2.23463 0
      vertex 25.1522 2.23463 2
    endloop
  endfacet
  facet normal 0.896883 0.442268 0
    outer loop
      vertex 25.1522 2.23463 0
      vertex 25.2679 2 2
      vertex 25.2679 2 0
    endloop
  endfacet
  facet normal 0.997861 0.0653646 0
    outer loop
      vertex 25.0171 2.73895 2
      vertex 25 3 0
      vertex 25 3 2
    endloop
  endfacet
  facet normal 0.997861 0.0653646 0
    outer loop
      vertex 25 3 0
      vertex 25.0171 2.73895 2
      vertex 25.0171 2.73895 0
    endloop
  endfacet
  facet normal -0.896731 -0.442575 0
    outer loop
      vertex 28.8478 3.76537 0
      vertex 28.732 4 2
      vertex 28.732 4 0
    endloop
  endfacet
  facet normal -0.896731 -0.442575 0
    outer loop
      vertex 28.732 4 2
      vertex 28.8478 3.76537 0
      vertex 28.8478 3.76537 2
    endloop
  endfacet
  facet normal -0.946922 -0.321463 0
    outer loop
      vertex 28.9319 3.51764 0
      vertex 28.8478 3.76537 2
      vertex 28.8478 3.76537 0
    endloop
  endfacet
  facet normal -0.946922 -0.321463 0
    outer loop
      vertex 28.8478 3.76537 2
      vertex 28.9319 3.51764 0
      vertex 28.9319 3.51764 2
    endloop
  endfacet
  facet normal -0.321348 0.946961 0
    outer loop
      vertex 27.7654 1.15224 0
      vertex 27.5176 1.06815 2
      vertex 27.7654 1.15224 2
    endloop
  endfacet
  facet normal -0.321348 0.946961 0
    outer loop
      vertex 27.5176 1.06815 2
      vertex 27.7654 1.15224 0
      vertex 27.5176 1.06815 0
    endloop
  endfacet
  facet normal 0.19516 0.980771 -0
    outer loop
      vertex 26.7389 1.01711 0
      vertex 26.4824 1.06815 2
      vertex 26.7389 1.01711 2
    endloop
  endfacet
  facet normal 0.19516 0.980771 0
    outer loop
      vertex 26.4824 1.06815 2
      vertex 26.7389 1.01711 0
      vertex 26.4824 1.06815 0
    endloop
  endfacet
  facet normal 0.659343 0.751842 -0
    outer loop
      vertex 25.7825 1.41329 0
      vertex 25.5858 1.58579 2
      vertex 25.7825 1.41329 2
    endloop
  endfacet
  facet normal 0.659343 0.751842 0
    outer loop
      vertex 25.5858 1.58579 2
      vertex 25.7825 1.41329 0
      vertex 25.5858 1.58579 0
    endloop
  endfacet
  facet normal 0.831368 -0.555723 0
    outer loop
      vertex 25.2679 4 2
      vertex 25.4133 4.21752 0
      vertex 25.4133 4.21752 2
    endloop
  endfacet
  facet normal 0.831368 -0.555723 0
    outer loop
      vertex 25.4133 4.21752 0
      vertex 25.2679 4 2
      vertex 25.2679 4 0
    endloop
  endfacet
  facet normal 0.0653902 0.99786 -0
    outer loop
      vertex 27 1 0
      vertex 26.7389 1.01711 2
      vertex 27 1 2
    endloop
  endfacet
  facet normal 0.0653902 0.99786 0
    outer loop
      vertex 26.7389 1.01711 2
      vertex 27 1 0
      vertex 26.7389 1.01711 0
    endloop
  endfacet
  facet normal 0.442344 0.896845 -0
    outer loop
      vertex 26.2346 1.15224 0
      vertex 26 1.26795 2
      vertex 26.2346 1.15224 2
    endloop
  endfacet
  facet normal 0.442344 0.896845 0
    outer loop
      vertex 26 1.26795 2
      vertex 26.2346 1.15224 0
      vertex 26 1.26795 0
    endloop
  endfacet
  facet normal 0 0 -1
    outer loop
      vertex 28.9829 2.73895 2
      vertex 28.9829 3.26105 2
      vertex 29 3 2
    endloop
  endfacet
  facet normal 0 0 -1
    outer loop
      vertex 28.9319 2.48236 2
      vertex 28.9829 3.26105 2
      vertex 28.9829 2.73895 2
    endloop
  endfacet
  facet normal 0 0 -1
    outer loop
      vertex 28.9319 2.48236 2
      vertex 28.9319 3.51764 2
      vertex 28.9829 3.26105 2
    endloop
  endfacet
  facet normal 0 0 -1
    outer loop
      vertex 28.8478 2.23463 2
      vertex 28.9319 3.51764 2
      vertex 28.9319 2.48236 2
    endloop
  endfacet
  facet normal 0 0 -1
    outer loop
      vertex 28.8478 2.23463 2
      vertex 28.8478 3.76537 2
      vertex 28.9319 3.51764 2
    endloop
  endfacet
  facet normal 0 0 -1
    outer loop
      vertex 28.732 2 2
      vertex 28.8478 3.76537 2
      vertex 28.8478 2.23463 2
    endloop
  endfacet
  facet normal 0 0 -1
    outer loop
      vertex 28.732 2 2
      vertex 28.732 4 2
      vertex 28.8478 3.76537 2
    endloop
  endfacet
  facet normal 0 0 -1
    outer loop
      vertex 28.5867 1.78248 2
      vertex 28.732 4 2
      vertex 28.732 2 2
    endloop
  endfacet
  facet normal 0 0 -1
    outer loop
      vertex 28.5867 1.78248 2
      vertex 28.5867 4.21752 2
      vertex 28.732 4 2
    endloop
  endfacet
  facet normal 0 0 -1
    outer loop
      vertex 28.4142 1.58579 2
      vertex 28.5867 4.21752 2
      vertex 28.5867 1.78248 2
    endloop
  endfacet
  facet normal 0 0 -1
    outer loop
      vertex 28.4142 1.58579 2
      vertex 28.4142 4.41421 2
      vertex 28.5867 4.21752 2
    endloop
  endfacet
  facet normal 0 0 -1
    outer loop
      vertex 28.2175 1.41329 2
      vertex 28.4142 4.41421 2
      vertex 28.4142 1.58579 2
    endloop
  endfacet
  facet normal 0 0 -1
    outer loop
      vertex 28.2175 1.41329 2
      vertex 28.2175 4.58671 2
      vertex 28.4142 4.41421 2
    endloop
  endfacet
  facet normal 0 0 -1
    outer loop
      vertex 28 1.26795 2
      vertex 28.2175 4.58671 2
      vertex 28.2175 1.41329 2
    endloop
  endfacet
  facet normal 0 0 -1
    outer loop
      vertex 28 1.26795 2
      vertex 28 4.73205 2
      vertex 28.2175 4.58671 2
    endloop
  endfacet
  facet normal 0 0 -1
    outer loop
      vertex 27.7654 1.15224 2
      vertex 28 4.73205 2
      vertex 28 1.26795 2
    endloop
  endfacet
  facet normal 0 0 -1
    outer loop
      vertex 27.7654 1.15224 2
      vertex 27.7654 4.84776 2
      vertex 28 4.73205 2
    endloop
  endfacet
  facet normal 0 0 -1
    outer loop
      vertex 27.5176 1.06815 2
      vertex 27.7654 4.84776 2
      vertex 27.7654 1.15224 2
    endloop
  endfacet
  facet normal 0 0 -1
    outer loop
      vertex 27.5176 1.06815 2
      vertex 27.5176 4.93185 2
      vertex 27.7654 4.84776 2
    endloop
  endfacet
  facet normal 0 0 -1
    outer loop
      vertex 27.2611 1.01711 2
      vertex 27.5176 4.93185 2
      vertex 27.5176 1.06815 2
    endloop
  endfacet
  facet normal 0 0 -1
    outer loop
      vertex 27.2611 1.01711 2
      vertex 27.2611 4.98289 2
      vertex 27.5176 4.93185 2
    endloop
  endfacet
  facet normal 0 0 -1
    outer loop
      vertex 27 1 2
      vertex 27.2611 4.98289 2
      vertex 27.2611 1.01711 2
    endloop
  endfacet
  facet normal 0 0 -1
    outer loop
      vertex 27 1 2
      vertex 27 5 2
      vertex 27.2611 4.98289 2
    endloop
  endfacet
  facet normal 0 0 -1
    outer loop
      vertex 26.7389 1.01711 2
      vertex 27 5 2
      vertex 27 1 2
    endloop
  endfacet
  facet normal 0 0 -1
    outer loop
      vertex 26.7389 1.01711 2
      vertex 26.7389 4.98289 2
      vertex 27 5 2
    endloop
  endfacet
  facet normal 0 0 -1
    outer loop
      vertex 26.4824 1.06815 2
      vertex 26.7389 4.98289 2
      vertex 26.7389 1.01711 2
    endloop
  endfacet
  facet normal 0 0 -1
    outer loop
      vertex 26.4824 1.06815 2
      vertex 26.4824 4.93185 2
      vertex 26.7389 4.98289 2
    endloop
  endfacet
  facet normal 0 0 -1
    outer loop
      vertex 26.2346 1.15224 2
      vertex 26.4824 4.93185 2
      vertex 26.4824 1.06815 2
    endloop
  endfacet
  facet normal 0 0 -1
    outer loop
      vertex 26.2346 1.15224 2
      vertex 26.2346 4.84776 2
      vertex 26.4824 4.93185 2
    endloop
  endfacet
  facet normal 0 0 -1
    outer loop
      vertex 26 1.26795 2
      vertex 26.2346 4.84776 2
      vertex 26.2346 1.15224 2
    endloop
  endfacet
  facet normal 0 0 -1
    outer loop
      vertex 26 1.26795 2
      vertex 26 4.73205 2
      vertex 26.2346 4.84776 2
    endloop
  endfacet
  facet normal 0 0 -1
    outer loop
      vertex 25.7825 1.41329 2
      vertex 26 4.73205 2
      vertex 26 1.26795 2
    endloop
  endfacet
  facet normal 0 0 -1
    outer loop
      vertex 25.7825 1.41329 2
      vertex 25.7825 4.58671 2
      vertex 26 4.73205 2
    endloop
  endfacet
  facet normal 0 0 -1
    outer loop
      vertex 25.5858 1.58579 2
      vertex 25.7825 4.58671 2
      vertex 25.7825 1.41329 2
    endloop
  endfacet
  facet normal 0 0 -1
    outer loop
      vertex 25.5858 1.58579 2
      vertex 25.5858 4.41421 2
      vertex 25.7825 4.58671 2
    endloop
  endfacet
  facet normal 0 0 -1
    outer loop
      vertex 25.4133 1.78248 2
      vertex 25.5858 4.41421 2
      vertex 25.5858 1.58579 2
    endloop
  endfacet
  facet normal 0 0 -1
    outer loop
      vertex 25.4133 1.78248 2
      vertex 25.4133 4.21752 2
      vertex 25.5858 4.41421 2
    endloop
  endfacet
  facet normal 0 0 -1
    outer loop
      vertex 25.2679 2 2
      vertex 25.4133 4.21752 2
      vertex 25.4133 1.78248 2
    endloop
  endfacet
  facet normal 0 0 -1
    outer loop
      vertex 25.2679 2 2
      vertex 25.2679 4 2
      vertex 25.4133 4.21752 2
    endloop
  endfacet
  facet normal 0 0 -1
    outer loop
      vertex 25.1522 2.23463 2
      vertex 25.2679 4 2
      vertex 25.2679 2 2
    endloop
  endfacet
  facet normal 0 0 -1
    outer loop
      vertex 25.1522 2.23463 2
      vertex 25.1522 3.76537 2
      vertex 25.2679 4 2
    endloop
  endfacet
  facet normal 0 0 -1
    outer loop
      vertex 25.0681 2.48236 2
      vertex 25.1522 3.76537 2
      vertex 25.1522 2.23463 2
    endloop
  endfacet
  facet normal 0 0 -1
    outer loop
      vertex 25.0681 2.48236 2
      vertex 25.0681 3.51764 2
      vertex 25.1522 3.76537 2
    endloop
  endfacet
  facet normal 0 0 -1
    outer loop
      vertex 25.0171 2.73895 2
      vertex 25.0681 3.51764 2
      vertex 25.0681 2.48236 2
    endloop
  endfacet
  facet normal 0 0 -1
    outer loop
      vertex 25.0171 2.73895 2
      vertex 25.0171 3.26105 2
      vertex 25.0681 3.51764 2
    endloop
  endfacet
  facet normal 0 -0 -1
    outer loop
      vertex 25.0171 3.26105 2
      vertex 25.0171 2.73895 2
      vertex 25 3 2
    endloop
  endfacet
  facet normal 1 -0 0
    outer loop
      vertex 46 -6 8
      vertex 46 66 0
      vertex 46 66 8
    endloop
  endfacet
  facet normal 1 0 0
    outer loop
      vertex 46 66 0
      vertex 46 -6 8
      vertex 46 -6 0
    endloop
  endfacet
  facet normal -0 0 1
    outer loop
      vertex -6.18542 31.625 8
      vertex 13.25 20.6 8
      vertex 13.25 66 8
    endloop
  endfacet
  facet normal 0 0 1
    outer loop
      vertex 13.25 20.6 8
      vertex -5.7778 30.4242 8
      vertex -5.75 30 8
    endloop
  endfacet
  facet normal 0 0 1
    outer loop
      vertex 13.25 20.6 8
      vertex -5.86074 30.8412 8
      vertex -5.7778 30.4242 8
    endloop
  endfacet
  facet normal 0 0 1
    outer loop
      vertex 13.25 20.6 8
      vertex -5.99739 31.2437 8
      vertex -5.86074 30.8412 8
    endloop
  endfacet
  facet normal 0 0 1
    outer loop
      vertex 13.25 20.6 8
      vertex -6.18542 31.625 8
      vertex -5.99739 31.2437 8
    endloop
  endfacet
  facet normal 0 0 1
    outer loop
      vertex 13.25 66 8
      vertex -6.4216 31.9785 8
      vertex -6.18542 31.625 8
    endloop
  endfacet
  facet normal 0 0 1
    outer loop
      vertex 13.25 66 8
      vertex -6.7019 32.2981 8
      vertex -6.4216 31.9785 8
    endloop
  endfacet
  facet normal 0 0 1
    outer loop
      vertex 13.25 66 8
      vertex -7.02152 32.5784 8
      vertex -6.7019 32.2981 8
    endloop
  endfacet
  facet normal 0 0 1
    outer loop
      vertex 13.25 66 8
      vertex -7.375 32.8146 8
      vertex -7.02152 32.5784 8
    endloop
  endfacet
  facet normal 0 0 1
    outer loop
      vertex 13.25 66 8
      vertex -7.75628 33.0026 8
      vertex -7.375 32.8146 8
    endloop
  endfacet
  facet normal 0 0 1
    outer loop
      vertex 13.25 66 8
      vertex -8.15884 33.1393 8
      vertex -7.75628 33.0026 8
    endloop
  endfacet
  facet normal -0 0 1
    outer loop
      vertex -16 66 8
      vertex -8.15884 33.1393 8
      vertex 13.25 66 8
    endloop
  endfacet
  facet normal 0 0 1
    outer loop
      vertex -8.15884 33.1393 8
      vertex -16 66 8
      vertex -8.57579 33.2222 8
    endloop
  endfacet
  facet normal 0 0 1
    outer loop
      vertex -8.57579 33.2222 8
      vertex -16 66 8
      vertex -9 33.25 8
    endloop
  endfacet
  facet normal 0 0 1
    outer loop
      vertex -9 33.25 8
      vertex -16 66 8
      vertex -9.42421 33.2222 8
    endloop
  endfacet
  facet normal 0 0 1
    outer loop
      vertex -9.42421 33.2222 8
      vertex -16 66 8
      vertex -9.84116 33.1393 8
    endloop
  endfacet
  facet normal 0 0 1
    outer loop
      vertex -9.84116 33.1393 8
      vertex -16 66 8
      vertex -10.2437 33.0026 8
    endloop
  endfacet
  facet normal 0 0 1
    outer loop
      vertex -10.2437 33.0026 8
      vertex -16 66 8
      vertex -10.625 32.8146 8
    endloop
  endfacet
  facet normal 0 0 1
    outer loop
      vertex -10.625 32.8146 8
      vertex -16 66 8
      vertex -10.9785 32.5784 8
    endloop
  endfacet
  facet normal 0 0 1
    outer loop
      vertex -10.9785 32.5784 8
      vertex -16 66 8
      vertex -11.2981 32.2981 8
    endloop
  endfacet
  facet normal 0 0 1
    outer loop
      vertex -12.2222 30.4242 8
      vertex -16 66 8
      vertex -12.25 30 8
    endloop
  endfacet
  facet normal 0 0 1
    outer loop
      vertex -12.1393 30.8412 8
      vertex -16 66 8
      vertex -12.2222 30.4242 8
    endloop
  endfacet
  facet normal 0 0 1
    outer loop
      vertex -12.0026 31.2437 8
      vertex -16 66 8
      vertex -12.1393 30.8412 8
    endloop
  endfacet
  facet normal 0 0 1
    outer loop
      vertex -11.8146 31.625 8
      vertex -16 66 8
      vertex -12.0026 31.2437 8
    endloop
  endfacet
  facet normal 0 0 1
    outer loop
      vertex -11.5784 31.9785 8
      vertex -16 66 8
      vertex -11.8146 31.625 8
    endloop
  endfacet
  facet normal 0 0 1
    outer loop
      vertex -11.2981 32.2981 8
      vertex -16 66 8
      vertex -11.5784 31.9785 8
    endloop
  endfacet
  facet normal 0 0 1
    outer loop
      vertex 46 66 8
      vertex 42.25 30 8
      vertex 46 -6 8
    endloop
  endfacet
  facet normal 0 0 1
    outer loop
      vertex 46 66 8
      vertex 42.2222 30.4242 8
      vertex 42.25 30 8
    endloop
  endfacet
  facet normal 0 0 1
    outer loop
      vertex 46 66 8
      vertex 42.1393 30.8412 8
      vertex 42.2222 30.4242 8
    endloop
  endfacet
  facet normal 0 0 1
    outer loop
      vertex 46 66 8
      vertex 42.0026 31.2437 8
      vertex 42.1393 30.8412 8
    endloop
  endfacet
  facet normal 0 0 1
    outer loop
      vertex 46 66 8
      vertex 41.8146 31.625 8
      vertex 42.0026 31.2437 8
    endloop
  endfacet
  facet normal 0 0 1
    outer loop
      vertex 46 66 8
      vertex 41.5784 31.9785 8
      vertex 41.8146 31.625 8
    endloop
  endfacet
  facet normal 0 0 1
    outer loop
      vertex 46 66 8
      vertex 41.2981 32.2981 8
      vertex 41.5784 31.9785 8
    endloop
  endfacet
  facet normal 0 0 1
    outer loop
      vertex 46 66 8
      vertex 40.9785 32.5784 8
      vertex 41.2981 32.2981 8
    endloop
  endfacet
  facet normal 0 0 1
    outer loop
      vertex 46 66 8
      vertex 40.625 32.8146 8
      vertex 40.9785 32.5784 8
    endloop
  endfacet
  facet normal 0 0 1
    outer loop
      vertex 46 66 8
      vertex 40.2437 33.0026 8
      vertex 40.625 32.8146 8
    endloop
  endfacet
  facet normal 0 0 1
    outer loop
      vertex 46 66 8
      vertex 39.8412 33.1393 8
      vertex 40.2437 33.0026 8
    endloop
  endfacet
  facet normal 0 0 1
    outer loop
      vertex 46 66 8
      vertex 39.4242 33.2222 8
      vertex 39.8412 33.1393 8
    endloop
  endfacet
  facet normal 0 0 1
    outer loop
      vertex 46 66 8
      vertex 39 33.25 8
      vertex 39.4242 33.2222 8
    endloop
  endfacet
  facet normal 0 0 1
    outer loop
      vertex 46 66 8
      vertex 38.5758 33.2222 8
      vertex 39 33.25 8
    endloop
  endfacet
  facet normal -0 0 1
    outer loop
      vertex 19.5 51.45 8
      vertex 38.5758 33.2222 8
      vertex 46 66 8
    endloop
  endfacet
  facet normal 0 0 1
    outer loop
      vertex 38.5758 33.2222 8
      vertex 19.5 51.45 8
      vertex 38.1588 33.1393 8
    endloop
  endfacet
  facet normal 0 0 1
    outer loop
      vertex 38.1588 33.1393 8
      vertex 19.5 51.45 8
      vertex 37.7563 33.0026 8
    endloop
  endfacet
  facet normal 0 0 1
    outer loop
      vertex 37.7563 33.0026 8
      vertex 19.5 51.45 8
      vertex 37.375 32.8146 8
    endloop
  endfacet
  facet normal 0 0 1
    outer loop
      vertex 37.375 32.8146 8
      vertex 19.5 51.45 8
      vertex 37.0215 32.5784 8
    endloop
  endfacet
  facet normal 0 0 1
    outer loop
      vertex 37.0215 32.5784 8
      vertex 19.5 51.45 8
      vertex 36.7019 32.2981 8
    endloop
  endfacet
  facet normal 0 0 1
    outer loop
      vertex 36.7019 32.2981 8
      vertex 19.5 51.45 8
      vertex 36.4216 31.9785 8
    endloop
  endfacet
  facet normal 0 0 1
    outer loop
      vertex 36.4216 31.9785 8
      vertex 19.5 51.45 8
      vertex 36.1854 31.625 8
    endloop
  endfacet
  facet normal 0 0 1
    outer loop
      vertex 36.1854 31.625 8
      vertex 19.5 51.45 8
      vertex 35.9974 31.2437 8
    endloop
  endfacet
  facet normal 0 0 1
    outer loop
      vertex 35.9974 31.2437 8
      vertex 19.5 51.45 8
      vertex 35.8607 30.8412 8
    endloop
  endfacet
  facet normal 0 0 1
    outer loop
      vertex 19.5 51.45 8
      vertex 46 66 8
      vertex 19.625 52.9716 8
    endloop
  endfacet
  facet normal 0 0 1
    outer loop
      vertex 19.625 52.9716 8
      vertex 46 66 8
      vertex 19.64 53.2 8
    endloop
  endfacet
  facet normal 0 0 1
    outer loop
      vertex 46 66 8
      vertex 19.625 53.4284 8
      vertex 19.64 53.2 8
    endloop
  endfacet
  facet normal -0 0 1
    outer loop
      vertex 19.5 54.95 8
      vertex 19.625 53.4284 8
      vertex 46 66 8
    endloop
  endfacet
  facet normal 0 0 1
    outer loop
      vertex 19.625 53.4284 8
      vertex 19.5 54.95 8
      vertex 19.5804 53.6529 8
    endloop
  endfacet
  facet normal 0 0 1
    outer loop
      vertex 19.5804 53.6529 8
      vertex 19.5 54.95 8
      vertex 19.5068 53.8697 8
    endloop
  endfacet
  facet normal -0 0 1
    outer loop
      vertex 16.75 66 8
      vertex 19.5 54.95 8
      vertex 46 66 8
    endloop
  endfacet
  facet normal 0 0 1
    outer loop
      vertex 19.5 54.95 8
      vertex 16.75 66 8
      vertex 17.89 54.95 8
    endloop
  endfacet
  facet normal 0 0 1
    outer loop
      vertex 17.89 54.95 8
      vertex 16.75 66 8
      vertex 16.75 54.95 8
    endloop
  endfacet
  facet normal -0 0 1
    outer loop
      vertex 42.2222 29.5758 8
      vertex 46 -6 8
      vertex 42.25 30 8
    endloop
  endfacet
  facet normal -0 0 1
    outer loop
      vertex 42.1393 29.1588 8
      vertex 46 -6 8
      vertex 42.2222 29.5758 8
    endloop
  endfacet
  facet normal -0 0 1
    outer loop
      vertex 42.0026 28.7563 8
      vertex 46 -6 8
      vertex 42.1393 29.1588 8
    endloop
  endfacet
  facet normal -0 0 1
    outer loop
      vertex 41.8146 28.375 8
      vertex 46 -6 8
      vertex 42.0026 28.7563 8
    endloop
  endfacet
  facet normal -0 0 1
    outer loop
      vertex 41.5784 28.0215 8
      vertex 46 -6 8
      vertex 41.8146 28.375 8
    endloop
  endfacet
  facet normal -0 0 1
    outer loop
      vertex 41.2981 27.7019 8
      vertex 46 -6 8
      vertex 41.5784 28.0215 8
    endloop
  endfacet
  facet normal -0 0 1
    outer loop
      vertex 40.9785 27.4216 8
      vertex 46 -6 8
      vertex 41.2981 27.7019 8
    endloop
  endfacet
  facet normal -0 0 1
    outer loop
      vertex 40.625 27.1854 8
      vertex 46 -6 8
      vertex 40.9785 27.4216 8
    endloop
  endfacet
  facet normal -0 0 1
    outer loop
      vertex 40.2437 26.9974 8
      vertex 46 -6 8
      vertex 40.625 27.1854 8
    endloop
  endfacet
  facet normal -0 0 1
    outer loop
      vertex 39.8412 26.8607 8
      vertex 46 -6 8
      vertex 40.2437 26.9974 8
    endloop
  endfacet
  facet normal -0 0 1
    outer loop
      vertex 39.4242 26.7778 8
      vertex 46 -6 8
      vertex 39.8412 26.8607 8
    endloop
  endfacet
  facet normal -0 0 1
    outer loop
      vertex 39 26.75 8
      vertex 46 -6 8
      vertex 39.4242 26.7778 8
    endloop
  endfacet
  facet normal 0 0 1
    outer loop
      vertex 38.5758 26.7778 8
      vertex 46 -6 8
      vertex 39 26.75 8
    endloop
  endfacet
  facet normal 0 0 1
    outer loop
      vertex 38.1588 26.8607 8
      vertex 46 -6 8
      vertex 38.5758 26.7778 8
    endloop
  endfacet
  facet normal 0 0 1
    outer loop
      vertex 16.75 20.6 8
      vertex 38.1588 26.8607 8
      vertex 37.7563 26.9974 8
    endloop
  endfacet
  facet normal 0 0 1
    outer loop
      vertex 16.75 20.6 8
      vertex 37.7563 26.9974 8
      vertex 37.375 27.1854 8
    endloop
  endfacet
  facet normal 0 0 1
    outer loop
      vertex 16.75 20.6 8
      vertex 37.375 27.1854 8
      vertex 37.0215 27.4216 8
    endloop
  endfacet
  facet normal 0 0 1
    outer loop
      vertex 16.75 20.6 8
      vertex 37.0215 27.4216 8
      vertex 36.7019 27.7019 8
    endloop
  endfacet
  facet normal 0 0 1
    outer loop
      vertex 16.75 20.6 8
      vertex 36.7019 27.7019 8
      vertex 36.4216 28.0215 8
    endloop
  endfacet
  facet normal 0 0 1
    outer loop
      vertex 16.75 20.6 8
      vertex 36.4216 28.0215 8
      vertex 36.1854 28.375 8
    endloop
  endfacet
  facet normal 0 0 1
    outer loop
      vertex 16.75 20.6 8
      vertex 36.1854 28.375 8
      vertex 35.9974 28.7563 8
    endloop
  endfacet
  facet normal 0 0 1
    outer loop
      vertex 16.75 20.6 8
      vertex 35.9974 28.7563 8
      vertex 35.8607 29.1588 8
    endloop
  endfacet
  facet normal 0 0 1
    outer loop
      vertex 16.75 20.6 8
      vertex 35.8607 30.8412 8
      vertex 19.5 51.45 8
    endloop
  endfacet
  facet normal 0 0 1
    outer loop
      vertex 35.8607 30.8412 8
      vertex 16.75 20.6 8
      vertex 35.7778 30.4242 8
    endloop
  endfacet
  facet normal 0 0 1
    outer loop
      vertex 35.7778 30.4242 8
      vertex 16.75 20.6 8
      vertex 35.75 30 8
    endloop
  endfacet
  facet normal 0 0 1
    outer loop
      vertex 35.75 30 8
      vertex 16.75 20.6 8
      vertex 35.7778 29.5758 8
    endloop
  endfacet
  facet normal 0 0 1
    outer loop
      vertex 19.5 51.45 8
      vertex 19.625 52.9716 8
      vertex 19.5804 52.7471 8
    endloop
  endfacet
  facet normal 0 0 1
    outer loop
      vertex 19.5 51.45 8
      vertex 19.5804 52.7471 8
      vertex 19.5068 52.5303 8
    endloop
  endfacet
  facet normal 0 0 1
    outer loop
      vertex 19.5 51.45 8
      vertex 19.5068 52.5303 8
      vertex 19.5 52.5165 8
    endloop
  endfacet
  facet normal 0 0 1
    outer loop
      vertex 35.7778 29.5758 8
      vertex 16.75 20.6 8
      vertex 35.8607 29.1588 8
    endloop
  endfacet
  facet normal 0 0 1
    outer loop
      vertex 16.75 20.6 8
      vertex 19.5 51.45 8
      vertex 16.75 51.45 8
    endloop
  endfacet
  facet normal 0 0 1
    outer loop
      vertex 38.1588 26.8607 8
      vertex 16.75 20.6 8
      vertex 46 -6 8
    endloop
  endfacet
  facet normal -0 0 1
    outer loop
      vertex 13.25 20.6 8
      vertex 46 -6 8
      vertex 16.75 20.6 8
    endloop
  endfacet
  facet normal -0 0 1
    outer loop
      vertex -5.7778 29.5758 8
      vertex 13.25 20.6 8
      vertex -5.75 30 8
    endloop
  endfacet
  facet normal -0 0 1
    outer loop
      vertex -5.86074 29.1588 8
      vertex 13.25 20.6 8
      vertex -5.7778 29.5758 8
    endloop
  endfacet
  facet normal -0 0 1
    outer loop
      vertex -5.99739 28.7563 8
      vertex 13.25 20.6 8
      vertex -5.86074 29.1588 8
    endloop
  endfacet
  facet normal -0 0 1
    outer loop
      vertex -6.18542 28.375 8
      vertex 13.25 20.6 8
      vertex -5.99739 28.7563 8
    endloop
  endfacet
  facet normal -0 0 1
    outer loop
      vertex -6.4216 28.0215 8
      vertex 13.25 20.6 8
      vertex -6.18542 28.375 8
    endloop
  endfacet
  facet normal -0 0 1
    outer loop
      vertex -6.7019 27.7019 8
      vertex 13.25 20.6 8
      vertex -6.4216 28.0215 8
    endloop
  endfacet
  facet normal -0 0 1
    outer loop
      vertex -7.02152 27.4216 8
      vertex 13.25 20.6 8
      vertex -6.7019 27.7019 8
    endloop
  endfacet
  facet normal -0 0 1
    outer loop
      vertex -7.375 27.1854 8
      vertex 13.25 20.6 8
      vertex -7.02152 27.4216 8
    endloop
  endfacet
  facet normal -0 0 1
    outer loop
      vertex -7.75628 26.9974 8
      vertex 13.25 20.6 8
      vertex -7.375 27.1854 8
    endloop
  endfacet
  facet normal -0 0 1
    outer loop
      vertex -8.15884 26.8607 8
      vertex 13.25 20.6 8
      vertex -7.75628 26.9974 8
    endloop
  endfacet
  facet normal 0 0 1
    outer loop
      vertex 13.25 20.6 8
      vertex -8.15884 26.8607 8
      vertex -16 -6 8
    endloop
  endfacet
  facet normal 0 0 1
    outer loop
      vertex -16 -6 8
      vertex -8.15884 26.8607 8
      vertex -8.57579 26.7778 8
    endloop
  endfacet
  facet normal 0 0 1
    outer loop
      vertex -16 -6 8
      vertex -8.57579 26.7778 8
      vertex -9 26.75 8
    endloop
  endfacet
  facet normal 0 0 1
    outer loop
      vertex -16 -6 8
      vertex -9 26.75 8
      vertex -9.42421 26.7778 8
    endloop
  endfacet
  facet normal 0 0 1
    outer loop
      vertex -16 -6 8
      vertex -9.42421 26.7778 8
      vertex -9.84116 26.8607 8
    endloop
  endfacet
  facet normal 0 0 1
    outer loop
      vertex -16 -6 8
      vertex -9.84116 26.8607 8
      vertex -10.2437 26.9974 8
    endloop
  endfacet
  facet normal 0 0 1
    outer loop
      vertex -16 -6 8
      vertex -10.2437 26.9974 8
      vertex -10.625 27.1854 8
    endloop
  endfacet
  facet normal 0 0 1
    outer loop
      vertex -16 -6 8
      vertex -12.25 30 8
      vertex -16 66 8
    endloop
  endfacet
  facet normal 0 0 1
    outer loop
      vertex 13.25 20.6 8
      vertex -16 -6 8
      vertex 46 -6 8
    endloop
  endfacet
  facet normal 0 0 1
    outer loop
      vertex -10.9785 27.4216 8
      vertex -16 -6 8
      vertex -10.625 27.1854 8
    endloop
  endfacet
  facet normal 0 0 1
    outer loop
      vertex -11.2981 27.7019 8
      vertex -16 -6 8
      vertex -10.9785 27.4216 8
    endloop
  endfacet
  facet normal 0 0 1
    outer loop
      vertex -11.5784 28.0215 8
      vertex -16 -6 8
      vertex -11.2981 27.7019 8
    endloop
  endfacet
  facet normal 0 0 1
    outer loop
      vertex -11.8146 28.375 8
      vertex -16 -6 8
      vertex -11.5784 28.0215 8
    endloop
  endfacet
  facet normal 0 0 1
    outer loop
      vertex -12.0026 28.7563 8
      vertex -16 -6 8
      vertex -11.8146 28.375 8
    endloop
  endfacet
  facet normal 0 0 1
    outer loop
      vertex -12.1393 29.1588 8
      vertex -16 -6 8
      vertex -12.0026 28.7563 8
    endloop
  endfacet
  facet normal 0 0 1
    outer loop
      vertex -12.2222 29.5758 8
      vertex -16 -6 8
      vertex -12.1393 29.1588 8
    endloop
  endfacet
  facet normal 0 0 1
    outer loop
      vertex -12.25 30 8
      vertex -16 -6 8
      vertex -12.2222 29.5758 8
    endloop
  endfacet
  facet normal 0 0 1
    outer loop
      vertex 19.5068 53.8697 8
      vertex 19.5 54.95 8
      vertex 19.5 53.8835 8
    endloop
  endfacet
  facet normal 0 0 -1
    outer loop
      vertex 3.26105 4.98289 0
      vertex 14.4843 21.9543 0
      vertex 3.51764 4.93185 0
    endloop
  endfacet
  facet normal 0 0 -1
    outer loop
      vertex 14.35 31.9 0
      vertex 4.98289 56.7389 0
      vertex 5 57 0
    endloop
  endfacet
  facet normal -0 0 -1
    outer loop
      vertex 14.4843 21.9543 0
      vertex 3.26105 4.98289 0
      vertex 14.4371 22.025 0
    endloop
  endfacet
  facet normal 0 0 -1
    outer loop
      vertex 14.35 31.9 0
      vertex 4.93185 56.4824 0
      vertex 4.98289 56.7389 0
    endloop
  endfacet
  facet normal -0 0 -1
    outer loop
      vertex 14.4371 22.025 0
      vertex 3.26105 4.98289 0
      vertex 14.3995 22.1013 0
    endloop
  endfacet
  facet normal 0 0 -1
    outer loop
      vertex 14.35 31.9 0
      vertex 4.84776 56.2346 0
      vertex 4.93185 56.4824 0
    endloop
  endfacet
  facet normal 0 0 -1
    outer loop
      vertex 3 5 0
      vertex 14.3995 22.1013 0
      vertex 3.26105 4.98289 0
    endloop
  endfacet
  facet normal 0 0 -1
    outer loop
      vertex 14.35 31.9 0
      vertex 4.73205 56 0
      vertex 4.84776 56.2346 0
    endloop
  endfacet
  facet normal -0 0 -1
    outer loop
      vertex 14.3995 22.1013 0
      vertex 3 5 0
      vertex 14.3721 22.1818 0
    endloop
  endfacet
  facet normal 0 0 -1
    outer loop
      vertex 14.35 31.9 0
      vertex 4.58671 55.7825 0
      vertex 4.73205 56 0
    endloop
  endfacet
  facet normal 0 0 -1
    outer loop
      vertex -6.7019 27.7019 0
      vertex 14.3721 22.1818 0
      vertex 3 5 0
    endloop
  endfacet
  facet normal 0 0 -1
    outer loop
      vertex 14.35 31.9 0
      vertex 4.41421 55.5858 0
      vertex 4.58671 55.7825 0
    endloop
  endfacet
  facet normal 0 0 -1
    outer loop
      vertex 14.3721 22.1818 0
      vertex -6.7019 27.7019 0
      vertex 14.3556 22.2652 0
    endloop
  endfacet
  facet normal 0 0 -1
    outer loop
      vertex -5.7778 30.4242 0
      vertex 14.35 31.9 0
      vertex -5.75 30 0
    endloop
  endfacet
  facet normal 0 -0 -1
    outer loop
      vertex -6.4216 28.0215 0
      vertex 14.3556 22.2652 0
      vertex -6.7019 27.7019 0
    endloop
  endfacet
  facet normal 0 0 -1
    outer loop
      vertex -5.86074 30.8412 0
      vertex 14.35 31.9 0
      vertex -5.7778 30.4242 0
    endloop
  endfacet
  facet normal 0 0 -1
    outer loop
      vertex 14.35 22.35 0
      vertex -6.18542 28.375 0
      vertex 14.3556 22.4348 0
    endloop
  endfacet
  facet normal 0 0 -1
    outer loop
      vertex 14.35 31.9 0
      vertex 4.21752 55.4133 0
      vertex 4.41421 55.5858 0
    endloop
  endfacet
  facet normal 0 -0 -1
    outer loop
      vertex -5.99739 28.7563 0
      vertex 14.3556 22.4348 0
      vertex -6.18542 28.375 0
    endloop
  endfacet
  facet normal 0 0 -1
    outer loop
      vertex -5.99739 31.2437 0
      vertex 14.35 31.9 0
      vertex -5.86074 30.8412 0
    endloop
  endfacet
  facet normal 0 0 -1
    outer loop
      vertex 14.3556 22.4348 0
      vertex -5.99739 28.7563 0
      vertex 14.3556 28.0152 0
    endloop
  endfacet
  facet normal 0 0 -1
    outer loop
      vertex 14.35 31.9 0
      vertex 4 55.2679 0
      vertex 4.21752 55.4133 0
    endloop
  endfacet
  facet normal 0 0 -1
    outer loop
      vertex 14.3556 22.2652 0
      vertex -6.4216 28.0215 0
      vertex 14.35 22.35 0
    endloop
  endfacet
  facet normal 0 0 -1
    outer loop
      vertex -6.18542 31.625 0
      vertex 14.35 31.9 0
      vertex -5.99739 31.2437 0
    endloop
  endfacet
  facet normal 0 0 -1
    outer loop
      vertex -6.7019 27.7019 0
      vertex 3 5 0
      vertex 2.73895 4.98289 0
    endloop
  endfacet
  facet normal 0 0 -1
    outer loop
      vertex 14.35 31.9 0
      vertex 3.76537 55.1522 0
      vertex 4 55.2679 0
    endloop
  endfacet
  facet normal 0 0 -1
    outer loop
      vertex -7.02152 27.4216 0
      vertex 2.73895 4.98289 0
      vertex 2.48236 4.93185 0
    endloop
  endfacet
  facet normal 0 0 -1
    outer loop
      vertex 14.35 31.9 0
      vertex 3.51764 55.0681 0
      vertex 3.76537 55.1522 0
    endloop
  endfacet
  facet normal 0 0 -1
    outer loop
      vertex -7.375 27.1854 0
      vertex 2.48236 4.93185 0
      vertex 2.23463 4.84776 0
    endloop
  endfacet
  facet normal 0 0 -1
    outer loop
      vertex -6.4216 31.9785 0
      vertex 14.35 31.9 0
      vertex -6.18542 31.625 0
    endloop
  endfacet
  facet normal 0 0 -1
    outer loop
      vertex -7.75628 26.9974 0
      vertex 2.23463 4.84776 0
      vertex 2 4.73205 0
    endloop
  endfacet
  facet normal 0 0 -1
    outer loop
      vertex 14.35 31.9 0
      vertex 3.26105 55.0171 0
      vertex 3.51764 55.0681 0
    endloop
  endfacet
  facet normal 0 0 -1
    outer loop
      vertex -8.15884 26.8607 0
      vertex 2 4.73205 0
      vertex 1.78248 4.58671 0
    endloop
  endfacet
  facet normal 0 0 -1
    outer loop
      vertex 14.35 31.9 0
      vertex -6.4216 31.9785 0
      vertex 3.26105 55.0171 0
    endloop
  endfacet
  facet normal 0 0 -1
    outer loop
      vertex -8.57579 26.7778 0
      vertex 1.78248 4.58671 0
      vertex 1.58579 4.41421 0
    endloop
  endfacet
  facet normal 0 0 -1
    outer loop
      vertex 3.26105 55.0171 0
      vertex -6.4216 31.9785 0
      vertex 3 55 0
    endloop
  endfacet
  facet normal 0 0 -1
    outer loop
      vertex -9 26.75 0
      vertex 1.58579 4.41421 0
      vertex 1.41329 4.21752 0
    endloop
  endfacet
  facet normal 0 0 -1
    outer loop
      vertex -6.7019 32.2981 0
      vertex 3 55 0
      vertex -6.4216 31.9785 0
    endloop
  endfacet
  facet normal 0 0 -1
    outer loop
      vertex -9.42421 26.7778 0
      vertex 1.41329 4.21752 0
      vertex 1.26795 4 0
    endloop
  endfacet
  facet normal -0 0 -1
    outer loop
      vertex 3 55 0
      vertex -6.7019 32.2981 0
      vertex 2.73895 55.0171 0
    endloop
  endfacet
  facet normal 0 0 -1
    outer loop
      vertex -9.84116 26.8607 0
      vertex 1.26795 4 0
      vertex 1.15224 3.76537 0
    endloop
  endfacet
  facet normal 0 0 -1
    outer loop
      vertex -7.02152 32.5784 0
      vertex 2.73895 55.0171 0
      vertex -6.7019 32.2981 0
    endloop
  endfacet
  facet normal 0 0 -1
    outer loop
      vertex -16 -6 0
      vertex 1.15224 3.76537 0
      vertex 1.06815 3.51764 0
    endloop
  endfacet
  facet normal -0 0 -1
    outer loop
      vertex 2.73895 55.0171 0
      vertex -7.02152 32.5784 0
      vertex 2.48236 55.0681 0
    endloop
  endfacet
  facet normal 0 0 -1
    outer loop
      vertex -16 -6 0
      vertex 1.06815 3.51764 0
      vertex 1.01711 3.26105 0
    endloop
  endfacet
  facet normal 0 0 -1
    outer loop
      vertex -7.375 32.8146 0
      vertex 2.48236 55.0681 0
      vertex -7.02152 32.5784 0
    endloop
  endfacet
  facet normal 0 0 -1
    outer loop
      vertex -16 -6 0
      vertex 1.01711 3.26105 0
      vertex 1 3 0
    endloop
  endfacet
  facet normal -0 0 -1
    outer loop
      vertex 2.48236 55.0681 0
      vertex -7.375 32.8146 0
      vertex 2.23463 55.1522 0
    endloop
  endfacet
  facet normal 0 0 -1
    outer loop
      vertex 15.6279 32.0682 0
      vertex 35.75 30 0
      vertex 15.6444 31.9848 0
    endloop
  endfacet
  facet normal 0 0 -1
    outer loop
      vertex 35.75 30 0
      vertex 15.6444 37.5652 0
      vertex 15.65 37.65 0
    endloop
  endfacet
  facet normal 0 0 -1
    outer loop
      vertex 15.6279 37.4818 0
      vertex 35.75 30 0
      vertex 15.6279 32.0682 0
    endloop
  endfacet
  facet normal 0 0 -1
    outer loop
      vertex 35.75 30 0
      vertex 15.6279 37.4818 0
      vertex 15.6444 37.5652 0
    endloop
  endfacet
  facet normal 0 0 -1
    outer loop
      vertex 15.6005 32.1487 0
      vertex 15.6279 37.4818 0
      vertex 15.6279 32.0682 0
    endloop
  endfacet
  facet normal 0 0 -1
    outer loop
      vertex 15.6005 32.1487 0
      vertex 15.6005 37.4013 0
      vertex 15.6279 37.4818 0
    endloop
  endfacet
  facet normal 0 0 -1
    outer loop
      vertex 15.5629 32.225 0
      vertex 15.6005 37.4013 0
      vertex 15.6005 32.1487 0
    endloop
  endfacet
  facet normal 0 0 -1
    outer loop
      vertex 15.5629 32.225 0
      vertex 15.5629 37.325 0
      vertex 15.6005 37.4013 0
    endloop
  endfacet
  facet normal 0 0 -1
    outer loop
      vertex 15.5157 32.2957 0
      vertex 15.5629 37.325 0
      vertex 15.5629 32.225 0
    endloop
  endfacet
  facet normal 0 0 -1
    outer loop
      vertex 15.5157 32.2957 0
      vertex 15.5157 37.2543 0
      vertex 15.5629 37.325 0
    endloop
  endfacet
  facet normal 0 0 -1
    outer loop
      vertex 15.4596 32.3596 0
      vertex 15.5157 37.2543 0
      vertex 15.5157 32.2957 0
    endloop
  endfacet
  facet normal 0 0 -1
    outer loop
      vertex 15.4596 32.3596 0
      vertex 15.4596 37.1904 0
      vertex 15.5157 37.2543 0
    endloop
  endfacet
  facet normal 0 0 -1
    outer loop
      vertex 15.3957 32.4157 0
      vertex 15.4596 37.1904 0
      vertex 15.4596 32.3596 0
    endloop
  endfacet
  facet normal 0 0 -1
    outer loop
      vertex 15.3957 32.4157 0
      vertex 15.3957 37.1343 0
      vertex 15.4596 37.1904 0
    endloop
  endfacet
  facet normal 0 0 -1
    outer loop
      vertex 15.325 32.4629 0
      vertex 15.3957 37.1343 0
      vertex 15.3957 32.4157 0
    endloop
  endfacet
  facet normal 0 0 -1
    outer loop
      vertex 15.325 32.4629 0
      vertex 15.325 37.0871 0
      vertex 15.3957 37.1343 0
    endloop
  endfacet
  facet normal 0 0 -1
    outer loop
      vertex 15.2487 32.5005 0
      vertex 15.325 37.0871 0
      vertex 15.325 32.4629 0
    endloop
  endfacet
  facet normal 0 0 -1
    outer loop
      vertex 15.2487 32.5005 0
      vertex 15.2487 37.0495 0
      vertex 15.325 37.0871 0
    endloop
  endfacet
  facet normal 0 0 -1
    outer loop
      vertex 15.1682 32.5279 0
      vertex 15.2487 37.0495 0
      vertex 15.2487 32.5005 0
    endloop
  endfacet
  facet normal 0 0 -1
    outer loop
      vertex 15.1682 32.5279 0
      vertex 15.1682 37.0221 0
      vertex 15.2487 37.0495 0
    endloop
  endfacet
  facet normal 0 0 -1
    outer loop
      vertex 15.0848 32.5444 0
      vertex 15.1682 37.0221 0
      vertex 15.1682 32.5279 0
    endloop
  endfacet
  facet normal 0 0 -1
    outer loop
      vertex 15.0848 32.5444 0
      vertex 15.0848 37.0056 0
      vertex 15.1682 37.0221 0
    endloop
  endfacet
  facet normal 0 0 -1
    outer loop
      vertex 15 32.55 0
      vertex 15.0848 37.0056 0
      vertex 15.0848 32.5444 0
    endloop
  endfacet
  facet normal 0 0 -1
    outer loop
      vertex 15 32.55 0
      vertex 15 37 0
      vertex 15.0848 37.0056 0
    endloop
  endfacet
  facet normal 0 0 -1
    outer loop
      vertex 14.9152 32.5444 0
      vertex 15 37 0
      vertex 15 32.55 0
    endloop
  endfacet
  facet normal 0 0 -1
    outer loop
      vertex 14.9152 32.5444 0
      vertex 14.9152 37.0056 0
      vertex 15 37 0
    endloop
  endfacet
  facet normal 0 0 -1
    outer loop
      vertex 14.8318 32.5279 0
      vertex 14.9152 37.0056 0
      vertex 14.9152 32.5444 0
    endloop
  endfacet
  facet normal 0 0 -1
    outer loop
      vertex 14.8318 32.5279 0
      vertex 14.8318 37.0221 0
      vertex 14.9152 37.0056 0
    endloop
  endfacet
  facet normal 0 0 -1
    outer loop
      vertex 14.7513 32.5005 0
      vertex 14.8318 37.0221 0
      vertex 14.8318 32.5279 0
    endloop
  endfacet
  facet normal 0 0 -1
    outer loop
      vertex 14.7513 32.5005 0
      vertex 14.7513 37.0495 0
      vertex 14.8318 37.0221 0
    endloop
  endfacet
  facet normal 0 0 -1
    outer loop
      vertex 14.675 32.4629 0
      vertex 14.7513 37.0495 0
      vertex 14.7513 32.5005 0
    endloop
  endfacet
  facet normal 0 0 -1
    outer loop
      vertex 14.675 32.4629 0
      vertex 14.675 37.0871 0
      vertex 14.7513 37.0495 0
    endloop
  endfacet
  facet normal 0 0 -1
    outer loop
      vertex 14.6043 32.4157 0
      vertex 14.675 37.0871 0
      vertex 14.675 32.4629 0
    endloop
  endfacet
  facet normal 0 0 -1
    outer loop
      vertex 14.6043 32.4157 0
      vertex 14.6043 37.1343 0
      vertex 14.675 37.0871 0
    endloop
  endfacet
  facet normal 0 0 -1
    outer loop
      vertex 14.5404 32.3596 0
      vertex 14.6043 37.1343 0
      vertex 14.6043 32.4157 0
    endloop
  endfacet
  facet normal 0 0 -1
    outer loop
      vertex 14.5404 32.3596 0
      vertex 14.5404 37.1904 0
      vertex 14.6043 37.1343 0
    endloop
  endfacet
  facet normal 0 0 -1
    outer loop
      vertex 14.4843 32.2957 0
      vertex 14.5404 37.1904 0
      vertex 14.5404 32.3596 0
    endloop
  endfacet
  facet normal 0 0 -1
    outer loop
      vertex 14.4843 32.2957 0
      vertex 14.4843 37.2543 0
      vertex 14.5404 37.1904 0
    endloop
  endfacet
  facet normal 0 0 -1
    outer loop
      vertex 14.4371 32.225 0
      vertex 14.4843 37.2543 0
      vertex 14.4843 32.2957 0
    endloop
  endfacet
  facet normal 0 0 -1
    outer loop
      vertex 14.4371 32.225 0
      vertex 14.4371 37.325 0
      vertex 14.4843 37.2543 0
    endloop
  endfacet
  facet normal 0 0 -1
    outer loop
      vertex 14.3995 32.1487 0
      vertex 14.4371 37.325 0
      vertex 14.4371 32.225 0
    endloop
  endfacet
  facet normal 0 0 -1
    outer loop
      vertex 14.3995 32.1487 0
      vertex 14.3995 37.4013 0
      vertex 14.4371 37.325 0
    endloop
  endfacet
  facet normal 0 0 -1
    outer loop
      vertex 14.3721 32.0682 0
      vertex 14.3995 37.4013 0
      vertex 14.3995 32.1487 0
    endloop
  endfacet
  facet normal 0 0 -1
    outer loop
      vertex 14.3721 32.0682 0
      vertex 14.3721 37.4818 0
      vertex 14.3995 37.4013 0
    endloop
  endfacet
  facet normal 0 0 -1
    outer loop
      vertex 14.3556 31.9848 0
      vertex 14.3721 37.4818 0
      vertex 14.3721 32.0682 0
    endloop
  endfacet
  facet normal 0 0 -1
    outer loop
      vertex 14.3556 31.9848 0
      vertex 14.3556 37.5652 0
      vertex 14.3721 37.4818 0
    endloop
  endfacet
  facet normal 0 0 -1
    outer loop
      vertex 5 57 0
      vertex 14.3556 31.9848 0
      vertex 14.35 31.9 0
    endloop
  endfacet
  facet normal 0 0 -1
    outer loop
      vertex 14.3556 31.9848 0
      vertex 5 57 0
      vertex 14.3556 37.5652 0
    endloop
  endfacet
  facet normal 0 0 -1
    outer loop
      vertex 15.6444 31.8152 0
      vertex 35.75 30 0
      vertex 15.6444 28.1848 0
    endloop
  endfacet
  facet normal 0 0 -1
    outer loop
      vertex 35.75 30 0
      vertex 15.6444 31.8152 0
      vertex 15.65 31.9 0
    endloop
  endfacet
  facet normal 0 0 -1
    outer loop
      vertex 15.6279 28.2682 0
      vertex 15.6444 31.8152 0
      vertex 15.6444 28.1848 0
    endloop
  endfacet
  facet normal 0 0 -1
    outer loop
      vertex 15.6279 28.2682 0
      vertex 15.6279 31.7318 0
      vertex 15.6444 31.8152 0
    endloop
  endfacet
  facet normal 0 0 -1
    outer loop
      vertex 15.6005 28.3487 0
      vertex 15.6279 31.7318 0
      vertex 15.6279 28.2682 0
    endloop
  endfacet
  facet normal 0 0 -1
    outer loop
      vertex 15.6005 28.3487 0
      vertex 15.6005 31.6513 0
      vertex 15.6279 31.7318 0
    endloop
  endfacet
  facet normal 0 0 -1
    outer loop
      vertex 15.5629 28.425 0
      vertex 15.6005 31.6513 0
      vertex 15.6005 28.3487 0
    endloop
  endfacet
  facet normal 0 0 -1
    outer loop
      vertex 15.5629 28.425 0
      vertex 15.5629 31.575 0
      vertex 15.6005 31.6513 0
    endloop
  endfacet
  facet normal 0 0 -1
    outer loop
      vertex 15.5157 28.4957 0
      vertex 15.5629 31.575 0
      vertex 15.5629 28.425 0
    endloop
  endfacet
  facet normal 0 0 -1
    outer loop
      vertex 15.5157 28.4957 0
      vertex 15.5157 31.5043 0
      vertex 15.5629 31.575 0
    endloop
  endfacet
  facet normal 0 0 -1
    outer loop
      vertex 15.4596 28.5596 0
      vertex 15.5157 31.5043 0
      vertex 15.5157 28.4957 0
    endloop
  endfacet
  facet normal 0 0 -1
    outer loop
      vertex 15.4596 28.5596 0
      vertex 15.4596 31.4404 0
      vertex 15.5157 31.5043 0
    endloop
  endfacet
  facet normal 0 0 -1
    outer loop
      vertex 15.3957 28.6157 0
      vertex 15.4596 31.4404 0
      vertex 15.4596 28.5596 0
    endloop
  endfacet
  facet normal 0 0 -1
    outer loop
      vertex 15.3957 28.6157 0
      vertex 15.3957 31.3843 0
      vertex 15.4596 31.4404 0
    endloop
  endfacet
  facet normal 0 0 -1
    outer loop
      vertex 15.325 28.6629 0
      vertex 15.3957 31.3843 0
      vertex 15.3957 28.6157 0
    endloop
  endfacet
  facet normal 0 0 -1
    outer loop
      vertex 15.325 28.6629 0
      vertex 15.325 31.3371 0
      vertex 15.3957 31.3843 0
    endloop
  endfacet
  facet normal 0 0 -1
    outer loop
      vertex 15.2487 28.7005 0
      vertex 15.325 31.3371 0
      vertex 15.325 28.6629 0
    endloop
  endfacet
  facet normal 0 0 -1
    outer loop
      vertex 15.2487 28.7005 0
      vertex 15.2487 31.2995 0
      vertex 15.325 31.3371 0
    endloop
  endfacet
  facet normal 0 0 -1
    outer loop
      vertex 15.1682 28.7279 0
      vertex 15.2487 31.2995 0
      vertex 15.2487 28.7005 0
    endloop
  endfacet
  facet normal 0 0 -1
    outer loop
      vertex 15.1682 28.7279 0
      vertex 15.1682 31.2721 0
      vertex 15.2487 31.2995 0
    endloop
  endfacet
  facet normal 0 0 -1
    outer loop
      vertex 15.0848 28.7444 0
      vertex 15.1682 31.2721 0
      vertex 15.1682 28.7279 0
    endloop
  endfacet
  facet normal 0 0 -1
    outer loop
      vertex 15.0848 28.7444 0
      vertex 15.0848 31.2556 0
      vertex 15.1682 31.2721 0
    endloop
  endfacet
  facet normal 0 0 -1
    outer loop
      vertex 15 28.75 0
      vertex 15.0848 31.2556 0
      vertex 15.0848 28.7444 0
    endloop
  endfacet
  facet normal 0 0 -1
    outer loop
      vertex 15 28.75 0
      vertex 15 31.25 0
      vertex 15.0848 31.2556 0
    endloop
  endfacet
  facet normal 0 0 -1
    outer loop
      vertex 14.9152 28.7444 0
      vertex 15 31.25 0
      vertex 15 28.75 0
    endloop
  endfacet
  facet normal 0 0 -1
    outer loop
      vertex 14.9152 28.7444 0
      vertex 14.9152 31.2556 0
      vertex 15 31.25 0
    endloop
  endfacet
  facet normal 0 0 -1
    outer loop
      vertex 14.8318 28.7279 0
      vertex 14.9152 31.2556 0
      vertex 14.9152 28.7444 0
    endloop
  endfacet
  facet normal 0 0 -1
    outer loop
      vertex 14.8318 28.7279 0
      vertex 14.8318 31.2721 0
      vertex 14.9152 31.2556 0
    endloop
  endfacet
  facet normal 0 0 -1
    outer loop
      vertex 14.7513 28.7005 0
      vertex 14.8318 31.2721 0
      vertex 14.8318 28.7279 0
    endloop
  endfacet
  facet normal 0 0 -1
    outer loop
      vertex 14.7513 28.7005 0
      vertex 14.7513 31.2995 0
      vertex 14.8318 31.2721 0
    endloop
  endfacet
  facet normal 0 0 -1
    outer loop
      vertex 14.675 28.6629 0
      vertex 14.7513 31.2995 0
      vertex 14.7513 28.7005 0
    endloop
  endfacet
  facet normal 0 0 -1
    outer loop
      vertex 14.675 28.6629 0
      vertex 14.675 31.3371 0
      vertex 14.7513 31.2995 0
    endloop
  endfacet
  facet normal 0 0 -1
    outer loop
      vertex 14.6043 28.6157 0
      vertex 14.675 31.3371 0
      vertex 14.675 28.6629 0
    endloop
  endfacet
  facet normal 0 0 -1
    outer loop
      vertex 14.6043 28.6157 0
      vertex 14.6043 31.3843 0
      vertex 14.675 31.3371 0
    endloop
  endfacet
  facet normal 0 0 -1
    outer loop
      vertex 14.5404 28.5596 0
      vertex 14.6043 31.3843 0
      vertex 14.6043 28.6157 0
    endloop
  endfacet
  facet normal 0 0 -1
    outer loop
      vertex 14.5404 28.5596 0
      vertex 14.5404 31.4404 0
      vertex 14.6043 31.3843 0
    endloop
  endfacet
  facet normal 0 0 -1
    outer loop
      vertex 14.4843 28.4957 0
      vertex 14.5404 31.4404 0
      vertex 14.5404 28.5596 0
    endloop
  endfacet
  facet normal 0 0 -1
    outer loop
      vertex 14.4843 28.4957 0
      vertex 14.4843 31.5043 0
      vertex 14.5404 31.4404 0
    endloop
  endfacet
  facet normal 0 0 -1
    outer loop
      vertex 14.4371 28.425 0
      vertex 14.4843 31.5043 0
      vertex 14.4843 28.4957 0
    endloop
  endfacet
  facet normal 0 0 -1
    outer loop
      vertex 14.4371 28.425 0
      vertex 14.4371 31.575 0
      vertex 14.4843 31.5043 0
    endloop
  endfacet
  facet normal 0 0 -1
    outer loop
      vertex 14.3995 28.3487 0
      vertex 14.4371 31.575 0
      vertex 14.4371 28.425 0
    endloop
  endfacet
  facet normal 0 0 -1
    outer loop
      vertex 14.3995 28.3487 0
      vertex 14.3995 31.6513 0
      vertex 14.4371 31.575 0
    endloop
  endfacet
  facet normal 0 0 -1
    outer loop
      vertex 14.3721 28.2682 0
      vertex 14.3995 31.6513 0
      vertex 14.3995 28.3487 0
    endloop
  endfacet
  facet normal 0 0 -1
    outer loop
      vertex 14.3721 28.2682 0
      vertex 14.3721 31.7318 0
      vertex 14.3995 31.6513 0
    endloop
  endfacet
  facet normal 0 0 -1
    outer loop
      vertex 14.3556 28.1848 0
      vertex 14.3721 31.7318 0
      vertex 14.3721 28.2682 0
    endloop
  endfacet
  facet normal 0 0 -1
    outer loop
      vertex 14.3556 28.1848 0
      vertex 14.3556 31.8152 0
      vertex 14.3721 31.7318 0
    endloop
  endfacet
  facet normal 0 0 -1
    outer loop
      vertex 14.35 28.1 0
      vertex 14.3556 31.8152 0
      vertex 14.3556 28.1848 0
    endloop
  endfacet
  facet normal -0 0 -1
    outer loop
      vertex 14.3556 31.8152 0
      vertex 14.35 28.1 0
      vertex 14.35 31.9 0
    endloop
  endfacet
  facet normal 0 0 -1
    outer loop
      vertex 15.6279 22.5182 0
      vertex 35.9974 28.7563 0
      vertex 15.6444 22.4348 0
    endloop
  endfacet
  facet normal 0 0 -1
    outer loop
      vertex 35.9974 28.7563 0
      vertex 15.6444 28.0152 0
      vertex 15.65 28.1 0
    endloop
  endfacet
  facet normal 0 0 -1
    outer loop
      vertex 15.6279 27.9318 0
      vertex 35.9974 28.7563 0
      vertex 15.6279 22.5182 0
    endloop
  endfacet
  facet normal 0 0 -1
    outer loop
      vertex 35.9974 28.7563 0
      vertex 15.6279 27.9318 0
      vertex 15.6444 28.0152 0
    endloop
  endfacet
  facet normal 0 0 -1
    outer loop
      vertex 15.6005 22.5987 0
      vertex 15.6279 27.9318 0
      vertex 15.6279 22.5182 0
    endloop
  endfacet
  facet normal 0 0 -1
    outer loop
      vertex 15.6005 22.5987 0
      vertex 15.6005 27.8513 0
      vertex 15.6279 27.9318 0
    endloop
  endfacet
  facet normal 0 0 -1
    outer loop
      vertex 15.5629 22.675 0
      vertex 15.6005 27.8513 0
      vertex 15.6005 22.5987 0
    endloop
  endfacet
  facet normal 0 0 -1
    outer loop
      vertex 15.5629 22.675 0
      vertex 15.5629 27.775 0
      vertex 15.6005 27.8513 0
    endloop
  endfacet
  facet normal 0 0 -1
    outer loop
      vertex 15.5157 22.7457 0
      vertex 15.5629 27.775 0
      vertex 15.5629 22.675 0
    endloop
  endfacet
  facet normal 0 0 -1
    outer loop
      vertex 15.5157 22.7457 0
      vertex 15.5157 27.7043 0
      vertex 15.5629 27.775 0
    endloop
  endfacet
  facet normal 0 0 -1
    outer loop
      vertex 15.4596 22.8096 0
      vertex 15.5157 27.7043 0
      vertex 15.5157 22.7457 0
    endloop
  endfacet
  facet normal 0 0 -1
    outer loop
      vertex 15.4596 22.8096 0
      vertex 15.4596 27.6404 0
      vertex 15.5157 27.7043 0
    endloop
  endfacet
  facet normal 0 0 -1
    outer loop
      vertex 15.3957 22.8657 0
      vertex 15.4596 27.6404 0
      vertex 15.4596 22.8096 0
    endloop
  endfacet
  facet normal 0 0 -1
    outer loop
      vertex 15.3957 22.8657 0
      vertex 15.3957 27.5843 0
      vertex 15.4596 27.6404 0
    endloop
  endfacet
  facet normal 0 0 -1
    outer loop
      vertex 15.325 22.9129 0
      vertex 15.3957 27.5843 0
      vertex 15.3957 22.8657 0
    endloop
  endfacet
  facet normal 0 0 -1
    outer loop
      vertex 15.325 22.9129 0
      vertex 15.325 27.5371 0
      vertex 15.3957 27.5843 0
    endloop
  endfacet
  facet normal 0 0 -1
    outer loop
      vertex 15.2487 22.9505 0
      vertex 15.325 27.5371 0
      vertex 15.325 22.9129 0
    endloop
  endfacet
  facet normal 0 0 -1
    outer loop
      vertex 15.2487 22.9505 0
      vertex 15.2487 27.4995 0
      vertex 15.325 27.5371 0
    endloop
  endfacet
  facet normal 0 0 -1
    outer loop
      vertex 15.1682 22.9779 0
      vertex 15.2487 27.4995 0
      vertex 15.2487 22.9505 0
    endloop
  endfacet
  facet normal 0 0 -1
    outer loop
      vertex 15.1682 22.9779 0
      vertex 15.1682 27.4721 0
      vertex 15.2487 27.4995 0
    endloop
  endfacet
  facet normal 0 0 -1
    outer loop
      vertex 15.0848 22.9944 0
      vertex 15.1682 27.4721 0
      vertex 15.1682 22.9779 0
    endloop
  endfacet
  facet normal 0 0 -1
    outer loop
      vertex 15.0848 22.9944 0
      vertex 15.0848 27.4556 0
      vertex 15.1682 27.4721 0
    endloop
  endfacet
  facet normal 0 0 -1
    outer loop
      vertex 15 23 0
      vertex 15.0848 27.4556 0
      vertex 15.0848 22.9944 0
    endloop
  endfacet
  facet normal 0 0 -1
    outer loop
      vertex 15 23 0
      vertex 15 27.45 0
      vertex 15.0848 27.4556 0
    endloop
  endfacet
  facet normal 0 0 -1
    outer loop
      vertex 14.9152 22.9944 0
      vertex 15 27.45 0
      vertex 15 23 0
    endloop
  endfacet
  facet normal 0 0 -1
    outer loop
      vertex 14.9152 22.9944 0
      vertex 14.9152 27.4556 0
      vertex 15 27.45 0
    endloop
  endfacet
  facet normal 0 0 -1
    outer loop
      vertex 14.8318 22.9779 0
      vertex 14.9152 27.4556 0
      vertex 14.9152 22.9944 0
    endloop
  endfacet
  facet normal 0 0 -1
    outer loop
      vertex 14.8318 22.9779 0
      vertex 14.8318 27.4721 0
      vertex 14.9152 27.4556 0
    endloop
  endfacet
  facet normal 0 0 -1
    outer loop
      vertex 14.7513 22.9505 0
      vertex 14.8318 27.4721 0
      vertex 14.8318 22.9779 0
    endloop
  endfacet
  facet normal 0 0 -1
    outer loop
      vertex 14.7513 22.9505 0
      vertex 14.7513 27.4995 0
      vertex 14.8318 27.4721 0
    endloop
  endfacet
  facet normal 0 0 -1
    outer loop
      vertex 14.675 22.9129 0
      vertex 14.7513 27.4995 0
      vertex 14.7513 22.9505 0
    endloop
  endfacet
  facet normal 0 0 -1
    outer loop
      vertex 14.675 22.9129 0
      vertex 14.675 27.5371 0
      vertex 14.7513 27.4995 0
    endloop
  endfacet
  facet normal 0 0 -1
    outer loop
      vertex 14.6043 22.8657 0
      vertex 14.675 27.5371 0
      vertex 14.675 22.9129 0
    endloop
  endfacet
  facet normal 0 0 -1
    outer loop
      vertex 14.6043 22.8657 0
      vertex 14.6043 27.5843 0
      vertex 14.675 27.5371 0
    endloop
  endfacet
  facet normal 0 0 -1
    outer loop
      vertex 14.5404 22.8096 0
      vertex 14.6043 27.5843 0
      vertex 14.6043 22.8657 0
    endloop
  endfacet
  facet normal 0 0 -1
    outer loop
      vertex 14.5404 22.8096 0
      vertex 14.5404 27.6404 0
      vertex 14.6043 27.5843 0
    endloop
  endfacet
  facet normal 0 0 -1
    outer loop
      vertex 14.4843 22.7457 0
      vertex 14.5404 27.6404 0
      vertex 14.5404 22.8096 0
    endloop
  endfacet
  facet normal 0 0 -1
    outer loop
      vertex 14.4843 22.7457 0
      vertex 14.4843 27.7043 0
      vertex 14.5404 27.6404 0
    endloop
  endfacet
  facet normal 0 0 -1
    outer loop
      vertex 14.4371 22.675 0
      vertex 14.4843 27.7043 0
      vertex 14.4843 22.7457 0
    endloop
  endfacet
  facet normal 0 0 -1
    outer loop
      vertex 14.4371 22.675 0
      vertex 14.4371 27.775 0
      vertex 14.4843 27.7043 0
    endloop
  endfacet
  facet normal 0 0 -1
    outer loop
      vertex 14.3995 22.5987 0
      vertex 14.4371 27.775 0
      vertex 14.4371 22.675 0
    endloop
  endfacet
  facet normal 0 0 -1
    outer loop
      vertex 14.3995 22.5987 0
      vertex 14.3995 27.8513 0
      vertex 14.4371 27.775 0
    endloop
  endfacet
  facet normal 0 0 -1
    outer loop
      vertex 14.3721 22.5182 0
      vertex 14.3995 27.8513 0
      vertex 14.3995 22.5987 0
    endloop
  endfacet
  facet normal 0 0 -1
    outer loop
      vertex 14.3721 22.5182 0
      vertex 14.3721 27.9318 0
      vertex 14.3995 27.8513 0
    endloop
  endfacet
  facet normal 0 0 -1
    outer loop
      vertex 14.3556 22.4348 0
      vertex 14.3721 27.9318 0
      vertex 14.3721 22.5182 0
    endloop
  endfacet
  facet normal 0 0 -1
    outer loop
      vertex 14.3556 22.4348 0
      vertex 14.3556 28.0152 0
      vertex 14.3721 27.9318 0
    endloop
  endfacet
  facet normal -0 0 -1
    outer loop
      vertex 14.675 21.7871 0
      vertex 4 4.73205 0
      vertex 14.6043 21.8343 0
    endloop
  endfacet
  facet normal 0 0 -1
    outer loop
      vertex 3.76537 4.84776 0
      vertex 14.6043 21.8343 0
      vertex 4 4.73205 0
    endloop
  endfacet
  facet normal 0 0 -1
    outer loop
      vertex 27.5176 4.93185 0
      vertex 37.375 27.1854 0
      vertex 27.7654 4.84776 0
    endloop
  endfacet
  facet normal 0 0 -1
    outer loop
      vertex 35.75 30 0
      vertex 28.9829 56.7389 0
      vertex 29 57 0
    endloop
  endfacet
  facet normal -0 0 -1
    outer loop
      vertex 37.375 27.1854 0
      vertex 27.5176 4.93185 0
      vertex 37.0215 27.4216 0
    endloop
  endfacet
  facet normal 0 0 -1
    outer loop
      vertex 35.75 30 0
      vertex 28.9319 56.4824 0
      vertex 28.9829 56.7389 0
    endloop
  endfacet
  facet normal 0 0 -1
    outer loop
      vertex 27.2611 4.98289 0
      vertex 37.0215 27.4216 0
      vertex 27.5176 4.93185 0
    endloop
  endfacet
  facet normal 0 0 -1
    outer loop
      vertex 35.75 30 0
      vertex 28.8478 56.2346 0
      vertex 28.9319 56.4824 0
    endloop
  endfacet
  facet normal -0 0 -1
    outer loop
      vertex 37.0215 27.4216 0
      vertex 27.2611 4.98289 0
      vertex 36.7019 27.7019 0
    endloop
  endfacet
  facet normal 0 0 -1
    outer loop
      vertex 35.75 30 0
      vertex 28.732 56 0
      vertex 28.8478 56.2346 0
    endloop
  endfacet
  facet normal 0 0 -1
    outer loop
      vertex 15.6279 22.1818 0
      vertex 36.7019 27.7019 0
      vertex 27.2611 4.98289 0
    endloop
  endfacet
  facet normal 0 0 -1
    outer loop
      vertex 35.75 30 0
      vertex 28.5867 55.7825 0
      vertex 28.732 56 0
    endloop
  endfacet
  facet normal -0 0 -1
    outer loop
      vertex 36.7019 27.7019 0
      vertex 15.6279 22.1818 0
      vertex 36.4216 28.0215 0
    endloop
  endfacet
  facet normal 0 0 -1
    outer loop
      vertex 35.75 30 0
      vertex 28.4142 55.5858 0
      vertex 28.5867 55.7825 0
    endloop
  endfacet
  facet normal 0 -0 -1
    outer loop
      vertex 15.6444 22.2652 0
      vertex 36.4216 28.0215 0
      vertex 15.6279 22.1818 0
    endloop
  endfacet
  facet normal 0 0 -1
    outer loop
      vertex 35.75 30 0
      vertex 28.2175 55.4133 0
      vertex 28.4142 55.5858 0
    endloop
  endfacet
  facet normal 0 -0 -1
    outer loop
      vertex 15.65 22.35 0
      vertex 36.4216 28.0215 0
      vertex 15.6444 22.2652 0
    endloop
  endfacet
  facet normal 0 0 -1
    outer loop
      vertex 15.6444 31.9848 0
      vertex 35.75 30 0
      vertex 15.65 31.9 0
    endloop
  endfacet
  facet normal -0 0 -1
    outer loop
      vertex 36.4216 28.0215 0
      vertex 15.65 22.35 0
      vertex 36.1854 28.375 0
    endloop
  endfacet
  facet normal 0 0 -1
    outer loop
      vertex 35.75 30 0
      vertex 28 55.2679 0
      vertex 28.2175 55.4133 0
    endloop
  endfacet
  facet normal 0 0 -1
    outer loop
      vertex 15.6444 22.4348 0
      vertex 36.1854 28.375 0
      vertex 15.65 22.35 0
    endloop
  endfacet
  facet normal 0 0 -1
    outer loop
      vertex 15.6444 37.7348 0
      vertex 35.75 30 0
      vertex 15.65 37.65 0
    endloop
  endfacet
  facet normal -0 0 -1
    outer loop
      vertex 36.1854 28.375 0
      vertex 15.6444 22.4348 0
      vertex 35.9974 28.7563 0
    endloop
  endfacet
  facet normal 0 0 -1
    outer loop
      vertex 35.75 30 0
      vertex 27.7654 55.1522 0
      vertex 28 55.2679 0
    endloop
  endfacet
  facet normal 0 0 -1
    outer loop
      vertex 15.6279 22.1818 0
      vertex 27.2611 4.98289 0
      vertex 27 5 0
    endloop
  endfacet
  facet normal 0 0 -1
    outer loop
      vertex 35.75 30 0
      vertex 27.5176 55.0681 0
      vertex 27.7654 55.1522 0
    endloop
  endfacet
  facet normal 0 0 -1
    outer loop
      vertex 15.6005 22.1013 0
      vertex 27 5 0
      vertex 26.7389 4.98289 0
    endloop
  endfacet
  facet normal 0 0 -1
    outer loop
      vertex 15.6279 37.8182 0
      vertex 35.75 30 0
      vertex 15.6444 37.7348 0
    endloop
  endfacet
  facet normal 0 0 -1
    outer loop
      vertex 15.5157 21.9543 0
      vertex 26.7389 4.98289 0
      vertex 26.4824 4.93185 0
    endloop
  endfacet
  facet normal 0 0 -1
    outer loop
      vertex 35.75 30 0
      vertex 27.2611 55.0171 0
      vertex 27.5176 55.0681 0
    endloop
  endfacet
  facet normal 0 0 -1
    outer loop
      vertex 15.4596 21.8904 0
      vertex 26.4824 4.93185 0
      vertex 26.2346 4.84776 0
    endloop
  endfacet
  facet normal 0 0 -1
    outer loop
      vertex 35.75 30 0
      vertex 15.6279 37.8182 0
      vertex 27.2611 55.0171 0
    endloop
  endfacet
  facet normal 0 0 -1
    outer loop
      vertex 15.3957 21.8343 0
      vertex 26.2346 4.84776 0
      vertex 26 4.73205 0
    endloop
  endfacet
  facet normal 0 0 -1
    outer loop
      vertex 27.2611 55.0171 0
      vertex 15.6279 37.8182 0
      vertex 27 55 0
    endloop
  endfacet
  facet normal 0 0 -1
    outer loop
      vertex 15.325 21.7871 0
      vertex 26 4.73205 0
      vertex 25.7825 4.58671 0
    endloop
  endfacet
  facet normal 0 0 -1
    outer loop
      vertex 15.6005 37.8987 0
      vertex 27 55 0
      vertex 15.6279 37.8182 0
    endloop
  endfacet
  facet normal 0 0 -1
    outer loop
      vertex 15.2487 21.7495 0
      vertex 25.7825 4.58671 0
      vertex 25.5858 4.41421 0
    endloop
  endfacet
  facet normal -0 0 -1
    outer loop
      vertex 27 55 0
      vertex 15.6005 37.8987 0
      vertex 26.7389 55.0171 0
    endloop
  endfacet
  facet normal 0 0 -1
    outer loop
      vertex 15.1682 21.7221 0
      vertex 25.5858 4.41421 0
      vertex 25.4133 4.21752 0
    endloop
  endfacet
  facet normal 0 0 -1
    outer loop
      vertex 15.5629 37.975 0
      vertex 26.7389 55.0171 0
      vertex 15.6005 37.8987 0
    endloop
  endfacet
  facet normal 0 0 -1
    outer loop
      vertex 15.0848 21.7056 0
      vertex 25.4133 4.21752 0
      vertex 25.2679 4 0
    endloop
  endfacet
  facet normal 0 -0 -1
    outer loop
      vertex 18.2857 52.6843 0
      vertex 26.7389 55.0171 0
      vertex 15.5629 37.975 0
    endloop
  endfacet
  facet normal 0 0 -1
    outer loop
      vertex 4.93185 3.51764 0
      vertex 25.0681 3.51764 0
      vertex 4.98289 3.26105 0
    endloop
  endfacet
  facet normal 0 -0 -1
    outer loop
      vertex 18.3496 52.7404 0
      vertex 26.7389 55.0171 0
      vertex 18.2857 52.6843 0
    endloop
  endfacet
  facet normal 0 0 -1
    outer loop
      vertex 25.0171 3.26105 0
      vertex 4.98289 3.26105 0
      vertex 25.0681 3.51764 0
    endloop
  endfacet
  facet normal -0 0 -1
    outer loop
      vertex 26.7389 55.0171 0
      vertex 18.3496 52.7404 0
      vertex 26.4824 55.0681 0
    endloop
  endfacet
  facet normal 0 0 -1
    outer loop
      vertex 4.98289 3.26105 0
      vertex 25.0171 3.26105 0
      vertex 5 3 0
    endloop
  endfacet
  facet normal 0 -0 -1
    outer loop
      vertex 18.4057 52.8043 0
      vertex 26.4824 55.0681 0
      vertex 18.3496 52.7404 0
    endloop
  endfacet
  facet normal 0 0 -1
    outer loop
      vertex 5 3 0
      vertex 25.0171 3.26105 0
      vertex 25 3 0
    endloop
  endfacet
  facet normal -0 0 -1
    outer loop
      vertex 26.4824 55.0681 0
      vertex 18.4057 52.8043 0
      vertex 26.2346 55.1522 0
    endloop
  endfacet
  facet normal 0 0 -1
    outer loop
      vertex 46 -6 0
      vertex 42.25 30 0
      vertex 46 66 0
    endloop
  endfacet
  facet normal 0 0 -1
    outer loop
      vertex 46 -6 0
      vertex 42.2222 29.5758 0
      vertex 42.25 30 0
    endloop
  endfacet
  facet normal 0 0 -1
    outer loop
      vertex 46 -6 0
      vertex 42.1393 29.1588 0
      vertex 42.2222 29.5758 0
    endloop
  endfacet
  facet normal 0 0 -1
    outer loop
      vertex 46 -6 0
      vertex 42.0026 28.7563 0
      vertex 42.1393 29.1588 0
    endloop
  endfacet
  facet normal 0 0 -1
    outer loop
      vertex 46 -6 0
      vertex 41.8146 28.375 0
      vertex 42.0026 28.7563 0
    endloop
  endfacet
  facet normal 0 0 -1
    outer loop
      vertex 46 -6 0
      vertex 41.5784 28.0215 0
      vertex 41.8146 28.375 0
    endloop
  endfacet
  facet normal 0 0 -1
    outer loop
      vertex 46 -6 0
      vertex 41.2981 27.7019 0
      vertex 41.5784 28.0215 0
    endloop
  endfacet
  facet normal 0 0 -1
    outer loop
      vertex 46 -6 0
      vertex 40.9785 27.4216 0
      vertex 41.2981 27.7019 0
    endloop
  endfacet
  facet normal 0 0 -1
    outer loop
      vertex 46 -6 0
      vertex 40.625 27.1854 0
      vertex 40.9785 27.4216 0
    endloop
  endfacet
  facet normal 0 0 -1
    outer loop
      vertex 46 -6 0
      vertex 40.2437 26.9974 0
      vertex 40.625 27.1854 0
    endloop
  endfacet
  facet normal 0 0 -1
    outer loop
      vertex 46 -6 0
      vertex 39.8412 26.8607 0
      vertex 40.2437 26.9974 0
    endloop
  endfacet
  facet normal 0 0 -1
    outer loop
      vertex 28.9829 3.26105 0
      vertex 46 -6 0
      vertex 29 3 0
    endloop
  endfacet
  facet normal 0 0 -1
    outer loop
      vertex 28.9319 3.51764 0
      vertex 46 -6 0
      vertex 28.9829 3.26105 0
    endloop
  endfacet
  facet normal 0 0 -1
    outer loop
      vertex 28.8478 3.76537 0
      vertex 46 -6 0
      vertex 28.9319 3.51764 0
    endloop
  endfacet
  facet normal 0 0 -1
    outer loop
      vertex 46 -6 0
      vertex 28.8478 3.76537 0
      vertex 39.8412 26.8607 0
    endloop
  endfacet
  facet normal 0 0 -1
    outer loop
      vertex 28.732 4 0
      vertex 39.8412 26.8607 0
      vertex 28.8478 3.76537 0
    endloop
  endfacet
  facet normal 0 0 -1
    outer loop
      vertex 39.8412 26.8607 0
      vertex 28.732 4 0
      vertex 39.4242 26.7778 0
    endloop
  endfacet
  facet normal 0 0 -1
    outer loop
      vertex 28.5867 4.21752 0
      vertex 39.4242 26.7778 0
      vertex 28.732 4 0
    endloop
  endfacet
  facet normal 0 0 -1
    outer loop
      vertex 39.4242 26.7778 0
      vertex 28.5867 4.21752 0
      vertex 39 26.75 0
    endloop
  endfacet
  facet normal 0 0 -1
    outer loop
      vertex 28.4142 4.41421 0
      vertex 39 26.75 0
      vertex 28.5867 4.21752 0
    endloop
  endfacet
  facet normal -0 0 -1
    outer loop
      vertex 39 26.75 0
      vertex 28.4142 4.41421 0
      vertex 38.5758 26.7778 0
    endloop
  endfacet
  facet normal 0 0 -1
    outer loop
      vertex 28.2175 4.58671 0
      vertex 38.5758 26.7778 0
      vertex 28.4142 4.41421 0
    endloop
  endfacet
  facet normal -0 0 -1
    outer loop
      vertex 38.5758 26.7778 0
      vertex 28.2175 4.58671 0
      vertex 38.1588 26.8607 0
    endloop
  endfacet
  facet normal 0 0 -1
    outer loop
      vertex 27.7654 4.84776 0
      vertex 37.7563 26.9974 0
      vertex 28 4.73205 0
    endloop
  endfacet
  facet normal -0 0 -1
    outer loop
      vertex 38.1588 26.8607 0
      vertex 28 4.73205 0
      vertex 37.7563 26.9974 0
    endloop
  endfacet
  facet normal 0 0 -1
    outer loop
      vertex 28 4.73205 0
      vertex 38.1588 26.8607 0
      vertex 28.2175 4.58671 0
    endloop
  endfacet
  facet normal 0 0 -1
    outer loop
      vertex 46 -6 0
      vertex 28.9829 2.73895 0
      vertex 29 3 0
    endloop
  endfacet
  facet normal 0 0 -1
    outer loop
      vertex 46 -6 0
      vertex 28.9319 2.48236 0
      vertex 28.9829 2.73895 0
    endloop
  endfacet
  facet normal 0 0 -1
    outer loop
      vertex 46 -6 0
      vertex 28.8478 2.23463 0
      vertex 28.9319 2.48236 0
    endloop
  endfacet
  facet normal 0 0 -1
    outer loop
      vertex 46 -6 0
      vertex 28.732 2 0
      vertex 28.8478 2.23463 0
    endloop
  endfacet
  facet normal 0 0 -1
    outer loop
      vertex 46 -6 0
      vertex 28.5867 1.78248 0
      vertex 28.732 2 0
    endloop
  endfacet
  facet normal 0 0 -1
    outer loop
      vertex 46 -6 0
      vertex 28.4142 1.58579 0
      vertex 28.5867 1.78248 0
    endloop
  endfacet
  facet normal 0 0 -1
    outer loop
      vertex 46 -6 0
      vertex 28.2175 1.41329 0
      vertex 28.4142 1.58579 0
    endloop
  endfacet
  facet normal 0 0 -1
    outer loop
      vertex 46 -6 0
      vertex 28 1.26795 0
      vertex 28.2175 1.41329 0
    endloop
  endfacet
  facet normal 0 0 -1
    outer loop
      vertex 46 -6 0
      vertex 27.7654 1.15224 0
      vertex 28 1.26795 0
    endloop
  endfacet
  facet normal 0 0 -1
    outer loop
      vertex 46 -6 0
      vertex 27.5176 1.06815 0
      vertex 27.7654 1.15224 0
    endloop
  endfacet
  facet normal 0 0 -1
    outer loop
      vertex 46 -6 0
      vertex 27.2611 1.01711 0
      vertex 27.5176 1.06815 0
    endloop
  endfacet
  facet normal 0 0 -1
    outer loop
      vertex 46 -6 0
      vertex 27 1 0
      vertex 27.2611 1.01711 0
    endloop
  endfacet
  facet normal 0 0 -1
    outer loop
      vertex 46 -6 0
      vertex 26.7389 1.01711 0
      vertex 27 1 0
    endloop
  endfacet
  facet normal 0 0 -1
    outer loop
      vertex 3.26105 1.01711 0
      vertex 26.7389 1.01711 0
      vertex 46 -6 0
    endloop
  endfacet
  facet normal 0 0 -1
    outer loop
      vertex 26.7389 1.01711 0
      vertex 3.26105 1.01711 0
      vertex 26.4824 1.06815 0
    endloop
  endfacet
  facet normal 0 -0 -1
    outer loop
      vertex 18.4529 52.875 0
      vertex 26.2346 55.1522 0
      vertex 18.4057 52.8043 0
    endloop
  endfacet
  facet normal 0 0 -1
    outer loop
      vertex 5 3 0
      vertex 25 3 0
      vertex 25.0171 2.73895 0
    endloop
  endfacet
  facet normal 0 0 -1
    outer loop
      vertex 18.4905 53.4487 0
      vertex 25.1522 56.2346 0
      vertex 18.5179 53.3682 0
    endloop
  endfacet
  facet normal -0 0 -1
    outer loop
      vertex 25.2679 56 0
      vertex 18.5179 53.3682 0
      vertex 25.1522 56.2346 0
    endloop
  endfacet
  facet normal 0 -0 -1
    outer loop
      vertex 18.5179 53.0318 0
      vertex 25.7825 55.4133 0
      vertex 18.4905 52.9513 0
    endloop
  endfacet
  facet normal 0 0 -1
    outer loop
      vertex 18.5179 53.3682 0
      vertex 25.2679 56 0
      vertex 18.5344 53.2848 0
    endloop
  endfacet
  facet normal -0 0 -1
    outer loop
      vertex 25.7825 55.4133 0
      vertex 18.5179 53.0318 0
      vertex 25.5858 55.5858 0
    endloop
  endfacet
  facet normal -0 0 -1
    outer loop
      vertex 25.4133 55.7825 0
      vertex 18.5344 53.2848 0
      vertex 25.2679 56 0
    endloop
  endfacet
  facet normal 0 -0 -1
    outer loop
      vertex 18.5344 53.1152 0
      vertex 25.5858 55.5858 0
      vertex 18.5179 53.0318 0
    endloop
  endfacet
  facet normal 0 0 -1
    outer loop
      vertex 18.5344 53.2848 0
      vertex 25.4133 55.7825 0
      vertex 18.54 53.2 0
    endloop
  endfacet
  facet normal 0 -0 -1
    outer loop
      vertex 18.54 53.2 0
      vertex 25.5858 55.5858 0
      vertex 18.5344 53.1152 0
    endloop
  endfacet
  facet normal -0 0 -1
    outer loop
      vertex 25.5858 55.5858 0
      vertex 18.54 53.2 0
      vertex 25.4133 55.7825 0
    endloop
  endfacet
  facet normal 0 -0 -1
    outer loop
      vertex 18.4905 52.9513 0
      vertex 26 55.2679 0
      vertex 18.4529 52.875 0
    endloop
  endfacet
  facet normal -0 0 -1
    outer loop
      vertex 26.2346 55.1522 0
      vertex 18.4529 52.875 0
      vertex 26 55.2679 0
    endloop
  endfacet
  facet normal 0 0 -1
    outer loop
      vertex 15.5157 38.0457 0
      vertex 18.2857 52.6843 0
      vertex 15.5629 37.975 0
    endloop
  endfacet
  facet normal 0 0 -1
    outer loop
      vertex 18.2857 52.6843 0
      vertex 15.5157 38.0457 0
      vertex 18.215 52.6371 0
    endloop
  endfacet
  facet normal 0 0 -1
    outer loop
      vertex 15.4596 38.1096 0
      vertex 18.215 52.6371 0
      vertex 15.5157 38.0457 0
    endloop
  endfacet
  facet normal 0 0 -1
    outer loop
      vertex 18.215 52.6371 0
      vertex 15.4596 38.1096 0
      vertex 18.1387 52.5995 0
    endloop
  endfacet
  facet normal 0 0 -1
    outer loop
      vertex 15.3957 38.1657 0
      vertex 18.1387 52.5995 0
      vertex 15.4596 38.1096 0
    endloop
  endfacet
  facet normal 0 0 -1
    outer loop
      vertex 18.1387 52.5995 0
      vertex 15.3957 38.1657 0
      vertex 18.0582 52.5721 0
    endloop
  endfacet
  facet normal 0 0 -1
    outer loop
      vertex 15.325 38.2129 0
      vertex 18.0582 52.5721 0
      vertex 15.3957 38.1657 0
    endloop
  endfacet
  facet normal 0 0 -1
    outer loop
      vertex 18.0582 52.5721 0
      vertex 15.325 38.2129 0
      vertex 17.9748 52.5556 0
    endloop
  endfacet
  facet normal 0 0 -1
    outer loop
      vertex 15.2487 38.2505 0
      vertex 17.9748 52.5556 0
      vertex 15.325 38.2129 0
    endloop
  endfacet
  facet normal 0 0 -1
    outer loop
      vertex 17.9748 52.5556 0
      vertex 15.2487 38.2505 0
      vertex 17.89 52.55 0
    endloop
  endfacet
  facet normal 0 0 -1
    outer loop
      vertex 15.1682 38.2779 0
      vertex 17.89 52.55 0
      vertex 15.2487 38.2505 0
    endloop
  endfacet
  facet normal 0 0 -1
    outer loop
      vertex 17.2456 53.1152 0
      vertex 16 53.2 0
      vertex 17.24 53.2 0
    endloop
  endfacet
  facet normal -0 0 -1
    outer loop
      vertex 17.89 52.55 0
      vertex 15.1682 38.2779 0
      vertex 17.8052 52.5556 0
    endloop
  endfacet
  facet normal 0 0 -1
    outer loop
      vertex 17.2456 53.1152 0
      vertex 15.9944 53.1152 0
      vertex 16 53.2 0
    endloop
  endfacet
  facet normal 0 -0 -1
    outer loop
      vertex 15.4348 52.5556 0
      vertex 17.8052 52.5556 0
      vertex 15.1682 38.2779 0
    endloop
  endfacet
  facet normal 0 0 -1
    outer loop
      vertex 17.8052 52.5556 0
      vertex 15.4348 52.5556 0
      vertex 17.7218 52.5721 0
    endloop
  endfacet
  facet normal -0 0 -1
    outer loop
      vertex 17.2456 53.1152 0
      vertex 15.9779 53.0318 0
      vertex 15.9944 53.1152 0
    endloop
  endfacet
  facet normal 0 -0 -1
    outer loop
      vertex 15.5182 52.5721 0
      vertex 17.7218 52.5721 0
      vertex 15.4348 52.5556 0
    endloop
  endfacet
  facet normal 0 0 -1
    outer loop
      vertex 17.2621 53.0318 0
      vertex 15.9779 53.0318 0
      vertex 17.2456 53.1152 0
    endloop
  endfacet
  facet normal 0 0 -1
    outer loop
      vertex 17.7218 52.5721 0
      vertex 15.5182 52.5721 0
      vertex 17.6413 52.5995 0
    endloop
  endfacet
  facet normal 0 -0 -1
    outer loop
      vertex 15.9779 53.0318 0
      vertex 17.2621 53.0318 0
      vertex 15.9505 52.9513 0
    endloop
  endfacet
  facet normal 0 0 -1
    outer loop
      vertex 15.6444 28.1848 0
      vertex 35.7778 29.5758 0
      vertex 15.65 28.1 0
    endloop
  endfacet
  facet normal 0 0 -1
    outer loop
      vertex 4.98289 2.73895 0
      vertex 25.0171 2.73895 0
      vertex 25.0681 2.48236 0
    endloop
  endfacet
  facet normal 0 0 -1
    outer loop
      vertex 4.93185 2.48236 0
      vertex 25.0681 2.48236 0
      vertex 25.1522 2.23463 0
    endloop
  endfacet
  facet normal -0 0 -1
    outer loop
      vertex 35.8607 29.1588 0
      vertex 15.65 28.1 0
      vertex 35.7778 29.5758 0
    endloop
  endfacet
  facet normal -0 0 -1
    outer loop
      vertex 35.9974 28.7563 0
      vertex 15.65 28.1 0
      vertex 35.8607 29.1588 0
    endloop
  endfacet
  facet normal 0 0 -1
    outer loop
      vertex 27 5 0
      vertex 15.6005 22.1013 0
      vertex 15.6279 22.1818 0
    endloop
  endfacet
  facet normal 0 0 -1
    outer loop
      vertex 26.7389 4.98289 0
      vertex 15.5629 22.025 0
      vertex 15.6005 22.1013 0
    endloop
  endfacet
  facet normal 0 0 -1
    outer loop
      vertex 26.7389 4.98289 0
      vertex 15.5157 21.9543 0
      vertex 15.5629 22.025 0
    endloop
  endfacet
  facet normal 0 0 -1
    outer loop
      vertex 26.4824 4.93185 0
      vertex 15.4596 21.8904 0
      vertex 15.5157 21.9543 0
    endloop
  endfacet
  facet normal 0 0 -1
    outer loop
      vertex 26.2346 4.84776 0
      vertex 15.3957 21.8343 0
      vertex 15.4596 21.8904 0
    endloop
  endfacet
  facet normal 0 0 -1
    outer loop
      vertex 4.84776 2.23463 0
      vertex 25.1522 2.23463 0
      vertex 25.2679 2 0
    endloop
  endfacet
  facet normal 0 0 -1
    outer loop
      vertex 26 4.73205 0
      vertex 15.325 21.7871 0
      vertex 15.3957 21.8343 0
    endloop
  endfacet
  facet normal 0 0 -1
    outer loop
      vertex 25.7825 4.58671 0
      vertex 15.2487 21.7495 0
      vertex 15.325 21.7871 0
    endloop
  endfacet
  facet normal 0 0 -1
    outer loop
      vertex 25.5858 4.41421 0
      vertex 15.1682 21.7221 0
      vertex 15.2487 21.7495 0
    endloop
  endfacet
  facet normal 0 0 -1
    outer loop
      vertex 25.4133 4.21752 0
      vertex 15.0848 21.7056 0
      vertex 15.1682 21.7221 0
    endloop
  endfacet
  facet normal 0 0 -1
    outer loop
      vertex 25.2679 4 0
      vertex 15 21.7 0
      vertex 15.0848 21.7056 0
    endloop
  endfacet
  facet normal 0 0 -1
    outer loop
      vertex 25.0681 3.51764 0
      vertex 4.93185 3.51764 0
      vertex 25.1522 3.76537 0
    endloop
  endfacet
  facet normal 0 0 -1
    outer loop
      vertex 4.84776 3.76537 0
      vertex 25.1522 3.76537 0
      vertex 4.93185 3.51764 0
    endloop
  endfacet
  facet normal 0 0 -1
    outer loop
      vertex 25.1522 3.76537 0
      vertex 4.84776 3.76537 0
      vertex 25.2679 4 0
    endloop
  endfacet
  facet normal 0 0 -1
    outer loop
      vertex 4.73205 4 0
      vertex 25.2679 4 0
      vertex 4.84776 3.76537 0
    endloop
  endfacet
  facet normal 0 0 -1
    outer loop
      vertex 25.2679 4 0
      vertex 4.73205 4 0
      vertex 15 21.7 0
    endloop
  endfacet
  facet normal -0 0 -1
    outer loop
      vertex 15 21.7 0
      vertex 4.73205 4 0
      vertex 14.9152 21.7056 0
    endloop
  endfacet
  facet normal 0 0 -1
    outer loop
      vertex 4.58671 4.21752 0
      vertex 14.9152 21.7056 0
      vertex 4.73205 4 0
    endloop
  endfacet
  facet normal -0 0 -1
    outer loop
      vertex 14.9152 21.7056 0
      vertex 4.58671 4.21752 0
      vertex 14.8318 21.7221 0
    endloop
  endfacet
  facet normal -0 0 -1
    outer loop
      vertex 14.6043 21.8343 0
      vertex 3.76537 4.84776 0
      vertex 14.5404 21.8904 0
    endloop
  endfacet
  facet normal 0 0 -1
    outer loop
      vertex 3.51764 4.93185 0
      vertex 14.5404 21.8904 0
      vertex 3.76537 4.84776 0
    endloop
  endfacet
  facet normal -0 0 -1
    outer loop
      vertex 14.5404 21.8904 0
      vertex 3.51764 4.93185 0
      vertex 14.4843 21.9543 0
    endloop
  endfacet
  facet normal 0 0 -1
    outer loop
      vertex 4 4.73205 0
      vertex 14.675 21.7871 0
      vertex 4.21752 4.58671 0
    endloop
  endfacet
  facet normal -0 0 -1
    outer loop
      vertex 14.7513 21.7495 0
      vertex 4.21752 4.58671 0
      vertex 14.675 21.7871 0
    endloop
  endfacet
  facet normal 0 0 -1
    outer loop
      vertex 4.21752 4.58671 0
      vertex 14.7513 21.7495 0
      vertex 4.41421 4.41421 0
    endloop
  endfacet
  facet normal -0 0 -1
    outer loop
      vertex 14.8318 21.7221 0
      vertex 4.41421 4.41421 0
      vertex 14.7513 21.7495 0
    endloop
  endfacet
  facet normal 0 0 -1
    outer loop
      vertex 4.41421 4.41421 0
      vertex 14.8318 21.7221 0
      vertex 4.58671 4.21752 0
    endloop
  endfacet
  facet normal 0 0 -1
    outer loop
      vertex 4.73205 2 0
      vertex 25.2679 2 0
      vertex 25.4133 1.78248 0
    endloop
  endfacet
  facet normal 0 0 -1
    outer loop
      vertex 4.58671 1.78248 0
      vertex 25.4133 1.78248 0
      vertex 25.5858 1.58579 0
    endloop
  endfacet
  facet normal 0 0 -1
    outer loop
      vertex 4.41421 1.58579 0
      vertex 25.5858 1.58579 0
      vertex 25.7825 1.41329 0
    endloop
  endfacet
  facet normal 0 0 -1
    outer loop
      vertex 4.21752 1.41329 0
      vertex 25.7825 1.41329 0
      vertex 26 1.26795 0
    endloop
  endfacet
  facet normal 0 0 -1
    outer loop
      vertex 4 1.26795 0
      vertex 26 1.26795 0
      vertex 26.2346 1.15224 0
    endloop
  endfacet
  facet normal 0 0 -1
    outer loop
      vertex 26.4824 1.06815 0
      vertex 3.51764 1.06815 0
      vertex 26.2346 1.15224 0
    endloop
  endfacet
  facet normal 0 0 -1
    outer loop
      vertex 25.0171 2.73895 0
      vertex 4.98289 2.73895 0
      vertex 5 3 0
    endloop
  endfacet
  facet normal 0 0 -1
    outer loop
      vertex 25.0681 2.48236 0
      vertex 4.93185 2.48236 0
      vertex 4.98289 2.73895 0
    endloop
  endfacet
  facet normal 0 0 -1
    outer loop
      vertex 25.1522 2.23463 0
      vertex 4.84776 2.23463 0
      vertex 4.93185 2.48236 0
    endloop
  endfacet
  facet normal 0 0 -1
    outer loop
      vertex 25.2679 2 0
      vertex 4.73205 2 0
      vertex 4.84776 2.23463 0
    endloop
  endfacet
  facet normal 0 0 -1
    outer loop
      vertex 25.4133 1.78248 0
      vertex 4.58671 1.78248 0
      vertex 4.73205 2 0
    endloop
  endfacet
  facet normal 0 0 -1
    outer loop
      vertex 25.5858 1.58579 0
      vertex 4.41421 1.58579 0
      vertex 4.58671 1.78248 0
    endloop
  endfacet
  facet normal 0 0 -1
    outer loop
      vertex 25.7825 1.41329 0
      vertex 4.21752 1.41329 0
      vertex 4.41421 1.58579 0
    endloop
  endfacet
  facet normal 0 0 -1
    outer loop
      vertex 26 1.26795 0
      vertex 4 1.26795 0
      vertex 4.21752 1.41329 0
    endloop
  endfacet
  facet normal 0 0 -1
    outer loop
      vertex 26.2346 1.15224 0
      vertex 3.76537 1.15224 0
      vertex 4 1.26795 0
    endloop
  endfacet
  facet normal -0 0 -1
    outer loop
      vertex 26.2346 1.15224 0
      vertex 3.51764 1.06815 0
      vertex 3.76537 1.15224 0
    endloop
  endfacet
  facet normal -0 0 -1
    outer loop
      vertex 26.4824 1.06815 0
      vertex 3.26105 1.01711 0
      vertex 3.51764 1.06815 0
    endloop
  endfacet
  facet normal 0 0 -1
    outer loop
      vertex -16 -6 0
      vertex 3.26105 1.01711 0
      vertex 46 -6 0
    endloop
  endfacet
  facet normal 0 0 -1
    outer loop
      vertex 3.26105 1.01711 0
      vertex -16 -6 0
      vertex 3 1 0
    endloop
  endfacet
  facet normal 0 0 -1
    outer loop
      vertex -7.75628 33.0026 0
      vertex 2.23463 55.1522 0
      vertex -7.375 32.8146 0
    endloop
  endfacet
  facet normal 0 0 -1
    outer loop
      vertex -16 -6 0
      vertex 1 3 0
      vertex 1.01711 2.73895 0
    endloop
  endfacet
  facet normal 0 0 -1
    outer loop
      vertex -16 -6 0
      vertex 1.01711 2.73895 0
      vertex 1.06815 2.48236 0
    endloop
  endfacet
  facet normal 0 0 -1
    outer loop
      vertex 14.35 28.1 0
      vertex -5.75 30 0
      vertex 14.35 31.9 0
    endloop
  endfacet
  facet normal 0 -0 -1
    outer loop
      vertex -5.75 30 0
      vertex 14.35 28.1 0
      vertex -5.7778 29.5758 0
    endloop
  endfacet
  facet normal 0 -0 -1
    outer loop
      vertex -5.7778 29.5758 0
      vertex 14.35 28.1 0
      vertex -5.86074 29.1588 0
    endloop
  endfacet
  facet normal 0 0 -1
    outer loop
      vertex 14.3556 28.0152 0
      vertex -5.86074 29.1588 0
      vertex 14.35 28.1 0
    endloop
  endfacet
  facet normal 0 -0 -1
    outer loop
      vertex -5.86074 29.1588 0
      vertex 14.3556 28.0152 0
      vertex -5.99739 28.7563 0
    endloop
  endfacet
  facet normal 0 -0 -1
    outer loop
      vertex -6.18542 28.375 0
      vertex 14.35 22.35 0
      vertex -6.4216 28.0215 0
    endloop
  endfacet
  facet normal 0 0 -1
    outer loop
      vertex 2.73895 4.98289 0
      vertex -7.02152 27.4216 0
      vertex -6.7019 27.7019 0
    endloop
  endfacet
  facet normal 0 0 -1
    outer loop
      vertex 2.48236 4.93185 0
      vertex -7.375 27.1854 0
      vertex -7.02152 27.4216 0
    endloop
  endfacet
  facet normal 0 0 -1
    outer loop
      vertex -16 -6 0
      vertex 1.06815 2.48236 0
      vertex 1.15224 2.23463 0
    endloop
  endfacet
  facet normal 0 0 -1
    outer loop
      vertex 2.23463 4.84776 0
      vertex -7.75628 26.9974 0
      vertex -7.375 27.1854 0
    endloop
  endfacet
  facet normal 0 0 -1
    outer loop
      vertex 2 4.73205 0
      vertex -8.15884 26.8607 0
      vertex -7.75628 26.9974 0
    endloop
  endfacet
  facet normal 0 0 -1
    outer loop
      vertex 1.78248 4.58671 0
      vertex -8.57579 26.7778 0
      vertex -8.15884 26.8607 0
    endloop
  endfacet
  facet normal 0 0 -1
    outer loop
      vertex 1.58579 4.41421 0
      vertex -9 26.75 0
      vertex -8.57579 26.7778 0
    endloop
  endfacet
  facet normal 0 0 -1
    outer loop
      vertex 1.41329 4.21752 0
      vertex -9.42421 26.7778 0
      vertex -9 26.75 0
    endloop
  endfacet
  facet normal 0 0 -1
    outer loop
      vertex 1.26795 4 0
      vertex -9.84116 26.8607 0
      vertex -9.42421 26.7778 0
    endloop
  endfacet
  facet normal -0 0 -1
    outer loop
      vertex 1.15224 3.76537 0
      vertex -16 -6 0
      vertex -9.84116 26.8607 0
    endloop
  endfacet
  facet normal -0 0 -1
    outer loop
      vertex -9.84116 26.8607 0
      vertex -16 -6 0
      vertex -10.2437 26.9974 0
    endloop
  endfacet
  facet normal -0 0 -1
    outer loop
      vertex -10.2437 26.9974 0
      vertex -16 -6 0
      vertex -10.625 27.1854 0
    endloop
  endfacet
  facet normal -0 0 -1
    outer loop
      vertex -10.625 27.1854 0
      vertex -16 -6 0
      vertex -10.9785 27.4216 0
    endloop
  endfacet
  facet normal -0 0 -1
    outer loop
      vertex -10.9785 27.4216 0
      vertex -16 -6 0
      vertex -11.2981 27.7019 0
    endloop
  endfacet
  facet normal 0 0 -1
    outer loop
      vertex -16 -6 0
      vertex 1.15224 2.23463 0
      vertex 1.26795 2 0
    endloop
  endfacet
  facet normal -0 0 -1
    outer loop
      vertex -11.2981 27.7019 0
      vertex -16 -6 0
      vertex -11.5784 28.0215 0
    endloop
  endfacet
  facet normal -0 0 -1
    outer loop
      vertex -12.2222 29.5758 0
      vertex -16 -6 0
      vertex -12.25 30 0
    endloop
  endfacet
  facet normal -0 0 -1
    outer loop
      vertex -12.1393 29.1588 0
      vertex -16 -6 0
      vertex -12.2222 29.5758 0
    endloop
  endfacet
  facet normal -0 0 -1
    outer loop
      vertex -12.0026 28.7563 0
      vertex -16 -6 0
      vertex -12.1393 29.1588 0
    endloop
  endfacet
  facet normal -0 0 -1
    outer loop
      vertex -11.8146 28.375 0
      vertex -16 -6 0
      vertex -12.0026 28.7563 0
    endloop
  endfacet
  facet normal -0 0 -1
    outer loop
      vertex -11.5784 28.0215 0
      vertex -16 -6 0
      vertex -11.8146 28.375 0
    endloop
  endfacet
  facet normal -0 0 -1
    outer loop
      vertex 1.41329 1.78248 0
      vertex -16 -6 0
      vertex 1.26795 2 0
    endloop
  endfacet
  facet normal -0 0 -1
    outer loop
      vertex 1.58579 1.58579 0
      vertex -16 -6 0
      vertex 1.41329 1.78248 0
    endloop
  endfacet
  facet normal -0 0 -1
    outer loop
      vertex 1.78248 1.41329 0
      vertex -16 -6 0
      vertex 1.58579 1.58579 0
    endloop
  endfacet
  facet normal -0 0 -1
    outer loop
      vertex 2 1.26795 0
      vertex -16 -6 0
      vertex 1.78248 1.41329 0
    endloop
  endfacet
  facet normal -0 0 -1
    outer loop
      vertex 2.23463 1.15224 0
      vertex -16 -6 0
      vertex 2 1.26795 0
    endloop
  endfacet
  facet normal -0 0 -1
    outer loop
      vertex 2.48236 1.06815 0
      vertex -16 -6 0
      vertex 2.23463 1.15224 0
    endloop
  endfacet
  facet normal -0 0 -1
    outer loop
      vertex 2.73895 1.01711 0
      vertex -16 -6 0
      vertex 2.48236 1.06815 0
    endloop
  endfacet
  facet normal -0 0 -1
    outer loop
      vertex 3 1 0
      vertex -16 -6 0
      vertex 2.73895 1.01711 0
    endloop
  endfacet
  facet normal 0 0 -1
    outer loop
      vertex 42.2222 30.4242 0
      vertex 46 66 0
      vertex 42.25 30 0
    endloop
  endfacet
  facet normal 0 0 -1
    outer loop
      vertex 42.1393 30.8412 0
      vertex 46 66 0
      vertex 42.2222 30.4242 0
    endloop
  endfacet
  facet normal 0 0 -1
    outer loop
      vertex 42.0026 31.2437 0
      vertex 46 66 0
      vertex 42.1393 30.8412 0
    endloop
  endfacet
  facet normal 0 0 -1
    outer loop
      vertex 41.8146 31.625 0
      vertex 46 66 0
      vertex 42.0026 31.2437 0
    endloop
  endfacet
  facet normal 0 0 -1
    outer loop
      vertex 41.5784 31.9785 0
      vertex 46 66 0
      vertex 41.8146 31.625 0
    endloop
  endfacet
  facet normal 0 0 -1
    outer loop
      vertex 41.2981 32.2981 0
      vertex 46 66 0
      vertex 41.5784 31.9785 0
    endloop
  endfacet
  facet normal 0 0 -1
    outer loop
      vertex 40.9785 32.5784 0
      vertex 46 66 0
      vertex 41.2981 32.2981 0
    endloop
  endfacet
  facet normal 0 0 -1
    outer loop
      vertex 40.625 32.8146 0
      vertex 46 66 0
      vertex 40.9785 32.5784 0
    endloop
  endfacet
  facet normal 0 0 -1
    outer loop
      vertex 40.2437 33.0026 0
      vertex 46 66 0
      vertex 40.625 32.8146 0
    endloop
  endfacet
  facet normal 0 0 -1
    outer loop
      vertex 39.8412 33.1393 0
      vertex 46 66 0
      vertex 40.2437 33.0026 0
    endloop
  endfacet
  facet normal 0 0 -1
    outer loop
      vertex 29 57 0
      vertex 39.8412 33.1393 0
      vertex 39.4242 33.2222 0
    endloop
  endfacet
  facet normal 0 0 -1
    outer loop
      vertex 29 57 0
      vertex 39.4242 33.2222 0
      vertex 39 33.25 0
    endloop
  endfacet
  facet normal 0 0 -1
    outer loop
      vertex 29 57 0
      vertex 39 33.25 0
      vertex 38.5758 33.2222 0
    endloop
  endfacet
  facet normal 0 0 -1
    outer loop
      vertex 29 57 0
      vertex 38.5758 33.2222 0
      vertex 38.1588 33.1393 0
    endloop
  endfacet
  facet normal 0 0 -1
    outer loop
      vertex 29 57 0
      vertex 38.1588 33.1393 0
      vertex 37.7563 33.0026 0
    endloop
  endfacet
  facet normal 0 0 -1
    outer loop
      vertex 29 57 0
      vertex 37.7563 33.0026 0
      vertex 37.375 32.8146 0
    endloop
  endfacet
  facet normal 0 0 -1
    outer loop
      vertex 29 57 0
      vertex 37.375 32.8146 0
      vertex 37.0215 32.5784 0
    endloop
  endfacet
  facet normal 0 0 -1
    outer loop
      vertex 29 57 0
      vertex 37.0215 32.5784 0
      vertex 36.7019 32.2981 0
    endloop
  endfacet
  facet normal 0 0 -1
    outer loop
      vertex 29 57 0
      vertex 36.7019 32.2981 0
      vertex 36.4216 31.9785 0
    endloop
  endfacet
  facet normal 0 0 -1
    outer loop
      vertex 29 57 0
      vertex 36.4216 31.9785 0
      vertex 36.1854 31.625 0
    endloop
  endfacet
  facet normal 0 0 -1
    outer loop
      vertex 29 57 0
      vertex 36.1854 31.625 0
      vertex 35.9974 31.2437 0
    endloop
  endfacet
  facet normal 0 0 -1
    outer loop
      vertex 29 57 0
      vertex 35.9974 31.2437 0
      vertex 35.8607 30.8412 0
    endloop
  endfacet
  facet normal -0 0 -1
    outer loop
      vertex 37.7563 26.9974 0
      vertex 27.7654 4.84776 0
      vertex 37.375 27.1854 0
    endloop
  endfacet
  facet normal 0 0 -1
    outer loop
      vertex 35.75 30 0
      vertex 29 57 0
      vertex 35.7778 30.4242 0
    endloop
  endfacet
  facet normal 0 0 -1
    outer loop
      vertex 35.7778 30.4242 0
      vertex 29 57 0
      vertex 35.8607 30.8412 0
    endloop
  endfacet
  facet normal 0 0 -1
    outer loop
      vertex 39.8412 33.1393 0
      vertex 29 57 0
      vertex 46 66 0
    endloop
  endfacet
  facet normal 0 0 -1
    outer loop
      vertex 28.9829 57.2611 0
      vertex 46 66 0
      vertex 29 57 0
    endloop
  endfacet
  facet normal 0 0 -1
    outer loop
      vertex 28.9319 57.5176 0
      vertex 46 66 0
      vertex 28.9829 57.2611 0
    endloop
  endfacet
  facet normal 0 0 -1
    outer loop
      vertex 28.8478 57.7654 0
      vertex 46 66 0
      vertex 28.9319 57.5176 0
    endloop
  endfacet
  facet normal 0 0 -1
    outer loop
      vertex 28.732 58 0
      vertex 46 66 0
      vertex 28.8478 57.7654 0
    endloop
  endfacet
  facet normal 0 0 -1
    outer loop
      vertex 28.5867 58.2175 0
      vertex 46 66 0
      vertex 28.732 58 0
    endloop
  endfacet
  facet normal 0 0 -1
    outer loop
      vertex 28.4142 58.4142 0
      vertex 46 66 0
      vertex 28.5867 58.2175 0
    endloop
  endfacet
  facet normal 0 0 -1
    outer loop
      vertex 28.2175 58.5867 0
      vertex 46 66 0
      vertex 28.4142 58.4142 0
    endloop
  endfacet
  facet normal 0 0 -1
    outer loop
      vertex 28 58.732 0
      vertex 46 66 0
      vertex 28.2175 58.5867 0
    endloop
  endfacet
  facet normal 0 0 -1
    outer loop
      vertex 27.7654 58.8478 0
      vertex 46 66 0
      vertex 28 58.732 0
    endloop
  endfacet
  facet normal 0 0 -1
    outer loop
      vertex 27.5176 58.9319 0
      vertex 46 66 0
      vertex 27.7654 58.8478 0
    endloop
  endfacet
  facet normal 0 0 -1
    outer loop
      vertex 27.2611 58.9829 0
      vertex 46 66 0
      vertex 27.5176 58.9319 0
    endloop
  endfacet
  facet normal 0 0 -1
    outer loop
      vertex 27 59 0
      vertex 46 66 0
      vertex 27.2611 58.9829 0
    endloop
  endfacet
  facet normal 0 0 -1
    outer loop
      vertex 26.7389 58.9829 0
      vertex 46 66 0
      vertex 27 59 0
    endloop
  endfacet
  facet normal 0 0 -1
    outer loop
      vertex 3.26105 58.9829 0
      vertex 26.7389 58.9829 0
      vertex 26.4824 58.9319 0
    endloop
  endfacet
  facet normal 0 0 -1
    outer loop
      vertex 3.51764 58.9319 0
      vertex 26.4824 58.9319 0
      vertex 26.2346 58.8478 0
    endloop
  endfacet
  facet normal 0 0 -1
    outer loop
      vertex 18.4529 53.525 0
      vertex 25.1522 56.2346 0
      vertex 18.4905 53.4487 0
    endloop
  endfacet
  facet normal -0 0 -1
    outer loop
      vertex 25.1522 56.2346 0
      vertex 18.4529 53.525 0
      vertex 25.0681 56.4824 0
    endloop
  endfacet
  facet normal 0 0 -1
    outer loop
      vertex 18.4057 53.5957 0
      vertex 25.0681 56.4824 0
      vertex 18.4529 53.525 0
    endloop
  endfacet
  facet normal -0 0 -1
    outer loop
      vertex 25.0681 56.4824 0
      vertex 18.4057 53.5957 0
      vertex 25.0171 56.7389 0
    endloop
  endfacet
  facet normal 0 0 -1
    outer loop
      vertex 18.3496 53.6596 0
      vertex 25.0171 56.7389 0
      vertex 18.4057 53.5957 0
    endloop
  endfacet
  facet normal -0 0 -1
    outer loop
      vertex 25.0171 56.7389 0
      vertex 18.3496 53.6596 0
      vertex 25 57 0
    endloop
  endfacet
  facet normal 0 0 -1
    outer loop
      vertex 18.2857 53.7157 0
      vertex 25 57 0
      vertex 18.3496 53.6596 0
    endloop
  endfacet
  facet normal 0 0 -1
    outer loop
      vertex 18.215 53.7629 0
      vertex 25 57 0
      vertex 18.2857 53.7157 0
    endloop
  endfacet
  facet normal -0 0 -1
    outer loop
      vertex 25 57 0
      vertex 18.215 53.7629 0
      vertex 25.0171 57.2611 0
    endloop
  endfacet
  facet normal 0 0 -1
    outer loop
      vertex 18.1387 53.8005 0
      vertex 25.0171 57.2611 0
      vertex 18.215 53.7629 0
    endloop
  endfacet
  facet normal -0 0 -1
    outer loop
      vertex 25.0171 57.2611 0
      vertex 18.1387 53.8005 0
      vertex 25.0681 57.5176 0
    endloop
  endfacet
  facet normal 0 0 -1
    outer loop
      vertex 18.0582 53.8279 0
      vertex 25.0681 57.5176 0
      vertex 18.1387 53.8005 0
    endloop
  endfacet
  facet normal -0 0 -1
    outer loop
      vertex 25.0681 57.5176 0
      vertex 18.0582 53.8279 0
      vertex 25.1522 57.7654 0
    endloop
  endfacet
  facet normal 0 0 -1
    outer loop
      vertex 17.9748 53.8444 0
      vertex 25.1522 57.7654 0
      vertex 18.0582 53.8279 0
    endloop
  endfacet
  facet normal -0 0 -1
    outer loop
      vertex 25.1522 57.7654 0
      vertex 17.9748 53.8444 0
      vertex 25.2679 58 0
    endloop
  endfacet
  facet normal 0 0 -1
    outer loop
      vertex 17.89 53.85 0
      vertex 25.2679 58 0
      vertex 17.9748 53.8444 0
    endloop
  endfacet
  facet normal -0 0 -1
    outer loop
      vertex 25.2679 58 0
      vertex 17.89 53.85 0
      vertex 25.4133 58.2175 0
    endloop
  endfacet
  facet normal 0 0 -1
    outer loop
      vertex 17.8052 53.8444 0
      vertex 25.4133 58.2175 0
      vertex 17.89 53.85 0
    endloop
  endfacet
  facet normal 0 0 -1
    outer loop
      vertex 15.4348 53.8444 0
      vertex 25.4133 58.2175 0
      vertex 17.8052 53.8444 0
    endloop
  endfacet
  facet normal 0 0 -1
    outer loop
      vertex 15.35 53.85 0
      vertex 25.4133 58.2175 0
      vertex 15.4348 53.8444 0
    endloop
  endfacet
  facet normal -0 0 -1
    outer loop
      vertex 25.4133 58.2175 0
      vertex 15.35 53.85 0
      vertex 25.5858 58.4142 0
    endloop
  endfacet
  facet normal 0 0 -1
    outer loop
      vertex 15.4348 53.8444 0
      vertex 17.8052 53.8444 0
      vertex 17.7218 53.8279 0
    endloop
  endfacet
  facet normal 0 0 -1
    outer loop
      vertex 15.5182 53.8279 0
      vertex 17.7218 53.8279 0
      vertex 17.6413 53.8005 0
    endloop
  endfacet
  facet normal 0 0 -1
    outer loop
      vertex 15.5987 53.8005 0
      vertex 17.6413 53.8005 0
      vertex 17.565 53.7629 0
    endloop
  endfacet
  facet normal 0 0 -1
    outer loop
      vertex 16 53.2 0
      vertex 17.2456 53.2848 0
      vertex 17.24 53.2 0
    endloop
  endfacet
  facet normal 0 0 -1
    outer loop
      vertex 15.9944 53.2848 0
      vertex 17.2456 53.2848 0
      vertex 16 53.2 0
    endloop
  endfacet
  facet normal 0 0 -1
    outer loop
      vertex 17.2456 53.2848 0
      vertex 15.9944 53.2848 0
      vertex 17.2621 53.3682 0
    endloop
  endfacet
  facet normal 0 0 -1
    outer loop
      vertex 15.9779 53.3682 0
      vertex 17.2621 53.3682 0
      vertex 15.9944 53.2848 0
    endloop
  endfacet
  facet normal 0 0 -1
    outer loop
      vertex 17.2621 53.3682 0
      vertex 15.9779 53.3682 0
      vertex 17.2895 53.4487 0
    endloop
  endfacet
  facet normal 0 0 -1
    outer loop
      vertex 15.9505 53.4487 0
      vertex 17.2895 53.4487 0
      vertex 15.9779 53.3682 0
    endloop
  endfacet
  facet normal 0 0 -1
    outer loop
      vertex 17.2895 53.4487 0
      vertex 15.9505 53.4487 0
      vertex 17.3271 53.525 0
    endloop
  endfacet
  facet normal 0 0 -1
    outer loop
      vertex 15.9129 53.525 0
      vertex 17.3271 53.525 0
      vertex 15.9505 53.4487 0
    endloop
  endfacet
  facet normal 0 0 -1
    outer loop
      vertex 17.3271 53.525 0
      vertex 15.9129 53.525 0
      vertex 17.3743 53.5957 0
    endloop
  endfacet
  facet normal 0 0 -1
    outer loop
      vertex 15.8657 53.5957 0
      vertex 17.3743 53.5957 0
      vertex 15.9129 53.525 0
    endloop
  endfacet
  facet normal 0 0 -1
    outer loop
      vertex 17.3743 53.5957 0
      vertex 15.8657 53.5957 0
      vertex 17.4304 53.6596 0
    endloop
  endfacet
  facet normal 0 0 -1
    outer loop
      vertex 15.8096 53.6596 0
      vertex 17.4304 53.6596 0
      vertex 15.8657 53.5957 0
    endloop
  endfacet
  facet normal 0 0 -1
    outer loop
      vertex 17.4304 53.6596 0
      vertex 15.8096 53.6596 0
      vertex 17.4943 53.7157 0
    endloop
  endfacet
  facet normal 0 0 -1
    outer loop
      vertex 15.7457 53.7157 0
      vertex 17.4943 53.7157 0
      vertex 15.8096 53.6596 0
    endloop
  endfacet
  facet normal 0 0 -1
    outer loop
      vertex 17.4943 53.7157 0
      vertex 15.7457 53.7157 0
      vertex 17.565 53.7629 0
    endloop
  endfacet
  facet normal 0 0 -1
    outer loop
      vertex 15.675 53.7629 0
      vertex 17.565 53.7629 0
      vertex 15.7457 53.7157 0
    endloop
  endfacet
  facet normal 0 0 -1
    outer loop
      vertex 15.5987 53.8005 0
      vertex 17.565 53.7629 0
      vertex 15.675 53.7629 0
    endloop
  endfacet
  facet normal 0 0 -1
    outer loop
      vertex 17.6413 53.8005 0
      vertex 15.5987 53.8005 0
      vertex 15.5182 53.8279 0
    endloop
  endfacet
  facet normal 0 0 -1
    outer loop
      vertex 17.7218 53.8279 0
      vertex 15.5182 53.8279 0
      vertex 15.4348 53.8444 0
    endloop
  endfacet
  facet normal 0 0 -1
    outer loop
      vertex 4.41421 58.4142 0
      vertex 25.5858 58.4142 0
      vertex 15.35 53.85 0
    endloop
  endfacet
  facet normal 0 0 -1
    outer loop
      vertex 25.5858 58.4142 0
      vertex 4.41421 58.4142 0
      vertex 25.7825 58.5867 0
    endloop
  endfacet
  facet normal 0 0 -1
    outer loop
      vertex 4.21752 58.5867 0
      vertex 25.7825 58.5867 0
      vertex 4.41421 58.4142 0
    endloop
  endfacet
  facet normal 0 0 -1
    outer loop
      vertex 4.41421 58.4142 0
      vertex 15.35 53.85 0
      vertex 15.2652 53.8444 0
    endloop
  endfacet
  facet normal 0 0 -1
    outer loop
      vertex 4.58671 58.2175 0
      vertex 15.2652 53.8444 0
      vertex 15.1818 53.8279 0
    endloop
  endfacet
  facet normal 0 0 -1
    outer loop
      vertex 4.73205 58 0
      vertex 15.1818 53.8279 0
      vertex 15.1013 53.8005 0
    endloop
  endfacet
  facet normal 0 0 -1
    outer loop
      vertex 14.7495 52.9513 0
      vertex 5 57 0
      vertex 14.7221 53.0318 0
    endloop
  endfacet
  facet normal 0 0 -1
    outer loop
      vertex 14.7221 53.0318 0
      vertex 5 57 0
      vertex 14.7056 53.1152 0
    endloop
  endfacet
  facet normal 0 0 -1
    outer loop
      vertex 5 57 0
      vertex 14.5404 38.1096 0
      vertex 14.4843 38.0457 0
    endloop
  endfacet
  facet normal 0 0 -1
    outer loop
      vertex 5 57 0
      vertex 14.4843 38.0457 0
      vertex 14.4371 37.975 0
    endloop
  endfacet
  facet normal 0 0 -1
    outer loop
      vertex 5 57 0
      vertex 14.4371 37.975 0
      vertex 14.3995 37.8987 0
    endloop
  endfacet
  facet normal 0 0 -1
    outer loop
      vertex 5 57 0
      vertex 14.3995 37.8987 0
      vertex 14.3721 37.8182 0
    endloop
  endfacet
  facet normal 0 0 -1
    outer loop
      vertex 5 57 0
      vertex 14.3721 37.8182 0
      vertex 14.3556 37.7348 0
    endloop
  endfacet
  facet normal 0 0 -1
    outer loop
      vertex 5 57 0
      vertex 14.3556 37.7348 0
      vertex 14.35 37.65 0
    endloop
  endfacet
  facet normal 0 0 -1
    outer loop
      vertex 14.3556 37.5652 0
      vertex 5 57 0
      vertex 14.35 37.65 0
    endloop
  endfacet
  facet normal 0 0 -1
    outer loop
      vertex 14.7056 53.1152 0
      vertex 5 57 0
      vertex 14.7 53.2 0
    endloop
  endfacet
  facet normal 0 0 -1
    outer loop
      vertex 14.7 53.2 0
      vertex 5 57 0
      vertex 14.7056 53.2848 0
    endloop
  endfacet
  facet normal 0 0 -1
    outer loop
      vertex 5 57 0
      vertex 14.7221 53.3682 0
      vertex 14.7056 53.2848 0
    endloop
  endfacet
  facet normal 0 0 -1
    outer loop
      vertex 5 57 0
      vertex 14.7495 53.4487 0
      vertex 14.7221 53.3682 0
    endloop
  endfacet
  facet normal 0 0 -1
    outer loop
      vertex 5 57 0
      vertex 14.7871 53.525 0
      vertex 14.7495 53.4487 0
    endloop
  endfacet
  facet normal 0 0 -1
    outer loop
      vertex 5 57 0
      vertex 14.8343 53.5957 0
      vertex 14.7871 53.525 0
    endloop
  endfacet
  facet normal 0 0 -1
    outer loop
      vertex 5 57 0
      vertex 14.8904 53.6596 0
      vertex 14.8343 53.5957 0
    endloop
  endfacet
  facet normal 0 0 -1
    outer loop
      vertex 4.98289 57.2611 0
      vertex 14.8904 53.6596 0
      vertex 5 57 0
    endloop
  endfacet
  facet normal 0 0 -1
    outer loop
      vertex 14.8904 53.6596 0
      vertex 4.98289 57.2611 0
      vertex 14.9543 53.7157 0
    endloop
  endfacet
  facet normal 0 0 -1
    outer loop
      vertex 4.93185 57.5176 0
      vertex 14.9543 53.7157 0
      vertex 4.98289 57.2611 0
    endloop
  endfacet
  facet normal 0 0 -1
    outer loop
      vertex 14.9543 53.7157 0
      vertex 4.93185 57.5176 0
      vertex 15.025 53.7629 0
    endloop
  endfacet
  facet normal 0 0 -1
    outer loop
      vertex 4.84776 57.7654 0
      vertex 15.025 53.7629 0
      vertex 4.93185 57.5176 0
    endloop
  endfacet
  facet normal 0 0 -1
    outer loop
      vertex 15.025 53.7629 0
      vertex 4.84776 57.7654 0
      vertex 15.1013 53.8005 0
    endloop
  endfacet
  facet normal 0 0 -1
    outer loop
      vertex 4.73205 58 0
      vertex 15.1013 53.8005 0
      vertex 4.84776 57.7654 0
    endloop
  endfacet
  facet normal 0 0 -1
    outer loop
      vertex 15.1818 53.8279 0
      vertex 4.73205 58 0
      vertex 4.58671 58.2175 0
    endloop
  endfacet
  facet normal 0 0 -1
    outer loop
      vertex 15.2652 53.8444 0
      vertex 4.58671 58.2175 0
      vertex 4.41421 58.4142 0
    endloop
  endfacet
  facet normal 0 0 -1
    outer loop
      vertex 25.7825 58.5867 0
      vertex 4.21752 58.5867 0
      vertex 26 58.732 0
    endloop
  endfacet
  facet normal 0 0 -1
    outer loop
      vertex 4 58.732 0
      vertex 26 58.732 0
      vertex 4.21752 58.5867 0
    endloop
  endfacet
  facet normal 0 0 -1
    outer loop
      vertex 26 58.732 0
      vertex 4 58.732 0
      vertex 26.2346 58.8478 0
    endloop
  endfacet
  facet normal 0 0 -1
    outer loop
      vertex 3.76537 58.8478 0
      vertex 26.2346 58.8478 0
      vertex 4 58.732 0
    endloop
  endfacet
  facet normal 0 0 -1
    outer loop
      vertex 3.51764 58.9319 0
      vertex 26.2346 58.8478 0
      vertex 3.76537 58.8478 0
    endloop
  endfacet
  facet normal 0 0 -1
    outer loop
      vertex 3.26105 58.9829 0
      vertex 26.4824 58.9319 0
      vertex 3.51764 58.9319 0
    endloop
  endfacet
  facet normal 0 0 -1
    outer loop
      vertex 26.7389 58.9829 0
      vertex 3.26105 58.9829 0
      vertex 46 66 0
    endloop
  endfacet
  facet normal 0 0 -1
    outer loop
      vertex -16 66 0
      vertex 3.26105 58.9829 0
      vertex 3 59 0
    endloop
  endfacet
  facet normal 0 0 -1
    outer loop
      vertex -16 66 0
      vertex 3 59 0
      vertex 2.73895 58.9829 0
    endloop
  endfacet
  facet normal -0 0 -1
    outer loop
      vertex 2.23463 55.1522 0
      vertex -7.75628 33.0026 0
      vertex 2 55.2679 0
    endloop
  endfacet
  facet normal 0 0 -1
    outer loop
      vertex -8.15884 33.1393 0
      vertex 2 55.2679 0
      vertex -7.75628 33.0026 0
    endloop
  endfacet
  facet normal -0 0 -1
    outer loop
      vertex 2 55.2679 0
      vertex -8.15884 33.1393 0
      vertex 1.78248 55.4133 0
    endloop
  endfacet
  facet normal 0 0 -1
    outer loop
      vertex -8.57579 33.2222 0
      vertex 1.78248 55.4133 0
      vertex -8.15884 33.1393 0
    endloop
  endfacet
  facet normal -0 0 -1
    outer loop
      vertex 1.78248 55.4133 0
      vertex -8.57579 33.2222 0
      vertex 1.58579 55.5858 0
    endloop
  endfacet
  facet normal 0 0 -1
    outer loop
      vertex -9 33.25 0
      vertex 1.58579 55.5858 0
      vertex -8.57579 33.2222 0
    endloop
  endfacet
  facet normal -0 0 -1
    outer loop
      vertex 1.58579 55.5858 0
      vertex -9 33.25 0
      vertex 1.41329 55.7825 0
    endloop
  endfacet
  facet normal 0 0 -1
    outer loop
      vertex -9.42421 33.2222 0
      vertex 1.41329 55.7825 0
      vertex -9 33.25 0
    endloop
  endfacet
  facet normal -0 0 -1
    outer loop
      vertex 1.41329 55.7825 0
      vertex -9.42421 33.2222 0
      vertex 1.26795 56 0
    endloop
  endfacet
  facet normal 0 0 -1
    outer loop
      vertex -9.84116 33.1393 0
      vertex 1.26795 56 0
      vertex -9.42421 33.2222 0
    endloop
  endfacet
  facet normal -0 0 -1
    outer loop
      vertex 1.26795 56 0
      vertex -9.84116 33.1393 0
      vertex 1.15224 56.2346 0
    endloop
  endfacet
  facet normal 0 0 -1
    outer loop
      vertex -16 66 0
      vertex 1.15224 56.2346 0
      vertex -9.84116 33.1393 0
    endloop
  endfacet
  facet normal 0 0 -1
    outer loop
      vertex 1.15224 56.2346 0
      vertex -16 66 0
      vertex 1.06815 56.4824 0
    endloop
  endfacet
  facet normal 0 0 -1
    outer loop
      vertex 1.06815 56.4824 0
      vertex -16 66 0
      vertex 1.01711 56.7389 0
    endloop
  endfacet
  facet normal 0 0 -1
    outer loop
      vertex 1.01711 56.7389 0
      vertex -16 66 0
      vertex 1 57 0
    endloop
  endfacet
  facet normal 0 0 -1
    outer loop
      vertex 1 57 0
      vertex -16 66 0
      vertex 1.01711 57.2611 0
    endloop
  endfacet
  facet normal 0 0 -1
    outer loop
      vertex 1.01711 57.2611 0
      vertex -16 66 0
      vertex 1.06815 57.5176 0
    endloop
  endfacet
  facet normal 0 0 -1
    outer loop
      vertex -16 66 0
      vertex -9.84116 33.1393 0
      vertex -10.2437 33.0026 0
    endloop
  endfacet
  facet normal 0 0 -1
    outer loop
      vertex -16 66 0
      vertex -10.2437 33.0026 0
      vertex -10.625 32.8146 0
    endloop
  endfacet
  facet normal 0 0 -1
    outer loop
      vertex -16 66 0
      vertex -10.625 32.8146 0
      vertex -10.9785 32.5784 0
    endloop
  endfacet
  facet normal 0 0 -1
    outer loop
      vertex -16 66 0
      vertex -10.9785 32.5784 0
      vertex -11.2981 32.2981 0
    endloop
  endfacet
  facet normal 0 0 -1
    outer loop
      vertex -16 66 0
      vertex -11.2981 32.2981 0
      vertex -11.5784 31.9785 0
    endloop
  endfacet
  facet normal 0 0 -1
    outer loop
      vertex 1.06815 57.5176 0
      vertex -16 66 0
      vertex 1.15224 57.7654 0
    endloop
  endfacet
  facet normal 0 0 -1
    outer loop
      vertex -16 66 0
      vertex -11.5784 31.9785 0
      vertex -11.8146 31.625 0
    endloop
  endfacet
  facet normal 0 0 -1
    outer loop
      vertex -16 66 0
      vertex -12.25 30 0
      vertex -16 -6 0
    endloop
  endfacet
  facet normal 0 0 -1
    outer loop
      vertex 3.26105 58.9829 0
      vertex -16 66 0
      vertex 46 66 0
    endloop
  endfacet
  facet normal 0 0 -1
    outer loop
      vertex 2.48236 58.9319 0
      vertex -16 66 0
      vertex 2.73895 58.9829 0
    endloop
  endfacet
  facet normal 0 0 -1
    outer loop
      vertex 2.23463 58.8478 0
      vertex -16 66 0
      vertex 2.48236 58.9319 0
    endloop
  endfacet
  facet normal 0 0 -1
    outer loop
      vertex 2 58.732 0
      vertex -16 66 0
      vertex 2.23463 58.8478 0
    endloop
  endfacet
  facet normal 0 0 -1
    outer loop
      vertex 1.78248 58.5867 0
      vertex -16 66 0
      vertex 2 58.732 0
    endloop
  endfacet
  facet normal 0 0 -1
    outer loop
      vertex 1.58579 58.4142 0
      vertex -16 66 0
      vertex 1.78248 58.5867 0
    endloop
  endfacet
  facet normal 0 0 -1
    outer loop
      vertex 1.41329 58.2175 0
      vertex -16 66 0
      vertex 1.58579 58.4142 0
    endloop
  endfacet
  facet normal 0 0 -1
    outer loop
      vertex 1.26795 58 0
      vertex -16 66 0
      vertex 1.41329 58.2175 0
    endloop
  endfacet
  facet normal 0 0 -1
    outer loop
      vertex 1.15224 57.7654 0
      vertex -16 66 0
      vertex 1.26795 58 0
    endloop
  endfacet
  facet normal 0 0 -1
    outer loop
      vertex -12.0026 31.2437 0
      vertex -16 66 0
      vertex -11.8146 31.625 0
    endloop
  endfacet
  facet normal 0 0 -1
    outer loop
      vertex -12.1393 30.8412 0
      vertex -16 66 0
      vertex -12.0026 31.2437 0
    endloop
  endfacet
  facet normal 0 0 -1
    outer loop
      vertex -12.2222 30.4242 0
      vertex -16 66 0
      vertex -12.1393 30.8412 0
    endloop
  endfacet
  facet normal 0 0 -1
    outer loop
      vertex -12.25 30 0
      vertex -16 66 0
      vertex -12.2222 30.4242 0
    endloop
  endfacet
  facet normal -0 0 -1
    outer loop
      vertex 35.7778 29.5758 0
      vertex 15.6444 28.1848 0
      vertex 35.75 30 0
    endloop
  endfacet
  facet normal -0 0 -1
    outer loop
      vertex 26 55.2679 0
      vertex 18.4905 52.9513 0
      vertex 25.7825 55.4133 0
    endloop
  endfacet
  facet normal 0 0 -1
    outer loop
      vertex 17.6413 52.5995 0
      vertex 15.5987 52.5995 0
      vertex 17.565 52.6371 0
    endloop
  endfacet
  facet normal 0 0 -1
    outer loop
      vertex 17.2895 52.9513 0
      vertex 15.9505 52.9513 0
      vertex 17.2621 53.0318 0
    endloop
  endfacet
  facet normal 0 -0 -1
    outer loop
      vertex 15.675 52.6371 0
      vertex 17.565 52.6371 0
      vertex 15.5987 52.5995 0
    endloop
  endfacet
  facet normal 0 -0 -1
    outer loop
      vertex 15.9505 52.9513 0
      vertex 17.2895 52.9513 0
      vertex 15.9129 52.875 0
    endloop
  endfacet
  facet normal 0 -0 -1
    outer loop
      vertex 15.7457 52.6843 0
      vertex 17.4943 52.6843 0
      vertex 15.675 52.6371 0
    endloop
  endfacet
  facet normal 0 0 -1
    outer loop
      vertex 17.3271 52.875 0
      vertex 15.9129 52.875 0
      vertex 17.2895 52.9513 0
    endloop
  endfacet
  facet normal 0 -0 -1
    outer loop
      vertex 15.8096 52.7404 0
      vertex 17.4304 52.7404 0
      vertex 15.7457 52.6843 0
    endloop
  endfacet
  facet normal 0 -0 -1
    outer loop
      vertex 15.9129 52.875 0
      vertex 17.3271 52.875 0
      vertex 15.8657 52.8043 0
    endloop
  endfacet
  facet normal 0 -0 -1
    outer loop
      vertex 15.8657 52.8043 0
      vertex 17.3743 52.8043 0
      vertex 15.8096 52.7404 0
    endloop
  endfacet
  facet normal 0 0 -1
    outer loop
      vertex 17.3743 52.8043 0
      vertex 15.8657 52.8043 0
      vertex 17.3271 52.875 0
    endloop
  endfacet
  facet normal 0 0 -1
    outer loop
      vertex 17.4304 52.7404 0
      vertex 15.8096 52.7404 0
      vertex 17.3743 52.8043 0
    endloop
  endfacet
  facet normal 0 0 -1
    outer loop
      vertex 17.4943 52.6843 0
      vertex 15.7457 52.6843 0
      vertex 17.4304 52.7404 0
    endloop
  endfacet
  facet normal 0 0 -1
    outer loop
      vertex 17.565 52.6371 0
      vertex 15.675 52.6371 0
      vertex 17.4943 52.6843 0
    endloop
  endfacet
  facet normal 0 -0 -1
    outer loop
      vertex 15.5987 52.5995 0
      vertex 17.6413 52.5995 0
      vertex 15.5182 52.5721 0
    endloop
  endfacet
  facet normal 0 0 -1
    outer loop
      vertex 15.0848 38.2944 0
      vertex 15.4348 52.5556 0
      vertex 15.1682 38.2779 0
    endloop
  endfacet
  facet normal 0 0 -1
    outer loop
      vertex 15.4348 52.5556 0
      vertex 15.0848 38.2944 0
      vertex 15.35 52.55 0
    endloop
  endfacet
  facet normal 0 0 -1
    outer loop
      vertex 15 38.3 0
      vertex 15.35 52.55 0
      vertex 15.0848 38.2944 0
    endloop
  endfacet
  facet normal -0 0 -1
    outer loop
      vertex 15.35 52.55 0
      vertex 15 38.3 0
      vertex 15.2652 52.5556 0
    endloop
  endfacet
  facet normal 0 0 -1
    outer loop
      vertex 14.9152 38.2944 0
      vertex 15.2652 52.5556 0
      vertex 15 38.3 0
    endloop
  endfacet
  facet normal -0 0 -1
    outer loop
      vertex 15.2652 52.5556 0
      vertex 14.9152 38.2944 0
      vertex 15.1818 52.5721 0
    endloop
  endfacet
  facet normal 0 0 -1
    outer loop
      vertex 14.8318 38.2779 0
      vertex 15.1818 52.5721 0
      vertex 14.9152 38.2944 0
    endloop
  endfacet
  facet normal -0 0 -1
    outer loop
      vertex 15.1818 52.5721 0
      vertex 14.8318 38.2779 0
      vertex 15.1013 52.5995 0
    endloop
  endfacet
  facet normal 0 0 -1
    outer loop
      vertex 14.7513 38.2505 0
      vertex 15.1013 52.5995 0
      vertex 14.8318 38.2779 0
    endloop
  endfacet
  facet normal -0 0 -1
    outer loop
      vertex 15.1013 52.5995 0
      vertex 14.7513 38.2505 0
      vertex 15.025 52.6371 0
    endloop
  endfacet
  facet normal 0 0 -1
    outer loop
      vertex 14.675 38.2129 0
      vertex 15.025 52.6371 0
      vertex 14.7513 38.2505 0
    endloop
  endfacet
  facet normal -0 0 -1
    outer loop
      vertex 15.025 52.6371 0
      vertex 14.675 38.2129 0
      vertex 14.9543 52.6843 0
    endloop
  endfacet
  facet normal 0 0 -1
    outer loop
      vertex 14.6043 38.1657 0
      vertex 14.9543 52.6843 0
      vertex 14.675 38.2129 0
    endloop
  endfacet
  facet normal -0 0 -1
    outer loop
      vertex 14.9543 52.6843 0
      vertex 14.6043 38.1657 0
      vertex 14.8904 52.7404 0
    endloop
  endfacet
  facet normal 0 0 -1
    outer loop
      vertex 14.5404 38.1096 0
      vertex 14.8904 52.7404 0
      vertex 14.6043 38.1657 0
    endloop
  endfacet
  facet normal -0 0 -1
    outer loop
      vertex 14.8904 52.7404 0
      vertex 14.5404 38.1096 0
      vertex 14.8343 52.8043 0
    endloop
  endfacet
  facet normal 0 0 -1
    outer loop
      vertex 5 57 0
      vertex 14.8343 52.8043 0
      vertex 14.5404 38.1096 0
    endloop
  endfacet
  facet normal 0 0 -1
    outer loop
      vertex 14.8343 52.8043 0
      vertex 5 57 0
      vertex 14.7871 52.875 0
    endloop
  endfacet
  facet normal 0 0 -1
    outer loop
      vertex 14.7871 52.875 0
      vertex 5 57 0
      vertex 14.7495 52.9513 0
    endloop
  endfacet
  facet normal -1 0 0
    outer loop
      vertex -16 -6 0
      vertex -16 66 8
      vertex -16 66 0
    endloop
  endfacet
  facet normal -1 -0 0
    outer loop
      vertex -16 66 8
      vertex -16 -6 0
      vertex -16 -6 8
    endloop
  endfacet
  facet normal 0 1 0
    outer loop
      vertex 46 66 8
      vertex 16.75 66 6
      vertex 16.75 66 8
    endloop
  endfacet
  facet normal 0 1 0
    outer loop
      vertex 16.75 66 6
      vertex 46 66 0
      vertex 13.25 66 6
    endloop
  endfacet
  facet normal 0 1 -0
    outer loop
      vertex 46 66 0
      vertex 16.75 66 6
      vertex 46 66 8
    endloop
  endfacet
  facet normal 0 1 -0
    outer loop
      vertex 13.25 66 6
      vertex -16 66 8
      vertex 13.25 66 8
    endloop
  endfacet
  facet normal 0 1 0
    outer loop
      vertex -16 66 0
      vertex 13.25 66 6
      vertex 46 66 0
    endloop
  endfacet
  facet normal 0 1 0
    outer loop
      vertex 13.25 66 6
      vertex -16 66 0
      vertex -16 66 8
    endloop
  endfacet
  facet normal 0 -1 0
    outer loop
      vertex -16 -6 0
      vertex 46 -6 8
      vertex -16 -6 8
    endloop
  endfacet
  facet normal 0 -1 -0
    outer loop
      vertex 46 -6 8
      vertex -16 -6 0
      vertex 46 -6 0
    endloop
  endfacet
  facet normal -1 0 0
    outer loop
      vertex 19.5 53.8835 6
      vertex 19.5 54.95 8
      vertex 19.5 54.95 6
    endloop
  endfacet
  facet normal -1 -0 0
    outer loop
      vertex 19.5 54.95 8
      vertex 19.5 53.8835 6
      vertex 19.5 53.8835 8
    endloop
  endfacet
  facet normal -1 0 0
    outer loop
      vertex 19.5 51.45 6
      vertex 19.5 52.5165 8
      vertex 19.5 52.5165 6
    endloop
  endfacet
  facet normal -1 -0 0
    outer loop
      vertex 19.5 52.5165 8
      vertex 19.5 51.45 6
      vertex 19.5 51.45 8
    endloop
  endfacet
  facet normal 0 0 1
    outer loop
      vertex 19.5 54.95 6
      vertex 19.4055 54.075 6
      vertex 19.5 53.8835 6
    endloop
  endfacet
  facet normal 0 0 1
    outer loop
      vertex 19.5 54.95 6
      vertex 19.2784 54.2653 6
      vertex 19.4055 54.075 6
    endloop
  endfacet
  facet normal 0 0 1
    outer loop
      vertex 19.5 54.95 6
      vertex 19.1274 54.4374 6
      vertex 19.2784 54.2653 6
    endloop
  endfacet
  facet normal 0 0 1
    outer loop
      vertex 19.5 54.95 6
      vertex 18.9553 54.5884 6
      vertex 19.1274 54.4374 6
    endloop
  endfacet
  facet normal 0 0 1
    outer loop
      vertex 19.5 54.95 6
      vertex 18.765 54.7155 6
      vertex 18.9553 54.5884 6
    endloop
  endfacet
  facet normal 0 0 1
    outer loop
      vertex 19.5 54.95 6
      vertex 18.5597 54.8168 6
      vertex 18.765 54.7155 6
    endloop
  endfacet
  facet normal 0 0 1
    outer loop
      vertex 19.5 54.95 6
      vertex 18.3429 54.8904 6
      vertex 18.5597 54.8168 6
    endloop
  endfacet
  facet normal 0 0 1
    outer loop
      vertex 19.5 54.95 6
      vertex 18.1184 54.935 6
      vertex 18.3429 54.8904 6
    endloop
  endfacet
  facet normal 0 -0 1
    outer loop
      vertex 18.1184 54.935 6
      vertex 19.5 54.95 6
      vertex 17.89 54.95 6
    endloop
  endfacet
  facet normal 0 0 1
    outer loop
      vertex 15.5784 54.935 6
      vertex 16.75 54.95 6
      vertex 16.75 66 6
    endloop
  endfacet
  facet normal 0 0 1
    outer loop
      vertex 16.75 54.95 6
      vertex 16.4153 54.5884 6
      vertex 16.6526 54.4374 6
    endloop
  endfacet
  facet normal 0 0 1
    outer loop
      vertex 16.6526 54.4374 6
      vertex 16.5874 54.4374 6
      vertex 16.62 54.4003 6
    endloop
  endfacet
  facet normal 0 0 1
    outer loop
      vertex 16.6526 54.4374 6
      vertex 16.4153 54.5884 6
      vertex 16.5874 54.4374 6
    endloop
  endfacet
  facet normal 0 0 1
    outer loop
      vertex 16.75 54.95 6
      vertex 16.225 54.7155 6
      vertex 16.4153 54.5884 6
    endloop
  endfacet
  facet normal 0 0 1
    outer loop
      vertex 16.75 54.95 6
      vertex 16.0197 54.8168 6
      vertex 16.225 54.7155 6
    endloop
  endfacet
  facet normal 0 0 1
    outer loop
      vertex 16.75 54.95 6
      vertex 15.8029 54.8904 6
      vertex 16.0197 54.8168 6
    endloop
  endfacet
  facet normal 0 0 1
    outer loop
      vertex 16.75 54.95 6
      vertex 15.5784 54.935 6
      vertex 15.8029 54.8904 6
    endloop
  endfacet
  facet normal 0 0 1
    outer loop
      vertex 16.75 66 6
      vertex 15.35 54.95 6
      vertex 15.5784 54.935 6
    endloop
  endfacet
  facet normal -0 0 1
    outer loop
      vertex 13.25 66 6
      vertex 15.35 54.95 6
      vertex 16.75 66 6
    endloop
  endfacet
  facet normal 0 0 1
    outer loop
      vertex 15.35 54.95 6
      vertex 13.25 66 6
      vertex 15.1216 54.935 6
    endloop
  endfacet
  facet normal 0 0 1
    outer loop
      vertex 15.1216 54.935 6
      vertex 13.25 66 6
      vertex 14.8971 54.8904 6
    endloop
  endfacet
  facet normal 0 0 1
    outer loop
      vertex 14.8971 54.8904 6
      vertex 13.25 66 6
      vertex 14.6803 54.8168 6
    endloop
  endfacet
  facet normal 0 0 1
    outer loop
      vertex 14.6803 54.8168 6
      vertex 13.25 66 6
      vertex 14.475 54.7155 6
    endloop
  endfacet
  facet normal 0 0 1
    outer loop
      vertex 14.475 54.7155 6
      vertex 13.25 66 6
      vertex 14.2847 54.5884 6
    endloop
  endfacet
  facet normal 0 0 1
    outer loop
      vertex 14.2847 54.5884 6
      vertex 13.25 66 6
      vertex 14.1126 54.4374 6
    endloop
  endfacet
  facet normal 0 0 1
    outer loop
      vertex 14.1126 54.4374 6
      vertex 13.25 66 6
      vertex 13.9616 54.2653 6
    endloop
  endfacet
  facet normal 0 0 1
    outer loop
      vertex 13.9616 54.2653 6
      vertex 13.25 66 6
      vertex 13.8345 54.075 6
    endloop
  endfacet
  facet normal 0 0 1
    outer loop
      vertex 13.8345 54.075 6
      vertex 13.25 66 6
      vertex 13.7332 53.8697 6
    endloop
  endfacet
  facet normal 0 0 1
    outer loop
      vertex 13.7332 52.5303 6
      vertex 13.3832 38.3197 6
      vertex 13.4845 38.525 6
    endloop
  endfacet
  facet normal 0 0 1
    outer loop
      vertex 13.615 52.9716 6
      vertex 13.3096 38.1029 6
      vertex 13.3832 38.3197 6
    endloop
  endfacet
  facet normal 0 0 1
    outer loop
      vertex 13.615 52.9716 6
      vertex 13.265 37.8784 6
      vertex 13.3096 38.1029 6
    endloop
  endfacet
  facet normal 0 0 1
    outer loop
      vertex 13.7332 53.8697 6
      vertex 13.25 66 6
      vertex 13.6596 53.6529 6
    endloop
  endfacet
  facet normal 0 0 1
    outer loop
      vertex 13.25 66 6
      vertex 13.615 53.4284 6
      vertex 13.6596 53.6529 6
    endloop
  endfacet
  facet normal 0 0 1
    outer loop
      vertex 13.25 66 6
      vertex 13.6 53.2 6
      vertex 13.615 53.4284 6
    endloop
  endfacet
  facet normal 0 0 1
    outer loop
      vertex 13.25 37.65 6
      vertex 13.6 53.2 6
      vertex 13.25 66 6
    endloop
  endfacet
  facet normal 0 0 1
    outer loop
      vertex 13.6 53.2 6
      vertex 13.25 37.65 6
      vertex 13.265 37.8784 6
    endloop
  endfacet
  facet normal -0 0 1
    outer loop
      vertex 16.75 54.95 6
      vertex 17.6616 54.935 6
      vertex 17.89 54.95 6
    endloop
  endfacet
  facet normal 0 0 1
    outer loop
      vertex 16.75 54.95 6
      vertex 17.4371 54.8904 6
      vertex 17.6616 54.935 6
    endloop
  endfacet
  facet normal 0 0 1
    outer loop
      vertex 16.75 54.95 6
      vertex 17.2203 54.8168 6
      vertex 17.4371 54.8904 6
    endloop
  endfacet
  facet normal 0 0 1
    outer loop
      vertex 16.75 54.95 6
      vertex 17.015 54.7155 6
      vertex 17.2203 54.8168 6
    endloop
  endfacet
  facet normal 0 0 1
    outer loop
      vertex 16.75 54.95 6
      vertex 16.8247 54.5884 6
      vertex 17.015 54.7155 6
    endloop
  endfacet
  facet normal 0 0 1
    outer loop
      vertex 16.8247 54.5884 6
      vertex 16.75 54.95 6
      vertex 16.6526 54.4374 6
    endloop
  endfacet
  facet normal -0 0 1
    outer loop
      vertex 19.4055 52.325 6
      vertex 19.5 51.45 6
      vertex 19.5 52.5165 6
    endloop
  endfacet
  facet normal -0 0 1
    outer loop
      vertex 19.2784 52.1347 6
      vertex 19.5 51.45 6
      vertex 19.4055 52.325 6
    endloop
  endfacet
  facet normal -0 0 1
    outer loop
      vertex 19.1274 51.9626 6
      vertex 19.5 51.45 6
      vertex 19.2784 52.1347 6
    endloop
  endfacet
  facet normal -0 0 1
    outer loop
      vertex 18.9553 51.8116 6
      vertex 19.5 51.45 6
      vertex 19.1274 51.9626 6
    endloop
  endfacet
  facet normal -0 0 1
    outer loop
      vertex 18.765 51.6845 6
      vertex 19.5 51.45 6
      vertex 18.9553 51.8116 6
    endloop
  endfacet
  facet normal -0 0 1
    outer loop
      vertex 18.5597 51.5832 6
      vertex 19.5 51.45 6
      vertex 18.765 51.6845 6
    endloop
  endfacet
  facet normal -0 0 1
    outer loop
      vertex 18.3429 51.5096 6
      vertex 19.5 51.45 6
      vertex 18.5597 51.5832 6
    endloop
  endfacet
  facet normal -0 0 1
    outer loop
      vertex 18.1184 51.465 6
      vertex 19.5 51.45 6
      vertex 18.3429 51.5096 6
    endloop
  endfacet
  facet normal 0 0 1
    outer loop
      vertex 19.5 51.45 6
      vertex 18.1184 51.465 6
      vertex 17.89 51.45 6
    endloop
  endfacet
  facet normal 0 0 1
    outer loop
      vertex 17.6616 51.465 6
      vertex 16.75 51.45 6
      vertex 17.89 51.45 6
    endloop
  endfacet
  facet normal 0 0 1
    outer loop
      vertex 17.4371 51.5096 6
      vertex 16.75 51.45 6
      vertex 17.6616 51.465 6
    endloop
  endfacet
  facet normal 0 0 1
    outer loop
      vertex 17.2203 51.5832 6
      vertex 16.75 51.45 6
      vertex 17.4371 51.5096 6
    endloop
  endfacet
  facet normal 0 0 1
    outer loop
      vertex 17.015 51.6845 6
      vertex 16.75 51.45 6
      vertex 17.2203 51.5832 6
    endloop
  endfacet
  facet normal 0 0 1
    outer loop
      vertex 16.8247 51.8116 6
      vertex 16.75 51.45 6
      vertex 17.015 51.6845 6
    endloop
  endfacet
  facet normal 0 0 1
    outer loop
      vertex 16.75 51.45 6
      vertex 16.735 37.8784 6
      vertex 16.75 37.65 6
    endloop
  endfacet
  facet normal 0 0 1
    outer loop
      vertex 16.75 51.45 6
      vertex 16.6904 38.1029 6
      vertex 16.735 37.8784 6
    endloop
  endfacet
  facet normal 0 0 1
    outer loop
      vertex 16.4153 51.8116 6
      vertex 16.8247 51.8116 6
      vertex 16.6526 51.9626 6
    endloop
  endfacet
  facet normal 0 0 1
    outer loop
      vertex 16.8247 51.8116 6
      vertex 16.4153 51.8116 6
      vertex 16.75 51.45 6
    endloop
  endfacet
  facet normal 0 0 1
    outer loop
      vertex 16.5874 51.9626 6
      vertex 16.6526 51.9626 6
      vertex 16.62 51.9997 6
    endloop
  endfacet
  facet normal 0 0 1
    outer loop
      vertex 16.75 51.45 6
      vertex 16.6168 38.3197 6
      vertex 16.6904 38.1029 6
    endloop
  endfacet
  facet normal 0 0 1
    outer loop
      vertex 16.4153 51.8116 6
      vertex 16.6526 51.9626 6
      vertex 16.5874 51.9626 6
    endloop
  endfacet
  facet normal 0 0 1
    outer loop
      vertex 16.75 51.45 6
      vertex 16.5155 38.525 6
      vertex 16.6168 38.3197 6
    endloop
  endfacet
  facet normal -0 0 1
    outer loop
      vertex 16.225 51.6845 6
      vertex 16.75 51.45 6
      vertex 16.4153 51.8116 6
    endloop
  endfacet
  facet normal 0 0 1
    outer loop
      vertex 16.75 51.45 6
      vertex 16.3884 38.7153 6
      vertex 16.5155 38.525 6
    endloop
  endfacet
  facet normal 0 0 1
    outer loop
      vertex 16.75 51.45 6
      vertex 16.2374 38.8874 6
      vertex 16.3884 38.7153 6
    endloop
  endfacet
  facet normal -0 0 1
    outer loop
      vertex 16.0197 51.5832 6
      vertex 16.75 51.45 6
      vertex 16.225 51.6845 6
    endloop
  endfacet
  facet normal 0 0 1
    outer loop
      vertex 16.75 51.45 6
      vertex 16.0653 39.0384 6
      vertex 16.2374 38.8874 6
    endloop
  endfacet
  facet normal -0 0 1
    outer loop
      vertex 15.8029 51.5096 6
      vertex 16.75 51.45 6
      vertex 16.0197 51.5832 6
    endloop
  endfacet
  facet normal 0 0 1
    outer loop
      vertex 16.75 51.45 6
      vertex 15.875 39.1655 6
      vertex 16.0653 39.0384 6
    endloop
  endfacet
  facet normal -0 0 1
    outer loop
      vertex 15.5784 51.465 6
      vertex 16.75 51.45 6
      vertex 15.8029 51.5096 6
    endloop
  endfacet
  facet normal 0 0 1
    outer loop
      vertex 16.75 51.45 6
      vertex 15.6697 39.2668 6
      vertex 15.875 39.1655 6
    endloop
  endfacet
  facet normal 0 0 1
    outer loop
      vertex 15.2284 39.385 6
      vertex 16.75 51.45 6
      vertex 15.5784 51.465 6
    endloop
  endfacet
  facet normal 0 0 1
    outer loop
      vertex 16.75 51.45 6
      vertex 15.4529 39.3404 6
      vertex 15.6697 39.2668 6
    endloop
  endfacet
  facet normal 0 0 1
    outer loop
      vertex 15.2284 39.385 6
      vertex 15.5784 51.465 6
      vertex 15.35 51.45 6
    endloop
  endfacet
  facet normal 0 0 1
    outer loop
      vertex 16.75 51.45 6
      vertex 15.2284 39.385 6
      vertex 15.4529 39.3404 6
    endloop
  endfacet
  facet normal 0 0 1
    outer loop
      vertex 15 39.4 6
      vertex 15.35 51.45 6
      vertex 15.1216 51.465 6
    endloop
  endfacet
  facet normal 0 0 1
    outer loop
      vertex 15.35 51.45 6
      vertex 15 39.4 6
      vertex 15.2284 39.385 6
    endloop
  endfacet
  facet normal 0 0 1
    outer loop
      vertex 14.7716 39.385 6
      vertex 15.1216 51.465 6
      vertex 14.8971 51.5096 6
    endloop
  endfacet
  facet normal 0 0 1
    outer loop
      vertex 15.1216 51.465 6
      vertex 14.7716 39.385 6
      vertex 15 39.4 6
    endloop
  endfacet
  facet normal 0 0 1
    outer loop
      vertex 14.5471 39.3404 6
      vertex 14.8971 51.5096 6
      vertex 14.6803 51.5832 6
    endloop
  endfacet
  facet normal 0 0 1
    outer loop
      vertex 14.8971 51.5096 6
      vertex 14.5471 39.3404 6
      vertex 14.7716 39.385 6
    endloop
  endfacet
  facet normal 0 0 1
    outer loop
      vertex 14.3303 39.2668 6
      vertex 14.6803 51.5832 6
      vertex 14.475 51.6845 6
    endloop
  endfacet
  facet normal 0 0 1
    outer loop
      vertex 14.6803 51.5832 6
      vertex 14.3303 39.2668 6
      vertex 14.5471 39.3404 6
    endloop
  endfacet
  facet normal 0 0 1
    outer loop
      vertex 14.125 39.1655 6
      vertex 14.475 51.6845 6
      vertex 14.2847 51.8116 6
    endloop
  endfacet
  facet normal 0 0 1
    outer loop
      vertex 14.475 51.6845 6
      vertex 14.125 39.1655 6
      vertex 14.3303 39.2668 6
    endloop
  endfacet
  facet normal 0 0 1
    outer loop
      vertex 13.9347 39.0384 6
      vertex 14.2847 51.8116 6
      vertex 14.1126 51.9626 6
    endloop
  endfacet
  facet normal 0 0 1
    outer loop
      vertex 13.7626 38.8874 6
      vertex 14.1126 51.9626 6
      vertex 13.9616 52.1347 6
    endloop
  endfacet
  facet normal 0 0 1
    outer loop
      vertex 14.2847 51.8116 6
      vertex 13.9347 39.0384 6
      vertex 14.125 39.1655 6
    endloop
  endfacet
  facet normal 0 0 1
    outer loop
      vertex 13.6116 38.7153 6
      vertex 13.9616 52.1347 6
      vertex 13.8345 52.325 6
    endloop
  endfacet
  facet normal 0 0 1
    outer loop
      vertex 14.1126 51.9626 6
      vertex 13.7626 38.8874 6
      vertex 13.9347 39.0384 6
    endloop
  endfacet
  facet normal 0 0 1
    outer loop
      vertex 13.4845 38.525 6
      vertex 13.8345 52.325 6
      vertex 13.7332 52.5303 6
    endloop
  endfacet
  facet normal 0 0 1
    outer loop
      vertex 13.3832 38.3197 6
      vertex 13.7332 52.5303 6
      vertex 13.6596 52.7471 6
    endloop
  endfacet
  facet normal 0 0 1
    outer loop
      vertex 13.3832 38.3197 6
      vertex 13.6596 52.7471 6
      vertex 13.615 52.9716 6
    endloop
  endfacet
  facet normal 0 0 1
    outer loop
      vertex 13.9616 52.1347 6
      vertex 13.6116 38.7153 6
      vertex 13.7626 38.8874 6
    endloop
  endfacet
  facet normal 0 0 1
    outer loop
      vertex 13.265 37.8784 6
      vertex 13.615 52.9716 6
      vertex 13.6 53.2 6
    endloop
  endfacet
  facet normal 0 0 1
    outer loop
      vertex 13.8345 52.325 6
      vertex 13.4845 38.525 6
      vertex 13.6116 38.7153 6
    endloop
  endfacet
  facet normal 0 0 -0
    outer loop
      vertex 17.89 51.45 6
      vertex 16.75 51.45 6
      vertex 19.5 51.45 6
    endloop
  endfacet
  facet normal -0 0 1
    outer loop
      vertex 16.735 22.1216 6
      vertex 16.75 20.6 6
      vertex 16.75 22.35 6
    endloop
  endfacet
  facet normal -0 0 1
    outer loop
      vertex 16.6904 21.8971 6
      vertex 16.75 20.6 6
      vertex 16.735 22.1216 6
    endloop
  endfacet
  facet normal -0 0 1
    outer loop
      vertex 16.6168 21.6803 6
      vertex 16.75 20.6 6
      vertex 16.6904 21.8971 6
    endloop
  endfacet
  facet normal -0 0 1
    outer loop
      vertex 16.5155 21.475 6
      vertex 16.75 20.6 6
      vertex 16.6168 21.6803 6
    endloop
  endfacet
  facet normal -0 0 1
    outer loop
      vertex 16.3884 21.2847 6
      vertex 16.75 20.6 6
      vertex 16.5155 21.475 6
    endloop
  endfacet
  facet normal -0 0 1
    outer loop
      vertex 16.2374 21.1126 6
      vertex 16.75 20.6 6
      vertex 16.3884 21.2847 6
    endloop
  endfacet
  facet normal -0 0 1
    outer loop
      vertex 16.0653 20.9616 6
      vertex 16.75 20.6 6
      vertex 16.2374 21.1126 6
    endloop
  endfacet
  facet normal -0 0 1
    outer loop
      vertex 15.875 20.8345 6
      vertex 16.75 20.6 6
      vertex 16.0653 20.9616 6
    endloop
  endfacet
  facet normal -0 0 1
    outer loop
      vertex 15.6697 20.7332 6
      vertex 16.75 20.6 6
      vertex 15.875 20.8345 6
    endloop
  endfacet
  facet normal -0 0 1
    outer loop
      vertex 15.4529 20.6596 6
      vertex 16.75 20.6 6
      vertex 15.6697 20.7332 6
    endloop
  endfacet
  facet normal -0 0 1
    outer loop
      vertex 15.2284 20.615 6
      vertex 16.75 20.6 6
      vertex 15.4529 20.6596 6
    endloop
  endfacet
  facet normal 0 0 1
    outer loop
      vertex 15 20.6 6
      vertex 16.75 20.6 6
      vertex 15.2284 20.615 6
    endloop
  endfacet
  facet normal 0 0 -0
    outer loop
      vertex 15 20.6 6
      vertex 13.25 20.6 6
      vertex 16.75 20.6 6
    endloop
  endfacet
  facet normal 0 0 1
    outer loop
      vertex 14.7716 20.615 6
      vertex 13.25 20.6 6
      vertex 15 20.6 6
    endloop
  endfacet
  facet normal 0 0 1
    outer loop
      vertex 14.5471 20.6596 6
      vertex 13.25 20.6 6
      vertex 14.7716 20.615 6
    endloop
  endfacet
  facet normal 0 0 1
    outer loop
      vertex 14.3303 20.7332 6
      vertex 13.25 20.6 6
      vertex 14.5471 20.6596 6
    endloop
  endfacet
  facet normal 0 0 1
    outer loop
      vertex 14.125 20.8345 6
      vertex 13.25 20.6 6
      vertex 14.3303 20.7332 6
    endloop
  endfacet
  facet normal 0 0 1
    outer loop
      vertex 13.9347 20.9616 6
      vertex 13.25 20.6 6
      vertex 14.125 20.8345 6
    endloop
  endfacet
  facet normal 0 0 1
    outer loop
      vertex 13.7626 21.1126 6
      vertex 13.25 20.6 6
      vertex 13.9347 20.9616 6
    endloop
  endfacet
  facet normal 0 0 1
    outer loop
      vertex 13.6116 21.2847 6
      vertex 13.25 20.6 6
      vertex 13.7626 21.1126 6
    endloop
  endfacet
  facet normal 0 0 1
    outer loop
      vertex 13.4845 21.475 6
      vertex 13.25 20.6 6
      vertex 13.6116 21.2847 6
    endloop
  endfacet
  facet normal 0 0 1
    outer loop
      vertex 13.3832 21.6803 6
      vertex 13.25 20.6 6
      vertex 13.4845 21.475 6
    endloop
  endfacet
  facet normal 0 0 1
    outer loop
      vertex 13.3096 21.8971 6
      vertex 13.25 20.6 6
      vertex 13.3832 21.6803 6
    endloop
  endfacet
  facet normal 0 0 1
    outer loop
      vertex 13.265 22.1216 6
      vertex 13.25 20.6 6
      vertex 13.3096 21.8971 6
    endloop
  endfacet
  facet normal 0 0 1
    outer loop
      vertex 13.25 20.6 6
      vertex 13.265 22.1216 6
      vertex 13.25 22.35 6
    endloop
  endfacet
  facet normal -0 0 1
    outer loop
      vertex 16.735 27.8716 6
      vertex 16.75 22.35 6
      vertex 16.75 28.1 6
    endloop
  endfacet
  facet normal 0 0 1
    outer loop
      vertex 16.735 27.8716 6
      vertex 16.735 22.5784 6
      vertex 16.75 22.35 6
    endloop
  endfacet
  facet normal -0 0 1
    outer loop
      vertex 16.6904 27.6471 6
      vertex 16.735 22.5784 6
      vertex 16.735 27.8716 6
    endloop
  endfacet
  facet normal 0 0 1
    outer loop
      vertex 16.6904 27.6471 6
      vertex 16.6904 22.8029 6
      vertex 16.735 22.5784 6
    endloop
  endfacet
  facet normal -0 0 1
    outer loop
      vertex 16.6168 27.4303 6
      vertex 16.6904 22.8029 6
      vertex 16.6904 27.6471 6
    endloop
  endfacet
  facet normal 0 0 1
    outer loop
      vertex 16.6168 27.4303 6
      vertex 16.6168 23.0197 6
      vertex 16.6904 22.8029 6
    endloop
  endfacet
  facet normal -0 0 1
    outer loop
      vertex 16.5155 27.225 6
      vertex 16.6168 23.0197 6
      vertex 16.6168 27.4303 6
    endloop
  endfacet
  facet normal 0 0 1
    outer loop
      vertex 16.5155 27.225 6
      vertex 16.5155 23.225 6
      vertex 16.6168 23.0197 6
    endloop
  endfacet
  facet normal -0 0 1
    outer loop
      vertex 16.3884 27.0347 6
      vertex 16.5155 23.225 6
      vertex 16.5155 27.225 6
    endloop
  endfacet
  facet normal 0 0 1
    outer loop
      vertex 16.3884 27.0347 6
      vertex 16.3884 23.4153 6
      vertex 16.5155 23.225 6
    endloop
  endfacet
  facet normal -0 0 1
    outer loop
      vertex 16.2374 26.8626 6
      vertex 16.3884 23.4153 6
      vertex 16.3884 27.0347 6
    endloop
  endfacet
  facet normal 0 0 1
    outer loop
      vertex 16.2374 26.8626 6
      vertex 16.2374 23.5874 6
      vertex 16.3884 23.4153 6
    endloop
  endfacet
  facet normal -0 0 1
    outer loop
      vertex 16.0653 26.7116 6
      vertex 16.2374 23.5874 6
      vertex 16.2374 26.8626 6
    endloop
  endfacet
  facet normal 0 0 1
    outer loop
      vertex 16.0653 26.7116 6
      vertex 16.0653 23.7384 6
      vertex 16.2374 23.5874 6
    endloop
  endfacet
  facet normal -0 0 1
    outer loop
      vertex 15.875 26.5845 6
      vertex 16.0653 23.7384 6
      vertex 16.0653 26.7116 6
    endloop
  endfacet
  facet normal 0 0 1
    outer loop
      vertex 15.875 26.5845 6
      vertex 15.875 23.8655 6
      vertex 16.0653 23.7384 6
    endloop
  endfacet
  facet normal -0 0 1
    outer loop
      vertex 15.6697 26.4832 6
      vertex 15.875 23.8655 6
      vertex 15.875 26.5845 6
    endloop
  endfacet
  facet normal 0 0 1
    outer loop
      vertex 15.6697 26.4832 6
      vertex 15.6697 23.9668 6
      vertex 15.875 23.8655 6
    endloop
  endfacet
  facet normal -0 0 1
    outer loop
      vertex 15.4529 26.4096 6
      vertex 15.6697 23.9668 6
      vertex 15.6697 26.4832 6
    endloop
  endfacet
  facet normal 0 0 1
    outer loop
      vertex 15.4529 26.4096 6
      vertex 15.4529 24.0404 6
      vertex 15.6697 23.9668 6
    endloop
  endfacet
  facet normal -0 0 1
    outer loop
      vertex 15.2284 26.365 6
      vertex 15.4529 24.0404 6
      vertex 15.4529 26.4096 6
    endloop
  endfacet
  facet normal 0 0 1
    outer loop
      vertex 15.2284 26.365 6
      vertex 15.2284 24.085 6
      vertex 15.4529 24.0404 6
    endloop
  endfacet
  facet normal -0 0 1
    outer loop
      vertex 15 26.35 6
      vertex 15.2284 24.085 6
      vertex 15.2284 26.365 6
    endloop
  endfacet
  facet normal 0 0 1
    outer loop
      vertex 15 26.35 6
      vertex 15 24.1 6
      vertex 15.2284 24.085 6
    endloop
  endfacet
  facet normal 0 0 1
    outer loop
      vertex 14.7716 26.365 6
      vertex 15 24.1 6
      vertex 15 26.35 6
    endloop
  endfacet
  facet normal 0 0 1
    outer loop
      vertex 14.7716 26.365 6
      vertex 14.7716 24.085 6
      vertex 15 24.1 6
    endloop
  endfacet
  facet normal 0 0 1
    outer loop
      vertex 14.5471 26.4096 6
      vertex 14.7716 24.085 6
      vertex 14.7716 26.365 6
    endloop
  endfacet
  facet normal 0 0 1
    outer loop
      vertex 14.5471 26.4096 6
      vertex 14.5471 24.0404 6
      vertex 14.7716 24.085 6
    endloop
  endfacet
  facet normal 0 0 1
    outer loop
      vertex 14.3303 26.4832 6
      vertex 14.5471 24.0404 6
      vertex 14.5471 26.4096 6
    endloop
  endfacet
  facet normal 0 0 1
    outer loop
      vertex 14.3303 26.4832 6
      vertex 14.3303 23.9668 6
      vertex 14.5471 24.0404 6
    endloop
  endfacet
  facet normal 0 0 1
    outer loop
      vertex 14.125 26.5845 6
      vertex 14.3303 23.9668 6
      vertex 14.3303 26.4832 6
    endloop
  endfacet
  facet normal 0 0 1
    outer loop
      vertex 14.125 26.5845 6
      vertex 14.125 23.8655 6
      vertex 14.3303 23.9668 6
    endloop
  endfacet
  facet normal 0 0 1
    outer loop
      vertex 13.9347 26.7116 6
      vertex 14.125 23.8655 6
      vertex 14.125 26.5845 6
    endloop
  endfacet
  facet normal 0 0 1
    outer loop
      vertex 13.9347 26.7116 6
      vertex 13.9347 23.7384 6
      vertex 14.125 23.8655 6
    endloop
  endfacet
  facet normal 0 0 1
    outer loop
      vertex 13.7626 26.8626 6
      vertex 13.9347 23.7384 6
      vertex 13.9347 26.7116 6
    endloop
  endfacet
  facet normal 0 0 1
    outer loop
      vertex 13.7626 26.8626 6
      vertex 13.7626 23.5874 6
      vertex 13.9347 23.7384 6
    endloop
  endfacet
  facet normal 0 0 1
    outer loop
      vertex 13.6116 27.0347 6
      vertex 13.7626 23.5874 6
      vertex 13.7626 26.8626 6
    endloop
  endfacet
  facet normal 0 0 1
    outer loop
      vertex 13.6116 27.0347 6
      vertex 13.6116 23.4153 6
      vertex 13.7626 23.5874 6
    endloop
  endfacet
  facet normal 0 0 1
    outer loop
      vertex 13.4845 27.225 6
      vertex 13.6116 23.4153 6
      vertex 13.6116 27.0347 6
    endloop
  endfacet
  facet normal 0 0 1
    outer loop
      vertex 13.4845 27.225 6
      vertex 13.4845 23.225 6
      vertex 13.6116 23.4153 6
    endloop
  endfacet
  facet normal 0 0 1
    outer loop
      vertex 13.3832 27.4303 6
      vertex 13.4845 23.225 6
      vertex 13.4845 27.225 6
    endloop
  endfacet
  facet normal 0 0 1
    outer loop
      vertex 13.3832 27.4303 6
      vertex 13.3832 23.0197 6
      vertex 13.4845 23.225 6
    endloop
  endfacet
  facet normal 0 0 1
    outer loop
      vertex 13.3096 27.6471 6
      vertex 13.3832 23.0197 6
      vertex 13.3832 27.4303 6
    endloop
  endfacet
  facet normal 0 0 1
    outer loop
      vertex 13.3096 27.6471 6
      vertex 13.3096 22.8029 6
      vertex 13.3832 23.0197 6
    endloop
  endfacet
  facet normal 0 0 1
    outer loop
      vertex 13.265 27.8716 6
      vertex 13.3096 22.8029 6
      vertex 13.3096 27.6471 6
    endloop
  endfacet
  facet normal 0 0 1
    outer loop
      vertex 13.265 27.8716 6
      vertex 13.265 22.5784 6
      vertex 13.3096 22.8029 6
    endloop
  endfacet
  facet normal 0 0 1
    outer loop
      vertex 13.25 28.1 6
      vertex 13.265 22.5784 6
      vertex 13.265 27.8716 6
    endloop
  endfacet
  facet normal 0 0 1
    outer loop
      vertex 13.265 22.5784 6
      vertex 13.25 28.1 6
      vertex 13.25 22.35 6
    endloop
  endfacet
  facet normal -0 0 1
    outer loop
      vertex 16.735 31.6716 6
      vertex 16.75 28.1 6
      vertex 16.75 31.9 6
    endloop
  endfacet
  facet normal 0 0 1
    outer loop
      vertex 16.735 31.6716 6
      vertex 16.735 28.3284 6
      vertex 16.75 28.1 6
    endloop
  endfacet
  facet normal -0 0 1
    outer loop
      vertex 16.6904 31.4471 6
      vertex 16.735 28.3284 6
      vertex 16.735 31.6716 6
    endloop
  endfacet
  facet normal 0 0 1
    outer loop
      vertex 16.6904 31.4471 6
      vertex 16.6904 28.5529 6
      vertex 16.735 28.3284 6
    endloop
  endfacet
  facet normal -0 0 1
    outer loop
      vertex 16.6168 31.2303 6
      vertex 16.6904 28.5529 6
      vertex 16.6904 31.4471 6
    endloop
  endfacet
  facet normal 0 0 1
    outer loop
      vertex 16.6168 31.2303 6
      vertex 16.6168 28.7697 6
      vertex 16.6904 28.5529 6
    endloop
  endfacet
  facet normal -0 0 1
    outer loop
      vertex 16.5155 31.025 6
      vertex 16.6168 28.7697 6
      vertex 16.6168 31.2303 6
    endloop
  endfacet
  facet normal 0 0 1
    outer loop
      vertex 16.5155 31.025 6
      vertex 16.5155 28.975 6
      vertex 16.6168 28.7697 6
    endloop
  endfacet
  facet normal -0 0 1
    outer loop
      vertex 16.3884 30.8347 6
      vertex 16.5155 28.975 6
      vertex 16.5155 31.025 6
    endloop
  endfacet
  facet normal 0 0 1
    outer loop
      vertex 16.3884 30.8347 6
      vertex 16.3884 29.1653 6
      vertex 16.5155 28.975 6
    endloop
  endfacet
  facet normal -0 0 1
    outer loop
      vertex 16.2374 30.6626 6
      vertex 16.3884 29.1653 6
      vertex 16.3884 30.8347 6
    endloop
  endfacet
  facet normal 0 0 1
    outer loop
      vertex 16.2374 30.6626 6
      vertex 16.2374 29.3374 6
      vertex 16.3884 29.1653 6
    endloop
  endfacet
  facet normal -0 0 1
    outer loop
      vertex 16.0653 30.5116 6
      vertex 16.2374 29.3374 6
      vertex 16.2374 30.6626 6
    endloop
  endfacet
  facet normal 0 0 1
    outer loop
      vertex 16.0653 30.5116 6
      vertex 16.0653 29.4884 6
      vertex 16.2374 29.3374 6
    endloop
  endfacet
  facet normal -0 0 1
    outer loop
      vertex 15.875 30.3845 6
      vertex 16.0653 29.4884 6
      vertex 16.0653 30.5116 6
    endloop
  endfacet
  facet normal 0 0 1
    outer loop
      vertex 15.875 30.3845 6
      vertex 15.875 29.6155 6
      vertex 16.0653 29.4884 6
    endloop
  endfacet
  facet normal -0 0 1
    outer loop
      vertex 15.6697 30.2832 6
      vertex 15.875 29.6155 6
      vertex 15.875 30.3845 6
    endloop
  endfacet
  facet normal 0 0 1
    outer loop
      vertex 15.6697 30.2832 6
      vertex 15.6697 29.7168 6
      vertex 15.875 29.6155 6
    endloop
  endfacet
  facet normal -0 0 1
    outer loop
      vertex 15.4529 30.2096 6
      vertex 15.6697 29.7168 6
      vertex 15.6697 30.2832 6
    endloop
  endfacet
  facet normal 0 0 1
    outer loop
      vertex 15.4529 30.2096 6
      vertex 15.4529 29.7904 6
      vertex 15.6697 29.7168 6
    endloop
  endfacet
  facet normal -0 0 1
    outer loop
      vertex 15.2284 30.165 6
      vertex 15.4529 29.7904 6
      vertex 15.4529 30.2096 6
    endloop
  endfacet
  facet normal 0 0 1
    outer loop
      vertex 15.2284 30.165 6
      vertex 15.2284 29.835 6
      vertex 15.4529 29.7904 6
    endloop
  endfacet
  facet normal -0 0 1
    outer loop
      vertex 15 30.15 6
      vertex 15.2284 29.835 6
      vertex 15.2284 30.165 6
    endloop
  endfacet
  facet normal 0 0 1
    outer loop
      vertex 15 30.15 6
      vertex 15 29.85 6
      vertex 15.2284 29.835 6
    endloop
  endfacet
  facet normal 0 0 1
    outer loop
      vertex 14.7716 30.165 6
      vertex 15 29.85 6
      vertex 15 30.15 6
    endloop
  endfacet
  facet normal 0 0 1
    outer loop
      vertex 14.7716 30.165 6
      vertex 14.7716 29.835 6
      vertex 15 29.85 6
    endloop
  endfacet
  facet normal 0 0 1
    outer loop
      vertex 14.5471 30.2096 6
      vertex 14.7716 29.835 6
      vertex 14.7716 30.165 6
    endloop
  endfacet
  facet normal 0 0 1
    outer loop
      vertex 14.5471 30.2096 6
      vertex 14.5471 29.7904 6
      vertex 14.7716 29.835 6
    endloop
  endfacet
  facet normal 0 0 1
    outer loop
      vertex 14.3303 30.2832 6
      vertex 14.5471 29.7904 6
      vertex 14.5471 30.2096 6
    endloop
  endfacet
  facet normal 0 0 1
    outer loop
      vertex 14.3303 30.2832 6
      vertex 14.3303 29.7168 6
      vertex 14.5471 29.7904 6
    endloop
  endfacet
  facet normal 0 0 1
    outer loop
      vertex 14.125 30.3845 6
      vertex 14.3303 29.7168 6
      vertex 14.3303 30.2832 6
    endloop
  endfacet
  facet normal 0 0 1
    outer loop
      vertex 14.125 30.3845 6
      vertex 14.125 29.6155 6
      vertex 14.3303 29.7168 6
    endloop
  endfacet
  facet normal 0 0 1
    outer loop
      vertex 13.9347 30.5116 6
      vertex 14.125 29.6155 6
      vertex 14.125 30.3845 6
    endloop
  endfacet
  facet normal 0 0 1
    outer loop
      vertex 13.9347 30.5116 6
      vertex 13.9347 29.4884 6
      vertex 14.125 29.6155 6
    endloop
  endfacet
  facet normal 0 0 1
    outer loop
      vertex 13.7626 30.6626 6
      vertex 13.9347 29.4884 6
      vertex 13.9347 30.5116 6
    endloop
  endfacet
  facet normal 0 0 1
    outer loop
      vertex 13.7626 30.6626 6
      vertex 13.7626 29.3374 6
      vertex 13.9347 29.4884 6
    endloop
  endfacet
  facet normal 0 0 1
    outer loop
      vertex 13.6116 30.8347 6
      vertex 13.7626 29.3374 6
      vertex 13.7626 30.6626 6
    endloop
  endfacet
  facet normal 0 0 1
    outer loop
      vertex 13.6116 30.8347 6
      vertex 13.6116 29.1653 6
      vertex 13.7626 29.3374 6
    endloop
  endfacet
  facet normal 0 0 1
    outer loop
      vertex 13.4845 31.025 6
      vertex 13.6116 29.1653 6
      vertex 13.6116 30.8347 6
    endloop
  endfacet
  facet normal 0 0 1
    outer loop
      vertex 13.4845 31.025 6
      vertex 13.4845 28.975 6
      vertex 13.6116 29.1653 6
    endloop
  endfacet
  facet normal 0 0 1
    outer loop
      vertex 13.3832 31.2303 6
      vertex 13.4845 28.975 6
      vertex 13.4845 31.025 6
    endloop
  endfacet
  facet normal 0 0 1
    outer loop
      vertex 13.3832 31.2303 6
      vertex 13.3832 28.7697 6
      vertex 13.4845 28.975 6
    endloop
  endfacet
  facet normal 0 0 1
    outer loop
      vertex 13.3096 31.4471 6
      vertex 13.3832 28.7697 6
      vertex 13.3832 31.2303 6
    endloop
  endfacet
  facet normal 0 0 1
    outer loop
      vertex 13.3096 31.4471 6
      vertex 13.3096 28.5529 6
      vertex 13.3832 28.7697 6
    endloop
  endfacet
  facet normal 0 0 1
    outer loop
      vertex 13.265 31.6716 6
      vertex 13.3096 28.5529 6
      vertex 13.3096 31.4471 6
    endloop
  endfacet
  facet normal 0 0 1
    outer loop
      vertex 13.265 31.6716 6
      vertex 13.265 28.3284 6
      vertex 13.3096 28.5529 6
    endloop
  endfacet
  facet normal 0 0 1
    outer loop
      vertex 13.25 31.9 6
      vertex 13.265 28.3284 6
      vertex 13.265 31.6716 6
    endloop
  endfacet
  facet normal 0 0 1
    outer loop
      vertex 13.265 28.3284 6
      vertex 13.25 31.9 6
      vertex 13.25 28.1 6
    endloop
  endfacet
  facet normal -0 0 1
    outer loop
      vertex 16.735 37.4216 6
      vertex 16.75 31.9 6
      vertex 16.75 37.65 6
    endloop
  endfacet
  facet normal 0 0 1
    outer loop
      vertex 16.735 37.4216 6
      vertex 16.735 32.1284 6
      vertex 16.75 31.9 6
    endloop
  endfacet
  facet normal -0 0 1
    outer loop
      vertex 16.6904 37.1971 6
      vertex 16.735 32.1284 6
      vertex 16.735 37.4216 6
    endloop
  endfacet
  facet normal 0 0 1
    outer loop
      vertex 16.6904 37.1971 6
      vertex 16.6904 32.3529 6
      vertex 16.735 32.1284 6
    endloop
  endfacet
  facet normal -0 0 1
    outer loop
      vertex 16.6168 36.9803 6
      vertex 16.6904 32.3529 6
      vertex 16.6904 37.1971 6
    endloop
  endfacet
  facet normal 0 0 1
    outer loop
      vertex 16.6168 36.9803 6
      vertex 16.6168 32.5697 6
      vertex 16.6904 32.3529 6
    endloop
  endfacet
  facet normal -0 0 1
    outer loop
      vertex 16.5155 36.775 6
      vertex 16.6168 32.5697 6
      vertex 16.6168 36.9803 6
    endloop
  endfacet
  facet normal 0 0 1
    outer loop
      vertex 16.5155 36.775 6
      vertex 16.5155 32.775 6
      vertex 16.6168 32.5697 6
    endloop
  endfacet
  facet normal -0 0 1
    outer loop
      vertex 16.3884 36.5847 6
      vertex 16.5155 32.775 6
      vertex 16.5155 36.775 6
    endloop
  endfacet
  facet normal 0 0 1
    outer loop
      vertex 16.3884 36.5847 6
      vertex 16.3884 32.9653 6
      vertex 16.5155 32.775 6
    endloop
  endfacet
  facet normal -0 0 1
    outer loop
      vertex 16.2374 36.4126 6
      vertex 16.3884 32.9653 6
      vertex 16.3884 36.5847 6
    endloop
  endfacet
  facet normal 0 0 1
    outer loop
      vertex 16.2374 36.4126 6
      vertex 16.2374 33.1374 6
      vertex 16.3884 32.9653 6
    endloop
  endfacet
  facet normal -0 0 1
    outer loop
      vertex 16.0653 36.2616 6
      vertex 16.2374 33.1374 6
      vertex 16.2374 36.4126 6
    endloop
  endfacet
  facet normal 0 0 1
    outer loop
      vertex 16.0653 36.2616 6
      vertex 16.0653 33.2884 6
      vertex 16.2374 33.1374 6
    endloop
  endfacet
  facet normal -0 0 1
    outer loop
      vertex 15.875 36.1345 6
      vertex 16.0653 33.2884 6
      vertex 16.0653 36.2616 6
    endloop
  endfacet
  facet normal 0 0 1
    outer loop
      vertex 15.875 36.1345 6
      vertex 15.875 33.4155 6
      vertex 16.0653 33.2884 6
    endloop
  endfacet
  facet normal -0 0 1
    outer loop
      vertex 15.6697 36.0332 6
      vertex 15.875 33.4155 6
      vertex 15.875 36.1345 6
    endloop
  endfacet
  facet normal 0 0 1
    outer loop
      vertex 15.6697 36.0332 6
      vertex 15.6697 33.5168 6
      vertex 15.875 33.4155 6
    endloop
  endfacet
  facet normal -0 0 1
    outer loop
      vertex 15.4529 35.9596 6
      vertex 15.6697 33.5168 6
      vertex 15.6697 36.0332 6
    endloop
  endfacet
  facet normal 0 0 1
    outer loop
      vertex 15.4529 35.9596 6
      vertex 15.4529 33.5904 6
      vertex 15.6697 33.5168 6
    endloop
  endfacet
  facet normal -0 0 1
    outer loop
      vertex 15.2284 35.915 6
      vertex 15.4529 33.5904 6
      vertex 15.4529 35.9596 6
    endloop
  endfacet
  facet normal 0 0 1
    outer loop
      vertex 15.2284 35.915 6
      vertex 15.2284 33.635 6
      vertex 15.4529 33.5904 6
    endloop
  endfacet
  facet normal -0 0 1
    outer loop
      vertex 15 35.9 6
      vertex 15.2284 33.635 6
      vertex 15.2284 35.915 6
    endloop
  endfacet
  facet normal 0 0 1
    outer loop
      vertex 15 35.9 6
      vertex 15 33.65 6
      vertex 15.2284 33.635 6
    endloop
  endfacet
  facet normal 0 0 1
    outer loop
      vertex 14.7716 35.915 6
      vertex 15 33.65 6
      vertex 15 35.9 6
    endloop
  endfacet
  facet normal 0 0 1
    outer loop
      vertex 14.7716 35.915 6
      vertex 14.7716 33.635 6
      vertex 15 33.65 6
    endloop
  endfacet
  facet normal 0 0 1
    outer loop
      vertex 14.5471 35.9596 6
      vertex 14.7716 33.635 6
      vertex 14.7716 35.915 6
    endloop
  endfacet
  facet normal 0 0 1
    outer loop
      vertex 14.5471 35.9596 6
      vertex 14.5471 33.5904 6
      vertex 14.7716 33.635 6
    endloop
  endfacet
  facet normal 0 0 1
    outer loop
      vertex 14.3303 36.0332 6
      vertex 14.5471 33.5904 6
      vertex 14.5471 35.9596 6
    endloop
  endfacet
  facet normal 0 0 1
    outer loop
      vertex 14.3303 36.0332 6
      vertex 14.3303 33.5168 6
      vertex 14.5471 33.5904 6
    endloop
  endfacet
  facet normal 0 0 1
    outer loop
      vertex 14.125 36.1345 6
      vertex 14.3303 33.5168 6
      vertex 14.3303 36.0332 6
    endloop
  endfacet
  facet normal 0 0 1
    outer loop
      vertex 14.125 36.1345 6
      vertex 14.125 33.4155 6
      vertex 14.3303 33.5168 6
    endloop
  endfacet
  facet normal 0 0 1
    outer loop
      vertex 13.9347 36.2616 6
      vertex 14.125 33.4155 6
      vertex 14.125 36.1345 6
    endloop
  endfacet
  facet normal 0 0 1
    outer loop
      vertex 13.9347 36.2616 6
      vertex 13.9347 33.2884 6
      vertex 14.125 33.4155 6
    endloop
  endfacet
  facet normal 0 0 1
    outer loop
      vertex 13.7626 36.4126 6
      vertex 13.9347 33.2884 6
      vertex 13.9347 36.2616 6
    endloop
  endfacet
  facet normal 0 0 1
    outer loop
      vertex 13.7626 36.4126 6
      vertex 13.7626 33.1374 6
      vertex 13.9347 33.2884 6
    endloop
  endfacet
  facet normal 0 0 1
    outer loop
      vertex 13.6116 36.5847 6
      vertex 13.7626 33.1374 6
      vertex 13.7626 36.4126 6
    endloop
  endfacet
  facet normal 0 0 1
    outer loop
      vertex 13.6116 36.5847 6
      vertex 13.6116 32.9653 6
      vertex 13.7626 33.1374 6
    endloop
  endfacet
  facet normal 0 0 1
    outer loop
      vertex 13.4845 36.775 6
      vertex 13.6116 32.9653 6
      vertex 13.6116 36.5847 6
    endloop
  endfacet
  facet normal 0 0 1
    outer loop
      vertex 13.4845 36.775 6
      vertex 13.4845 32.775 6
      vertex 13.6116 32.9653 6
    endloop
  endfacet
  facet normal 0 0 1
    outer loop
      vertex 13.3832 36.9803 6
      vertex 13.4845 32.775 6
      vertex 13.4845 36.775 6
    endloop
  endfacet
  facet normal 0 0 1
    outer loop
      vertex 13.3832 36.9803 6
      vertex 13.3832 32.5697 6
      vertex 13.4845 32.775 6
    endloop
  endfacet
  facet normal 0 0 1
    outer loop
      vertex 13.3096 37.1971 6
      vertex 13.3832 32.5697 6
      vertex 13.3832 36.9803 6
    endloop
  endfacet
  facet normal 0 0 1
    outer loop
      vertex 13.3096 37.1971 6
      vertex 13.3096 32.3529 6
      vertex 13.3832 32.5697 6
    endloop
  endfacet
  facet normal 0 0 1
    outer loop
      vertex 13.265 37.4216 6
      vertex 13.3096 32.3529 6
      vertex 13.3096 37.1971 6
    endloop
  endfacet
  facet normal 0 0 1
    outer loop
      vertex 13.265 37.4216 6
      vertex 13.265 32.1284 6
      vertex 13.3096 32.3529 6
    endloop
  endfacet
  facet normal 0 0 1
    outer loop
      vertex 13.25 37.65 6
      vertex 13.265 32.1284 6
      vertex 13.265 37.4216 6
    endloop
  endfacet
  facet normal 0 0 1
    outer loop
      vertex 13.265 32.1284 6
      vertex 13.25 37.65 6
      vertex 13.25 31.9 6
    endloop
  endfacet
  facet normal 0 -1 0
    outer loop
      vertex 17.89 54.95 6
      vertex 19.5 54.95 8
      vertex 17.89 54.95 8
    endloop
  endfacet
  facet normal 0 -1 -0
    outer loop
      vertex 19.5 54.95 8
      vertex 17.89 54.95 6
      vertex 19.5 54.95 6
    endloop
  endfacet
  facet normal 0 -1 0
    outer loop
      vertex 16.75 54.95 6
      vertex 17.89 54.95 8
      vertex 16.75 54.95 8
    endloop
  endfacet
  facet normal 0 -1 -0
    outer loop
      vertex 17.89 54.95 8
      vertex 16.75 54.95 6
      vertex 17.89 54.95 6
    endloop
  endfacet
  facet normal 0 1 -0
    outer loop
      vertex 19.5 51.45 6
      vertex 16.75 51.45 8
      vertex 19.5 51.45 8
    endloop
  endfacet
  facet normal 0 1 0
    outer loop
      vertex 16.75 51.45 8
      vertex 19.5 51.45 6
      vertex 16.75 51.45 6
    endloop
  endfacet
  facet normal -1 0 0
    outer loop
      vertex 16.75 37.65 6
      vertex 16.75 51.45 8
      vertex 16.75 51.45 6
    endloop
  endfacet
  facet normal -1 0 0
    outer loop
      vertex 16.75 20.6 8
      vertex 16.75 37.65 6
      vertex 16.75 31.9 6
    endloop
  endfacet
  facet normal -1 0 0
    outer loop
      vertex 16.75 20.6 8
      vertex 16.75 31.9 6
      vertex 16.75 28.1 6
    endloop
  endfacet
  facet normal -1 0 0
    outer loop
      vertex 16.75 20.6 8
      vertex 16.75 28.1 6
      vertex 16.75 22.35 6
    endloop
  endfacet
  facet normal -1 0 0
    outer loop
      vertex 16.75 20.6 8
      vertex 16.75 22.35 6
      vertex 16.75 20.6 6
    endloop
  endfacet
  facet normal -1 0 0
    outer loop
      vertex 16.75 37.65 6
      vertex 16.75 20.6 8
      vertex 16.75 51.45 8
    endloop
  endfacet
  facet normal -1 0 0
    outer loop
      vertex 16.75 54.95 6
      vertex 16.75 66 8
      vertex 16.75 66 6
    endloop
  endfacet
  facet normal -1 -0 0
    outer loop
      vertex 16.75 66 8
      vertex 16.75 54.95 6
      vertex 16.75 54.95 8
    endloop
  endfacet
  facet normal 1 0 0
    outer loop
      vertex 13.25 66 8
      vertex 13.25 37.65 6
      vertex 13.25 66 6
    endloop
  endfacet
  facet normal 1 -0 0
    outer loop
      vertex 13.25 20.6 8
      vertex 13.25 37.65 6
      vertex 13.25 66 8
    endloop
  endfacet
  facet normal 1 0 0
    outer loop
      vertex 13.25 37.65 6
      vertex 13.25 20.6 8
      vertex 13.25 31.9 6
    endloop
  endfacet
  facet normal 1 0 0
    outer loop
      vertex 13.25 31.9 6
      vertex 13.25 20.6 8
      vertex 13.25 28.1 6
    endloop
  endfacet
  facet normal 1 0 0
    outer loop
      vertex 13.25 28.1 6
      vertex 13.25 20.6 8
      vertex 13.25 22.35 6
    endloop
  endfacet
  facet normal 1 0 0
    outer loop
      vertex 13.25 22.35 6
      vertex 13.25 20.6 8
      vertex 13.25 20.6 6
    endloop
  endfacet
  facet normal 0 1 -0
    outer loop
      vertex 16.75 20.6 6
      vertex 13.25 20.6 8
      vertex 16.75 20.6 8
    endloop
  endfacet
  facet normal 0 1 0
    outer loop
      vertex 13.25 20.6 8
      vertex 16.75 20.6 6
      vertex 13.25 20.6 6
    endloop
  endfacet
endsolid OpenSCAD_Model
