solid OpenSCAD_Model
  facet normal -0.980786 0.195087 0
    outer loop
      vertex 8.48296 6.87059 0
      vertex 8.49572 6.93474 6
      vertex 8.49572 6.93474 0
    endloop
  endfacet
  facet normal -0.980786 0.195087 0
    outer loop
      vertex 8.49572 6.93474 6
      vertex 8.48296 6.87059 0
      vertex 8.48296 6.87059 6
    endloop
  endfacet
  facet normal -0.195087 0.980786 0
    outer loop
      vertex 8.12941 6.51704 0
      vertex 8.06526 6.50428 6
      vertex 8.12941 6.51704 6
    endloop
  endfacet
  facet normal -0.195087 0.980786 0
    outer loop
      vertex 8.06526 6.50428 6
      vertex 8.12941 6.51704 0
      vertex 8.06526 6.50428 0
    endloop
  endfacet
  facet normal -0.980786 -0.195087 0
    outer loop
      vertex 8.49572 7.06526 0
      vertex 8.48296 7.12941 6
      vertex 8.48296 7.12941 0
    endloop
  endfacet
  facet normal -0.980786 -0.195087 0
    outer loop
      vertex 8.48296 7.12941 6
      vertex 8.49572 7.06526 0
      vertex 8.49572 7.06526 6
    endloop
  endfacet
  facet normal -0.997856 -0.0654432 0
    outer loop
      vertex 8.5 7 0
      vertex 8.49572 7.06526 6
      vertex 8.49572 7.06526 0
    endloop
  endfacet
  facet normal -0.997856 -0.0654432 0
    outer loop
      vertex 8.49572 7.06526 6
      vertex 8.5 7 0
      vertex 8.5 7 6
    endloop
  endfacet
  facet normal 0.555512 0.831509 -0
    outer loop
      vertex 7.75 6.56699 0
      vertex 7.69562 6.60332 6
      vertex 7.75 6.56699 6
    endloop
  endfacet
  facet normal 0.555512 0.831509 0
    outer loop
      vertex 7.69562 6.60332 6
      vertex 7.75 6.56699 0
      vertex 7.69562 6.60332 0
    endloop
  endfacet
  facet normal 0.89686 -0.442314 0
    outer loop
      vertex 7.53806 7.19134 6
      vertex 7.56699 7.25 0
      vertex 7.56699 7.25 6
    endloop
  endfacet
  facet normal 0.89686 -0.442314 0
    outer loop
      vertex 7.56699 7.25 0
      vertex 7.53806 7.19134 6
      vertex 7.53806 7.19134 0
    endloop
  endfacet
  facet normal 0.751771 0.659424 0
    outer loop
      vertex 7.64645 6.64645 6
      vertex 7.60332 6.69562 0
      vertex 7.60332 6.69562 6
    endloop
  endfacet
  facet normal 0.751771 0.659424 0
    outer loop
      vertex 7.60332 6.69562 0
      vertex 7.64645 6.64645 6
      vertex 7.64645 6.64645 0
    endloop
  endfacet
  facet normal 0.321407 0.946941 -0
    outer loop
      vertex 7.87059 6.51704 0
      vertex 7.80866 6.53806 6
      vertex 7.87059 6.51704 6
    endloop
  endfacet
  facet normal 0.321407 0.946941 0
    outer loop
      vertex 7.80866 6.53806 6
      vertex 7.87059 6.51704 0
      vertex 7.80866 6.53806 0
    endloop
  endfacet
  facet normal 0.751771 -0.659424 0
    outer loop
      vertex 7.60332 7.30438 6
      vertex 7.64645 7.35355 0
      vertex 7.64645 7.35355 6
    endloop
  endfacet
  facet normal 0.751771 -0.659424 0
    outer loop
      vertex 7.64645 7.35355 0
      vertex 7.60332 7.30438 6
      vertex 7.60332 7.30438 0
    endloop
  endfacet
  facet normal 0.555512 -0.831509 0
    outer loop
      vertex 7.69562 7.39668 0
      vertex 7.75 7.43301 6
      vertex 7.69562 7.39668 6
    endloop
  endfacet
  facet normal 0.555512 -0.831509 0
    outer loop
      vertex 7.75 7.43301 6
      vertex 7.69562 7.39668 0
      vertex 7.75 7.43301 0
    endloop
  endfacet
  facet normal -0.751771 0.659424 0
    outer loop
      vertex 8.35355 6.64645 0
      vertex 8.39668 6.69562 6
      vertex 8.39668 6.69562 0
    endloop
  endfacet
  facet normal -0.751771 0.659424 0
    outer loop
      vertex 8.39668 6.69562 6
      vertex 8.35355 6.64645 0
      vertex 8.35355 6.64645 6
    endloop
  endfacet
  facet normal 0.89686 0.442314 0
    outer loop
      vertex 7.56699 6.75 6
      vertex 7.53806 6.80866 0
      vertex 7.53806 6.80866 6
    endloop
  endfacet
  facet normal 0.89686 0.442314 0
    outer loop
      vertex 7.53806 6.80866 0
      vertex 7.56699 6.75 6
      vertex 7.56699 6.75 0
    endloop
  endfacet
  facet normal 0.659424 -0.751771 0
    outer loop
      vertex 7.64645 7.35355 0
      vertex 7.69562 7.39668 6
      vertex 7.64645 7.35355 6
    endloop
  endfacet
  facet normal 0.659424 -0.751771 0
    outer loop
      vertex 7.69562 7.39668 6
      vertex 7.64645 7.35355 0
      vertex 7.69562 7.39668 0
    endloop
  endfacet
  facet normal -0.442314 -0.89686 0
    outer loop
      vertex 8.19134 7.46194 0
      vertex 8.25 7.43301 6
      vertex 8.19134 7.46194 6
    endloop
  endfacet
  facet normal -0.442314 -0.89686 -0
    outer loop
      vertex 8.25 7.43301 6
      vertex 8.19134 7.46194 0
      vertex 8.25 7.43301 0
    endloop
  endfacet
  facet normal -0.946941 0.321407 0
    outer loop
      vertex 8.46194 6.80866 0
      vertex 8.48296 6.87059 6
      vertex 8.48296 6.87059 0
    endloop
  endfacet
  facet normal -0.946941 0.321407 0
    outer loop
      vertex 8.48296 6.87059 6
      vertex 8.46194 6.80866 0
      vertex 8.46194 6.80866 6
    endloop
  endfacet
  facet normal -0.659424 -0.751771 0
    outer loop
      vertex 8.30438 7.39668 0
      vertex 8.35355 7.35355 6
      vertex 8.30438 7.39668 6
    endloop
  endfacet
  facet normal -0.659424 -0.751771 -0
    outer loop
      vertex 8.35355 7.35355 6
      vertex 8.30438 7.39668 0
      vertex 8.35355 7.35355 0
    endloop
  endfacet
  facet normal -0.659424 0.751771 0
    outer loop
      vertex 8.35355 6.64645 0
      vertex 8.30438 6.60332 6
      vertex 8.35355 6.64645 6
    endloop
  endfacet
  facet normal -0.659424 0.751771 0
    outer loop
      vertex 8.30438 6.60332 6
      vertex 8.35355 6.64645 0
      vertex 8.30438 6.60332 0
    endloop
  endfacet
  facet normal -0.0654432 0.997856 0
    outer loop
      vertex 8.06526 6.50428 0
      vertex 8 6.5 6
      vertex 8.06526 6.50428 6
    endloop
  endfacet
  facet normal -0.0654432 0.997856 0
    outer loop
      vertex 8 6.5 6
      vertex 8.06526 6.50428 0
      vertex 8 6.5 0
    endloop
  endfacet
  facet normal 0.946941 -0.321407 0
    outer loop
      vertex 7.51704 7.12941 6
      vertex 7.53806 7.19134 0
      vertex 7.53806 7.19134 6
    endloop
  endfacet
  facet normal 0.946941 -0.321407 0
    outer loop
      vertex 7.53806 7.19134 0
      vertex 7.51704 7.12941 6
      vertex 7.51704 7.12941 0
    endloop
  endfacet
  facet normal 0.0654432 -0.997856 0
    outer loop
      vertex 7.93474 7.49572 0
      vertex 8 7.5 6
      vertex 7.93474 7.49572 6
    endloop
  endfacet
  facet normal 0.0654432 -0.997856 0
    outer loop
      vertex 8 7.5 6
      vertex 7.93474 7.49572 0
      vertex 8 7.5 0
    endloop
  endfacet
  facet normal 0.980786 0.195087 0
    outer loop
      vertex 7.51704 6.87059 6
      vertex 7.50428 6.93474 0
      vertex 7.50428 6.93474 6
    endloop
  endfacet
  facet normal 0.980786 0.195087 0
    outer loop
      vertex 7.50428 6.93474 0
      vertex 7.51704 6.87059 6
      vertex 7.51704 6.87059 0
    endloop
  endfacet
  facet normal 0.980786 -0.195087 0
    outer loop
      vertex 7.50428 7.06526 6
      vertex 7.51704 7.12941 0
      vertex 7.51704 7.12941 6
    endloop
  endfacet
  facet normal 0.980786 -0.195087 0
    outer loop
      vertex 7.51704 7.12941 0
      vertex 7.50428 7.06526 6
      vertex 7.50428 7.06526 0
    endloop
  endfacet
  facet normal -0.751771 -0.659424 0
    outer loop
      vertex 8.39668 7.30438 0
      vertex 8.35355 7.35355 6
      vertex 8.35355 7.35355 0
    endloop
  endfacet
  facet normal -0.751771 -0.659424 0
    outer loop
      vertex 8.35355 7.35355 6
      vertex 8.39668 7.30438 0
      vertex 8.39668 7.30438 6
    endloop
  endfacet
  facet normal -0.0654432 -0.997856 0
    outer loop
      vertex 8 7.5 0
      vertex 8.06526 7.49572 6
      vertex 8 7.5 6
    endloop
  endfacet
  facet normal -0.0654432 -0.997856 -0
    outer loop
      vertex 8.06526 7.49572 6
      vertex 8 7.5 0
      vertex 8.06526 7.49572 0
    endloop
  endfacet
  facet normal 0.946941 0.321407 0
    outer loop
      vertex 7.53806 6.80866 6
      vertex 7.51704 6.87059 0
      vertex 7.51704 6.87059 6
    endloop
  endfacet
  facet normal 0.946941 0.321407 0
    outer loop
      vertex 7.51704 6.87059 0
      vertex 7.53806 6.80866 6
      vertex 7.53806 6.80866 0
    endloop
  endfacet
  facet normal -0.831509 -0.555512 0
    outer loop
      vertex 8.43301 7.25 0
      vertex 8.39668 7.30438 6
      vertex 8.39668 7.30438 0
    endloop
  endfacet
  facet normal -0.831509 -0.555512 0
    outer loop
      vertex 8.39668 7.30438 6
      vertex 8.43301 7.25 0
      vertex 8.43301 7.25 6
    endloop
  endfacet
  facet normal -0.555512 -0.831509 0
    outer loop
      vertex 8.25 7.43301 0
      vertex 8.30438 7.39668 6
      vertex 8.25 7.43301 6
    endloop
  endfacet
  facet normal -0.555512 -0.831509 -0
    outer loop
      vertex 8.30438 7.39668 6
      vertex 8.25 7.43301 0
      vertex 8.30438 7.39668 0
    endloop
  endfacet
  facet normal 0.321407 -0.946941 0
    outer loop
      vertex 7.80866 7.46194 0
      vertex 7.87059 7.48296 6
      vertex 7.80866 7.46194 6
    endloop
  endfacet
  facet normal 0.321407 -0.946941 0
    outer loop
      vertex 7.87059 7.48296 6
      vertex 7.80866 7.46194 0
      vertex 7.87059 7.48296 0
    endloop
  endfacet
  facet normal -0.997856 0.0654432 0
    outer loop
      vertex 8.49572 6.93474 0
      vertex 8.5 7 6
      vertex 8.5 7 0
    endloop
  endfacet
  facet normal -0.997856 0.0654432 0
    outer loop
      vertex 8.5 7 6
      vertex 8.49572 6.93474 0
      vertex 8.49572 6.93474 6
    endloop
  endfacet
  facet normal 0.997856 -0.0654432 0
    outer loop
      vertex 7.5 7 6
      vertex 7.50428 7.06526 0
      vertex 7.50428 7.06526 6
    endloop
  endfacet
  facet normal 0.997856 -0.0654432 0
    outer loop
      vertex 7.50428 7.06526 0
      vertex 7.5 7 6
      vertex 7.5 7 0
    endloop
  endfacet
  facet normal -0.442314 0.89686 0
    outer loop
      vertex 8.25 6.56699 0
      vertex 8.19134 6.53806 6
      vertex 8.25 6.56699 6
    endloop
  endfacet
  facet normal -0.442314 0.89686 0
    outer loop
      vertex 8.19134 6.53806 6
      vertex 8.25 6.56699 0
      vertex 8.19134 6.53806 0
    endloop
  endfacet
  facet normal -0.89686 0.442314 0
    outer loop
      vertex 8.43301 6.75 0
      vertex 8.46194 6.80866 6
      vertex 8.46194 6.80866 0
    endloop
  endfacet
  facet normal -0.89686 0.442314 0
    outer loop
      vertex 8.46194 6.80866 6
      vertex 8.43301 6.75 0
      vertex 8.43301 6.75 6
    endloop
  endfacet
  facet normal -0.831509 0.555512 0
    outer loop
      vertex 8.39668 6.69562 0
      vertex 8.43301 6.75 6
      vertex 8.43301 6.75 0
    endloop
  endfacet
  facet normal -0.831509 0.555512 0
    outer loop
      vertex 8.43301 6.75 6
      vertex 8.39668 6.69562 0
      vertex 8.39668 6.69562 6
    endloop
  endfacet
  facet normal 0.195087 -0.980786 0
    outer loop
      vertex 7.87059 7.48296 0
      vertex 7.93474 7.49572 6
      vertex 7.87059 7.48296 6
    endloop
  endfacet
  facet normal 0.195087 -0.980786 0
    outer loop
      vertex 7.93474 7.49572 6
      vertex 7.87059 7.48296 0
      vertex 7.93474 7.49572 0
    endloop
  endfacet
  facet normal 0.442314 -0.89686 0
    outer loop
      vertex 7.75 7.43301 0
      vertex 7.80866 7.46194 6
      vertex 7.75 7.43301 6
    endloop
  endfacet
  facet normal 0.442314 -0.89686 0
    outer loop
      vertex 7.80866 7.46194 6
      vertex 7.75 7.43301 0
      vertex 7.80866 7.46194 0
    endloop
  endfacet
  facet normal 0.831509 0.555512 0
    outer loop
      vertex 7.60332 6.69562 6
      vertex 7.56699 6.75 0
      vertex 7.56699 6.75 6
    endloop
  endfacet
  facet normal 0.831509 0.555512 0
    outer loop
      vertex 7.56699 6.75 0
      vertex 7.60332 6.69562 6
      vertex 7.60332 6.69562 0
    endloop
  endfacet
  facet normal -0.195087 -0.980786 0
    outer loop
      vertex 8.06526 7.49572 0
      vertex 8.12941 7.48296 6
      vertex 8.06526 7.49572 6
    endloop
  endfacet
  facet normal -0.195087 -0.980786 -0
    outer loop
      vertex 8.12941 7.48296 6
      vertex 8.06526 7.49572 0
      vertex 8.12941 7.48296 0
    endloop
  endfacet
  facet normal -0.555512 0.831509 0
    outer loop
      vertex 8.30438 6.60332 0
      vertex 8.25 6.56699 6
      vertex 8.30438 6.60332 6
    endloop
  endfacet
  facet normal -0.555512 0.831509 0
    outer loop
      vertex 8.25 6.56699 6
      vertex 8.30438 6.60332 0
      vertex 8.25 6.56699 0
    endloop
  endfacet
  facet normal -0.321407 -0.946941 0
    outer loop
      vertex 8.12941 7.48296 0
      vertex 8.19134 7.46194 6
      vertex 8.12941 7.48296 6
    endloop
  endfacet
  facet normal -0.321407 -0.946941 -0
    outer loop
      vertex 8.19134 7.46194 6
      vertex 8.12941 7.48296 0
      vertex 8.19134 7.46194 0
    endloop
  endfacet
  facet normal 0.997856 0.0654432 0
    outer loop
      vertex 7.50428 6.93474 6
      vertex 7.5 7 0
      vertex 7.5 7 6
    endloop
  endfacet
  facet normal 0.997856 0.0654432 0
    outer loop
      vertex 7.5 7 0
      vertex 7.50428 6.93474 6
      vertex 7.50428 6.93474 0
    endloop
  endfacet
  facet normal -0.89686 -0.442314 0
    outer loop
      vertex 8.46194 7.19134 0
      vertex 8.43301 7.25 6
      vertex 8.43301 7.25 0
    endloop
  endfacet
  facet normal -0.89686 -0.442314 0
    outer loop
      vertex 8.43301 7.25 6
      vertex 8.46194 7.19134 0
      vertex 8.46194 7.19134 6
    endloop
  endfacet
  facet normal 0.195087 0.980786 -0
    outer loop
      vertex 7.93474 6.50428 0
      vertex 7.87059 6.51704 6
      vertex 7.93474 6.50428 6
    endloop
  endfacet
  facet normal 0.195087 0.980786 0
    outer loop
      vertex 7.87059 6.51704 6
      vertex 7.93474 6.50428 0
      vertex 7.87059 6.51704 0
    endloop
  endfacet
  facet normal -0.946941 -0.321407 0
    outer loop
      vertex 8.48296 7.12941 0
      vertex 8.46194 7.19134 6
      vertex 8.46194 7.19134 0
    endloop
  endfacet
  facet normal -0.946941 -0.321407 0
    outer loop
      vertex 8.46194 7.19134 6
      vertex 8.48296 7.12941 0
      vertex 8.48296 7.12941 6
    endloop
  endfacet
  facet normal -0.321407 0.946941 0
    outer loop
      vertex 8.19134 6.53806 0
      vertex 8.12941 6.51704 6
      vertex 8.19134 6.53806 6
    endloop
  endfacet
  facet normal -0.321407 0.946941 0
    outer loop
      vertex 8.12941 6.51704 6
      vertex 8.19134 6.53806 0
      vertex 8.12941 6.51704 0
    endloop
  endfacet
  facet normal 0.659424 0.751771 -0
    outer loop
      vertex 7.69562 6.60332 0
      vertex 7.64645 6.64645 6
      vertex 7.69562 6.60332 6
    endloop
  endfacet
  facet normal 0.659424 0.751771 0
    outer loop
      vertex 7.64645 6.64645 6
      vertex 7.69562 6.60332 0
      vertex 7.64645 6.64645 0
    endloop
  endfacet
  facet normal 0.831509 -0.555512 0
    outer loop
      vertex 7.56699 7.25 6
      vertex 7.60332 7.30438 0
      vertex 7.60332 7.30438 6
    endloop
  endfacet
  facet normal 0.831509 -0.555512 0
    outer loop
      vertex 7.60332 7.30438 0
      vertex 7.56699 7.25 6
      vertex 7.56699 7.25 0
    endloop
  endfacet
  facet normal 0.0654432 0.997856 -0
    outer loop
      vertex 8 6.5 0
      vertex 7.93474 6.50428 6
      vertex 8 6.5 6
    endloop
  endfacet
  facet normal 0.0654432 0.997856 0
    outer loop
      vertex 7.93474 6.50428 6
      vertex 8 6.5 0
      vertex 7.93474 6.50428 0
    endloop
  endfacet
  facet normal 0.442314 0.89686 -0
    outer loop
      vertex 7.80866 6.53806 0
      vertex 7.75 6.56699 6
      vertex 7.80866 6.53806 6
    endloop
  endfacet
  facet normal 0.442314 0.89686 0
    outer loop
      vertex 7.75 6.56699 6
      vertex 7.80866 6.53806 0
      vertex 7.75 6.56699 0
    endloop
  endfacet
  facet normal -0.980879 -0.194619 0
    outer loop
      vertex 16.5453 7.07179 0
      vertex 16.5313 7.14235 6
      vertex 16.5313 7.14235 0
    endloop
  endfacet
  facet normal -0.980879 -0.194619 0
    outer loop
      vertex 16.5313 7.14235 6
      vertex 16.5453 7.07179 0
      vertex 16.5453 7.07179 6
    endloop
  endfacet
  facet normal -0.997864 -0.0653289 0
    outer loop
      vertex 16.55 7 0
      vertex 16.5453 7.07179 6
      vertex 16.5453 7.07179 0
    endloop
  endfacet
  facet normal -0.997864 -0.0653289 0
    outer loop
      vertex 16.5453 7.07179 6
      vertex 16.55 7 0
      vertex 16.55 7 6
    endloop
  endfacet
  facet normal -0.442424 -0.896806 0
    outer loop
      vertex 16.2105 7.50813 0
      vertex 16.275 7.47631 6
      vertex 16.2105 7.50813 6
    endloop
  endfacet
  facet normal -0.442424 -0.896806 -0
    outer loop
      vertex 16.275 7.47631 6
      vertex 16.2105 7.50813 0
      vertex 16.275 7.47631 0
    endloop
  endfacet
  facet normal -0.659232 -0.751939 0
    outer loop
      vertex 16.3348 7.43634 0
      vertex 16.3889 7.38891 6
      vertex 16.3348 7.43634 6
    endloop
  endfacet
  facet normal -0.659232 -0.751939 -0
    outer loop
      vertex 16.3889 7.38891 6
      vertex 16.3348 7.43634 0
      vertex 16.3889 7.38891 0
    endloop
  endfacet
  facet normal -0.896998 -0.442035 0
    outer loop
      vertex 16.5081 7.21047 0
      vertex 16.4763 7.275 6
      vertex 16.4763 7.275 0
    endloop
  endfacet
  facet normal -0.896998 -0.442035 0
    outer loop
      vertex 16.4763 7.275 6
      vertex 16.5081 7.21047 0
      vertex 16.5081 7.21047 6
    endloop
  endfacet
  facet normal 0.946607 -0.322391 0
    outer loop
      vertex 15.4687 7.14235 6
      vertex 15.4919 7.21047 0
      vertex 15.4919 7.21047 6
    endloop
  endfacet
  facet normal 0.946607 -0.322391 0
    outer loop
      vertex 15.4919 7.21047 0
      vertex 15.4687 7.14235 6
      vertex 15.4687 7.14235 0
    endloop
  endfacet
  facet normal 0.997864 0.0653289 0
    outer loop
      vertex 15.4547 6.92821 6
      vertex 15.45 7 0
      vertex 15.45 7 6
    endloop
  endfacet
  facet normal 0.997864 0.0653289 0
    outer loop
      vertex 15.45 7 0
      vertex 15.4547 6.92821 6
      vertex 15.4547 6.92821 0
    endloop
  endfacet
  facet normal -0.946621 0.322349 0
    outer loop
      vertex 16.5081 6.78952 0
      vertex 16.5313 6.85765 6
      vertex 16.5313 6.85765 0
    endloop
  endfacet
  facet normal -0.946621 0.322349 0
    outer loop
      vertex 16.5313 6.85765 6
      vertex 16.5081 6.78952 0
      vertex 16.5081 6.78952 6
    endloop
  endfacet
  facet normal 0.0654582 -0.997855 0
    outer loop
      vertex 15.9282 7.54529 0
      vertex 16 7.55 6
      vertex 15.9282 7.54529 6
    endloop
  endfacet
  facet normal 0.0654582 -0.997855 0
    outer loop
      vertex 16 7.55 6
      vertex 15.9282 7.54529 0
      vertex 16 7.55 0
    endloop
  endfacet
  facet normal 0.321604 0.946874 -0
    outer loop
      vertex 15.8576 6.46874 0
      vertex 15.7895 6.49187 6
      vertex 15.8576 6.46874 6
    endloop
  endfacet
  facet normal 0.321604 0.946874 0
    outer loop
      vertex 15.7895 6.49187 6
      vertex 15.8576 6.46874 0
      vertex 15.7895 6.49187 0
    endloop
  endfacet
  facet normal 0.194914 0.98082 -0
    outer loop
      vertex 15.9282 6.45471 0
      vertex 15.8576 6.46874 6
      vertex 15.9282 6.45471 6
    endloop
  endfacet
  facet normal 0.194914 0.98082 0
    outer loop
      vertex 15.8576 6.46874 6
      vertex 15.9282 6.45471 0
      vertex 15.8576 6.46874 0
    endloop
  endfacet
  facet normal 0.442424 -0.896806 0
    outer loop
      vertex 15.725 7.47631 0
      vertex 15.7895 7.50813 6
      vertex 15.725 7.47631 6
    endloop
  endfacet
  facet normal 0.442424 -0.896806 0
    outer loop
      vertex 15.7895 7.50813 6
      vertex 15.725 7.47631 0
      vertex 15.7895 7.50813 0
    endloop
  endfacet
  facet normal 0.896971 0.44209 0
    outer loop
      vertex 15.5237 6.725 6
      vertex 15.4919 6.78952 0
      vertex 15.4919 6.78952 6
    endloop
  endfacet
  facet normal 0.896971 0.44209 0
    outer loop
      vertex 15.4919 6.78952 0
      vertex 15.5237 6.725 6
      vertex 15.5237 6.725 0
    endloop
  endfacet
  facet normal -0.83128 0.555854 0
    outer loop
      vertex 16.4363 6.66518 0
      vertex 16.4763 6.725 6
      vertex 16.4763 6.725 0
    endloop
  endfacet
  facet normal -0.83128 0.555854 0
    outer loop
      vertex 16.4763 6.725 6
      vertex 16.4363 6.66518 0
      vertex 16.4363 6.66518 6
    endloop
  endfacet
  facet normal 0.555694 -0.831387 0
    outer loop
      vertex 15.6652 7.43634 0
      vertex 15.725 7.47631 6
      vertex 15.6652 7.43634 6
    endloop
  endfacet
  facet normal 0.555694 -0.831387 0
    outer loop
      vertex 15.725 7.47631 6
      vertex 15.6652 7.43634 0
      vertex 15.725 7.47631 0
    endloop
  endfacet
  facet normal 0.83128 -0.555854 0
    outer loop
      vertex 15.5237 7.275 6
      vertex 15.5637 7.33482 0
      vertex 15.5637 7.33482 6
    endloop
  endfacet
  facet normal 0.83128 -0.555854 0
    outer loop
      vertex 15.5637 7.33482 0
      vertex 15.5237 7.275 6
      vertex 15.5237 7.275 0
    endloop
  endfacet
  facet normal -0.83128 -0.555854 0
    outer loop
      vertex 16.4763 7.275 0
      vertex 16.4363 7.33482 6
      vertex 16.4363 7.33482 0
    endloop
  endfacet
  facet normal -0.83128 -0.555854 0
    outer loop
      vertex 16.4363 7.33482 6
      vertex 16.4763 7.275 0
      vertex 16.4763 7.275 6
    endloop
  endfacet
  facet normal -0.896971 0.44209 0
    outer loop
      vertex 16.4763 6.725 0
      vertex 16.5081 6.78952 6
      vertex 16.5081 6.78952 0
    endloop
  endfacet
  facet normal -0.896971 0.44209 0
    outer loop
      vertex 16.5081 6.78952 6
      vertex 16.4763 6.725 0
      vertex 16.4763 6.725 6
    endloop
  endfacet
  facet normal 0.83128 0.555854 0
    outer loop
      vertex 15.5637 6.66518 6
      vertex 15.5237 6.725 0
      vertex 15.5237 6.725 6
    endloop
  endfacet
  facet normal 0.83128 0.555854 0
    outer loop
      vertex 15.5237 6.725 0
      vertex 15.5637 6.66518 6
      vertex 15.5637 6.66518 0
    endloop
  endfacet
  facet normal 0.752086 0.659066 0
    outer loop
      vertex 15.6111 6.61109 6
      vertex 15.5637 6.66518 0
      vertex 15.5637 6.66518 6
    endloop
  endfacet
  facet normal 0.752086 0.659066 0
    outer loop
      vertex 15.5637 6.66518 0
      vertex 15.6111 6.61109 6
      vertex 15.6111 6.61109 0
    endloop
  endfacet
  facet normal 0.752086 -0.659066 0
    outer loop
      vertex 15.5637 7.33482 6
      vertex 15.6111 7.38891 0
      vertex 15.6111 7.38891 6
    endloop
  endfacet
  facet normal 0.752086 -0.659066 0
    outer loop
      vertex 15.6111 7.38891 0
      vertex 15.5637 7.33482 6
      vertex 15.5637 7.33482 0
    endloop
  endfacet
  facet normal 0.659232 -0.751939 0
    outer loop
      vertex 15.6111 7.38891 0
      vertex 15.6652 7.43634 6
      vertex 15.6111 7.38891 6
    endloop
  endfacet
  facet normal 0.659232 -0.751939 0
    outer loop
      vertex 15.6652 7.43634 6
      vertex 15.6111 7.38891 0
      vertex 15.6652 7.43634 0
    endloop
  endfacet
  facet normal -0.19518 0.980768 0
    outer loop
      vertex 16.1423 6.46874 0
      vertex 16.0718 6.45471 6
      vertex 16.1423 6.46874 6
    endloop
  endfacet
  facet normal -0.19518 0.980768 0
    outer loop
      vertex 16.0718 6.45471 6
      vertex 16.1423 6.46874 0
      vertex 16.0718 6.45471 0
    endloop
  endfacet
  facet normal -0.997864 0.0653289 0
    outer loop
      vertex 16.5453 6.92821 0
      vertex 16.55 7 6
      vertex 16.55 7 0
    endloop
  endfacet
  facet normal -0.997864 0.0653289 0
    outer loop
      vertex 16.55 7 6
      vertex 16.5453 6.92821 0
      vertex 16.5453 6.92821 6
    endloop
  endfacet
  facet normal -0.980879 0.194619 0
    outer loop
      vertex 16.5313 6.85765 0
      vertex 16.5453 6.92821 6
      vertex 16.5453 6.92821 0
    endloop
  endfacet
  facet normal -0.980879 0.194619 0
    outer loop
      vertex 16.5453 6.92821 6
      vertex 16.5313 6.85765 0
      vertex 16.5313 6.85765 6
    endloop
  endfacet
  facet normal -0.555694 -0.831387 0
    outer loop
      vertex 16.275 7.47631 0
      vertex 16.3348 7.43634 6
      vertex 16.275 7.47631 6
    endloop
  endfacet
  facet normal -0.555694 -0.831387 -0
    outer loop
      vertex 16.3348 7.43634 6
      vertex 16.275 7.47631 0
      vertex 16.3348 7.43634 0
    endloop
  endfacet
  facet normal -0.555598 0.831451 0
    outer loop
      vertex 16.3348 6.56365 0
      vertex 16.275 6.52369 6
      vertex 16.3348 6.56365 6
    endloop
  endfacet
  facet normal -0.555598 0.831451 0
    outer loop
      vertex 16.275 6.52369 6
      vertex 16.3348 6.56365 0
      vertex 16.275 6.52369 0
    endloop
  endfacet
  facet normal 0.0654582 0.997855 -0
    outer loop
      vertex 16 6.45 0
      vertex 15.9282 6.45471 6
      vertex 16 6.45 6
    endloop
  endfacet
  facet normal 0.0654582 0.997855 0
    outer loop
      vertex 15.9282 6.45471 6
      vertex 16 6.45 0
      vertex 15.9282 6.45471 0
    endloop
  endfacet
  facet normal -0.659311 0.75187 0
    outer loop
      vertex 16.3889 6.61109 0
      vertex 16.3348 6.56365 6
      vertex 16.3889 6.61109 6
    endloop
  endfacet
  facet normal -0.659311 0.75187 0
    outer loop
      vertex 16.3348 6.56365 6
      vertex 16.3889 6.61109 0
      vertex 16.3348 6.56365 0
    endloop
  endfacet
  facet normal 0.194914 -0.98082 0
    outer loop
      vertex 15.8576 7.53126 0
      vertex 15.9282 7.54529 6
      vertex 15.8576 7.53126 6
    endloop
  endfacet
  facet normal 0.194914 -0.98082 0
    outer loop
      vertex 15.9282 7.54529 6
      vertex 15.8576 7.53126 0
      vertex 15.9282 7.54529 0
    endloop
  endfacet
  facet normal -0.752086 0.659066 0
    outer loop
      vertex 16.3889 6.61109 0
      vertex 16.4363 6.66518 6
      vertex 16.4363 6.66518 0
    endloop
  endfacet
  facet normal -0.752086 0.659066 0
    outer loop
      vertex 16.4363 6.66518 6
      vertex 16.3889 6.61109 0
      vertex 16.3889 6.61109 6
    endloop
  endfacet
  facet normal -0.442424 0.896806 0
    outer loop
      vertex 16.275 6.52369 0
      vertex 16.2105 6.49187 6
      vertex 16.275 6.52369 6
    endloop
  endfacet
  facet normal -0.442424 0.896806 0
    outer loop
      vertex 16.2105 6.49187 6
      vertex 16.275 6.52369 0
      vertex 16.2105 6.49187 0
    endloop
  endfacet
  facet normal -0.0654582 0.997855 0
    outer loop
      vertex 16.0718 6.45471 0
      vertex 16 6.45 6
      vertex 16.0718 6.45471 6
    endloop
  endfacet
  facet normal -0.0654582 0.997855 0
    outer loop
      vertex 16 6.45 6
      vertex 16.0718 6.45471 0
      vertex 16 6.45 0
    endloop
  endfacet
  facet normal -0.19518 -0.980768 0
    outer loop
      vertex 16.0718 7.54529 0
      vertex 16.1423 7.53126 6
      vertex 16.0718 7.54529 6
    endloop
  endfacet
  facet normal -0.19518 -0.980768 -0
    outer loop
      vertex 16.1423 7.53126 6
      vertex 16.0718 7.54529 0
      vertex 16.1423 7.53126 0
    endloop
  endfacet
  facet normal -0.0654582 -0.997855 0
    outer loop
      vertex 16 7.55 0
      vertex 16.0718 7.54529 6
      vertex 16 7.55 6
    endloop
  endfacet
  facet normal -0.0654582 -0.997855 -0
    outer loop
      vertex 16.0718 7.54529 6
      vertex 16 7.55 0
      vertex 16.0718 7.54529 0
    endloop
  endfacet
  facet normal -0.321181 0.947018 0
    outer loop
      vertex 16.2105 6.49187 0
      vertex 16.1423 6.46874 6
      vertex 16.2105 6.49187 6
    endloop
  endfacet
  facet normal -0.321181 0.947018 0
    outer loop
      vertex 16.1423 6.46874 6
      vertex 16.2105 6.49187 0
      vertex 16.1423 6.46874 0
    endloop
  endfacet
  facet normal -0.321181 -0.947018 0
    outer loop
      vertex 16.1423 7.53126 0
      vertex 16.2105 7.50813 6
      vertex 16.1423 7.53126 6
    endloop
  endfacet
  facet normal -0.321181 -0.947018 -0
    outer loop
      vertex 16.2105 7.50813 6
      vertex 16.1423 7.53126 0
      vertex 16.2105 7.50813 0
    endloop
  endfacet
  facet normal 0.980879 -0.194619 0
    outer loop
      vertex 15.4547 7.07179 6
      vertex 15.4687 7.14235 0
      vertex 15.4687 7.14235 6
    endloop
  endfacet
  facet normal 0.980879 -0.194619 0
    outer loop
      vertex 15.4687 7.14235 0
      vertex 15.4547 7.07179 6
      vertex 15.4547 7.07179 0
    endloop
  endfacet
  facet normal -0.752086 -0.659066 0
    outer loop
      vertex 16.4363 7.33482 0
      vertex 16.3889 7.38891 6
      vertex 16.3889 7.38891 0
    endloop
  endfacet
  facet normal -0.752086 -0.659066 0
    outer loop
      vertex 16.3889 7.38891 6
      vertex 16.4363 7.33482 0
      vertex 16.4363 7.33482 6
    endloop
  endfacet
  facet normal -0.946607 -0.322391 0
    outer loop
      vertex 16.5313 7.14235 0
      vertex 16.5081 7.21047 6
      vertex 16.5081 7.21047 0
    endloop
  endfacet
  facet normal -0.946607 -0.322391 0
    outer loop
      vertex 16.5081 7.21047 6
      vertex 16.5313 7.14235 0
      vertex 16.5313 7.14235 6
    endloop
  endfacet
  facet normal 0.321604 -0.946874 0
    outer loop
      vertex 15.7895 7.50813 0
      vertex 15.8576 7.53126 6
      vertex 15.7895 7.50813 6
    endloop
  endfacet
  facet normal 0.321604 -0.946874 0
    outer loop
      vertex 15.8576 7.53126 6
      vertex 15.7895 7.50813 0
      vertex 15.8576 7.53126 0
    endloop
  endfacet
  facet normal 0.442424 0.896806 -0
    outer loop
      vertex 15.7895 6.49187 0
      vertex 15.725 6.52369 6
      vertex 15.7895 6.49187 6
    endloop
  endfacet
  facet normal 0.442424 0.896806 0
    outer loop
      vertex 15.725 6.52369 6
      vertex 15.7895 6.49187 0
      vertex 15.725 6.52369 0
    endloop
  endfacet
  facet normal 0.946621 0.322349 0
    outer loop
      vertex 15.4919 6.78952 6
      vertex 15.4687 6.85765 0
      vertex 15.4687 6.85765 6
    endloop
  endfacet
  facet normal 0.946621 0.322349 0
    outer loop
      vertex 15.4687 6.85765 0
      vertex 15.4919 6.78952 6
      vertex 15.4919 6.78952 0
    endloop
  endfacet
  facet normal 0.997864 -0.0653289 0
    outer loop
      vertex 15.45 7 6
      vertex 15.4547 7.07179 0
      vertex 15.4547 7.07179 6
    endloop
  endfacet
  facet normal 0.997864 -0.0653289 0
    outer loop
      vertex 15.4547 7.07179 0
      vertex 15.45 7 6
      vertex 15.45 7 0
    endloop
  endfacet
  facet normal 0.980879 0.194619 0
    outer loop
      vertex 15.4687 6.85765 6
      vertex 15.4547 6.92821 0
      vertex 15.4547 6.92821 6
    endloop
  endfacet
  facet normal 0.980879 0.194619 0
    outer loop
      vertex 15.4547 6.92821 0
      vertex 15.4687 6.85765 6
      vertex 15.4687 6.85765 0
    endloop
  endfacet
  facet normal 0.555598 0.831451 -0
    outer loop
      vertex 15.725 6.52369 0
      vertex 15.6652 6.56365 6
      vertex 15.725 6.52369 6
    endloop
  endfacet
  facet normal 0.555598 0.831451 0
    outer loop
      vertex 15.6652 6.56365 6
      vertex 15.725 6.52369 0
      vertex 15.6652 6.56365 0
    endloop
  endfacet
  facet normal 0.896998 -0.442035 0
    outer loop
      vertex 15.4919 7.21047 6
      vertex 15.5237 7.275 0
      vertex 15.5237 7.275 6
    endloop
  endfacet
  facet normal 0.896998 -0.442035 0
    outer loop
      vertex 15.5237 7.275 0
      vertex 15.4919 7.21047 6
      vertex 15.4919 7.21047 0
    endloop
  endfacet
  facet normal 0.659311 0.75187 -0
    outer loop
      vertex 15.6652 6.56365 0
      vertex 15.6111 6.61109 6
      vertex 15.6652 6.56365 6
    endloop
  endfacet
  facet normal 0.659311 0.75187 0
    outer loop
      vertex 15.6111 6.61109 6
      vertex 15.6652 6.56365 0
      vertex 15.6111 6.61109 0
    endloop
  endfacet
  facet normal -0.980815 -0.19494 0
    outer loop
      vertex 24.5949 7.07831 0
      vertex 24.5796 7.15529 6
      vertex 24.5796 7.15529 0
    endloop
  endfacet
  facet normal -0.980815 -0.19494 0
    outer loop
      vertex 24.5796 7.15529 6
      vertex 24.5949 7.07831 0
      vertex 24.5949 7.07831 6
    endloop
  endfacet
  facet normal -0.997886 -0.0649881 0
    outer loop
      vertex 24.6 7 0
      vertex 24.5949 7.07831 6
      vertex 24.5949 7.07831 0
    endloop
  endfacet
  facet normal -0.997886 -0.0649881 0
    outer loop
      vertex 24.5949 7.07831 6
      vertex 24.6 7 0
      vertex 24.6 7 6
    endloop
  endfacet
  facet normal -0.946652 -0.322259 0
    outer loop
      vertex 24.5796 7.15529 0
      vertex 24.5543 7.22961 6
      vertex 24.5543 7.22961 0
    endloop
  endfacet
  facet normal -0.946652 -0.322259 0
    outer loop
      vertex 24.5543 7.22961 6
      vertex 24.5796 7.15529 0
      vertex 24.5796 7.15529 6
    endloop
  endfacet
  facet normal -0.946652 0.322259 0
    outer loop
      vertex 24.5543 6.77039 0
      vertex 24.5796 6.84471 6
      vertex 24.5796 6.84471 0
    endloop
  endfacet
  facet normal -0.946652 0.322259 0
    outer loop
      vertex 24.5796 6.84471 6
      vertex 24.5543 6.77039 0
      vertex 24.5543 6.77039 6
    endloop
  endfacet
  facet normal -0.98081 0.194964 0
    outer loop
      vertex 24.5796 6.84471 0
      vertex 24.5949 6.92168 6
      vertex 24.5949 6.92168 0
    endloop
  endfacet
  facet normal -0.98081 0.194964 0
    outer loop
      vertex 24.5949 6.92168 6
      vertex 24.5796 6.84471 0
      vertex 24.5796 6.84471 6
    endloop
  endfacet
  facet normal -0.555376 -0.831599 0
    outer loop
      vertex 24.3 7.51962 0
      vertex 24.3653 7.47601 6
      vertex 24.3 7.51962 6
    endloop
  endfacet
  facet normal -0.555376 -0.831599 -0
    outer loop
      vertex 24.3653 7.47601 6
      vertex 24.3 7.51962 0
      vertex 24.3653 7.47601 0
    endloop
  endfacet
  facet normal -0.195014 0.980801 0
    outer loop
      vertex 24.1553 6.42044 0
      vertex 24.0783 6.40513 6
      vertex 24.1553 6.42044 6
    endloop
  endfacet
  facet normal -0.195014 0.980801 0
    outer loop
      vertex 24.0783 6.40513 6
      vertex 24.1553 6.42044 0
      vertex 24.0783 6.40513 0
    endloop
  endfacet
  facet normal -0.896936 0.44216 0
    outer loop
      vertex 24.5196 6.7 0
      vertex 24.5543 6.77039 6
      vertex 24.5543 6.77039 0
    endloop
  endfacet
  facet normal -0.896936 0.44216 0
    outer loop
      vertex 24.5543 6.77039 6
      vertex 24.5196 6.7 0
      vertex 24.5196 6.7 6
    endloop
  endfacet
  facet normal -0.442212 0.89691 0
    outer loop
      vertex 24.3 6.48038 0
      vertex 24.2296 6.44567 6
      vertex 24.3 6.48038 6
    endloop
  endfacet
  facet normal -0.442212 0.89691 0
    outer loop
      vertex 24.2296 6.44567 6
      vertex 24.3 6.48038 0
      vertex 24.2296 6.44567 0
    endloop
  endfacet
  facet normal 0.831501 -0.555523 0
    outer loop
      vertex 23.4804 7.3 6
      vertex 23.524 7.36526 0
      vertex 23.524 7.36526 6
    endloop
  endfacet
  facet normal 0.831501 -0.555523 0
    outer loop
      vertex 23.524 7.36526 0
      vertex 23.4804 7.3 6
      vertex 23.4804 7.3 0
    endloop
  endfacet
  facet normal -0.896936 -0.44216 0
    outer loop
      vertex 24.5543 7.22961 0
      vertex 24.5196 7.3 6
      vertex 24.5196 7.3 0
    endloop
  endfacet
  facet normal -0.896936 -0.44216 0
    outer loop
      vertex 24.5196 7.3 6
      vertex 24.5543 7.22961 0
      vertex 24.5543 7.22961 6
    endloop
  endfacet
  facet normal 0.752103 -0.659046 0
    outer loop
      vertex 23.524 7.36526 6
      vertex 23.5757 7.42426 0
      vertex 23.5757 7.42426 6
    endloop
  endfacet
  facet normal 0.752103 -0.659046 0
    outer loop
      vertex 23.5757 7.42426 0
      vertex 23.524 7.36526 6
      vertex 23.524 7.36526 0
    endloop
  endfacet
  facet normal 0.195014 0.980801 -0
    outer loop
      vertex 23.9217 6.40513 0
      vertex 23.8447 6.42044 6
      vertex 23.9217 6.40513 6
    endloop
  endfacet
  facet normal 0.195014 0.980801 0
    outer loop
      vertex 23.8447 6.42044 6
      vertex 23.9217 6.40513 0
      vertex 23.8447 6.42044 0
    endloop
  endfacet
  facet normal -0.195136 -0.980776 0
    outer loop
      vertex 24.0783 7.59487 0
      vertex 24.1553 7.57955 6
      vertex 24.0783 7.59487 6
    endloop
  endfacet
  facet normal -0.195136 -0.980776 -0
    outer loop
      vertex 24.1553 7.57955 6
      vertex 24.0783 7.59487 0
      vertex 24.1553 7.57955 0
    endloop
  endfacet
  facet normal -0.831501 0.555523 0
    outer loop
      vertex 24.476 6.63474 0
      vertex 24.5196 6.7 6
      vertex 24.5196 6.7 0
    endloop
  endfacet
  facet normal -0.831501 0.555523 0
    outer loop
      vertex 24.5196 6.7 6
      vertex 24.476 6.63474 0
      vertex 24.476 6.63474 6
    endloop
  endfacet
  facet normal -0.0653771 0.997861 0
    outer loop
      vertex 24.0783 6.40513 0
      vertex 24 6.4 6
      vertex 24.0783 6.40513 6
    endloop
  endfacet
  facet normal -0.0653771 0.997861 0
    outer loop
      vertex 24 6.4 6
      vertex 24.0783 6.40513 0
      vertex 24 6.4 0
    endloop
  endfacet
  facet normal 0.659406 0.751787 -0
    outer loop
      vertex 23.6347 6.52399 0
      vertex 23.5757 6.57574 6
      vertex 23.6347 6.52399 6
    endloop
  endfacet
  facet normal 0.659406 0.751787 0
    outer loop
      vertex 23.5757 6.57574 6
      vertex 23.6347 6.52399 0
      vertex 23.5757 6.57574 0
    endloop
  endfacet
  facet normal 0.997886 -0.0649881 0
    outer loop
      vertex 23.4 7 6
      vertex 23.4051 7.07831 0
      vertex 23.4051 7.07831 6
    endloop
  endfacet
  facet normal 0.997886 -0.0649881 0
    outer loop
      vertex 23.4051 7.07831 0
      vertex 23.4 7 6
      vertex 23.4 7 0
    endloop
  endfacet
  facet normal -0.442212 -0.89691 0
    outer loop
      vertex 24.2296 7.55433 0
      vertex 24.3 7.51962 6
      vertex 24.2296 7.55433 6
    endloop
  endfacet
  facet normal -0.442212 -0.89691 -0
    outer loop
      vertex 24.3 7.51962 6
      vertex 24.2296 7.55433 0
      vertex 24.3 7.51962 0
    endloop
  endfacet
  facet normal 0.896936 -0.44216 0
    outer loop
      vertex 23.4457 7.22961 6
      vertex 23.4804 7.3 0
      vertex 23.4804 7.3 6
    endloop
  endfacet
  facet normal 0.896936 -0.44216 0
    outer loop
      vertex 23.4804 7.3 0
      vertex 23.4457 7.22961 6
      vertex 23.4457 7.22961 0
    endloop
  endfacet
  facet normal 0.946652 0.322259 0
    outer loop
      vertex 23.4457 6.77039 6
      vertex 23.4204 6.84471 0
      vertex 23.4204 6.84471 6
    endloop
  endfacet
  facet normal 0.946652 0.322259 0
    outer loop
      vertex 23.4204 6.84471 0
      vertex 23.4457 6.77039 6
      vertex 23.4457 6.77039 0
    endloop
  endfacet
  facet normal -0.831501 -0.555523 0
    outer loop
      vertex 24.5196 7.3 0
      vertex 24.476 7.36526 6
      vertex 24.476 7.36526 0
    endloop
  endfacet
  facet normal -0.831501 -0.555523 0
    outer loop
      vertex 24.476 7.36526 6
      vertex 24.5196 7.3 0
      vertex 24.5196 7.3 6
    endloop
  endfacet
  facet normal 0.0653771 0.997861 -0
    outer loop
      vertex 24 6.4 0
      vertex 23.9217 6.40513 6
      vertex 24 6.4 6
    endloop
  endfacet
  facet normal 0.0653771 0.997861 0
    outer loop
      vertex 23.9217 6.40513 6
      vertex 24 6.4 0
      vertex 23.9217 6.40513 0
    endloop
  endfacet
  facet normal -0.752103 -0.659046 0
    outer loop
      vertex 24.476 7.36526 0
      vertex 24.4243 7.42426 6
      vertex 24.4243 7.42426 0
    endloop
  endfacet
  facet normal -0.752103 -0.659046 0
    outer loop
      vertex 24.4243 7.42426 6
      vertex 24.476 7.36526 0
      vertex 24.476 7.36526 6
    endloop
  endfacet
  facet normal -0.997887 0.0649798 0
    outer loop
      vertex 24.5949 6.92168 0
      vertex 24.6 7 6
      vertex 24.6 7 0
    endloop
  endfacet
  facet normal -0.997887 0.0649798 0
    outer loop
      vertex 24.6 7 6
      vertex 24.5949 6.92168 0
      vertex 24.5949 6.92168 6
    endloop
  endfacet
  facet normal -0.659406 -0.751787 0
    outer loop
      vertex 24.3653 7.47601 0
      vertex 24.4243 7.42426 6
      vertex 24.3653 7.47601 6
    endloop
  endfacet
  facet normal -0.659406 -0.751787 -0
    outer loop
      vertex 24.4243 7.42426 6
      vertex 24.3653 7.47601 0
      vertex 24.4243 7.42426 0
    endloop
  endfacet
  facet normal 0.442212 0.89691 -0
    outer loop
      vertex 23.7704 6.44567 0
      vertex 23.7 6.48038 6
      vertex 23.7704 6.44567 6
    endloop
  endfacet
  facet normal 0.442212 0.89691 0
    outer loop
      vertex 23.7 6.48038 6
      vertex 23.7704 6.44567 0
      vertex 23.7 6.48038 0
    endloop
  endfacet
  facet normal -0.321423 -0.946936 0
    outer loop
      vertex 24.1553 7.57955 0
      vertex 24.2296 7.55433 6
      vertex 24.1553 7.57955 6
    endloop
  endfacet
  facet normal -0.321423 -0.946936 -0
    outer loop
      vertex 24.2296 7.55433 6
      vertex 24.1553 7.57955 0
      vertex 24.2296 7.55433 0
    endloop
  endfacet
  facet normal -0.555376 0.831599 0
    outer loop
      vertex 24.3653 6.52399 0
      vertex 24.3 6.48038 6
      vertex 24.3653 6.52399 6
    endloop
  endfacet
  facet normal -0.555376 0.831599 0
    outer loop
      vertex 24.3 6.48038 6
      vertex 24.3653 6.52399 0
      vertex 24.3 6.48038 0
    endloop
  endfacet
  facet normal 0.442212 -0.89691 0
    outer loop
      vertex 23.7 7.51962 0
      vertex 23.7704 7.55433 6
      vertex 23.7 7.51962 6
    endloop
  endfacet
  facet normal 0.442212 -0.89691 0
    outer loop
      vertex 23.7704 7.55433 6
      vertex 23.7 7.51962 0
      vertex 23.7704 7.55433 0
    endloop
  endfacet
  facet normal 0.321537 0.946897 -0
    outer loop
      vertex 23.8447 6.42044 0
      vertex 23.7704 6.44567 6
      vertex 23.8447 6.42044 6
    endloop
  endfacet
  facet normal 0.321537 0.946897 0
    outer loop
      vertex 23.7704 6.44567 6
      vertex 23.8447 6.42044 0
      vertex 23.7704 6.44567 0
    endloop
  endfacet
  facet normal 0.555376 0.831599 -0
    outer loop
      vertex 23.7 6.48038 0
      vertex 23.6347 6.52399 6
      vertex 23.7 6.48038 6
    endloop
  endfacet
  facet normal 0.555376 0.831599 0
    outer loop
      vertex 23.6347 6.52399 6
      vertex 23.7 6.48038 0
      vertex 23.6347 6.52399 0
    endloop
  endfacet
  facet normal 0.997887 0.0649798 0
    outer loop
      vertex 23.4051 6.92168 6
      vertex 23.4 7 0
      vertex 23.4 7 6
    endloop
  endfacet
  facet normal 0.997887 0.0649798 0
    outer loop
      vertex 23.4 7 0
      vertex 23.4051 6.92168 6
      vertex 23.4051 6.92168 0
    endloop
  endfacet
  facet normal 0.896936 0.44216 0
    outer loop
      vertex 23.4804 6.7 6
      vertex 23.4457 6.77039 0
      vertex 23.4457 6.77039 6
    endloop
  endfacet
  facet normal 0.896936 0.44216 0
    outer loop
      vertex 23.4457 6.77039 0
      vertex 23.4804 6.7 6
      vertex 23.4804 6.7 0
    endloop
  endfacet
  facet normal -0.321537 0.946897 0
    outer loop
      vertex 24.2296 6.44567 0
      vertex 24.1553 6.42044 6
      vertex 24.2296 6.44567 6
    endloop
  endfacet
  facet normal -0.321537 0.946897 0
    outer loop
      vertex 24.1553 6.42044 6
      vertex 24.2296 6.44567 0
      vertex 24.1553 6.42044 0
    endloop
  endfacet
  facet normal -0.752103 0.659046 0
    outer loop
      vertex 24.4243 6.57574 0
      vertex 24.476 6.63474 6
      vertex 24.476 6.63474 0
    endloop
  endfacet
  facet normal -0.752103 0.659046 0
    outer loop
      vertex 24.476 6.63474 6
      vertex 24.4243 6.57574 0
      vertex 24.4243 6.57574 6
    endloop
  endfacet
  facet normal 0.659406 -0.751787 0
    outer loop
      vertex 23.5757 7.42426 0
      vertex 23.6347 7.47601 6
      vertex 23.5757 7.42426 6
    endloop
  endfacet
  facet normal 0.659406 -0.751787 0
    outer loop
      vertex 23.6347 7.47601 6
      vertex 23.5757 7.42426 0
      vertex 23.6347 7.47601 0
    endloop
  endfacet
  facet normal 0.555376 -0.831599 0
    outer loop
      vertex 23.6347 7.47601 0
      vertex 23.7 7.51962 6
      vertex 23.6347 7.47601 6
    endloop
  endfacet
  facet normal 0.555376 -0.831599 0
    outer loop
      vertex 23.7 7.51962 6
      vertex 23.6347 7.47601 0
      vertex 23.7 7.51962 0
    endloop
  endfacet
  facet normal 0.752103 0.659046 0
    outer loop
      vertex 23.5757 6.57574 6
      vertex 23.524 6.63474 0
      vertex 23.524 6.63474 6
    endloop
  endfacet
  facet normal 0.752103 0.659046 0
    outer loop
      vertex 23.524 6.63474 0
      vertex 23.5757 6.57574 6
      vertex 23.5757 6.57574 0
    endloop
  endfacet
  facet normal 0.980815 -0.19494 0
    outer loop
      vertex 23.4051 7.07831 6
      vertex 23.4204 7.15529 0
      vertex 23.4204 7.15529 6
    endloop
  endfacet
  facet normal 0.980815 -0.19494 0
    outer loop
      vertex 23.4204 7.15529 0
      vertex 23.4051 7.07831 6
      vertex 23.4051 7.07831 0
    endloop
  endfacet
  facet normal 0.321423 -0.946936 0
    outer loop
      vertex 23.7704 7.55433 0
      vertex 23.8447 7.57955 6
      vertex 23.7704 7.55433 6
    endloop
  endfacet
  facet normal 0.321423 -0.946936 0
    outer loop
      vertex 23.8447 7.57955 6
      vertex 23.7704 7.55433 0
      vertex 23.8447 7.57955 0
    endloop
  endfacet
  facet normal 0.98081 0.194964 0
    outer loop
      vertex 23.4204 6.84471 6
      vertex 23.4051 6.92168 0
      vertex 23.4051 6.92168 6
    endloop
  endfacet
  facet normal 0.98081 0.194964 0
    outer loop
      vertex 23.4051 6.92168 0
      vertex 23.4204 6.84471 6
      vertex 23.4204 6.84471 0
    endloop
  endfacet
  facet normal -0.0653771 -0.997861 0
    outer loop
      vertex 24 7.6 0
      vertex 24.0783 7.59487 6
      vertex 24 7.6 6
    endloop
  endfacet
  facet normal -0.0653771 -0.997861 -0
    outer loop
      vertex 24.0783 7.59487 6
      vertex 24 7.6 0
      vertex 24.0783 7.59487 0
    endloop
  endfacet
  facet normal 0.195136 -0.980776 0
    outer loop
      vertex 23.8447 7.57955 0
      vertex 23.9217 7.59487 6
      vertex 23.8447 7.57955 6
    endloop
  endfacet
  facet normal 0.195136 -0.980776 0
    outer loop
      vertex 23.9217 7.59487 6
      vertex 23.8447 7.57955 0
      vertex 23.9217 7.59487 0
    endloop
  endfacet
  facet normal -0.659406 0.751787 0
    outer loop
      vertex 24.4243 6.57574 0
      vertex 24.3653 6.52399 6
      vertex 24.4243 6.57574 6
    endloop
  endfacet
  facet normal -0.659406 0.751787 0
    outer loop
      vertex 24.3653 6.52399 6
      vertex 24.4243 6.57574 0
      vertex 24.3653 6.52399 0
    endloop
  endfacet
  facet normal 0.0653771 -0.997861 0
    outer loop
      vertex 23.9217 7.59487 0
      vertex 24 7.6 6
      vertex 23.9217 7.59487 6
    endloop
  endfacet
  facet normal 0.0653771 -0.997861 0
    outer loop
      vertex 24 7.6 6
      vertex 23.9217 7.59487 0
      vertex 24 7.6 0
    endloop
  endfacet
  facet normal 0.831501 0.555523 0
    outer loop
      vertex 23.524 6.63474 6
      vertex 23.4804 6.7 0
      vertex 23.4804 6.7 6
    endloop
  endfacet
  facet normal 0.831501 0.555523 0
    outer loop
      vertex 23.4804 6.7 0
      vertex 23.524 6.63474 6
      vertex 23.524 6.63474 0
    endloop
  endfacet
  facet normal 0.946652 -0.322259 0
    outer loop
      vertex 23.4204 7.15529 6
      vertex 23.4457 7.22961 0
      vertex 23.4457 7.22961 6
    endloop
  endfacet
  facet normal 0.946652 -0.322259 0
    outer loop
      vertex 23.4457 7.22961 0
      vertex 23.4204 7.15529 6
      vertex 23.4204 7.15529 0
    endloop
  endfacet
  facet normal -0.980981 -0.194102 0
    outer loop
      vertex 32.6444 7.08484 0
      vertex 32.6279 7.16823 6
      vertex 32.6279 7.16823 0
    endloop
  endfacet
  facet normal -0.980981 -0.194102 0
    outer loop
      vertex 32.6279 7.16823 6
      vertex 32.6444 7.08484 0
      vertex 32.6444 7.08484 6
    endloop
  endfacet
  facet normal -0.997829 -0.0658633 0
    outer loop
      vertex 32.65 7 0
      vertex 32.6444 7.08484 6
      vertex 32.6444 7.08484 0
    endloop
  endfacet
  facet normal -0.997829 -0.0658633 0
    outer loop
      vertex 32.6444 7.08484 6
      vertex 32.65 7 0
      vertex 32.65 7 6
    endloop
  endfacet
  facet normal 0.442033 -0.896999 0
    outer loop
      vertex 31.675 7.56292 0
      vertex 31.7513 7.60052 6
      vertex 31.675 7.56292 6
    endloop
  endfacet
  facet normal 0.442033 -0.896999 0
    outer loop
      vertex 31.7513 7.60052 6
      vertex 31.675 7.56292 0
      vertex 31.7513 7.60052 0
    endloop
  endfacet
  facet normal -0.555568 -0.831471 0
    outer loop
      vertex 32.325 7.56292 0
      vertex 32.3957 7.51568 6
      vertex 32.325 7.56292 6
    endloop
  endfacet
  facet normal -0.555568 -0.831471 -0
    outer loop
      vertex 32.3957 7.51568 6
      vertex 32.325 7.56292 0
      vertex 32.3957 7.51568 0
    endloop
  endfacet
  facet normal 0.659487 -0.751716 0
    outer loop
      vertex 31.5404 7.45962 0
      vertex 31.6043 7.51568 6
      vertex 31.5404 7.45962 6
    endloop
  endfacet
  facet normal 0.659487 -0.751716 0
    outer loop
      vertex 31.6043 7.51568 6
      vertex 31.5404 7.45962 0
      vertex 31.6043 7.51568 0
    endloop
  endfacet
  facet normal -0.321481 0.946916 0
    outer loop
      vertex 32.2487 6.39948 0
      vertex 32.1682 6.37215 6
      vertex 32.2487 6.39948 6
    endloop
  endfacet
  facet normal -0.321481 0.946916 0
    outer loop
      vertex 32.1682 6.37215 6
      vertex 32.2487 6.39948 0
      vertex 32.1682 6.37215 0
    endloop
  endfacet
  facet normal -0.946677 0.322183 0
    outer loop
      vertex 32.6005 6.75126 0
      vertex 32.6279 6.83177 6
      vertex 32.6279 6.83177 0
    endloop
  endfacet
  facet normal -0.946677 0.322183 0
    outer loop
      vertex 32.6279 6.83177 6
      vertex 32.6005 6.75126 0
      vertex 32.6005 6.75126 6
    endloop
  endfacet
  facet normal -0.321481 -0.946916 0
    outer loop
      vertex 32.1682 7.62785 0
      vertex 32.2487 7.60052 6
      vertex 32.1682 7.62785 6
    endloop
  endfacet
  facet normal -0.321481 -0.946916 -0
    outer loop
      vertex 32.2487 7.60052 6
      vertex 32.1682 7.62785 0
      vertex 32.2487 7.60052 0
    endloop
  endfacet
  facet normal -0.195098 -0.980784 0
    outer loop
      vertex 32.0848 7.64444 0
      vertex 32.1682 7.62785 6
      vertex 32.0848 7.64444 6
    endloop
  endfacet
  facet normal -0.195098 -0.980784 -0
    outer loop
      vertex 32.1682 7.62785 6
      vertex 32.0848 7.64444 0
      vertex 32.1682 7.62785 0
    endloop
  endfacet
  facet normal 0.555568 -0.831471 0
    outer loop
      vertex 31.6043 7.51568 0
      vertex 31.675 7.56292 6
      vertex 31.6043 7.51568 6
    endloop
  endfacet
  facet normal 0.555568 -0.831471 0
    outer loop
      vertex 31.675 7.56292 6
      vertex 31.6043 7.51568 0
      vertex 31.675 7.56292 0
    endloop
  endfacet
  facet normal -0.896907 0.44222 0
    outer loop
      vertex 32.5629 6.675 0
      vertex 32.6005 6.75126 6
      vertex 32.6005 6.75126 0
    endloop
  endfacet
  facet normal -0.896907 0.44222 0
    outer loop
      vertex 32.6005 6.75126 6
      vertex 32.5629 6.675 0
      vertex 32.5629 6.675 6
    endloop
  endfacet
  facet normal -0.659487 -0.751716 0
    outer loop
      vertex 32.3957 7.51568 0
      vertex 32.4596 7.45962 6
      vertex 32.3957 7.51568 6
    endloop
  endfacet
  facet normal -0.659487 -0.751716 -0
    outer loop
      vertex 32.4596 7.45962 6
      vertex 32.3957 7.51568 0
      vertex 32.4596 7.45962 0
    endloop
  endfacet
  facet normal -0.555568 0.831471 0
    outer loop
      vertex 32.3957 6.48432 0
      vertex 32.325 6.43708 6
      vertex 32.3957 6.48432 6
    endloop
  endfacet
  facet normal -0.555568 0.831471 0
    outer loop
      vertex 32.325 6.43708 6
      vertex 32.3957 6.48432 0
      vertex 32.325 6.43708 0
    endloop
  endfacet
  facet normal -0.442033 -0.896999 0
    outer loop
      vertex 32.2487 7.60052 0
      vertex 32.325 7.56292 6
      vertex 32.2487 7.60052 6
    endloop
  endfacet
  facet normal -0.442033 -0.896999 -0
    outer loop
      vertex 32.325 7.56292 6
      vertex 32.2487 7.60052 0
      vertex 32.325 7.56292 0
    endloop
  endfacet
  facet normal 0.997829 -0.0658633 0
    outer loop
      vertex 31.35 7 6
      vertex 31.3556 7.08484 0
      vertex 31.3556 7.08484 6
    endloop
  endfacet
  facet normal 0.997829 -0.0658633 0
    outer loop
      vertex 31.3556 7.08484 0
      vertex 31.35 7 6
      vertex 31.35 7 0
    endloop
  endfacet
  facet normal 0.659487 0.751716 -0
    outer loop
      vertex 31.6043 6.48432 0
      vertex 31.5404 6.54038 6
      vertex 31.6043 6.48432 6
    endloop
  endfacet
  facet normal 0.659487 0.751716 0
    outer loop
      vertex 31.5404 6.54038 6
      vertex 31.6043 6.48432 0
      vertex 31.5404 6.54038 0
    endloop
  endfacet
  facet normal 0.751585 0.659636 0
    outer loop
      vertex 31.5404 6.54038 6
      vertex 31.4843 6.6043 0
      vertex 31.4843 6.6043 6
    endloop
  endfacet
  facet normal 0.751585 0.659636 0
    outer loop
      vertex 31.4843 6.6043 0
      vertex 31.5404 6.54038 6
      vertex 31.5404 6.54038 0
    endloop
  endfacet
  facet normal 0.831688 0.555243 0
    outer loop
      vertex 31.4843 6.6043 6
      vertex 31.4371 6.675 0
      vertex 31.4371 6.675 6
    endloop
  endfacet
  facet normal 0.831688 0.555243 0
    outer loop
      vertex 31.4371 6.675 0
      vertex 31.4843 6.6043 6
      vertex 31.4843 6.6043 0
    endloop
  endfacet
  facet normal -0.831652 -0.555297 0
    outer loop
      vertex 32.5629 7.325 0
      vertex 32.5157 7.39569 6
      vertex 32.5157 7.39569 0
    endloop
  endfacet
  facet normal -0.831652 -0.555297 0
    outer loop
      vertex 32.5157 7.39569 6
      vertex 32.5629 7.325 0
      vertex 32.5629 7.325 6
    endloop
  endfacet
  facet normal -0.195098 0.980784 0
    outer loop
      vertex 32.1682 6.37215 0
      vertex 32.0848 6.35556 6
      vertex 32.1682 6.37215 6
    endloop
  endfacet
  facet normal -0.195098 0.980784 0
    outer loop
      vertex 32.0848 6.35556 6
      vertex 32.1682 6.37215 0
      vertex 32.0848 6.35556 0
    endloop
  endfacet
  facet normal -0.980981 0.194102 0
    outer loop
      vertex 32.6279 6.83177 0
      vertex 32.6444 6.91516 6
      vertex 32.6444 6.91516 0
    endloop
  endfacet
  facet normal -0.980981 0.194102 0
    outer loop
      vertex 32.6444 6.91516 6
      vertex 32.6279 6.83177 0
      vertex 32.6279 6.83177 6
    endloop
  endfacet
  facet normal 0.946677 0.322183 0
    outer loop
      vertex 31.3995 6.75126 6
      vertex 31.3721 6.83177 0
      vertex 31.3721 6.83177 6
    endloop
  endfacet
  facet normal 0.946677 0.322183 0
    outer loop
      vertex 31.3721 6.83177 0
      vertex 31.3995 6.75126 6
      vertex 31.3995 6.75126 0
    endloop
  endfacet
  facet normal -0.442033 0.896999 0
    outer loop
      vertex 32.325 6.43708 0
      vertex 32.2487 6.39948 6
      vertex 32.325 6.43708 6
    endloop
  endfacet
  facet normal -0.442033 0.896999 0
    outer loop
      vertex 32.2487 6.39948 6
      vertex 32.325 6.43708 0
      vertex 32.2487 6.39948 0
    endloop
  endfacet
  facet normal -0.0654256 -0.997857 0
    outer loop
      vertex 32 7.65 0
      vertex 32.0848 7.64444 6
      vertex 32 7.65 6
    endloop
  endfacet
  facet normal -0.0654256 -0.997857 -0
    outer loop
      vertex 32.0848 7.64444 6
      vertex 32 7.65 0
      vertex 32.0848 7.64444 0
    endloop
  endfacet
  facet normal 0.321481 -0.946916 0
    outer loop
      vertex 31.7513 7.60052 0
      vertex 31.8318 7.62785 6
      vertex 31.7513 7.60052 6
    endloop
  endfacet
  facet normal 0.321481 -0.946916 0
    outer loop
      vertex 31.8318 7.62785 6
      vertex 31.7513 7.60052 0
      vertex 31.8318 7.62785 0
    endloop
  endfacet
  facet normal 0.195098 -0.980784 0
    outer loop
      vertex 31.8318 7.62785 0
      vertex 31.9152 7.64444 6
      vertex 31.8318 7.62785 6
    endloop
  endfacet
  facet normal 0.195098 -0.980784 0
    outer loop
      vertex 31.9152 7.64444 6
      vertex 31.8318 7.62785 0
      vertex 31.9152 7.64444 0
    endloop
  endfacet
  facet normal -0.896907 -0.44222 0
    outer loop
      vertex 32.6005 7.24874 0
      vertex 32.5629 7.325 6
      vertex 32.5629 7.325 0
    endloop
  endfacet
  facet normal -0.896907 -0.44222 0
    outer loop
      vertex 32.5629 7.325 6
      vertex 32.6005 7.24874 0
      vertex 32.6005 7.24874 6
    endloop
  endfacet
  facet normal -0.997829 0.0658633 0
    outer loop
      vertex 32.6444 6.91516 0
      vertex 32.65 7 6
      vertex 32.65 7 0
    endloop
  endfacet
  facet normal -0.997829 0.0658633 0
    outer loop
      vertex 32.65 7 6
      vertex 32.6444 6.91516 0
      vertex 32.6444 6.91516 6
    endloop
  endfacet
  facet normal -0.0654256 0.997857 0
    outer loop
      vertex 32.0848 6.35556 0
      vertex 32 6.35 6
      vertex 32.0848 6.35556 6
    endloop
  endfacet
  facet normal -0.0654256 0.997857 0
    outer loop
      vertex 32 6.35 6
      vertex 32.0848 6.35556 0
      vertex 32 6.35 0
    endloop
  endfacet
  facet normal -0.751636 -0.659578 0
    outer loop
      vertex 32.5157 7.39569 0
      vertex 32.4596 7.45962 6
      vertex 32.4596 7.45962 0
    endloop
  endfacet
  facet normal -0.751636 -0.659578 0
    outer loop
      vertex 32.4596 7.45962 6
      vertex 32.5157 7.39569 0
      vertex 32.5157 7.39569 6
    endloop
  endfacet
  facet normal 0.997829 0.0658633 0
    outer loop
      vertex 31.3556 6.91516 6
      vertex 31.35 7 0
      vertex 31.35 7 6
    endloop
  endfacet
  facet normal 0.997829 0.0658633 0
    outer loop
      vertex 31.35 7 0
      vertex 31.3556 6.91516 6
      vertex 31.3556 6.91516 0
    endloop
  endfacet
  facet normal -0.751585 0.659636 0
    outer loop
      vertex 32.4596 6.54038 0
      vertex 32.5157 6.6043 6
      vertex 32.5157 6.6043 0
    endloop
  endfacet
  facet normal -0.751585 0.659636 0
    outer loop
      vertex 32.5157 6.6043 6
      vertex 32.4596 6.54038 0
      vertex 32.4596 6.54038 6
    endloop
  endfacet
  facet normal 0.751636 -0.659578 0
    outer loop
      vertex 31.4843 7.39569 6
      vertex 31.5404 7.45962 0
      vertex 31.5404 7.45962 6
    endloop
  endfacet
  facet normal 0.751636 -0.659578 0
    outer loop
      vertex 31.5404 7.45962 0
      vertex 31.4843 7.39569 6
      vertex 31.4843 7.39569 0
    endloop
  endfacet
  facet normal 0.831652 -0.555297 0
    outer loop
      vertex 31.4371 7.325 6
      vertex 31.4843 7.39569 0
      vertex 31.4843 7.39569 6
    endloop
  endfacet
  facet normal 0.831652 -0.555297 0
    outer loop
      vertex 31.4843 7.39569 0
      vertex 31.4371 7.325 6
      vertex 31.4371 7.325 0
    endloop
  endfacet
  facet normal 0.0654256 -0.997857 0
    outer loop
      vertex 31.9152 7.64444 0
      vertex 32 7.65 6
      vertex 31.9152 7.64444 6
    endloop
  endfacet
  facet normal 0.0654256 -0.997857 0
    outer loop
      vertex 32 7.65 6
      vertex 31.9152 7.64444 0
      vertex 32 7.65 0
    endloop
  endfacet
  facet normal 0.980981 0.194102 0
    outer loop
      vertex 31.3721 6.83177 6
      vertex 31.3556 6.91516 0
      vertex 31.3556 6.91516 6
    endloop
  endfacet
  facet normal 0.980981 0.194102 0
    outer loop
      vertex 31.3556 6.91516 0
      vertex 31.3721 6.83177 6
      vertex 31.3721 6.83177 0
    endloop
  endfacet
  facet normal 0.321481 0.946916 -0
    outer loop
      vertex 31.8318 6.37215 0
      vertex 31.7513 6.39948 6
      vertex 31.8318 6.37215 6
    endloop
  endfacet
  facet normal 0.321481 0.946916 0
    outer loop
      vertex 31.7513 6.39948 6
      vertex 31.8318 6.37215 0
      vertex 31.7513 6.39948 0
    endloop
  endfacet
  facet normal -0.946677 -0.322183 0
    outer loop
      vertex 32.6279 7.16823 0
      vertex 32.6005 7.24874 6
      vertex 32.6005 7.24874 0
    endloop
  endfacet
  facet normal -0.946677 -0.322183 0
    outer loop
      vertex 32.6005 7.24874 6
      vertex 32.6279 7.16823 0
      vertex 32.6279 7.16823 6
    endloop
  endfacet
  facet normal 0.442033 0.896999 -0
    outer loop
      vertex 31.7513 6.39948 0
      vertex 31.675 6.43708 6
      vertex 31.7513 6.39948 6
    endloop
  endfacet
  facet normal 0.442033 0.896999 0
    outer loop
      vertex 31.675 6.43708 6
      vertex 31.7513 6.39948 0
      vertex 31.675 6.43708 0
    endloop
  endfacet
  facet normal -0.831688 0.555243 0
    outer loop
      vertex 32.5157 6.6043 0
      vertex 32.5629 6.675 6
      vertex 32.5629 6.675 0
    endloop
  endfacet
  facet normal -0.831688 0.555243 0
    outer loop
      vertex 32.5629 6.675 6
      vertex 32.5157 6.6043 0
      vertex 32.5157 6.6043 6
    endloop
  endfacet
  facet normal 0.555568 0.831471 -0
    outer loop
      vertex 31.675 6.43708 0
      vertex 31.6043 6.48432 6
      vertex 31.675 6.43708 6
    endloop
  endfacet
  facet normal 0.555568 0.831471 0
    outer loop
      vertex 31.6043 6.48432 6
      vertex 31.675 6.43708 0
      vertex 31.6043 6.48432 0
    endloop
  endfacet
  facet normal 0.0654256 0.997857 -0
    outer loop
      vertex 32 6.35 0
      vertex 31.9152 6.35556 6
      vertex 32 6.35 6
    endloop
  endfacet
  facet normal 0.0654256 0.997857 0
    outer loop
      vertex 31.9152 6.35556 6
      vertex 32 6.35 0
      vertex 31.9152 6.35556 0
    endloop
  endfacet
  facet normal 0.195098 0.980784 -0
    outer loop
      vertex 31.9152 6.35556 0
      vertex 31.8318 6.37215 6
      vertex 31.9152 6.35556 6
    endloop
  endfacet
  facet normal 0.195098 0.980784 0
    outer loop
      vertex 31.8318 6.37215 6
      vertex 31.9152 6.35556 0
      vertex 31.8318 6.37215 0
    endloop
  endfacet
  facet normal 0.896907 -0.44222 0
    outer loop
      vertex 31.3995 7.24874 6
      vertex 31.4371 7.325 0
      vertex 31.4371 7.325 6
    endloop
  endfacet
  facet normal 0.896907 -0.44222 0
    outer loop
      vertex 31.4371 7.325 0
      vertex 31.3995 7.24874 6
      vertex 31.3995 7.24874 0
    endloop
  endfacet
  facet normal 0.896907 0.44222 0
    outer loop
      vertex 31.4371 6.675 6
      vertex 31.3995 6.75126 0
      vertex 31.3995 6.75126 6
    endloop
  endfacet
  facet normal 0.896907 0.44222 0
    outer loop
      vertex 31.3995 6.75126 0
      vertex 31.4371 6.675 6
      vertex 31.4371 6.675 0
    endloop
  endfacet
  facet normal 0.980981 -0.194102 0
    outer loop
      vertex 31.3556 7.08484 6
      vertex 31.3721 7.16823 0
      vertex 31.3721 7.16823 6
    endloop
  endfacet
  facet normal 0.980981 -0.194102 0
    outer loop
      vertex 31.3721 7.16823 0
      vertex 31.3556 7.08484 6
      vertex 31.3556 7.08484 0
    endloop
  endfacet
  facet normal 0.946677 -0.322183 0
    outer loop
      vertex 31.3721 7.16823 6
      vertex 31.3995 7.24874 0
      vertex 31.3995 7.24874 6
    endloop
  endfacet
  facet normal 0.946677 -0.322183 0
    outer loop
      vertex 31.3995 7.24874 0
      vertex 31.3721 7.16823 6
      vertex 31.3721 7.16823 0
    endloop
  endfacet
  facet normal -0.659487 0.751716 0
    outer loop
      vertex 32.4596 6.54038 0
      vertex 32.3957 6.48432 6
      vertex 32.4596 6.54038 6
    endloop
  endfacet
  facet normal -0.659487 0.751716 0
    outer loop
      vertex 32.3957 6.48432 6
      vertex 32.4596 6.54038 0
      vertex 32.3957 6.48432 0
    endloop
  endfacet
  facet normal -0.980706 -0.195486 0
    outer loop
      vertex 40.694 7.09137 0
      vertex 40.6761 7.18117 6
      vertex 40.6761 7.18117 0
    endloop
  endfacet
  facet normal -0.980706 -0.195486 0
    outer loop
      vertex 40.6761 7.18117 6
      vertex 40.694 7.09137 0
      vertex 40.694 7.09137 6
    endloop
  endfacet
  facet normal -0.997851 -0.0655259 0
    outer loop
      vertex 40.7 7 0
      vertex 40.694 7.09137 6
      vertex 40.694 7.09137 0
    endloop
  endfacet
  facet normal -0.997851 -0.0655259 0
    outer loop
      vertex 40.694 7.09137 6
      vertex 40.7 7 0
      vertex 40.7 7 6
    endloop
  endfacet
  facet normal -0.442401 -0.896817 0
    outer loop
      vertex 40.2679 7.64672 0
      vertex 40.35 7.60622 6
      vertex 40.2679 7.64672 6
    endloop
  endfacet
  facet normal -0.442401 -0.896817 -0
    outer loop
      vertex 40.35 7.60622 6
      vertex 40.2679 7.64672 0
      vertex 40.35 7.60622 0
    endloop
  endfacet
  facet normal -0.0653958 -0.997859 0
    outer loop
      vertex 40 7.7 0
      vertex 40.0914 7.69401 6
      vertex 40 7.7 6
    endloop
  endfacet
  facet normal -0.0653958 -0.997859 -0
    outer loop
      vertex 40.0914 7.69401 6
      vertex 40 7.7 0
      vertex 40.0914 7.69401 0
    endloop
  endfacet
  facet normal 0.89686 0.442314 0
    outer loop
      vertex 39.3938 6.65 6
      vertex 39.3533 6.73212 0
      vertex 39.3533 6.73212 6
    endloop
  endfacet
  facet normal 0.89686 0.442314 0
    outer loop
      vertex 39.3533 6.73212 0
      vertex 39.3938 6.65 6
      vertex 39.3938 6.65 0
    endloop
  endfacet
  facet normal -0.321433 -0.946932 0
    outer loop
      vertex 40.1812 7.67615 0
      vertex 40.2679 7.64672 6
      vertex 40.1812 7.67615 6
    endloop
  endfacet
  facet normal -0.321433 -0.946932 -0
    outer loop
      vertex 40.2679 7.64672 6
      vertex 40.1812 7.67615 0
      vertex 40.2679 7.64672 0
    endloop
  endfacet
  facet normal -0.659076 -0.752076 0
    outer loop
      vertex 40.4261 7.55535 0
      vertex 40.495 7.49497 6
      vertex 40.4261 7.55535 6
    endloop
  endfacet
  facet normal -0.659076 -0.752076 -0
    outer loop
      vertex 40.495 7.49497 6
      vertex 40.4261 7.55535 0
      vertex 40.495 7.49497 0
    endloop
  endfacet
  facet normal 0.997851 0.0655259 0
    outer loop
      vertex 39.306 6.90863 6
      vertex 39.3 7 0
      vertex 39.3 7 6
    endloop
  endfacet
  facet normal 0.997851 0.0655259 0
    outer loop
      vertex 39.3 7 0
      vertex 39.306 6.90863 6
      vertex 39.306 6.90863 0
    endloop
  endfacet
  facet normal 0.0653958 -0.997859 0
    outer loop
      vertex 39.9086 7.69401 0
      vertex 40 7.7 6
      vertex 39.9086 7.69401 6
    endloop
  endfacet
  facet normal 0.0653958 -0.997859 0
    outer loop
      vertex 40 7.7 6
      vertex 39.9086 7.69401 0
      vertex 40 7.7 0
    endloop
  endfacet
  facet normal 0.442401 -0.896817 0
    outer loop
      vertex 39.65 7.60622 0
      vertex 39.7321 7.64672 6
      vertex 39.65 7.60622 6
    endloop
  endfacet
  facet normal 0.442401 -0.896817 0
    outer loop
      vertex 39.7321 7.64672 6
      vertex 39.65 7.60622 0
      vertex 39.7321 7.64672 0
    endloop
  endfacet
  facet normal 0.555733 -0.831361 0
    outer loop
      vertex 39.5739 7.55535 0
      vertex 39.65 7.60622 6
      vertex 39.5739 7.55535 6
    endloop
  endfacet
  facet normal 0.555733 -0.831361 0
    outer loop
      vertex 39.65 7.60622 6
      vertex 39.5739 7.55535 0
      vertex 39.65 7.60622 0
    endloop
  endfacet
  facet normal -0.752272 0.658853 0
    outer loop
      vertex 40.495 6.50502 0
      vertex 40.5553 6.57387 6
      vertex 40.5553 6.57387 0
    endloop
  endfacet
  facet normal -0.752272 0.658853 0
    outer loop
      vertex 40.5553 6.57387 6
      vertex 40.495 6.50502 0
      vertex 40.495 6.50502 6
    endloop
  endfacet
  facet normal 0.997851 -0.0655259 0
    outer loop
      vertex 39.3 7 6
      vertex 39.306 7.09137 0
      vertex 39.306 7.09137 6
    endloop
  endfacet
  facet normal 0.997851 -0.0655259 0
    outer loop
      vertex 39.306 7.09137 0
      vertex 39.3 7 6
      vertex 39.3 7 0
    endloop
  endfacet
  facet normal 0.980706 -0.195486 0
    outer loop
      vertex 39.306 7.09137 6
      vertex 39.3239 7.18117 0
      vertex 39.3239 7.18117 6
    endloop
  endfacet
  facet normal 0.980706 -0.195486 0
    outer loop
      vertex 39.3239 7.18117 0
      vertex 39.306 7.09137 6
      vertex 39.306 7.09137 0
    endloop
  endfacet
  facet normal -0.83131 0.555808 0
    outer loop
      vertex 40.5553 6.57387 0
      vertex 40.6062 6.65 6
      vertex 40.6062 6.65 0
    endloop
  endfacet
  facet normal -0.83131 0.555808 0
    outer loop
      vertex 40.6062 6.65 6
      vertex 40.5553 6.57387 0
      vertex 40.5553 6.57387 6
    endloop
  endfacet
  facet normal -0.947043 0.321106 0
    outer loop
      vertex 40.6467 6.73212 0
      vertex 40.6761 6.81883 6
      vertex 40.6761 6.81883 0
    endloop
  endfacet
  facet normal -0.947043 0.321106 0
    outer loop
      vertex 40.6761 6.81883 6
      vertex 40.6467 6.73212 0
      vertex 40.6467 6.73212 6
    endloop
  endfacet
  facet normal -0.89686 -0.442314 0
    outer loop
      vertex 40.6467 7.26788 0
      vertex 40.6062 7.35 6
      vertex 40.6062 7.35 0
    endloop
  endfacet
  facet normal -0.89686 -0.442314 0
    outer loop
      vertex 40.6062 7.35 6
      vertex 40.6467 7.26788 0
      vertex 40.6467 7.26788 6
    endloop
  endfacet
  facet normal -0.83131 -0.555808 0
    outer loop
      vertex 40.6062 7.35 0
      vertex 40.5553 7.42613 6
      vertex 40.5553 7.42613 0
    endloop
  endfacet
  facet normal -0.83131 -0.555808 0
    outer loop
      vertex 40.5553 7.42613 6
      vertex 40.6062 7.35 0
      vertex 40.6062 7.35 6
    endloop
  endfacet
  facet normal 0.752272 0.658853 0
    outer loop
      vertex 39.505 6.50502 6
      vertex 39.4447 6.57387 0
      vertex 39.4447 6.57387 6
    endloop
  endfacet
  facet normal 0.752272 0.658853 0
    outer loop
      vertex 39.4447 6.57387 0
      vertex 39.505 6.50502 6
      vertex 39.505 6.50502 0
    endloop
  endfacet
  facet normal 0.752225 -0.658907 0
    outer loop
      vertex 39.4447 7.42613 6
      vertex 39.505 7.49497 0
      vertex 39.505 7.49497 6
    endloop
  endfacet
  facet normal 0.752225 -0.658907 0
    outer loop
      vertex 39.505 7.49497 0
      vertex 39.4447 7.42613 6
      vertex 39.4447 7.42613 0
    endloop
  endfacet
  facet normal -0.659015 0.75213 0
    outer loop
      vertex 40.495 6.50502 0
      vertex 40.4261 6.44465 6
      vertex 40.495 6.50502 6
    endloop
  endfacet
  facet normal -0.659015 0.75213 0
    outer loop
      vertex 40.4261 6.44465 6
      vertex 40.495 6.50502 0
      vertex 40.4261 6.44465 0
    endloop
  endfacet
  facet normal -0.321433 0.946932 0
    outer loop
      vertex 40.2679 6.35328 0
      vertex 40.1812 6.32385 6
      vertex 40.2679 6.35328 6
    endloop
  endfacet
  facet normal -0.321433 0.946932 0
    outer loop
      vertex 40.1812 6.32385 6
      vertex 40.2679 6.35328 0
      vertex 40.1812 6.32385 0
    endloop
  endfacet
  facet normal -0.997851 0.0655259 0
    outer loop
      vertex 40.694 6.90863 0
      vertex 40.7 7 6
      vertex 40.7 7 0
    endloop
  endfacet
  facet normal -0.997851 0.0655259 0
    outer loop
      vertex 40.7 7 6
      vertex 40.694 6.90863 0
      vertex 40.694 6.90863 6
    endloop
  endfacet
  facet normal -0.195066 -0.98079 0
    outer loop
      vertex 40.0914 7.69401 0
      vertex 40.1812 7.67615 6
      vertex 40.0914 7.69401 6
    endloop
  endfacet
  facet normal -0.195066 -0.98079 -0
    outer loop
      vertex 40.1812 7.67615 6
      vertex 40.0914 7.69401 0
      vertex 40.1812 7.67615 0
    endloop
  endfacet
  facet normal -0.195066 0.98079 0
    outer loop
      vertex 40.1812 6.32385 0
      vertex 40.0914 6.30599 6
      vertex 40.1812 6.32385 6
    endloop
  endfacet
  facet normal -0.195066 0.98079 0
    outer loop
      vertex 40.0914 6.30599 6
      vertex 40.1812 6.32385 0
      vertex 40.0914 6.30599 0
    endloop
  endfacet
  facet normal 0.83131 0.555808 0
    outer loop
      vertex 39.4447 6.57387 6
      vertex 39.3938 6.65 0
      vertex 39.3938 6.65 6
    endloop
  endfacet
  facet normal 0.83131 0.555808 0
    outer loop
      vertex 39.3938 6.65 0
      vertex 39.4447 6.57387 6
      vertex 39.4447 6.57387 0
    endloop
  endfacet
  facet normal -0.980706 0.195486 0
    outer loop
      vertex 40.6761 6.81883 0
      vertex 40.694 6.90863 6
      vertex 40.694 6.90863 0
    endloop
  endfacet
  facet normal -0.980706 0.195486 0
    outer loop
      vertex 40.694 6.90863 6
      vertex 40.6761 6.81883 0
      vertex 40.6761 6.81883 6
    endloop
  endfacet
  facet normal -0.555733 -0.831361 0
    outer loop
      vertex 40.35 7.60622 0
      vertex 40.4261 7.55535 6
      vertex 40.35 7.60622 6
    endloop
  endfacet
  facet normal -0.555733 -0.831361 -0
    outer loop
      vertex 40.4261 7.55535 6
      vertex 40.35 7.60622 0
      vertex 40.4261 7.55535 0
    endloop
  endfacet
  facet normal 0.980706 0.195486 0
    outer loop
      vertex 39.3239 6.81883 6
      vertex 39.306 6.90863 0
      vertex 39.306 6.90863 6
    endloop
  endfacet
  facet normal 0.980706 0.195486 0
    outer loop
      vertex 39.306 6.90863 0
      vertex 39.3239 6.81883 6
      vertex 39.3239 6.81883 0
    endloop
  endfacet
  facet normal -0.555733 0.831361 0
    outer loop
      vertex 40.4261 6.44465 0
      vertex 40.35 6.39378 6
      vertex 40.4261 6.44465 6
    endloop
  endfacet
  facet normal -0.555733 0.831361 0
    outer loop
      vertex 40.35 6.39378 6
      vertex 40.4261 6.44465 0
      vertex 40.35 6.39378 0
    endloop
  endfacet
  facet normal 0.659076 -0.752076 0
    outer loop
      vertex 39.505 7.49497 0
      vertex 39.5739 7.55535 6
      vertex 39.505 7.49497 6
    endloop
  endfacet
  facet normal 0.659076 -0.752076 0
    outer loop
      vertex 39.5739 7.55535 6
      vertex 39.505 7.49497 0
      vertex 39.5739 7.55535 0
    endloop
  endfacet
  facet normal 0.195066 -0.98079 0
    outer loop
      vertex 39.8188 7.67615 0
      vertex 39.9086 7.69401 6
      vertex 39.8188 7.67615 6
    endloop
  endfacet
  facet normal 0.195066 -0.98079 0
    outer loop
      vertex 39.9086 7.69401 6
      vertex 39.8188 7.67615 0
      vertex 39.9086 7.69401 0
    endloop
  endfacet
  facet normal -0.442401 0.896817 0
    outer loop
      vertex 40.35 6.39378 0
      vertex 40.2679 6.35328 6
      vertex 40.35 6.39378 6
    endloop
  endfacet
  facet normal -0.442401 0.896817 0
    outer loop
      vertex 40.2679 6.35328 6
      vertex 40.35 6.39378 0
      vertex 40.2679 6.35328 0
    endloop
  endfacet
  facet normal -0.0653958 0.997859 0
    outer loop
      vertex 40.0914 6.30599 0
      vertex 40 6.3 6
      vertex 40.0914 6.30599 6
    endloop
  endfacet
  facet normal -0.0653958 0.997859 0
    outer loop
      vertex 40 6.3 6
      vertex 40.0914 6.30599 0
      vertex 40 6.3 0
    endloop
  endfacet
  facet normal -0.89686 0.442314 0
    outer loop
      vertex 40.6062 6.65 0
      vertex 40.6467 6.73212 6
      vertex 40.6467 6.73212 0
    endloop
  endfacet
  facet normal -0.89686 0.442314 0
    outer loop
      vertex 40.6467 6.73212 6
      vertex 40.6062 6.65 0
      vertex 40.6062 6.65 6
    endloop
  endfacet
  facet normal 0.0653958 0.997859 -0
    outer loop
      vertex 40 6.3 0
      vertex 39.9086 6.30599 6
      vertex 40 6.3 6
    endloop
  endfacet
  facet normal 0.0653958 0.997859 0
    outer loop
      vertex 39.9086 6.30599 6
      vertex 40 6.3 0
      vertex 39.9086 6.30599 0
    endloop
  endfacet
  facet normal 0.195066 0.98079 -0
    outer loop
      vertex 39.9086 6.30599 0
      vertex 39.8188 6.32385 6
      vertex 39.9086 6.30599 6
    endloop
  endfacet
  facet normal 0.195066 0.98079 0
    outer loop
      vertex 39.8188 6.32385 6
      vertex 39.9086 6.30599 0
      vertex 39.8188 6.32385 0
    endloop
  endfacet
  facet normal -0.752225 -0.658907 0
    outer loop
      vertex 40.5553 7.42613 0
      vertex 40.495 7.49497 6
      vertex 40.495 7.49497 0
    endloop
  endfacet
  facet normal -0.752225 -0.658907 0
    outer loop
      vertex 40.495 7.49497 6
      vertex 40.5553 7.42613 0
      vertex 40.5553 7.42613 6
    endloop
  endfacet
  facet normal -0.947043 -0.321106 0
    outer loop
      vertex 40.6761 7.18117 0
      vertex 40.6467 7.26788 6
      vertex 40.6467 7.26788 0
    endloop
  endfacet
  facet normal -0.947043 -0.321106 0
    outer loop
      vertex 40.6467 7.26788 6
      vertex 40.6761 7.18117 0
      vertex 40.6761 7.18117 6
    endloop
  endfacet
  facet normal 0.321433 -0.946932 0
    outer loop
      vertex 39.7321 7.64672 0
      vertex 39.8188 7.67615 6
      vertex 39.7321 7.64672 6
    endloop
  endfacet
  facet normal 0.321433 -0.946932 0
    outer loop
      vertex 39.8188 7.67615 6
      vertex 39.7321 7.64672 0
      vertex 39.8188 7.67615 0
    endloop
  endfacet
  facet normal 0.947043 -0.321106 0
    outer loop
      vertex 39.3239 7.18117 6
      vertex 39.3533 7.26788 0
      vertex 39.3533 7.26788 6
    endloop
  endfacet
  facet normal 0.947043 -0.321106 0
    outer loop
      vertex 39.3533 7.26788 0
      vertex 39.3239 7.18117 6
      vertex 39.3239 7.18117 0
    endloop
  endfacet
  facet normal 0.555733 0.831361 -0
    outer loop
      vertex 39.65 6.39378 0
      vertex 39.5739 6.44465 6
      vertex 39.65 6.39378 6
    endloop
  endfacet
  facet normal 0.555733 0.831361 0
    outer loop
      vertex 39.5739 6.44465 6
      vertex 39.65 6.39378 0
      vertex 39.5739 6.44465 0
    endloop
  endfacet
  facet normal 0.442401 0.896817 -0
    outer loop
      vertex 39.7321 6.35328 0
      vertex 39.65 6.39378 6
      vertex 39.7321 6.35328 6
    endloop
  endfacet
  facet normal 0.442401 0.896817 0
    outer loop
      vertex 39.65 6.39378 6
      vertex 39.7321 6.35328 0
      vertex 39.65 6.39378 0
    endloop
  endfacet
  facet normal 0.947043 0.321106 0
    outer loop
      vertex 39.3533 6.73212 6
      vertex 39.3239 6.81883 0
      vertex 39.3239 6.81883 6
    endloop
  endfacet
  facet normal 0.947043 0.321106 0
    outer loop
      vertex 39.3239 6.81883 0
      vertex 39.3533 6.73212 6
      vertex 39.3533 6.73212 0
    endloop
  endfacet
  facet normal 0.83131 -0.555808 0
    outer loop
      vertex 39.3938 7.35 6
      vertex 39.4447 7.42613 0
      vertex 39.4447 7.42613 6
    endloop
  endfacet
  facet normal 0.83131 -0.555808 0
    outer loop
      vertex 39.4447 7.42613 0
      vertex 39.3938 7.35 6
      vertex 39.3938 7.35 0
    endloop
  endfacet
  facet normal 0.321433 0.946932 -0
    outer loop
      vertex 39.8188 6.32385 0
      vertex 39.7321 6.35328 6
      vertex 39.8188 6.32385 6
    endloop
  endfacet
  facet normal 0.321433 0.946932 0
    outer loop
      vertex 39.7321 6.35328 6
      vertex 39.8188 6.32385 0
      vertex 39.7321 6.35328 0
    endloop
  endfacet
  facet normal 0.89686 -0.442314 0
    outer loop
      vertex 39.3533 7.26788 6
      vertex 39.3938 7.35 0
      vertex 39.3938 7.35 6
    endloop
  endfacet
  facet normal 0.89686 -0.442314 0
    outer loop
      vertex 39.3938 7.35 0
      vertex 39.3533 7.26788 6
      vertex 39.3533 7.26788 0
    endloop
  endfacet
  facet normal 0.659015 0.75213 -0
    outer loop
      vertex 39.5739 6.44465 0
      vertex 39.505 6.50502 6
      vertex 39.5739 6.44465 6
    endloop
  endfacet
  facet normal 0.659015 0.75213 0
    outer loop
      vertex 39.505 6.50502 6
      vertex 39.5739 6.44465 0
      vertex 39.505 6.50502 0
    endloop
  endfacet
  facet normal 0.94704 0.321117 0
    outer loop
      vertex 47.3071 6.71299 6
      vertex 47.2756 6.80589 0
      vertex 47.2756 6.80589 6
    endloop
  endfacet
  facet normal 0.94704 0.321117 0
    outer loop
      vertex 47.2756 6.80589 0
      vertex 47.3071 6.71299 6
      vertex 47.3071 6.71299 0
    endloop
  endfacet
  facet normal -0.659616 -0.751603 0
    outer loop
      vertex 48.4566 7.59501 0
      vertex 48.5303 7.53033 6
      vertex 48.4566 7.59501 6
    endloop
  endfacet
  facet normal -0.659616 -0.751603 -0
    outer loop
      vertex 48.5303 7.53033 6
      vertex 48.4566 7.59501 0
      vertex 48.5303 7.53033 0
    endloop
  endfacet
  facet normal -0.89684 0.442355 0
    outer loop
      vertex 48.6495 6.625 0
      vertex 48.6929 6.71299 6
      vertex 48.6929 6.71299 0
    endloop
  endfacet
  facet normal -0.89684 0.442355 0
    outer loop
      vertex 48.6929 6.71299 6
      vertex 48.6495 6.625 0
      vertex 48.6495 6.625 6
    endloop
  endfacet
  facet normal -0.555476 -0.831533 0
    outer loop
      vertex 48.375 7.64952 0
      vertex 48.4566 7.59501 6
      vertex 48.375 7.64952 6
    endloop
  endfacet
  facet normal -0.555476 -0.831533 -0
    outer loop
      vertex 48.4566 7.59501 6
      vertex 48.375 7.64952 0
      vertex 48.4566 7.59501 0
    endloop
  endfacet
  facet normal -0.89684 -0.442355 0
    outer loop
      vertex 48.6929 7.28701 0
      vertex 48.6495 7.375 6
      vertex 48.6495 7.375 0
    endloop
  endfacet
  facet normal -0.89684 -0.442355 0
    outer loop
      vertex 48.6495 7.375 6
      vertex 48.6929 7.28701 0
      vertex 48.6929 7.28701 6
    endloop
  endfacet
  facet normal -0.321391 -0.946947 0
    outer loop
      vertex 48.1941 7.72444 0
      vertex 48.287 7.69291 6
      vertex 48.1941 7.72444 6
    endloop
  endfacet
  facet normal -0.321391 -0.946947 -0
    outer loop
      vertex 48.287 7.69291 6
      vertex 48.1941 7.72444 0
      vertex 48.287 7.69291 0
    endloop
  endfacet
  facet normal 0.555476 -0.831533 0
    outer loop
      vertex 47.5434 7.59501 0
      vertex 47.625 7.64952 6
      vertex 47.5434 7.59501 6
    endloop
  endfacet
  facet normal 0.555476 -0.831533 0
    outer loop
      vertex 47.625 7.64952 6
      vertex 47.5434 7.59501 0
      vertex 47.625 7.64952 0
    endloop
  endfacet
  facet normal 0.980667 0.195685 0
    outer loop
      vertex 47.2756 6.80589 6
      vertex 47.2564 6.90211 0
      vertex 47.2564 6.90211 6
    endloop
  endfacet
  facet normal 0.980667 0.195685 0
    outer loop
      vertex 47.2564 6.90211 0
      vertex 47.2756 6.80589 6
      vertex 47.2756 6.80589 0
    endloop
  endfacet
  facet normal 0.99787 -0.0652402 0
    outer loop
      vertex 47.25 7 6
      vertex 47.2564 7.09789 0
      vertex 47.2564 7.09789 6
    endloop
  endfacet
  facet normal 0.99787 -0.0652402 0
    outer loop
      vertex 47.2564 7.09789 0
      vertex 47.25 7 6
      vertex 47.25 7 0
    endloop
  endfacet
  facet normal 0.321391 -0.946947 0
    outer loop
      vertex 47.713 7.69291 0
      vertex 47.8059 7.72444 6
      vertex 47.713 7.69291 6
    endloop
  endfacet
  facet normal 0.321391 -0.946947 0
    outer loop
      vertex 47.8059 7.72444 6
      vertex 47.713 7.69291 0
      vertex 47.8059 7.72444 0
    endloop
  endfacet
  facet normal -0.99787 -0.0652402 0
    outer loop
      vertex 48.75 7 0
      vertex 48.7436 7.09789 6
      vertex 48.7436 7.09789 0
    endloop
  endfacet
  facet normal -0.99787 -0.0652402 0
    outer loop
      vertex 48.7436 7.09789 6
      vertex 48.75 7 0
      vertex 48.75 7 6
    endloop
  endfacet
  facet normal -0.751768 -0.659428 0
    outer loop
      vertex 48.595 7.45657 0
      vertex 48.5303 7.53033 6
      vertex 48.5303 7.53033 0
    endloop
  endfacet
  facet normal -0.751768 -0.659428 0
    outer loop
      vertex 48.5303 7.53033 6
      vertex 48.595 7.45657 0
      vertex 48.595 7.45657 6
    endloop
  endfacet
  facet normal -0.195136 0.980776 0
    outer loop
      vertex 48.1941 6.27556 0
      vertex 48.0979 6.25642 6
      vertex 48.1941 6.27556 6
    endloop
  endfacet
  facet normal -0.195136 0.980776 0
    outer loop
      vertex 48.0979 6.25642 6
      vertex 48.1941 6.27556 0
      vertex 48.0979 6.25642 0
    endloop
  endfacet
  facet normal -0.0654366 0.997857 0
    outer loop
      vertex 48.0979 6.25642 0
      vertex 48 6.25 6
      vertex 48.0979 6.25642 6
    endloop
  endfacet
  facet normal -0.0654366 0.997857 0
    outer loop
      vertex 48 6.25 6
      vertex 48.0979 6.25642 0
      vertex 48 6.25 0
    endloop
  endfacet
  facet normal 0.94704 -0.321117 0
    outer loop
      vertex 47.2756 7.19411 6
      vertex 47.3071 7.28701 0
      vertex 47.3071 7.28701 6
    endloop
  endfacet
  facet normal 0.94704 -0.321117 0
    outer loop
      vertex 47.3071 7.28701 0
      vertex 47.2756 7.19411 6
      vertex 47.2756 7.19411 0
    endloop
  endfacet
  facet normal -0.442233 0.8969 0
    outer loop
      vertex 48.375 6.35048 0
      vertex 48.287 6.30709 6
      vertex 48.375 6.35048 6
    endloop
  endfacet
  facet normal -0.442233 0.8969 0
    outer loop
      vertex 48.287 6.30709 6
      vertex 48.375 6.35048 0
      vertex 48.287 6.30709 0
    endloop
  endfacet
  facet normal -0.980667 -0.195685 0
    outer loop
      vertex 48.7436 7.09789 0
      vertex 48.7244 7.19411 6
      vertex 48.7244 7.19411 0
    endloop
  endfacet
  facet normal -0.980667 -0.195685 0
    outer loop
      vertex 48.7244 7.19411 6
      vertex 48.7436 7.09789 0
      vertex 48.7436 7.09789 6
    endloop
  endfacet
  facet normal -0.831485 0.555547 0
    outer loop
      vertex 48.595 6.54343 0
      vertex 48.6495 6.625 6
      vertex 48.6495 6.625 0
    endloop
  endfacet
  facet normal -0.831485 0.555547 0
    outer loop
      vertex 48.6495 6.625 6
      vertex 48.595 6.54343 0
      vertex 48.595 6.54343 6
    endloop
  endfacet
  facet normal 0.0654366 0.997857 -0
    outer loop
      vertex 48 6.25 0
      vertex 47.9021 6.25642 6
      vertex 48 6.25 6
    endloop
  endfacet
  facet normal 0.0654366 0.997857 0
    outer loop
      vertex 47.9021 6.25642 6
      vertex 48 6.25 0
      vertex 47.9021 6.25642 0
    endloop
  endfacet
  facet normal 0.659616 -0.751603 0
    outer loop
      vertex 47.4697 7.53033 0
      vertex 47.5434 7.59501 6
      vertex 47.4697 7.53033 6
    endloop
  endfacet
  facet normal 0.659616 -0.751603 0
    outer loop
      vertex 47.5434 7.59501 6
      vertex 47.4697 7.53033 0
      vertex 47.5434 7.59501 0
    endloop
  endfacet
  facet normal 0.751768 -0.659428 0
    outer loop
      vertex 47.405 7.45657 6
      vertex 47.4697 7.53033 0
      vertex 47.4697 7.53033 6
    endloop
  endfacet
  facet normal 0.751768 -0.659428 0
    outer loop
      vertex 47.4697 7.53033 0
      vertex 47.405 7.45657 6
      vertex 47.405 7.45657 0
    endloop
  endfacet
  facet normal 0.751768 0.659428 0
    outer loop
      vertex 47.4697 6.46967 6
      vertex 47.405 6.54343 0
      vertex 47.405 6.54343 6
    endloop
  endfacet
  facet normal 0.751768 0.659428 0
    outer loop
      vertex 47.405 6.54343 0
      vertex 47.4697 6.46967 6
      vertex 47.4697 6.46967 0
    endloop
  endfacet
  facet normal 0.99787 0.0652402 0
    outer loop
      vertex 47.2564 6.90211 6
      vertex 47.25 7 0
      vertex 47.25 7 6
    endloop
  endfacet
  facet normal 0.99787 0.0652402 0
    outer loop
      vertex 47.25 7 0
      vertex 47.2564 6.90211 6
      vertex 47.2564 6.90211 0
    endloop
  endfacet
  facet normal -0.94704 0.321117 0
    outer loop
      vertex 48.6929 6.71299 0
      vertex 48.7244 6.80589 6
      vertex 48.7244 6.80589 0
    endloop
  endfacet
  facet normal -0.94704 0.321117 0
    outer loop
      vertex 48.7244 6.80589 6
      vertex 48.6929 6.71299 0
      vertex 48.6929 6.71299 6
    endloop
  endfacet
  facet normal 0.831485 -0.555547 0
    outer loop
      vertex 47.3505 7.375 6
      vertex 47.405 7.45657 0
      vertex 47.405 7.45657 6
    endloop
  endfacet
  facet normal 0.831485 -0.555547 0
    outer loop
      vertex 47.405 7.45657 0
      vertex 47.3505 7.375 6
      vertex 47.3505 7.375 0
    endloop
  endfacet
  facet normal -0.94704 -0.321117 0
    outer loop
      vertex 48.7244 7.19411 0
      vertex 48.6929 7.28701 6
      vertex 48.6929 7.28701 0
    endloop
  endfacet
  facet normal -0.94704 -0.321117 0
    outer loop
      vertex 48.6929 7.28701 6
      vertex 48.7244 7.19411 0
      vertex 48.7244 7.19411 6
    endloop
  endfacet
  facet normal -0.442233 -0.8969 0
    outer loop
      vertex 48.287 7.69291 0
      vertex 48.375 7.64952 6
      vertex 48.287 7.69291 6
    endloop
  endfacet
  facet normal -0.442233 -0.8969 -0
    outer loop
      vertex 48.375 7.64952 6
      vertex 48.287 7.69291 0
      vertex 48.375 7.64952 0
    endloop
  endfacet
  facet normal -0.195136 -0.980776 0
    outer loop
      vertex 48.0979 7.74358 0
      vertex 48.1941 7.72444 6
      vertex 48.0979 7.74358 6
    endloop
  endfacet
  facet normal -0.195136 -0.980776 -0
    outer loop
      vertex 48.1941 7.72444 6
      vertex 48.0979 7.74358 0
      vertex 48.1941 7.72444 0
    endloop
  endfacet
  facet normal -0.99787 0.0652402 0
    outer loop
      vertex 48.7436 6.90211 0
      vertex 48.75 7 6
      vertex 48.75 7 0
    endloop
  endfacet
  facet normal -0.99787 0.0652402 0
    outer loop
      vertex 48.75 7 6
      vertex 48.7436 6.90211 0
      vertex 48.7436 6.90211 6
    endloop
  endfacet
  facet normal 0.442233 0.8969 -0
    outer loop
      vertex 47.713 6.30709 0
      vertex 47.625 6.35048 6
      vertex 47.713 6.30709 6
    endloop
  endfacet
  facet normal 0.442233 0.8969 0
    outer loop
      vertex 47.625 6.35048 6
      vertex 47.713 6.30709 0
      vertex 47.625 6.35048 0
    endloop
  endfacet
  facet normal 0.980667 -0.195685 0
    outer loop
      vertex 47.2564 7.09789 6
      vertex 47.2756 7.19411 0
      vertex 47.2756 7.19411 6
    endloop
  endfacet
  facet normal 0.980667 -0.195685 0
    outer loop
      vertex 47.2756 7.19411 0
      vertex 47.2564 7.09789 6
      vertex 47.2564 7.09789 0
    endloop
  endfacet
  facet normal 0.442233 -0.8969 0
    outer loop
      vertex 47.625 7.64952 0
      vertex 47.713 7.69291 6
      vertex 47.625 7.64952 6
    endloop
  endfacet
  facet normal 0.442233 -0.8969 0
    outer loop
      vertex 47.713 7.69291 6
      vertex 47.625 7.64952 0
      vertex 47.713 7.69291 0
    endloop
  endfacet
  facet normal 0.195136 -0.980776 0
    outer loop
      vertex 47.8059 7.72444 0
      vertex 47.9021 7.74358 6
      vertex 47.8059 7.72444 6
    endloop
  endfacet
  facet normal 0.195136 -0.980776 0
    outer loop
      vertex 47.9021 7.74358 6
      vertex 47.8059 7.72444 0
      vertex 47.9021 7.74358 0
    endloop
  endfacet
  facet normal -0.980667 0.195685 0
    outer loop
      vertex 48.7244 6.80589 0
      vertex 48.7436 6.90211 6
      vertex 48.7436 6.90211 0
    endloop
  endfacet
  facet normal -0.980667 0.195685 0
    outer loop
      vertex 48.7436 6.90211 6
      vertex 48.7244 6.80589 0
      vertex 48.7244 6.80589 6
    endloop
  endfacet
  facet normal -0.555406 0.83158 0
    outer loop
      vertex 48.4566 6.40498 0
      vertex 48.375 6.35048 6
      vertex 48.4566 6.40498 6
    endloop
  endfacet
  facet normal -0.555406 0.83158 0
    outer loop
      vertex 48.375 6.35048 6
      vertex 48.4566 6.40498 0
      vertex 48.375 6.35048 0
    endloop
  endfacet
  facet normal -0.321391 0.946947 0
    outer loop
      vertex 48.287 6.30709 0
      vertex 48.1941 6.27556 6
      vertex 48.287 6.30709 6
    endloop
  endfacet
  facet normal -0.321391 0.946947 0
    outer loop
      vertex 48.1941 6.27556 6
      vertex 48.287 6.30709 0
      vertex 48.1941 6.27556 0
    endloop
  endfacet
  facet normal -0.831485 -0.555547 0
    outer loop
      vertex 48.6495 7.375 0
      vertex 48.595 7.45657 6
      vertex 48.595 7.45657 0
    endloop
  endfacet
  facet normal -0.831485 -0.555547 0
    outer loop
      vertex 48.595 7.45657 6
      vertex 48.6495 7.375 0
      vertex 48.6495 7.375 6
    endloop
  endfacet
  facet normal -0.659673 0.751552 0
    outer loop
      vertex 48.5303 6.46967 0
      vertex 48.4566 6.40498 6
      vertex 48.5303 6.46967 6
    endloop
  endfacet
  facet normal -0.659673 0.751552 0
    outer loop
      vertex 48.4566 6.40498 6
      vertex 48.5303 6.46967 0
      vertex 48.4566 6.40498 0
    endloop
  endfacet
  facet normal 0.0654366 -0.997857 0
    outer loop
      vertex 47.9021 7.74358 0
      vertex 48 7.75 6
      vertex 47.9021 7.74358 6
    endloop
  endfacet
  facet normal 0.0654366 -0.997857 0
    outer loop
      vertex 48 7.75 6
      vertex 47.9021 7.74358 0
      vertex 48 7.75 0
    endloop
  endfacet
  facet normal 0.555406 0.83158 -0
    outer loop
      vertex 47.625 6.35048 0
      vertex 47.5434 6.40498 6
      vertex 47.625 6.35048 6
    endloop
  endfacet
  facet normal 0.555406 0.83158 0
    outer loop
      vertex 47.5434 6.40498 6
      vertex 47.625 6.35048 0
      vertex 47.5434 6.40498 0
    endloop
  endfacet
  facet normal -0.751768 0.659428 0
    outer loop
      vertex 48.5303 6.46967 0
      vertex 48.595 6.54343 6
      vertex 48.595 6.54343 0
    endloop
  endfacet
  facet normal -0.751768 0.659428 0
    outer loop
      vertex 48.595 6.54343 6
      vertex 48.5303 6.46967 0
      vertex 48.5303 6.46967 6
    endloop
  endfacet
  facet normal 0.89684 0.442355 0
    outer loop
      vertex 47.3505 6.625 6
      vertex 47.3071 6.71299 0
      vertex 47.3071 6.71299 6
    endloop
  endfacet
  facet normal 0.89684 0.442355 0
    outer loop
      vertex 47.3071 6.71299 0
      vertex 47.3505 6.625 6
      vertex 47.3505 6.625 0
    endloop
  endfacet
  facet normal 0.659673 0.751552 -0
    outer loop
      vertex 47.5434 6.40498 0
      vertex 47.4697 6.46967 6
      vertex 47.5434 6.40498 6
    endloop
  endfacet
  facet normal 0.659673 0.751552 0
    outer loop
      vertex 47.4697 6.46967 6
      vertex 47.5434 6.40498 0
      vertex 47.4697 6.46967 0
    endloop
  endfacet
  facet normal -0.0654366 -0.997857 0
    outer loop
      vertex 48 7.75 0
      vertex 48.0979 7.74358 6
      vertex 48 7.75 6
    endloop
  endfacet
  facet normal -0.0654366 -0.997857 -0
    outer loop
      vertex 48.0979 7.74358 6
      vertex 48 7.75 0
      vertex 48.0979 7.74358 0
    endloop
  endfacet
  facet normal 0.321391 0.946947 -0
    outer loop
      vertex 47.8059 6.27556 0
      vertex 47.713 6.30709 6
      vertex 47.8059 6.27556 6
    endloop
  endfacet
  facet normal 0.321391 0.946947 0
    outer loop
      vertex 47.713 6.30709 6
      vertex 47.8059 6.27556 0
      vertex 47.713 6.30709 0
    endloop
  endfacet
  facet normal 0.831485 0.555547 0
    outer loop
      vertex 47.405 6.54343 6
      vertex 47.3505 6.625 0
      vertex 47.3505 6.625 6
    endloop
  endfacet
  facet normal 0.831485 0.555547 0
    outer loop
      vertex 47.3505 6.625 0
      vertex 47.405 6.54343 6
      vertex 47.405 6.54343 0
    endloop
  endfacet
  facet normal 0.89684 -0.442355 0
    outer loop
      vertex 47.3071 7.28701 6
      vertex 47.3505 7.375 0
      vertex 47.3505 7.375 6
    endloop
  endfacet
  facet normal 0.89684 -0.442355 0
    outer loop
      vertex 47.3505 7.375 0
      vertex 47.3071 7.28701 6
      vertex 47.3071 7.28701 0
    endloop
  endfacet
  facet normal 0.195136 0.980776 -0
    outer loop
      vertex 47.9021 6.25642 0
      vertex 47.8059 6.27556 6
      vertex 47.9021 6.25642 6
    endloop
  endfacet
  facet normal 0.195136 0.980776 0
    outer loop
      vertex 47.8059 6.27556 6
      vertex 47.9021 6.25642 0
      vertex 47.8059 6.27556 0
    endloop
  endfacet
  facet normal -0.980632 -0.195859 0
    outer loop
      vertex 56.7932 7.10442 0
      vertex 56.7727 7.20706 6
      vertex 56.7727 7.20706 0
    endloop
  endfacet
  facet normal -0.980632 -0.195859 0
    outer loop
      vertex 56.7727 7.20706 6
      vertex 56.7932 7.10442 0
      vertex 56.7932 7.10442 6
    endloop
  endfacet
  facet normal -0.997886 -0.064984 0
    outer loop
      vertex 56.8 7 0
      vertex 56.7932 7.10442 6
      vertex 56.7932 7.10442 0
    endloop
  endfacet
  facet normal -0.997886 -0.064984 0
    outer loop
      vertex 56.7932 7.10442 6
      vertex 56.8 7 0
      vertex 56.8 7 6
    endloop
  endfacet
  facet normal -0.947036 -0.321126 0
    outer loop
      vertex 56.7727 7.20706 0
      vertex 56.7391 7.30615 6
      vertex 56.7391 7.30615 0
    endloop
  endfacet
  facet normal -0.947036 -0.321126 0
    outer loop
      vertex 56.7391 7.30615 6
      vertex 56.7727 7.20706 0
      vertex 56.7727 7.20706 6
    endloop
  endfacet
  facet normal -0.831638 -0.555318 0
    outer loop
      vertex 56.6928 7.4 0
      vertex 56.6347 7.48701 6
      vertex 56.6347 7.48701 0
    endloop
  endfacet
  facet normal -0.831638 -0.555318 0
    outer loop
      vertex 56.6347 7.48701 6
      vertex 56.6928 7.4 0
      vertex 56.6928 7.4 6
    endloop
  endfacet
  facet normal 0.947036 0.321126 0
    outer loop
      vertex 55.2609 6.69385 6
      vertex 55.2273 6.79294 0
      vertex 55.2273 6.79294 6
    endloop
  endfacet
  facet normal 0.947036 0.321126 0
    outer loop
      vertex 55.2273 6.79294 0
      vertex 55.2609 6.69385 6
      vertex 55.2609 6.69385 0
    endloop
  endfacet
  facet normal -0.555626 -0.831432 0
    outer loop
      vertex 56.4 7.69282 0
      vertex 56.487 7.63468 6
      vertex 56.4 7.69282 6
    endloop
  endfacet
  facet normal -0.555626 -0.831432 -0
    outer loop
      vertex 56.487 7.63468 6
      vertex 56.4 7.69282 0
      vertex 56.487 7.63468 0
    endloop
  endfacet
  facet normal -0.980632 0.195859 0
    outer loop
      vertex 56.7727 6.79294 0
      vertex 56.7932 6.89558 6
      vertex 56.7932 6.89558 0
    endloop
  endfacet
  facet normal -0.980632 0.195859 0
    outer loop
      vertex 56.7932 6.89558 6
      vertex 56.7727 6.79294 0
      vertex 56.7727 6.79294 6
    endloop
  endfacet
  facet normal 0.555626 -0.831432 0
    outer loop
      vertex 55.513 7.63468 0
      vertex 55.6 7.69282 6
      vertex 55.513 7.63468 6
    endloop
  endfacet
  facet normal 0.555626 -0.831432 0
    outer loop
      vertex 55.6 7.69282 6
      vertex 55.513 7.63468 0
      vertex 55.6 7.69282 0
    endloop
  endfacet
  facet normal -0.321731 -0.946831 0
    outer loop
      vertex 56.2071 7.77274 0
      vertex 56.3061 7.7391 6
      vertex 56.2071 7.77274 6
    endloop
  endfacet
  facet normal -0.321731 -0.946831 -0
    outer loop
      vertex 56.3061 7.7391 6
      vertex 56.2071 7.77274 0
      vertex 56.3061 7.7391 0
    endloop
  endfacet
  facet normal -0.947036 0.321126 0
    outer loop
      vertex 56.7391 6.69385 0
      vertex 56.7727 6.79294 6
      vertex 56.7727 6.79294 0
    endloop
  endfacet
  facet normal -0.947036 0.321126 0
    outer loop
      vertex 56.7727 6.79294 6
      vertex 56.7391 6.69385 0
      vertex 56.7391 6.69385 6
    endloop
  endfacet
  facet normal -0.442086 0.896973 0
    outer loop
      vertex 56.4 6.30718 0
      vertex 56.3061 6.2609 6
      vertex 56.4 6.30718 6
    endloop
  endfacet
  facet normal -0.442086 0.896973 0
    outer loop
      vertex 56.3061 6.2609 6
      vertex 56.4 6.30718 0
      vertex 56.3061 6.2609 0
    endloop
  endfacet
  facet normal 0.659194 -0.751973 0
    outer loop
      vertex 55.4343 7.56569 0
      vertex 55.513 7.63468 6
      vertex 55.4343 7.56569 6
    endloop
  endfacet
  facet normal 0.659194 -0.751973 0
    outer loop
      vertex 55.513 7.63468 6
      vertex 55.4343 7.56569 0
      vertex 55.513 7.63468 0
    endloop
  endfacet
  facet normal -0.896803 -0.442429 0
    outer loop
      vertex 56.7391 7.30615 0
      vertex 56.6928 7.4 6
      vertex 56.6928 7.4 0
    endloop
  endfacet
  facet normal -0.896803 -0.442429 0
    outer loop
      vertex 56.6928 7.4 6
      vertex 56.7391 7.30615 0
      vertex 56.7391 7.30615 6
    endloop
  endfacet
  facet normal 0.195014 -0.9808 0
    outer loop
      vertex 55.7929 7.77274 0
      vertex 55.8956 7.79316 6
      vertex 55.7929 7.77274 6
    endloop
  endfacet
  facet normal 0.195014 -0.9808 0
    outer loop
      vertex 55.8956 7.79316 6
      vertex 55.7929 7.77274 0
      vertex 55.8956 7.79316 0
    endloop
  endfacet
  facet normal -0.831638 0.555318 0
    outer loop
      vertex 56.6347 6.51299 0
      vertex 56.6928 6.6 6
      vertex 56.6928 6.6 0
    endloop
  endfacet
  facet normal -0.831638 0.555318 0
    outer loop
      vertex 56.6928 6.6 6
      vertex 56.6347 6.51299 0
      vertex 56.6347 6.51299 6
    endloop
  endfacet
  facet normal -0.0653771 0.997861 0
    outer loop
      vertex 56.1044 6.20684 0
      vertex 56 6.2 6
      vertex 56.1044 6.20684 6
    endloop
  endfacet
  facet normal -0.0653771 0.997861 0
    outer loop
      vertex 56 6.2 6
      vertex 56.1044 6.20684 0
      vertex 56 6.2 0
    endloop
  endfacet
  facet normal 0.896803 0.442429 0
    outer loop
      vertex 55.3072 6.6 6
      vertex 55.2609 6.69385 0
      vertex 55.2609 6.69385 6
    endloop
  endfacet
  facet normal 0.896803 0.442429 0
    outer loop
      vertex 55.2609 6.69385 0
      vertex 55.3072 6.6 6
      vertex 55.3072 6.6 0
    endloop
  endfacet
  facet normal -0.442086 -0.896973 0
    outer loop
      vertex 56.3061 7.7391 0
      vertex 56.4 7.69282 6
      vertex 56.3061 7.7391 6
    endloop
  endfacet
  facet normal -0.442086 -0.896973 -0
    outer loop
      vertex 56.4 7.69282 6
      vertex 56.3061 7.7391 0
      vertex 56.4 7.69282 0
    endloop
  endfacet
  facet normal 0.321731 0.946831 -0
    outer loop
      vertex 55.7929 6.22726 0
      vertex 55.6939 6.2609 6
      vertex 55.7929 6.22726 6
    endloop
  endfacet
  facet normal 0.321731 0.946831 0
    outer loop
      vertex 55.6939 6.2609 6
      vertex 55.7929 6.22726 0
      vertex 55.6939 6.2609 0
    endloop
  endfacet
  facet normal 0.442086 -0.896973 0
    outer loop
      vertex 55.6 7.69282 0
      vertex 55.6939 7.7391 6
      vertex 55.6 7.69282 6
    endloop
  endfacet
  facet normal 0.442086 -0.896973 0
    outer loop
      vertex 55.6939 7.7391 6
      vertex 55.6 7.69282 0
      vertex 55.6939 7.7391 0
    endloop
  endfacet
  facet normal 0.442086 0.896973 -0
    outer loop
      vertex 55.6939 6.2609 0
      vertex 55.6 6.30718 6
      vertex 55.6939 6.2609 6
    endloop
  endfacet
  facet normal 0.442086 0.896973 0
    outer loop
      vertex 55.6 6.30718 6
      vertex 55.6939 6.2609 0
      vertex 55.6 6.30718 0
    endloop
  endfacet
  facet normal 0.980632 0.195859 0
    outer loop
      vertex 55.2273 6.79294 6
      vertex 55.2068 6.89558 0
      vertex 55.2068 6.89558 6
    endloop
  endfacet
  facet normal 0.980632 0.195859 0
    outer loop
      vertex 55.2068 6.89558 0
      vertex 55.2273 6.79294 6
      vertex 55.2273 6.79294 0
    endloop
  endfacet
  facet normal 0.555626 0.831432 -0
    outer loop
      vertex 55.6 6.30718 0
      vertex 55.513 6.36532 6
      vertex 55.6 6.30718 6
    endloop
  endfacet
  facet normal 0.555626 0.831432 0
    outer loop
      vertex 55.513 6.36532 6
      vertex 55.6 6.30718 0
      vertex 55.513 6.36532 0
    endloop
  endfacet
  facet normal -0.195014 -0.9808 0
    outer loop
      vertex 56.1044 7.79316 0
      vertex 56.2071 7.77274 6
      vertex 56.1044 7.79316 6
    endloop
  endfacet
  facet normal -0.195014 -0.9808 -0
    outer loop
      vertex 56.2071 7.77274 6
      vertex 56.1044 7.79316 0
      vertex 56.2071 7.77274 0
    endloop
  endfacet
  facet normal -0.195014 0.9808 0
    outer loop
      vertex 56.2071 6.22726 0
      vertex 56.1044 6.20684 6
      vertex 56.2071 6.22726 6
    endloop
  endfacet
  facet normal -0.195014 0.9808 0
    outer loop
      vertex 56.1044 6.20684 6
      vertex 56.2071 6.22726 0
      vertex 56.1044 6.20684 0
    endloop
  endfacet
  facet normal 0.751842 0.659343 0
    outer loop
      vertex 55.4343 6.43431 6
      vertex 55.3653 6.51299 0
      vertex 55.3653 6.51299 6
    endloop
  endfacet
  facet normal 0.751842 0.659343 0
    outer loop
      vertex 55.3653 6.51299 0
      vertex 55.4343 6.43431 6
      vertex 55.4343 6.43431 0
    endloop
  endfacet
  facet normal 0.751842 -0.659343 0
    outer loop
      vertex 55.3653 7.48701 6
      vertex 55.4343 7.56569 0
      vertex 55.4343 7.56569 6
    endloop
  endfacet
  facet normal 0.751842 -0.659343 0
    outer loop
      vertex 55.4343 7.56569 0
      vertex 55.3653 7.48701 6
      vertex 55.3653 7.48701 0
    endloop
  endfacet
  facet normal -0.997886 0.064984 0
    outer loop
      vertex 56.7932 6.89558 0
      vertex 56.8 7 6
      vertex 56.8 7 0
    endloop
  endfacet
  facet normal -0.997886 0.064984 0
    outer loop
      vertex 56.8 7 6
      vertex 56.7932 6.89558 0
      vertex 56.7932 6.89558 6
    endloop
  endfacet
  facet normal 0.997886 0.064984 0
    outer loop
      vertex 55.2068 6.89558 6
      vertex 55.2 7 0
      vertex 55.2 7 6
    endloop
  endfacet
  facet normal 0.997886 0.064984 0
    outer loop
      vertex 55.2 7 0
      vertex 55.2068 6.89558 6
      vertex 55.2068 6.89558 0
    endloop
  endfacet
  facet normal -0.659194 0.751973 0
    outer loop
      vertex 56.5657 6.43431 0
      vertex 56.487 6.36532 6
      vertex 56.5657 6.43431 6
    endloop
  endfacet
  facet normal -0.659194 0.751973 0
    outer loop
      vertex 56.487 6.36532 6
      vertex 56.5657 6.43431 0
      vertex 56.487 6.36532 0
    endloop
  endfacet
  facet normal -0.321731 0.946831 0
    outer loop
      vertex 56.3061 6.2609 0
      vertex 56.2071 6.22726 6
      vertex 56.3061 6.2609 6
    endloop
  endfacet
  facet normal -0.321731 0.946831 0
    outer loop
      vertex 56.2071 6.22726 6
      vertex 56.3061 6.2609 0
      vertex 56.2071 6.22726 0
    endloop
  endfacet
  facet normal -0.555626 0.831432 0
    outer loop
      vertex 56.487 6.36532 0
      vertex 56.4 6.30718 6
      vertex 56.487 6.36532 6
    endloop
  endfacet
  facet normal -0.555626 0.831432 0
    outer loop
      vertex 56.4 6.30718 6
      vertex 56.487 6.36532 0
      vertex 56.4 6.30718 0
    endloop
  endfacet
  facet normal -0.751842 0.659343 0
    outer loop
      vertex 56.5657 6.43431 0
      vertex 56.6347 6.51299 6
      vertex 56.6347 6.51299 0
    endloop
  endfacet
  facet normal -0.751842 0.659343 0
    outer loop
      vertex 56.6347 6.51299 6
      vertex 56.5657 6.43431 0
      vertex 56.5657 6.43431 6
    endloop
  endfacet
  facet normal 0.831638 0.555318 0
    outer loop
      vertex 55.3653 6.51299 6
      vertex 55.3072 6.6 0
      vertex 55.3072 6.6 6
    endloop
  endfacet
  facet normal 0.831638 0.555318 0
    outer loop
      vertex 55.3072 6.6 0
      vertex 55.3653 6.51299 6
      vertex 55.3653 6.51299 0
    endloop
  endfacet
  facet normal 0.0653771 0.997861 -0
    outer loop
      vertex 56 6.2 0
      vertex 55.8956 6.20684 6
      vertex 56 6.2 6
    endloop
  endfacet
  facet normal 0.0653771 0.997861 0
    outer loop
      vertex 55.8956 6.20684 6
      vertex 56 6.2 0
      vertex 55.8956 6.20684 0
    endloop
  endfacet
  facet normal -0.896803 0.442429 0
    outer loop
      vertex 56.6928 6.6 0
      vertex 56.7391 6.69385 6
      vertex 56.7391 6.69385 0
    endloop
  endfacet
  facet normal -0.896803 0.442429 0
    outer loop
      vertex 56.7391 6.69385 6
      vertex 56.6928 6.6 0
      vertex 56.6928 6.6 6
    endloop
  endfacet
  facet normal 0.0653771 -0.997861 0
    outer loop
      vertex 55.8956 7.79316 0
      vertex 56 7.8 6
      vertex 55.8956 7.79316 6
    endloop
  endfacet
  facet normal 0.0653771 -0.997861 0
    outer loop
      vertex 56 7.8 6
      vertex 55.8956 7.79316 0
      vertex 56 7.8 0
    endloop
  endfacet
  facet normal 0.980632 -0.195859 0
    outer loop
      vertex 55.2068 7.10442 6
      vertex 55.2273 7.20706 0
      vertex 55.2273 7.20706 6
    endloop
  endfacet
  facet normal 0.980632 -0.195859 0
    outer loop
      vertex 55.2273 7.20706 0
      vertex 55.2068 7.10442 6
      vertex 55.2068 7.10442 0
    endloop
  endfacet
  facet normal 0.321731 -0.946831 0
    outer loop
      vertex 55.6939 7.7391 0
      vertex 55.7929 7.77274 6
      vertex 55.6939 7.7391 6
    endloop
  endfacet
  facet normal 0.321731 -0.946831 0
    outer loop
      vertex 55.7929 7.77274 6
      vertex 55.6939 7.7391 0
      vertex 55.7929 7.77274 0
    endloop
  endfacet
  facet normal -0.659194 -0.751973 0
    outer loop
      vertex 56.487 7.63468 0
      vertex 56.5657 7.56569 6
      vertex 56.487 7.63468 6
    endloop
  endfacet
  facet normal -0.659194 -0.751973 -0
    outer loop
      vertex 56.5657 7.56569 6
      vertex 56.487 7.63468 0
      vertex 56.5657 7.56569 0
    endloop
  endfacet
  facet normal -0.0653771 -0.997861 0
    outer loop
      vertex 56 7.8 0
      vertex 56.1044 7.79316 6
      vertex 56 7.8 6
    endloop
  endfacet
  facet normal -0.0653771 -0.997861 -0
    outer loop
      vertex 56.1044 7.79316 6
      vertex 56 7.8 0
      vertex 56.1044 7.79316 0
    endloop
  endfacet
  facet normal 0.896803 -0.442429 0
    outer loop
      vertex 55.2609 7.30615 6
      vertex 55.3072 7.4 0
      vertex 55.3072 7.4 6
    endloop
  endfacet
  facet normal 0.896803 -0.442429 0
    outer loop
      vertex 55.3072 7.4 0
      vertex 55.2609 7.30615 6
      vertex 55.2609 7.30615 0
    endloop
  endfacet
  facet normal 0.195014 0.9808 -0
    outer loop
      vertex 55.8956 6.20684 0
      vertex 55.7929 6.22726 6
      vertex 55.8956 6.20684 6
    endloop
  endfacet
  facet normal 0.195014 0.9808 0
    outer loop
      vertex 55.7929 6.22726 6
      vertex 55.8956 6.20684 0
      vertex 55.7929 6.22726 0
    endloop
  endfacet
  facet normal -0.751842 -0.659343 0
    outer loop
      vertex 56.6347 7.48701 0
      vertex 56.5657 7.56569 6
      vertex 56.5657 7.56569 0
    endloop
  endfacet
  facet normal -0.751842 -0.659343 0
    outer loop
      vertex 56.5657 7.56569 6
      vertex 56.6347 7.48701 0
      vertex 56.6347 7.48701 6
    endloop
  endfacet
  facet normal 0.659194 0.751973 -0
    outer loop
      vertex 55.513 6.36532 0
      vertex 55.4343 6.43431 6
      vertex 55.513 6.36532 6
    endloop
  endfacet
  facet normal 0.659194 0.751973 0
    outer loop
      vertex 55.4343 6.43431 6
      vertex 55.513 6.36532 0
      vertex 55.4343 6.43431 0
    endloop
  endfacet
  facet normal 0.947036 -0.321126 0
    outer loop
      vertex 55.2273 7.20706 6
      vertex 55.2609 7.30615 0
      vertex 55.2609 7.30615 6
    endloop
  endfacet
  facet normal 0.947036 -0.321126 0
    outer loop
      vertex 55.2609 7.30615 0
      vertex 55.2273 7.20706 6
      vertex 55.2273 7.20706 0
    endloop
  endfacet
  facet normal 0.997886 -0.064984 0
    outer loop
      vertex 55.2 7 6
      vertex 55.2068 7.10442 0
      vertex 55.2068 7.10442 6
    endloop
  endfacet
  facet normal 0.997886 -0.064984 0
    outer loop
      vertex 55.2068 7.10442 0
      vertex 55.2 7 6
      vertex 55.2 7 0
    endloop
  endfacet
  facet normal 0.831638 -0.555318 0
    outer loop
      vertex 55.3072 7.4 6
      vertex 55.3653 7.48701 0
      vertex 55.3653 7.48701 6
    endloop
  endfacet
  facet normal 0.831638 -0.555318 0
    outer loop
      vertex 55.3653 7.48701 0
      vertex 55.3072 7.4 6
      vertex 55.3072 7.4 0
    endloop
  endfacet
  facet normal 1 -0 0
    outer loop
      vertex 60 0 6
      vertex 60 14 0
      vertex 60 14 6
    endloop
  endfacet
  facet normal 1 0 0
    outer loop
      vertex 60 14 0
      vertex 60 0 6
      vertex 60 0 0
    endloop
  endfacet
  facet normal 0 0 1
    outer loop
      vertex 16.8755 3.08424 6
      vertex 14.2271 3.08424 6
      vertex 16.2883 2.68049 6
    endloop
  endfacet
  facet normal 0 0 1
    outer loop
      vertex 13.9345 3.08424 6
      vertex 15.6111 6.61109 6
      vertex 15.5637 6.66518 6
    endloop
  endfacet
  facet normal 0 0 1
    outer loop
      vertex 13.9345 3.08424 6
      vertex 15.5637 6.66518 6
      vertex 15.5237 6.725 6
    endloop
  endfacet
  facet normal 0 0 1
    outer loop
      vertex 13.9345 3.08424 6
      vertex 15.5237 6.725 6
      vertex 15.4919 6.78952 6
    endloop
  endfacet
  facet normal 0 0 1
    outer loop
      vertex 13.9345 3.08424 6
      vertex 15.4919 6.78952 6
      vertex 15.4687 6.85765 6
    endloop
  endfacet
  facet normal -0 0 1
    outer loop
      vertex 8.48296 6.87059 6
      vertex 15.4687 6.85765 6
      vertex 15.4547 6.92821 6
    endloop
  endfacet
  facet normal -0 0 1
    outer loop
      vertex 8.49572 6.93474 6
      vertex 15.4547 6.92821 6
      vertex 15.45 7 6
    endloop
  endfacet
  facet normal 0 -0 1
    outer loop
      vertex 15.2909 0.986123 6
      vertex 16.2883 2.68049 6
      vertex 14.2271 3.08424 6
    endloop
  endfacet
  facet normal 0 0 1
    outer loop
      vertex 14.8319 0.869744 6
      vertex 14.2271 3.08424 6
      vertex 14.2271 0.869744 6
    endloop
  endfacet
  facet normal -0 0 1
    outer loop
      vertex 13.3473 2.38076 6
      vertex 13.908 0.869744 6
      vertex 13.908 2.78097 6
    endloop
  endfacet
  facet normal 0 0 1
    outer loop
      vertex 13.908 0.869744 6
      vertex 13.3473 2.38076 6
      vertex 13.275 0.869744 6
    endloop
  endfacet
  facet normal 0 0 1
    outer loop
      vertex 6.83188 0.869744 6
      vertex 6.22714 3.08424 6
      vertex 6.22714 0.869744 6
    endloop
  endfacet
  facet normal -0 0 1
    outer loop
      vertex 5.34732 2.38076 6
      vertex 5.90799 0.869744 6
      vertex 5.90799 2.78097 6
    endloop
  endfacet
  facet normal 0 0 1
    outer loop
      vertex 5.90799 0.869744 6
      vertex 5.34732 2.38076 6
      vertex 5.27504 0.869744 6
    endloop
  endfacet
  facet normal 0 0 1
    outer loop
      vertex 24.1718 2.63101 6
      vertex 22.2271 3.08424 6
      vertex 24.1505 2.55331 6
    endloop
  endfacet
  facet normal 0 0 1
    outer loop
      vertex 22.2271 3.08424 6
      vertex 23.6347 6.52399 6
      vertex 23.5757 6.57574 6
    endloop
  endfacet
  facet normal 0 0 1
    outer loop
      vertex 21.9345 3.08424 6
      vertex 23.5757 6.57574 6
      vertex 23.524 6.63474 6
    endloop
  endfacet
  facet normal 0 0 1
    outer loop
      vertex 21.9345 3.08424 6
      vertex 23.524 6.63474 6
      vertex 23.4804 6.7 6
    endloop
  endfacet
  facet normal 0 0 1
    outer loop
      vertex 21.9345 3.08424 6
      vertex 23.4804 6.7 6
      vertex 23.4457 6.77039 6
    endloop
  endfacet
  facet normal 0 0 1
    outer loop
      vertex 21.9345 3.08424 6
      vertex 23.4457 6.77039 6
      vertex 23.4204 6.84471 6
    endloop
  endfacet
  facet normal -0 0 1
    outer loop
      vertex 16.5313 6.85765 6
      vertex 23.4204 6.84471 6
      vertex 23.4051 6.92168 6
    endloop
  endfacet
  facet normal -0 0 1
    outer loop
      vertex 16.5453 6.92821 6
      vertex 23.4051 6.92168 6
      vertex 23.4 7 6
    endloop
  endfacet
  facet normal 0 -0 1
    outer loop
      vertex 23.2909 0.986123 6
      vertex 24.1505 2.55331 6
      vertex 22.2271 3.08424 6
    endloop
  endfacet
  facet normal 0 0 1
    outer loop
      vertex 22.8319 0.869744 6
      vertex 22.2271 3.08424 6
      vertex 22.2271 0.869744 6
    endloop
  endfacet
  facet normal -0 0 1
    outer loop
      vertex 21.3473 2.38076 6
      vertex 21.908 0.869744 6
      vertex 21.908 2.78097 6
    endloop
  endfacet
  facet normal 0 0 1
    outer loop
      vertex 21.908 0.869744 6
      vertex 21.3473 2.38076 6
      vertex 21.275 0.869744 6
    endloop
  endfacet
  facet normal 0 0 1
    outer loop
      vertex 17.7729 0.869744 6
      vertex 17.1682 3.08424 6
      vertex 17.1682 0.869744 6
    endloop
  endfacet
  facet normal 0 0 1
    outer loop
      vertex 21.9345 3.08424 6
      vertex 16.5081 6.78952 6
      vertex 21.3473 2.68049 6
    endloop
  endfacet
  facet normal 0 0 1
    outer loop
      vertex 21.3473 2.68049 6
      vertex 16.5081 6.78952 6
      vertex 17.1682 3.08424 6
    endloop
  endfacet
  facet normal -0 0 1
    outer loop
      vertex 16.4763 6.725 6
      vertex 17.1682 3.08424 6
      vertex 16.5081 6.78952 6
    endloop
  endfacet
  facet normal -0 0 1
    outer loop
      vertex 16.4363 6.66518 6
      vertex 17.1682 3.08424 6
      vertex 16.4763 6.725 6
    endloop
  endfacet
  facet normal -0 0 1
    outer loop
      vertex 16.3889 6.61109 6
      vertex 17.1682 3.08424 6
      vertex 16.4363 6.66518 6
    endloop
  endfacet
  facet normal -0 0 1
    outer loop
      vertex 16.3348 6.56365 6
      vertex 17.1682 3.08424 6
      vertex 16.3889 6.61109 6
    endloop
  endfacet
  facet normal -0 0 1
    outer loop
      vertex 16.275 6.52369 6
      vertex 17.1682 3.08424 6
      vertex 16.3348 6.56365 6
    endloop
  endfacet
  facet normal -0 0 1
    outer loop
      vertex 16.2105 6.49187 6
      vertex 17.1682 3.08424 6
      vertex 16.275 6.52369 6
    endloop
  endfacet
  facet normal -0 0 1
    outer loop
      vertex 16.1423 6.46874 6
      vertex 16.8755 3.08424 6
      vertex 16.2105 6.49187 6
    endloop
  endfacet
  facet normal 0 0 1
    outer loop
      vertex 17.1682 3.08424 6
      vertex 16.2105 6.49187 6
      vertex 16.8755 3.08424 6
    endloop
  endfacet
  facet normal -0 0 1
    outer loop
      vertex 16.2883 2.38076 6
      vertex 16.849 0.869744 6
      vertex 16.849 2.78097 6
    endloop
  endfacet
  facet normal 0 0 1
    outer loop
      vertex 16.2883 2.38076 6
      vertex 16.2161 0.869744 6
      vertex 16.849 0.869744 6
    endloop
  endfacet
  facet normal -0 0 1
    outer loop
      vertex 16.0718 6.45471 6
      vertex 16.8755 3.08424 6
      vertex 16.1423 6.46874 6
    endloop
  endfacet
  facet normal 0 0 1
    outer loop
      vertex 15.9282 6.45471 6
      vertex 16.8755 3.08424 6
      vertex 16 6.45 6
    endloop
  endfacet
  facet normal -0 0 1
    outer loop
      vertex 16 6.45 6
      vertex 16.8755 3.08424 6
      vertex 16.0718 6.45471 6
    endloop
  endfacet
  facet normal 0 0 1
    outer loop
      vertex 32.1559 2.63755 6
      vertex 30.2271 3.08424 6
      vertex 32.1347 2.55862 6
    endloop
  endfacet
  facet normal 0 0 1
    outer loop
      vertex 30.2271 3.08424 6
      vertex 31.6043 6.48432 6
      vertex 31.5404 6.54038 6
    endloop
  endfacet
  facet normal 0 0 1
    outer loop
      vertex 29.9345 3.08424 6
      vertex 31.5404 6.54038 6
      vertex 31.4843 6.6043 6
    endloop
  endfacet
  facet normal 0 0 1
    outer loop
      vertex 29.9345 3.08424 6
      vertex 31.4843 6.6043 6
      vertex 31.4371 6.675 6
    endloop
  endfacet
  facet normal 0 0 1
    outer loop
      vertex 29.9345 3.08424 6
      vertex 31.4371 6.675 6
      vertex 31.3995 6.75126 6
    endloop
  endfacet
  facet normal 0 0 1
    outer loop
      vertex 29.9345 3.08424 6
      vertex 31.3995 6.75126 6
      vertex 31.3721 6.83177 6
    endloop
  endfacet
  facet normal -0 0 1
    outer loop
      vertex 24.5796 6.84471 6
      vertex 31.3721 6.83177 6
      vertex 31.3556 6.91516 6
    endloop
  endfacet
  facet normal -0 0 1
    outer loop
      vertex 24.5949 6.92168 6
      vertex 31.3556 6.91516 6
      vertex 31.35 7 6
    endloop
  endfacet
  facet normal 0 -0 1
    outer loop
      vertex 31.2909 0.986123 6
      vertex 32.1347 2.55862 6
      vertex 30.2271 3.08424 6
    endloop
  endfacet
  facet normal 0 0 1
    outer loop
      vertex 30.8319 0.869744 6
      vertex 30.2271 3.08424 6
      vertex 30.2271 0.869744 6
    endloop
  endfacet
  facet normal -0 0 1
    outer loop
      vertex 29.3473 2.38076 6
      vertex 29.908 0.869744 6
      vertex 29.908 2.78097 6
    endloop
  endfacet
  facet normal 0 0 1
    outer loop
      vertex 29.908 0.869744 6
      vertex 29.3473 2.38076 6
      vertex 29.275 0.869744 6
    endloop
  endfacet
  facet normal 0 0 1
    outer loop
      vertex 25.7167 2.3171 6
      vertex 29.3473 2.38076 6
      vertex 25.7234 2.35822 6
    endloop
  endfacet
  facet normal 0 0 1
    outer loop
      vertex 25.7072 2.27604 6
      vertex 29.3473 2.38076 6
      vertex 25.7167 2.3171 6
    endloop
  endfacet
  facet normal 0 0 1
    outer loop
      vertex 29.3473 2.38076 6
      vertex 25.7072 2.27604 6
      vertex 29.275 0.869744 6
    endloop
  endfacet
  facet normal -0 0 1
    outer loop
      vertex 25.6951 2.23505 6
      vertex 29.275 0.869744 6
      vertex 25.7072 2.27604 6
    endloop
  endfacet
  facet normal 0 0 1
    outer loop
      vertex 29.275 0.869744 6
      vertex 25.6951 2.23505 6
      vertex 25.7676 0.869744 6
    endloop
  endfacet
  facet normal -0 0 1
    outer loop
      vertex 25.6803 2.19415 6
      vertex 25.7676 0.869744 6
      vertex 25.6951 2.23505 6
    endloop
  endfacet
  facet normal -0 0 1
    outer loop
      vertex 25.6627 2.15331 6
      vertex 25.7676 0.869744 6
      vertex 25.6803 2.19415 6
    endloop
  endfacet
  facet normal -0 0 1
    outer loop
      vertex 25.6425 2.11251 6
      vertex 25.7676 0.869744 6
      vertex 25.6627 2.15331 6
    endloop
  endfacet
  facet normal -0 0 1
    outer loop
      vertex 25.6197 2.07169 6
      vertex 25.7676 0.869744 6
      vertex 25.6425 2.11251 6
    endloop
  endfacet
  facet normal -0 0 1
    outer loop
      vertex 25.5942 2.03089 6
      vertex 25.7676 0.869744 6
      vertex 25.6197 2.07169 6
    endloop
  endfacet
  facet normal -0 0 1
    outer loop
      vertex 25.5661 1.99009 6
      vertex 25.7676 0.869744 6
      vertex 25.5942 2.03089 6
    endloop
  endfacet
  facet normal -0 0 1
    outer loop
      vertex 25.5354 1.94929 6
      vertex 25.7676 0.869744 6
      vertex 25.5661 1.99009 6
    endloop
  endfacet
  facet normal -0 0 1
    outer loop
      vertex 25.5021 1.90849 6
      vertex 25.7676 0.869744 6
      vertex 25.5354 1.94929 6
    endloop
  endfacet
  facet normal -0 0 1
    outer loop
      vertex 25.4661 1.86767 6
      vertex 25.7676 0.869744 6
      vertex 25.5021 1.90849 6
    endloop
  endfacet
  facet normal -0 0 1
    outer loop
      vertex 25.424 1.82366 6
      vertex 25.7676 0.869744 6
      vertex 25.4661 1.86767 6
    endloop
  endfacet
  facet normal -0 0 1
    outer loop
      vertex 25.3721 1.77325 6
      vertex 25.7676 0.869744 6
      vertex 25.424 1.82366 6
    endloop
  endfacet
  facet normal -0 0 1
    outer loop
      vertex 25.3106 1.71644 6
      vertex 25.7676 0.869744 6
      vertex 25.3721 1.77325 6
    endloop
  endfacet
  facet normal -0 0 1
    outer loop
      vertex 25.2393 1.65322 6
      vertex 25.7676 0.869744 6
      vertex 25.3106 1.71644 6
    endloop
  endfacet
  facet normal -0 0 1
    outer loop
      vertex 25.1583 1.5836 6
      vertex 25.7676 0.869744 6
      vertex 25.2393 1.65322 6
    endloop
  endfacet
  facet normal -0 0 1
    outer loop
      vertex 25.0676 1.50756 6
      vertex 25.7676 0.869744 6
      vertex 25.1583 1.5836 6
    endloop
  endfacet
  facet normal -0 0 1
    outer loop
      vertex 24.9672 1.42513 6
      vertex 25.7676 0.869744 6
      vertex 25.0676 1.50756 6
    endloop
  endfacet
  facet normal -0 0 1
    outer loop
      vertex 24.9109 1.37844 6
      vertex 25.7676 0.869744 6
      vertex 24.9672 1.42513 6
    endloop
  endfacet
  facet normal -0 0 1
    outer loop
      vertex 24.858 1.33309 6
      vertex 25.7676 0.869744 6
      vertex 24.9109 1.37844 6
    endloop
  endfacet
  facet normal -0 0 1
    outer loop
      vertex 24.8086 1.28907 6
      vertex 25.7676 0.869744 6
      vertex 24.858 1.33309 6
    endloop
  endfacet
  facet normal -0 0 1
    outer loop
      vertex 24.7625 1.24638 6
      vertex 25.7676 0.869744 6
      vertex 24.8086 1.28907 6
    endloop
  endfacet
  facet normal -0 0 1
    outer loop
      vertex 24.7198 1.20501 6
      vertex 25.7676 0.869744 6
      vertex 24.7625 1.24638 6
    endloop
  endfacet
  facet normal -0 0 1
    outer loop
      vertex 24.6804 1.16499 6
      vertex 25.7676 0.869744 6
      vertex 24.7198 1.20501 6
    endloop
  endfacet
  facet normal -0 0 1
    outer loop
      vertex 24.6445 1.12629 6
      vertex 25.7676 0.869744 6
      vertex 24.6804 1.16499 6
    endloop
  endfacet
  facet normal -0 0 1
    outer loop
      vertex 24.6116 1.08845 6
      vertex 25.7676 0.869744 6
      vertex 24.6445 1.12629 6
    endloop
  endfacet
  facet normal -0 0 1
    outer loop
      vertex 24.5815 1.051 6
      vertex 25.7676 0.869744 6
      vertex 24.6116 1.08845 6
    endloop
  endfacet
  facet normal -0 0 1
    outer loop
      vertex 24.554 1.01396 6
      vertex 25.7676 0.869744 6
      vertex 24.5815 1.051 6
    endloop
  endfacet
  facet normal -0 0 1
    outer loop
      vertex 24.5294 0.977319 6
      vertex 25.7676 0.869744 6
      vertex 24.554 1.01396 6
    endloop
  endfacet
  facet normal -0 0 1
    outer loop
      vertex 24.5074 0.941064 6
      vertex 25.7676 0.869744 6
      vertex 24.5294 0.977319 6
    endloop
  endfacet
  facet normal -0 0 1
    outer loop
      vertex 24.4882 0.905206 6
      vertex 25.7676 0.869744 6
      vertex 24.5074 0.941064 6
    endloop
  endfacet
  facet normal 0 0 1
    outer loop
      vertex 25.7676 0.869744 6
      vertex 24.4882 0.905206 6
      vertex 24.4717 0.869744 6
    endloop
  endfacet
  facet normal -0 0 1
    outer loop
      vertex 24.3653 6.52399 6
      vertex 25.2395 3.08872 6
      vertex 24.4243 6.57574 6
    endloop
  endfacet
  facet normal 0 0 1
    outer loop
      vertex 25.2395 3.08872 6
      vertex 24.3653 6.52399 6
      vertex 25.1499 3.1068 6
    endloop
  endfacet
  facet normal -0 0 1
    outer loop
      vertex 24.3 6.48038 6
      vertex 25.1499 3.1068 6
      vertex 24.3653 6.52399 6
    endloop
  endfacet
  facet normal 0 0 1
    outer loop
      vertex 25.1499 3.1068 6
      vertex 24.3 6.48038 6
      vertex 25.0533 3.11765 6
    endloop
  endfacet
  facet normal 0 0 1
    outer loop
      vertex 25.0533 3.11765 6
      vertex 24.3 6.48038 6
      vertex 24.9495 3.12127 6
    endloop
  endfacet
  facet normal -0 0 1
    outer loop
      vertex 24.2296 6.44567 6
      vertex 24.9495 3.12127 6
      vertex 24.3 6.48038 6
    endloop
  endfacet
  facet normal 0 0 1
    outer loop
      vertex 24.9495 3.12127 6
      vertex 24.2296 6.44567 6
      vertex 24.8543 3.11767 6
    endloop
  endfacet
  facet normal -0 0 1
    outer loop
      vertex 24.1553 6.42044 6
      vertex 24.8543 3.11767 6
      vertex 24.2296 6.44567 6
    endloop
  endfacet
  facet normal 0 0 1
    outer loop
      vertex 24.8543 3.11767 6
      vertex 24.1553 6.42044 6
      vertex 24.7642 3.10687 6
    endloop
  endfacet
  facet normal -0 0 1
    outer loop
      vertex 24.0783 6.40513 6
      vertex 24.7642 3.10687 6
      vertex 24.1553 6.42044 6
    endloop
  endfacet
  facet normal 0 0 1
    outer loop
      vertex 24.7642 3.10687 6
      vertex 24.0783 6.40513 6
      vertex 24.6792 3.08888 6
    endloop
  endfacet
  facet normal -0 0 1
    outer loop
      vertex 24 6.4 6
      vertex 24.6792 3.08888 6
      vertex 24.0783 6.40513 6
    endloop
  endfacet
  facet normal 0 0 1
    outer loop
      vertex 24.6792 3.08888 6
      vertex 24 6.4 6
      vertex 24.5992 3.06368 6
    endloop
  endfacet
  facet normal 0 0 1
    outer loop
      vertex 24.5992 3.06368 6
      vertex 24 6.4 6
      vertex 24.5243 3.0313 6
    endloop
  endfacet
  facet normal 0 0 1
    outer loop
      vertex 23.9217 6.40513 6
      vertex 24.5243 3.0313 6
      vertex 24 6.4 6
    endloop
  endfacet
  facet normal 0 0 1
    outer loop
      vertex 24.5243 3.0313 6
      vertex 23.9217 6.40513 6
      vertex 24.4545 2.99171 6
    endloop
  endfacet
  facet normal 0 0 1
    outer loop
      vertex 23.8447 6.42044 6
      vertex 24.4545 2.99171 6
      vertex 23.9217 6.40513 6
    endloop
  endfacet
  facet normal -0 0 1
    outer loop
      vertex 22.2271 3.08424 6
      vertex 24.4545 2.99171 6
      vertex 23.8447 6.42044 6
    endloop
  endfacet
  facet normal 0 0 1
    outer loop
      vertex 22.2271 3.08424 6
      vertex 23.8447 6.42044 6
      vertex 23.7704 6.44567 6
    endloop
  endfacet
  facet normal 0 0 1
    outer loop
      vertex 24.4545 2.99171 6
      vertex 22.2271 3.08424 6
      vertex 24.3897 2.94492 6
    endloop
  endfacet
  facet normal 0 0 1
    outer loop
      vertex 22.2271 3.08424 6
      vertex 23.7704 6.44567 6
      vertex 23.7 6.48038 6
    endloop
  endfacet
  facet normal 0 0 1
    outer loop
      vertex 24.3897 2.94492 6
      vertex 22.2271 3.08424 6
      vertex 24.3312 2.89208 6
    endloop
  endfacet
  facet normal 0 0 1
    outer loop
      vertex 24.1367 2.47067 6
      vertex 23.6348 0.986123 6
      vertex 24.1226 0.823907 6
    endloop
  endfacet
  facet normal 0 0 1
    outer loop
      vertex 22.2271 3.08424 6
      vertex 23.7 6.48038 6
      vertex 23.6347 6.52399 6
    endloop
  endfacet
  facet normal 0 0 1
    outer loop
      vertex 25.0086 2.85803 6
      vertex 25.4026 2.43011 6
      vertex 25.4002 2.48667 6
    endloop
  endfacet
  facet normal 0 0 1
    outer loop
      vertex 25.4026 2.43011 6
      vertex 25.0086 2.85803 6
      vertex 25.4012 2.38743 6
    endloop
  endfacet
  facet normal 0 0 1
    outer loop
      vertex 25.0638 2.85111 6
      vertex 25.4002 2.48667 6
      vertex 25.3929 2.5395 6
    endloop
  endfacet
  facet normal 0 0 1
    outer loop
      vertex 24.9495 2.86033 6
      vertex 25.4012 2.38743 6
      vertex 25.0086 2.85803 6
    endloop
  endfacet
  facet normal 0 0 1
    outer loop
      vertex 25.1152 2.83961 6
      vertex 25.3929 2.5395 6
      vertex 25.3806 2.58859 6
    endloop
  endfacet
  facet normal 0 0 1
    outer loop
      vertex 25.4012 2.38743 6
      vertex 24.9495 2.86033 6
      vertex 25.397 2.34606 6
    endloop
  endfacet
  facet normal 0 0 1
    outer loop
      vertex 25.397 2.34606 6
      vertex 24.9495 2.86033 6
      vertex 25.3899 2.30598 6
    endloop
  endfacet
  facet normal 0 0 1
    outer loop
      vertex 25.1152 2.83961 6
      vertex 25.3806 2.58859 6
      vertex 25.3635 2.63392 6
    endloop
  endfacet
  facet normal 0 0 1
    outer loop
      vertex 25.4002 2.48667 6
      vertex 25.0638 2.85111 6
      vertex 25.0086 2.85803 6
    endloop
  endfacet
  facet normal 0 0 1
    outer loop
      vertex 25.1152 2.83961 6
      vertex 25.3635 2.63392 6
      vertex 25.3415 2.67552 6
    endloop
  endfacet
  facet normal 0 0 1
    outer loop
      vertex 25.3899 2.30598 6
      vertex 24.9495 2.86033 6
      vertex 25.3799 2.26719 6
    endloop
  endfacet
  facet normal 0 0 1
    outer loop
      vertex 25.1152 2.83961 6
      vertex 25.3415 2.67552 6
      vertex 25.3146 2.71337 6
    endloop
  endfacet
  facet normal 0 0 1
    outer loop
      vertex 25.3799 2.26719 6
      vertex 24.9495 2.86033 6
      vertex 25.3671 2.2297 6
    endloop
  endfacet
  facet normal -0 0 1
    outer loop
      vertex 24.8931 2.85807 6
      vertex 25.3671 2.2297 6
      vertex 24.9495 2.86033 6
    endloop
  endfacet
  facet normal 0 0 1
    outer loop
      vertex 25.1152 2.83961 6
      vertex 25.3146 2.71337 6
      vertex 25.2827 2.74749 6
    endloop
  endfacet
  facet normal 0 0 1
    outer loop
      vertex 25.3929 2.5395 6
      vertex 25.1152 2.83961 6
      vertex 25.0638 2.85111 6
    endloop
  endfacet
  facet normal 0 0 1
    outer loop
      vertex 25.1152 2.83961 6
      vertex 25.2827 2.74749 6
      vertex 25.2466 2.77743 6
    endloop
  endfacet
  facet normal 0 0 1
    outer loop
      vertex 25.3671 2.2297 6
      vertex 24.8931 2.85807 6
      vertex 25.3515 2.19349 6
    endloop
  endfacet
  facet normal 0 0 1
    outer loop
      vertex 25.3515 2.19349 6
      vertex 24.8931 2.85807 6
      vertex 25.333 2.15859 6
    endloop
  endfacet
  facet normal 0 0 1
    outer loop
      vertex 25.1152 2.83961 6
      vertex 25.2466 2.77743 6
      vertex 25.2066 2.80276 6
    endloop
  endfacet
  facet normal -0 0 1
    outer loop
      vertex 24.4612 2.44068 6
      vertex 25.333 2.15859 6
      vertex 24.8931 2.85807 6
    endloop
  endfacet
  facet normal 0 0 1
    outer loop
      vertex 25.1152 2.83961 6
      vertex 25.2066 2.80276 6
      vertex 25.1628 2.82348 6
    endloop
  endfacet
  facet normal 0 0 1
    outer loop
      vertex 25.333 2.15859 6
      vertex 24.4612 2.44068 6
      vertex 25.3122 2.12455 6
    endloop
  endfacet
  facet normal 0 0 1
    outer loop
      vertex 25.3122 2.12455 6
      vertex 24.4612 2.44068 6
      vertex 25.2897 2.09094 6
    endloop
  endfacet
  facet normal 0 0 1
    outer loop
      vertex 25.2897 2.09094 6
      vertex 24.4612 2.44068 6
      vertex 25.2654 2.05776 6
    endloop
  endfacet
  facet normal 0 0 1
    outer loop
      vertex 25.2654 2.05776 6
      vertex 24.4612 2.44068 6
      vertex 25.2393 2.02502 6
    endloop
  endfacet
  facet normal 0 0 1
    outer loop
      vertex 25.2115 1.99271 6
      vertex 24.4612 2.44068 6
      vertex 25.1819 1.96082 6
    endloop
  endfacet
  facet normal 0 0 1
    outer loop
      vertex 25.1819 1.96082 6
      vertex 24.4612 2.44068 6
      vertex 25.1505 1.92938 6
    endloop
  endfacet
  facet normal 0 0 1
    outer loop
      vertex 25.0838 1.86691 6
      vertex 24.4612 2.44068 6
      vertex 25.0488 1.83569 6
    endloop
  endfacet
  facet normal 0 0 1
    outer loop
      vertex 25.1177 1.89814 6
      vertex 24.4612 2.44068 6
      vertex 25.0838 1.86691 6
    endloop
  endfacet
  facet normal 0 0 1
    outer loop
      vertex 25.0488 1.83569 6
      vertex 24.4612 2.44068 6
      vertex 25.0126 1.80445 6
    endloop
  endfacet
  facet normal 0 0 1
    outer loop
      vertex 25.1505 1.92938 6
      vertex 24.4612 2.44068 6
      vertex 25.1177 1.89814 6
    endloop
  endfacet
  facet normal 0 0 1
    outer loop
      vertex 25.0126 1.80445 6
      vertex 24.4612 2.44068 6
      vertex 24.9754 1.77322 6
    endloop
  endfacet
  facet normal 0 0 1
    outer loop
      vertex 24.9754 1.77322 6
      vertex 24.4612 2.44068 6
      vertex 24.937 1.742 6
    endloop
  endfacet
  facet normal 0 0 1
    outer loop
      vertex 25.2393 2.02502 6
      vertex 24.4612 2.44068 6
      vertex 25.2115 1.99271 6
    endloop
  endfacet
  facet normal 0 0 1
    outer loop
      vertex 24.937 1.742 6
      vertex 24.4612 2.44068 6
      vertex 24.8975 1.71076 6
    endloop
  endfacet
  facet normal 0 0 1
    outer loop
      vertex 24.4612 2.44068 6
      vertex 24.8931 2.85807 6
      vertex 24.8395 2.85133 6
    endloop
  endfacet
  facet normal 0 0 1
    outer loop
      vertex 24.8975 1.71076 6
      vertex 24.4612 2.44068 6
      vertex 24.8574 1.67916 6
    endloop
  endfacet
  facet normal 0 0 1
    outer loop
      vertex 24.4699 2.4958 6
      vertex 24.8395 2.85133 6
      vertex 24.7888 2.84008 6
    endloop
  endfacet
  facet normal 0 0 1
    outer loop
      vertex 24.8574 1.67916 6
      vertex 24.4612 2.44068 6
      vertex 24.8172 1.6468 6
    endloop
  endfacet
  facet normal 0 0 1
    outer loop
      vertex 24.4699 2.4958 6
      vertex 24.7888 2.84008 6
      vertex 24.7411 2.82433 6
    endloop
  endfacet
  facet normal 0 0 1
    outer loop
      vertex 24.8172 1.6468 6
      vertex 24.4612 2.44068 6
      vertex 24.7769 1.61367 6
    endloop
  endfacet
  facet normal 0 0 1
    outer loop
      vertex 24.4831 2.54727 6
      vertex 24.7411 2.82433 6
      vertex 24.6963 2.8041 6
    endloop
  endfacet
  facet normal 0 0 1
    outer loop
      vertex 24.7769 1.61367 6
      vertex 24.4612 2.44068 6
      vertex 24.7365 1.5798 6
    endloop
  endfacet
  facet normal 0 0 1
    outer loop
      vertex 24.7365 1.5798 6
      vertex 24.4612 2.44068 6
      vertex 24.6959 1.54516 6
    endloop
  endfacet
  facet normal 0 0 1
    outer loop
      vertex 24.4831 2.54727 6
      vertex 24.6963 2.8041 6
      vertex 24.6544 2.77935 6
    endloop
  endfacet
  facet normal 0 0 1
    outer loop
      vertex 24.4831 2.54727 6
      vertex 24.6544 2.77935 6
      vertex 24.6154 2.75012 6
    endloop
  endfacet
  facet normal 0 0 1
    outer loop
      vertex 24.6959 1.54516 6
      vertex 24.4612 2.44068 6
      vertex 24.6553 1.50976 6
    endloop
  endfacet
  facet normal 0 0 1
    outer loop
      vertex 24.4831 2.54727 6
      vertex 24.6154 2.75012 6
      vertex 24.5801 2.71682 6
    endloop
  endfacet
  facet normal 0 0 1
    outer loop
      vertex 24.6553 1.50976 6
      vertex 24.4612 2.44068 6
      vertex 24.6145 1.47361 6
    endloop
  endfacet
  facet normal 0 0 1
    outer loop
      vertex 24.4831 2.54727 6
      vertex 24.5801 2.71682 6
      vertex 24.5492 2.67988 6
    endloop
  endfacet
  facet normal 0 0 1
    outer loop
      vertex 24.1367 2.47067 6
      vertex 24.6145 1.47361 6
      vertex 24.4612 2.44068 6
    endloop
  endfacet
  facet normal 0 0 1
    outer loop
      vertex 24.4831 2.54727 6
      vertex 24.5492 2.67988 6
      vertex 24.5227 2.63931 6
    endloop
  endfacet
  facet normal 0 0 1
    outer loop
      vertex 24.4831 2.54727 6
      vertex 24.5227 2.63931 6
      vertex 24.5007 2.5951 6
    endloop
  endfacet
  facet normal 0 0 1
    outer loop
      vertex 24.6145 1.47361 6
      vertex 24.1367 2.47067 6
      vertex 24.574 1.43649 6
    endloop
  endfacet
  facet normal 0 0 1
    outer loop
      vertex 24.7411 2.82433 6
      vertex 24.4831 2.54727 6
      vertex 24.4699 2.4958 6
    endloop
  endfacet
  facet normal 0 0 1
    outer loop
      vertex 24.8395 2.85133 6
      vertex 24.4699 2.4958 6
      vertex 24.4612 2.44068 6
    endloop
  endfacet
  facet normal 0 0 1
    outer loop
      vertex 24.574 1.43649 6
      vertex 24.1367 2.47067 6
      vertex 24.534 1.39813 6
    endloop
  endfacet
  facet normal 0 0 1
    outer loop
      vertex 24.534 1.39813 6
      vertex 24.1367 2.47067 6
      vertex 24.4946 1.35854 6
    endloop
  endfacet
  facet normal 0 0 1
    outer loop
      vertex 24.4946 1.35854 6
      vertex 24.1367 2.47067 6
      vertex 24.4556 1.31774 6
    endloop
  endfacet
  facet normal 0 0 1
    outer loop
      vertex 24.4556 1.31774 6
      vertex 24.1367 2.47067 6
      vertex 24.4173 1.27572 6
    endloop
  endfacet
  facet normal 0 0 1
    outer loop
      vertex 24.4173 1.27572 6
      vertex 24.1367 2.47067 6
      vertex 24.3794 1.23246 6
    endloop
  endfacet
  facet normal 0 0 1
    outer loop
      vertex 24.3794 1.23246 6
      vertex 24.1367 2.47067 6
      vertex 24.3421 1.18798 6
    endloop
  endfacet
  facet normal 0 0 1
    outer loop
      vertex 24.3421 1.18798 6
      vertex 24.1367 2.47067 6
      vertex 24.3059 1.14192 6
    endloop
  endfacet
  facet normal 0 0 1
    outer loop
      vertex 24.3059 1.14192 6
      vertex 24.1367 2.47067 6
      vertex 24.2713 1.09385 6
    endloop
  endfacet
  facet normal 0 0 1
    outer loop
      vertex 24.2713 1.09385 6
      vertex 24.1367 2.47067 6
      vertex 24.2383 1.04382 6
    endloop
  endfacet
  facet normal 0 0 1
    outer loop
      vertex 24.2383 1.04382 6
      vertex 24.1367 2.47067 6
      vertex 24.207 0.991815 6
    endloop
  endfacet
  facet normal 0 0 1
    outer loop
      vertex 24.207 0.991815 6
      vertex 24.1367 2.47067 6
      vertex 24.1772 0.937829 6
    endloop
  endfacet
  facet normal 0 0 1
    outer loop
      vertex 24.1772 0.937829 6
      vertex 24.1367 2.47067 6
      vertex 24.1491 0.88186 6
    endloop
  endfacet
  facet normal 0 0 1
    outer loop
      vertex 24.1491 0.88186 6
      vertex 24.1367 2.47067 6
      vertex 24.1226 0.823907 6
    endloop
  endfacet
  facet normal 0 0 1
    outer loop
      vertex 41.1611 3.08424 6
      vertex 38.2271 3.08424 6
      vertex 40.0239 1.40926 6
    endloop
  endfacet
  facet normal 0 0 1
    outer loop
      vertex 38.2271 3.08424 6
      vertex 39.5739 6.44465 6
      vertex 39.505 6.50502 6
    endloop
  endfacet
  facet normal 0 0 1
    outer loop
      vertex 37.9345 3.08424 6
      vertex 39.505 6.50502 6
      vertex 39.4447 6.57387 6
    endloop
  endfacet
  facet normal 0 0 1
    outer loop
      vertex 37.9345 3.08424 6
      vertex 39.4447 6.57387 6
      vertex 39.3938 6.65 6
    endloop
  endfacet
  facet normal 0 0 1
    outer loop
      vertex 37.9345 3.08424 6
      vertex 39.3938 6.65 6
      vertex 39.3533 6.73212 6
    endloop
  endfacet
  facet normal 0 0 1
    outer loop
      vertex 37.9345 3.08424 6
      vertex 39.3533 6.73212 6
      vertex 39.3239 6.81883 6
    endloop
  endfacet
  facet normal -0 0 1
    outer loop
      vertex 32.6279 6.83177 6
      vertex 39.3239 6.81883 6
      vertex 39.306 6.90863 6
    endloop
  endfacet
  facet normal -0 0 1
    outer loop
      vertex 32.6444 6.91516 6
      vertex 39.306 6.90863 6
      vertex 39.3 7 6
    endloop
  endfacet
  facet normal 0 -0 1
    outer loop
      vertex 39.2909 0.986123 6
      vertex 40.0239 1.40926 6
      vertex 38.2271 3.08424 6
    endloop
  endfacet
  facet normal 0 0 1
    outer loop
      vertex 38.8319 0.869744 6
      vertex 38.2271 3.08424 6
      vertex 38.2271 0.869744 6
    endloop
  endfacet
  facet normal -0 0 1
    outer loop
      vertex 37.3473 2.38076 6
      vertex 37.908 0.869744 6
      vertex 37.908 2.78097 6
    endloop
  endfacet
  facet normal 0 0 1
    outer loop
      vertex 37.908 0.869744 6
      vertex 37.3473 2.38076 6
      vertex 37.275 0.869744 6
    endloop
  endfacet
  facet normal 0 0 1
    outer loop
      vertex 37.3473 2.38076 6
      vertex 33.7109 2.33488 6
      vertex 33.762 1.47497 6
    endloop
  endfacet
  facet normal -0 0 1
    outer loop
      vertex 33.6973 2.27595 6
      vertex 33.762 1.47497 6
      vertex 33.7109 2.33488 6
    endloop
  endfacet
  facet normal 0 0 1
    outer loop
      vertex 33.762 1.47497 6
      vertex 33.6973 2.27595 6
      vertex 33.7399 1.5314 6
    endloop
  endfacet
  facet normal -0 0 1
    outer loop
      vertex 33.6783 2.22067 6
      vertex 33.7399 1.5314 6
      vertex 33.6973 2.27595 6
    endloop
  endfacet
  facet normal 0 0 1
    outer loop
      vertex 33.7399 1.5314 6
      vertex 33.6783 2.22067 6
      vertex 33.7113 1.5845 6
    endloop
  endfacet
  facet normal -0 0 1
    outer loop
      vertex 33.6539 2.16901 6
      vertex 33.7113 1.5845 6
      vertex 33.6783 2.22067 6
    endloop
  endfacet
  facet normal 0 0 1
    outer loop
      vertex 33.7113 1.5845 6
      vertex 33.6539 2.16901 6
      vertex 33.6765 1.6343 6
    endloop
  endfacet
  facet normal -0 0 1
    outer loop
      vertex 33.624 2.121 6
      vertex 33.6765 1.6343 6
      vertex 33.6539 2.16901 6
    endloop
  endfacet
  facet normal 0 0 1
    outer loop
      vertex 33.6765 1.6343 6
      vertex 33.624 2.121 6
      vertex 33.6354 1.68078 6
    endloop
  endfacet
  facet normal -0 0 1
    outer loop
      vertex 33.5887 2.07661 6
      vertex 33.6354 1.68078 6
      vertex 33.624 2.121 6
    endloop
  endfacet
  facet normal 0 0 1
    outer loop
      vertex 33.5887 2.07661 6
      vertex 33.5885 1.72303 6
      vertex 33.6354 1.68078 6
    endloop
  endfacet
  facet normal -0 0 1
    outer loop
      vertex 33.5482 2.036 6
      vertex 33.5885 1.72303 6
      vertex 33.5887 2.07661 6
    endloop
  endfacet
  facet normal 0 0 1
    outer loop
      vertex 33.5482 2.036 6
      vertex 33.5366 1.76008 6
      vertex 33.5885 1.72303 6
    endloop
  endfacet
  facet normal -0 0 1
    outer loop
      vertex 33.5027 1.99932 6
      vertex 33.5366 1.76008 6
      vertex 33.5482 2.036 6
    endloop
  endfacet
  facet normal 0 0 1
    outer loop
      vertex 33.5027 1.99932 6
      vertex 33.4797 1.79197 6
      vertex 33.5366 1.76008 6
    endloop
  endfacet
  facet normal -0 0 1
    outer loop
      vertex 33.4524 1.96656 6
      vertex 33.4797 1.79197 6
      vertex 33.5027 1.99932 6
    endloop
  endfacet
  facet normal 0 0 1
    outer loop
      vertex 33.4524 1.96656 6
      vertex 33.4178 1.81866 6
      vertex 33.4797 1.79197 6
    endloop
  endfacet
  facet normal -0 0 1
    outer loop
      vertex 33.3971 1.93772 6
      vertex 33.4178 1.81866 6
      vertex 33.4524 1.96656 6
    endloop
  endfacet
  facet normal 0 0 1
    outer loop
      vertex 33.3971 1.93772 6
      vertex 33.3508 1.84019 6
      vertex 33.4178 1.81866 6
    endloop
  endfacet
  facet normal -0 0 1
    outer loop
      vertex 33.3369 1.91279 6
      vertex 33.3508 1.84019 6
      vertex 33.3971 1.93772 6
    endloop
  endfacet
  facet normal 0 0 1
    outer loop
      vertex 33.3369 1.91279 6
      vertex 33.2787 1.85651 6
      vertex 33.3508 1.84019 6
    endloop
  endfacet
  facet normal -0 0 1
    outer loop
      vertex 33.2717 1.89179 6
      vertex 33.2787 1.85651 6
      vertex 33.3369 1.91279 6
    endloop
  endfacet
  facet normal 0 0 1
    outer loop
      vertex 33.2016 1.86767 6
      vertex 33.2717 1.89179 6
      vertex 33.2016 1.87472 6
    endloop
  endfacet
  facet normal 0 0 1
    outer loop
      vertex 33.2717 1.89179 6
      vertex 33.2016 1.86767 6
      vertex 33.2787 1.85651 6
    endloop
  endfacet
  facet normal -0 0 1
    outer loop
      vertex 32.3957 6.48432 6
      vertex 33.2234 3.08936 6
      vertex 32.4596 6.54038 6
    endloop
  endfacet
  facet normal 0 0 1
    outer loop
      vertex 33.2234 3.08936 6
      vertex 32.3957 6.48432 6
      vertex 33.1336 3.10708 6
    endloop
  endfacet
  facet normal -0 0 1
    outer loop
      vertex 32.325 6.43708 6
      vertex 33.1336 3.10708 6
      vertex 32.3957 6.48432 6
    endloop
  endfacet
  facet normal 0 0 1
    outer loop
      vertex 33.1336 3.10708 6
      vertex 32.325 6.43708 6
      vertex 33.037 3.11771 6
    endloop
  endfacet
  facet normal 0 0 1
    outer loop
      vertex 33.037 3.11771 6
      vertex 32.325 6.43708 6
      vertex 32.9336 3.12127 6
    endloop
  endfacet
  facet normal -0 0 1
    outer loop
      vertex 32.2487 6.39948 6
      vertex 32.9336 3.12127 6
      vertex 32.325 6.43708 6
    endloop
  endfacet
  facet normal 0 0 1
    outer loop
      vertex 32.9336 3.12127 6
      vertex 32.2487 6.39948 6
      vertex 32.8385 3.11778 6
    endloop
  endfacet
  facet normal -0 0 1
    outer loop
      vertex 32.1682 6.37215 6
      vertex 32.8385 3.11778 6
      vertex 32.2487 6.39948 6
    endloop
  endfacet
  facet normal 0 0 1
    outer loop
      vertex 32.8385 3.11778 6
      vertex 32.1682 6.37215 6
      vertex 32.7483 3.10731 6
    endloop
  endfacet
  facet normal -0 0 1
    outer loop
      vertex 32.0848 6.35556 6
      vertex 32.7483 3.10731 6
      vertex 32.1682 6.37215 6
    endloop
  endfacet
  facet normal 0 0 1
    outer loop
      vertex 32.7483 3.10731 6
      vertex 32.0848 6.35556 6
      vertex 32.6633 3.08985 6
    endloop
  endfacet
  facet normal -0 0 1
    outer loop
      vertex 32 6.35 6
      vertex 32.6633 3.08985 6
      vertex 32.0848 6.35556 6
    endloop
  endfacet
  facet normal 0 0 1
    outer loop
      vertex 32.6633 3.08985 6
      vertex 32 6.35 6
      vertex 32.5833 3.06542 6
    endloop
  endfacet
  facet normal 0 0 1
    outer loop
      vertex 32.5833 3.06542 6
      vertex 32 6.35 6
      vertex 32.5084 3.03401 6
    endloop
  endfacet
  facet normal 0 0 1
    outer loop
      vertex 31.9152 6.35556 6
      vertex 32.5084 3.03401 6
      vertex 32 6.35 6
    endloop
  endfacet
  facet normal 0 0 1
    outer loop
      vertex 32.5084 3.03401 6
      vertex 31.9152 6.35556 6
      vertex 32.4386 2.99561 6
    endloop
  endfacet
  facet normal 0 0 1
    outer loop
      vertex 31.8318 6.37215 6
      vertex 32.4386 2.99561 6
      vertex 31.9152 6.35556 6
    endloop
  endfacet
  facet normal -0 0 1
    outer loop
      vertex 30.2271 3.08424 6
      vertex 32.4386 2.99561 6
      vertex 31.8318 6.37215 6
    endloop
  endfacet
  facet normal 0 0 1
    outer loop
      vertex 30.2271 3.08424 6
      vertex 31.8318 6.37215 6
      vertex 31.7513 6.39948 6
    endloop
  endfacet
  facet normal 0 0 1
    outer loop
      vertex 32.4386 2.99561 6
      vertex 30.2271 3.08424 6
      vertex 32.3739 2.95023 6
    endloop
  endfacet
  facet normal 0 0 1
    outer loop
      vertex 30.2271 3.08424 6
      vertex 31.7513 6.39948 6
      vertex 31.675 6.43708 6
    endloop
  endfacet
  facet normal 0 0 1
    outer loop
      vertex 32.3739 2.95023 6
      vertex 30.2271 3.08424 6
      vertex 32.3154 2.89863 6
    endloop
  endfacet
  facet normal 0 0 1
    outer loop
      vertex 33.1072 2.03881 6
      vertex 33.3956 2.43011 6
      vertex 33.3932 2.48531 6
    endloop
  endfacet
  facet normal 0 0 1
    outer loop
      vertex 33.0528 2.8509 6
      vertex 33.3932 2.48531 6
      vertex 33.386 2.53712 6
    endloop
  endfacet
  facet normal 0 0 1
    outer loop
      vertex 33.3956 2.43011 6
      vertex 33.1602 2.0597 6
      vertex 33.3927 2.37446 6
    endloop
  endfacet
  facet normal 0 0 1
    outer loop
      vertex 33.1072 2.83912 6
      vertex 33.386 2.53712 6
      vertex 33.374 2.5855 6
    endloop
  endfacet
  facet normal 0 -0 1
    outer loop
      vertex 33.2084 2.08523 6
      vertex 33.3927 2.37446 6
      vertex 33.1602 2.0597 6
    endloop
  endfacet
  facet normal 0 0 1
    outer loop
      vertex 33.157 2.82261 6
      vertex 33.374 2.5855 6
      vertex 33.3573 2.63046 6
    endloop
  endfacet
  facet normal 0 0 1
    outer loop
      vertex 33.386 2.53712 6
      vertex 33.1072 2.83912 6
      vertex 33.0528 2.8509 6
    endloop
  endfacet
  facet normal 0 0 1
    outer loop
      vertex 33.157 2.82261 6
      vertex 33.3573 2.63046 6
      vertex 33.3358 2.67201 6
    endloop
  endfacet
  facet normal 0 -0 1
    outer loop
      vertex 33.1072 2.03881 6
      vertex 33.3932 2.48531 6
      vertex 33.0528 2.8509 6
    endloop
  endfacet
  facet normal 0 0 1
    outer loop
      vertex 33.157 2.82261 6
      vertex 33.3358 2.67201 6
      vertex 33.3094 2.71012 6
    endloop
  endfacet
  facet normal 0 0 1
    outer loop
      vertex 33.3839 2.32238 6
      vertex 33.2519 2.1154 6
      vertex 33.3692 2.27386 6
    endloop
  endfacet
  facet normal 0 0 1
    outer loop
      vertex 33.157 2.82261 6
      vertex 33.3094 2.71012 6
      vertex 33.2783 2.74484 6
    endloop
  endfacet
  facet normal 0 0 1
    outer loop
      vertex 33.3487 2.22891 6
      vertex 33.2519 2.1154 6
      vertex 33.3223 2.18751 6
    endloop
  endfacet
  facet normal 0 0 1
    outer loop
      vertex 33.157 2.82261 6
      vertex 33.2783 2.74484 6
      vertex 33.2425 2.77548 6
    endloop
  endfacet
  facet normal 0 0 1
    outer loop
      vertex 33.374 2.5855 6
      vertex 33.157 2.82261 6
      vertex 33.1072 2.83912 6
    endloop
  endfacet
  facet normal 0 0 1
    outer loop
      vertex 33.157 2.82261 6
      vertex 33.2425 2.77548 6
      vertex 33.2021 2.8014 6
    endloop
  endfacet
  facet normal 0 0 1
    outer loop
      vertex 33.3223 2.18751 6
      vertex 33.2519 2.1154 6
      vertex 33.29 2.14968 6
    endloop
  endfacet
  facet normal 0 0 1
    outer loop
      vertex 33.3692 2.27386 6
      vertex 33.2519 2.1154 6
      vertex 33.3487 2.22891 6
    endloop
  endfacet
  facet normal 0 -0 1
    outer loop
      vertex 33.2519 2.1154 6
      vertex 33.3839 2.32238 6
      vertex 33.2084 2.08523 6
    endloop
  endfacet
  facet normal 0 0 1
    outer loop
      vertex 33.3927 2.37446 6
      vertex 33.2084 2.08523 6
      vertex 33.3839 2.32238 6
    endloop
  endfacet
  facet normal 0 0 1
    outer loop
      vertex 33.3956 2.43011 6
      vertex 33.1072 2.03881 6
      vertex 33.1602 2.0597 6
    endloop
  endfacet
  facet normal 0 0 1
    outer loop
      vertex 32.9938 2.85796 6
      vertex 33.1072 2.03881 6
      vertex 33.0528 2.8509 6
    endloop
  endfacet
  facet normal 0 0 1
    outer loop
      vertex 33.1072 2.03881 6
      vertex 32.9938 2.85796 6
      vertex 33.0494 2.02256 6
    endloop
  endfacet
  facet normal 0 0 1
    outer loop
      vertex 32.9301 2.86033 6
      vertex 33.0494 2.02256 6
      vertex 32.9938 2.85796 6
    endloop
  endfacet
  facet normal 0 0 1
    outer loop
      vertex 33.0494 2.02256 6
      vertex 32.9301 2.86033 6
      vertex 32.9868 2.01096 6
    endloop
  endfacet
  facet normal -0 0 1
    outer loop
      vertex 32.8718 2.85813 6
      vertex 32.9868 2.01096 6
      vertex 32.9301 2.86033 6
    endloop
  endfacet
  facet normal 0 0 1
    outer loop
      vertex 32.9868 2.01096 6
      vertex 32.8718 2.85813 6
      vertex 32.9194 2.00399 6
    endloop
  endfacet
  facet normal -0 0 1
    outer loop
      vertex 32.8168 2.85154 6
      vertex 32.9194 2.00399 6
      vertex 32.8718 2.85813 6
    endloop
  endfacet
  facet normal -0 0 1
    outer loop
      vertex 32.765 2.84057 6
      vertex 32.9194 2.00399 6
      vertex 32.8168 2.85154 6
    endloop
  endfacet
  facet normal 0 0 1
    outer loop
      vertex 32.9194 2.00399 6
      vertex 32.765 2.84057 6
      vertex 32.8473 2.00167 6
    endloop
  endfacet
  facet normal -0 0 1
    outer loop
      vertex 32.7165 2.8252 6
      vertex 32.8473 2.00167 6
      vertex 32.765 2.84057 6
    endloop
  endfacet
  facet normal -0 0 1
    outer loop
      vertex 32.44 2.4495 6
      vertex 32.8473 2.00167 6
      vertex 32.7165 2.8252 6
    endloop
  endfacet
  facet normal 0 0 1
    outer loop
      vertex 32.8473 2.00167 6
      vertex 32.44 2.4495 6
      vertex 32.6745 2.00167 6
    endloop
  endfacet
  facet normal 0 0 1
    outer loop
      vertex 32.44 2.4495 6
      vertex 32.7165 2.8252 6
      vertex 32.6713 2.80544 6
    endloop
  endfacet
  facet normal 0 0 1
    outer loop
      vertex 33.2574 1.64307 6
      vertex 33.4608 1.29643 6
      vertex 33.4576 1.35253 6
    endloop
  endfacet
  facet normal 0 0 1
    outer loop
      vertex 33.4608 1.29643 6
      vertex 33.2043 1.6686 6
      vertex 33.458 1.23228 6
    endloop
  endfacet
  facet normal 0 0 1
    outer loop
      vertex 33.3048 1.61289 6
      vertex 33.4576 1.35253 6
      vertex 33.4481 1.40502 6
    endloop
  endfacet
  facet normal 0 0 1
    outer loop
      vertex 33.4608 1.29643 6
      vertex 33.2574 1.64307 6
      vertex 33.2043 1.6686 6
    endloop
  endfacet
  facet normal 0 0 1
    outer loop
      vertex 33.3462 1.57859 6
      vertex 33.4481 1.40502 6
      vertex 33.4322 1.45387 6
    endloop
  endfacet
  facet normal 0 0 1
    outer loop
      vertex 33.1456 1.68949 6
      vertex 33.458 1.23228 6
      vertex 33.2043 1.6686 6
    endloop
  endfacet
  facet normal 0 0 1
    outer loop
      vertex 33.3462 1.57859 6
      vertex 33.4322 1.45387 6
      vertex 33.4099 1.49908 6
    endloop
  endfacet
  facet normal 0 0 1
    outer loop
      vertex 33.4576 1.35253 6
      vertex 33.3048 1.61289 6
      vertex 33.2574 1.64307 6
    endloop
  endfacet
  facet normal 0 0 1
    outer loop
      vertex 33.3462 1.57859 6
      vertex 33.4099 1.49908 6
      vertex 33.3812 1.54064 6
    endloop
  endfacet
  facet normal 0 0 1
    outer loop
      vertex 33.4481 1.40502 6
      vertex 33.3462 1.57859 6
      vertex 33.3048 1.61289 6
    endloop
  endfacet
  facet normal 0 0 1
    outer loop
      vertex 33.1343 0.84913 6
      vertex 33.458 1.23228 6
      vertex 33.1456 1.68949 6
    endloop
  endfacet
  facet normal 0 0 1
    outer loop
      vertex 33.4497 1.1728 6
      vertex 33.1881 0.866006 6
      vertex 33.4357 1.11799 6
    endloop
  endfacet
  facet normal 0 -0 1
    outer loop
      vertex 33.2377 0.887704 6
      vertex 33.4357 1.11799 6
      vertex 33.1881 0.866006 6
    endloop
  endfacet
  facet normal 0 0 1
    outer loop
      vertex 33.3911 1.02242 6
      vertex 33.283 0.914224 6
      vertex 33.3604 0.981652 6
    endloop
  endfacet
  facet normal 0 0 1
    outer loop
      vertex 33.3604 0.981652 6
      vertex 33.283 0.914224 6
      vertex 33.3242 0.945565 6
    endloop
  endfacet
  facet normal 0 0 1
    outer loop
      vertex 33.4162 1.06786 6
      vertex 33.283 0.914224 6
      vertex 33.3911 1.02242 6
    endloop
  endfacet
  facet normal 0 0 1
    outer loop
      vertex 33.4357 1.11799 6
      vertex 33.283 0.914224 6
      vertex 33.4162 1.06786 6
    endloop
  endfacet
  facet normal 0 -0 1
    outer loop
      vertex 33.283 0.914224 6
      vertex 33.4357 1.11799 6
      vertex 33.2377 0.887704 6
    endloop
  endfacet
  facet normal 0 0 1
    outer loop
      vertex 33.458 1.23228 6
      vertex 33.1343 0.84913 6
      vertex 33.4497 1.1728 6
    endloop
  endfacet
  facet normal 0 0 1
    outer loop
      vertex 33.4497 1.1728 6
      vertex 33.1343 0.84913 6
      vertex 33.1881 0.866006 6
    endloop
  endfacet
  facet normal 0 0 1
    outer loop
      vertex 33.0764 0.837075 6
      vertex 33.1456 1.68949 6
      vertex 33.0813 1.70574 6
    endloop
  endfacet
  facet normal 0 0 1
    outer loop
      vertex 33.1456 1.68949 6
      vertex 33.0764 0.837075 6
      vertex 33.1343 0.84913 6
    endloop
  endfacet
  facet normal 0 0 1
    outer loop
      vertex 33.0813 1.70574 6
      vertex 33.0142 0.829858 6
      vertex 33.0764 0.837075 6
    endloop
  endfacet
  facet normal 0 0 1
    outer loop
      vertex 33.0113 1.71734 6
      vertex 33.0142 0.829858 6
      vertex 33.0813 1.70574 6
    endloop
  endfacet
  facet normal 0 0 1
    outer loop
      vertex 33.0113 1.71734 6
      vertex 32.9478 0.827447 6
      vertex 33.0142 0.829858 6
    endloop
  endfacet
  facet normal 0 0 1
    outer loop
      vertex 32.9356 1.7243 6
      vertex 32.9478 0.827447 6
      vertex 33.0113 1.71734 6
    endloop
  endfacet
  facet normal 0 0 1
    outer loop
      vertex 32.8197 0.836434 6
      vertex 32.9356 1.7243 6
      vertex 32.8543 1.72662 6
    endloop
  endfacet
  facet normal 0 0 1
    outer loop
      vertex 32.9356 1.7243 6
      vertex 32.8197 0.836434 6
      vertex 32.9478 0.827447 6
    endloop
  endfacet
  facet normal 0 0 1
    outer loop
      vertex 32.8543 1.72662 6
      vertex 32.7086 0.863427 6
      vertex 32.8197 0.836434 6
    endloop
  endfacet
  facet normal 0 0 1
    outer loop
      vertex 32.4065 1.26821 6
      vertex 32.8543 1.72662 6
      vertex 32.6745 1.72662 6
    endloop
  endfacet
  facet normal 0 0 1
    outer loop
      vertex 32.4609 2.55415 6
      vertex 32.6713 2.80544 6
      vertex 32.6294 2.7813 6
    endloop
  endfacet
  facet normal 0 0 1
    outer loop
      vertex 32.1208 2.47421 6
      vertex 32.6745 2.00167 6
      vertex 32.44 2.4495 6
    endloop
  endfacet
  facet normal 0 0 1
    outer loop
      vertex 32.6745 2.00167 6
      vertex 32.1208 2.47421 6
      vertex 32.6745 1.72662 6
    endloop
  endfacet
  facet normal 0 0 1
    outer loop
      vertex 32.4609 2.55415 6
      vertex 32.6294 2.7813 6
      vertex 32.5907 2.75277 6
    endloop
  endfacet
  facet normal 0 0 1
    outer loop
      vertex 32.4609 2.55415 6
      vertex 32.5907 2.75277 6
      vertex 32.5559 2.72024 6
    endloop
  endfacet
  facet normal 0 0 1
    outer loop
      vertex 32.8543 1.72662 6
      vertex 32.4065 1.26821 6
      vertex 32.4331 1.15128 6
    endloop
  endfacet
  facet normal 0 0 1
    outer loop
      vertex 32.4609 2.55415 6
      vertex 32.5559 2.72024 6
      vertex 32.5255 2.68412 6
    endloop
  endfacet
  facet normal 0 0 1
    outer loop
      vertex 32.4609 2.55415 6
      vertex 32.5255 2.68412 6
      vertex 32.4996 2.64439 6
    endloop
  endfacet
  facet normal 0 0 1
    outer loop
      vertex 32.4609 2.55415 6
      vertex 32.4996 2.64439 6
      vertex 32.478 2.60107 6
    endloop
  endfacet
  facet normal 0 0 1
    outer loop
      vertex 32.8543 1.72662 6
      vertex 32.4331 1.15128 6
      vertex 32.7086 0.863427 6
    endloop
  endfacet
  facet normal 0 0 1
    outer loop
      vertex 32.6713 2.80544 6
      vertex 32.4609 2.55415 6
      vertex 32.4482 2.50362 6
    endloop
  endfacet
  facet normal 0 0 1
    outer loop
      vertex 32.6713 2.80544 6
      vertex 32.4482 2.50362 6
      vertex 32.44 2.4495 6
    endloop
  endfacet
  facet normal -0 -0 1
    outer loop
      vertex 32.4766 1.05233 6
      vertex 32.7086 0.863427 6
      vertex 32.4331 1.15128 6
    endloop
  endfacet
  facet normal 0 0 1
    outer loop
      vertex 32.7086 0.863427 6
      vertex 32.4766 1.05233 6
      vertex 32.6143 0.908395 6
    endloop
  endfacet
  facet normal 0 0 1
    outer loop
      vertex 32.6143 0.908395 6
      vertex 32.4766 1.05233 6
      vertex 32.537 0.971368 6
    endloop
  endfacet
  facet normal 0 0 1
    outer loop
      vertex 32.0785 1.23824 6
      vertex 32.6745 1.72662 6
      vertex 32.1208 2.47421 6
    endloop
  endfacet
  facet normal 0 0 1
    outer loop
      vertex 32.6745 1.72662 6
      vertex 32.0785 1.23824 6
      vertex 32.4065 1.26821 6
    endloop
  endfacet
  facet normal 0 0 1
    outer loop
      vertex 30.2271 3.08424 6
      vertex 31.675 6.43708 6
      vertex 31.6043 6.48432 6
    endloop
  endfacet
  facet normal 0 0 1
    outer loop
      vertex 32.3154 2.89863 6
      vertex 30.2271 3.08424 6
      vertex 32.2643 2.84156 6
    endloop
  endfacet
  facet normal 0 0 1
    outer loop
      vertex 41.1946 1.16242 6
      vertex 40.0239 1.16242 6
      vertex 41.1946 0.599999 6
    endloop
  endfacet
  facet normal 0 0 1
    outer loop
      vertex 46.8319 0.869744 6
      vertex 46.2271 3.08424 6
      vertex 46.2271 0.869744 6
    endloop
  endfacet
  facet normal -0 0 1
    outer loop
      vertex 45.3473 2.38076 6
      vertex 45.908 0.869744 6
      vertex 45.908 2.78097 6
    endloop
  endfacet
  facet normal 0 0 1
    outer loop
      vertex 45.908 0.869744 6
      vertex 45.3473 2.38076 6
      vertex 45.275 0.869744 6
    endloop
  endfacet
  facet normal 0 0 1
    outer loop
      vertex 41.8434 1.4128 6
      vertex 41.4943 3.08424 6
      vertex 41.4943 1.4128 6
    endloop
  endfacet
  facet normal 0 0 1
    outer loop
      vertex 45.9345 3.08424 6
      vertex 40.6467 6.73212 6
      vertex 45.3473 2.68049 6
    endloop
  endfacet
  facet normal 0 0 1
    outer loop
      vertex 45.3473 2.68049 6
      vertex 40.6467 6.73212 6
      vertex 41.4943 3.08424 6
    endloop
  endfacet
  facet normal -0 0 1
    outer loop
      vertex 40.6062 6.65 6
      vertex 41.4943 3.08424 6
      vertex 40.6467 6.73212 6
    endloop
  endfacet
  facet normal -0 0 1
    outer loop
      vertex 40.5553 6.57387 6
      vertex 41.4943 3.08424 6
      vertex 40.6062 6.65 6
    endloop
  endfacet
  facet normal -0 0 1
    outer loop
      vertex 40.495 6.50502 6
      vertex 41.4943 3.08424 6
      vertex 40.5553 6.57387 6
    endloop
  endfacet
  facet normal -0 0 1
    outer loop
      vertex 40.4261 6.44465 6
      vertex 41.4943 3.08424 6
      vertex 40.495 6.50502 6
    endloop
  endfacet
  facet normal -0 0 1
    outer loop
      vertex 40.35 6.39378 6
      vertex 41.4943 3.08424 6
      vertex 40.4261 6.44465 6
    endloop
  endfacet
  facet normal 0 0 1
    outer loop
      vertex 41.4943 3.08424 6
      vertex 40.35 6.39378 6
      vertex 41.1611 3.08424 6
    endloop
  endfacet
  facet normal -0 0 1
    outer loop
      vertex 40.2679 6.35328 6
      vertex 41.1611 3.08424 6
      vertex 40.35 6.39378 6
    endloop
  endfacet
  facet normal -0 0 1
    outer loop
      vertex 40.1812 6.32385 6
      vertex 41.1611 3.08424 6
      vertex 40.2679 6.35328 6
    endloop
  endfacet
  facet normal -0 0 1
    outer loop
      vertex 40.0914 6.30599 6
      vertex 41.1611 3.08424 6
      vertex 40.1812 6.32385 6
    endloop
  endfacet
  facet normal -0 0 1
    outer loop
      vertex 40 6.3 6
      vertex 41.1611 3.08424 6
      vertex 40.0914 6.30599 6
    endloop
  endfacet
  facet normal 0 0 1
    outer loop
      vertex 38.2271 3.08424 6
      vertex 39.9086 6.30599 6
      vertex 39.8188 6.32385 6
    endloop
  endfacet
  facet normal 0 0 1
    outer loop
      vertex 39.9086 6.30599 6
      vertex 41.1611 3.08424 6
      vertex 40 6.3 6
    endloop
  endfacet
  facet normal 0 0 1
    outer loop
      vertex 47.5434 6.40498 6
      vertex 48.2407 3.08424 6
      vertex 47.625 6.35048 6
    endloop
  endfacet
  facet normal 0 0 1
    outer loop
      vertex 47.4697 6.46967 6
      vertex 48.2407 3.08424 6
      vertex 47.5434 6.40498 6
    endloop
  endfacet
  facet normal 0 0 1
    outer loop
      vertex 47.405 6.54343 6
      vertex 48.2407 3.08424 6
      vertex 47.4697 6.46967 6
    endloop
  endfacet
  facet normal 0 0 1
    outer loop
      vertex 48.2407 3.08424 6
      vertex 47.405 6.54343 6
      vertex 46.8319 0.869744 6
    endloop
  endfacet
  facet normal 0 0 1
    outer loop
      vertex 46.8319 0.869744 6
      vertex 47.405 6.54343 6
      vertex 47.3505 6.625 6
    endloop
  endfacet
  facet normal 0 0 1
    outer loop
      vertex 46.8319 0.869744 6
      vertex 47.3505 6.625 6
      vertex 47.3071 6.71299 6
    endloop
  endfacet
  facet normal 0 0 1
    outer loop
      vertex 48.2407 3.08424 6
      vertex 47.2909 0.986123 6
      vertex 47.6348 0.986123 6
    endloop
  endfacet
  facet normal 0 0 1
    outer loop
      vertex 48.2407 3.08424 6
      vertex 46.8319 0.869744 6
      vertex 47.2909 0.986123 6
    endloop
  endfacet
  facet normal 0 0 1
    outer loop
      vertex 46.8319 0.869744 6
      vertex 47.3071 6.71299 6
      vertex 47.2756 6.80589 6
    endloop
  endfacet
  facet normal 0 0 1
    outer loop
      vertex 54.8319 0.869744 6
      vertex 54.2271 3.08424 6
      vertex 54.2271 0.869744 6
    endloop
  endfacet
  facet normal -0 0 1
    outer loop
      vertex 53.3473 2.38076 6
      vertex 53.908 0.869744 6
      vertex 53.908 2.78097 6
    endloop
  endfacet
  facet normal 0 0 1
    outer loop
      vertex 53.908 0.869744 6
      vertex 53.3473 2.38076 6
      vertex 53.275 0.869744 6
    endloop
  endfacet
  facet normal 0 0 1
    outer loop
      vertex 49.7265 1.76161 6
      vertex 49.653 2.81449 6
      vertex 49.6865 1.83637 6
    endloop
  endfacet
  facet normal 0 0 1
    outer loop
      vertex 49.653 2.81449 6
      vertex 49.6376 1.90582 6
      vertex 49.6865 1.83637 6
    endloop
  endfacet
  facet normal 0 0 1
    outer loop
      vertex 49.653 2.81449 6
      vertex 49.5798 1.96993 6
      vertex 49.6376 1.90582 6
    endloop
  endfacet
  facet normal 0 0 1
    outer loop
      vertex 49.653 2.81449 6
      vertex 49.5146 2.027 6
      vertex 49.5798 1.96993 6
    endloop
  endfacet
  facet normal 0 0 1
    outer loop
      vertex 49.653 2.81449 6
      vertex 49.4433 2.07528 6
      vertex 49.5146 2.027 6
    endloop
  endfacet
  facet normal 0 0 1
    outer loop
      vertex 49.653 2.81449 6
      vertex 49.3658 2.1148 6
      vertex 49.4433 2.07528 6
    endloop
  endfacet
  facet normal 0 0 1
    outer loop
      vertex 49.653 2.81449 6
      vertex 49.2823 2.14552 6
      vertex 49.3658 2.1148 6
    endloop
  endfacet
  facet normal 0 0 1
    outer loop
      vertex 49.653 2.81449 6
      vertex 49.1928 2.16747 6
      vertex 49.2823 2.14552 6
    endloop
  endfacet
  facet normal 0 0 1
    outer loop
      vertex 49.653 2.81449 6
      vertex 49.0971 2.18064 6
      vertex 49.1928 2.16747 6
    endloop
  endfacet
  facet normal -0 0 1
    outer loop
      vertex 48.5299 2.81449 6
      vertex 49.0971 2.18064 6
      vertex 49.653 2.81449 6
    endloop
  endfacet
  facet normal 0 0 1
    outer loop
      vertex 49.0971 2.18064 6
      vertex 48.5299 2.81449 6
      vertex 48.9954 2.18504 6
    endloop
  endfacet
  facet normal 0 0 1
    outer loop
      vertex 48.9954 2.18504 6
      vertex 48.5299 2.81449 6
      vertex 48.9098 2.18179 6
    endloop
  endfacet
  facet normal 0 0 1
    outer loop
      vertex 48.9098 2.18179 6
      vertex 48.5299 2.81449 6
      vertex 48.8283 2.17208 6
    endloop
  endfacet
  facet normal 0 0 1
    outer loop
      vertex 48.8283 2.17208 6
      vertex 48.5299 2.81449 6
      vertex 48.7509 2.15589 6
    endloop
  endfacet
  facet normal 0 0 1
    outer loop
      vertex 48.7509 2.15589 6
      vertex 48.5299 2.81449 6
      vertex 48.6776 2.13322 6
    endloop
  endfacet
  facet normal 0 0 1
    outer loop
      vertex 48.6776 2.13322 6
      vertex 48.5299 2.81449 6
      vertex 48.6084 2.10407 6
    endloop
  endfacet
  facet normal 0 0 1
    outer loop
      vertex 48.6084 2.10407 6
      vertex 48.5299 2.81449 6
      vertex 48.5433 2.06844 6
    endloop
  endfacet
  facet normal 0 0 1
    outer loop
      vertex 48.5433 2.06844 6
      vertex 48.5299 2.81449 6
      vertex 48.4823 2.02635 6
    endloop
  endfacet
  facet normal 0 0 1
    outer loop
      vertex 55.2068 6.89558 6
      vertex 48.7244 6.80589 6
      vertex 53.9345 3.08424 6
    endloop
  endfacet
  facet normal -0 0 1
    outer loop
      vertex 48.6929 6.71299 6
      vertex 53.9345 3.08424 6
      vertex 48.7244 6.80589 6
    endloop
  endfacet
  facet normal 0 0 1
    outer loop
      vertex 53.9345 3.08424 6
      vertex 48.6929 6.71299 6
      vertex 49.653 3.08424 6
    endloop
  endfacet
  facet normal -0 0 1
    outer loop
      vertex 48.6495 6.625 6
      vertex 49.653 3.08424 6
      vertex 48.6929 6.71299 6
    endloop
  endfacet
  facet normal -0 0 1
    outer loop
      vertex 48.595 6.54343 6
      vertex 49.653 3.08424 6
      vertex 48.6495 6.625 6
    endloop
  endfacet
  facet normal -0 0 1
    outer loop
      vertex 48.5303 6.46967 6
      vertex 49.653 3.08424 6
      vertex 48.595 6.54343 6
    endloop
  endfacet
  facet normal -0 0 1
    outer loop
      vertex 48.4566 6.40498 6
      vertex 49.653 3.08424 6
      vertex 48.5303 6.46967 6
    endloop
  endfacet
  facet normal -0 0 1
    outer loop
      vertex 48.375 6.35048 6
      vertex 49.653 3.08424 6
      vertex 48.4566 6.40498 6
    endloop
  endfacet
  facet normal -0 0 1
    outer loop
      vertex 48.287 6.30709 6
      vertex 49.653 3.08424 6
      vertex 48.375 6.35048 6
    endloop
  endfacet
  facet normal 0 0 1
    outer loop
      vertex 48.287 6.30709 6
      vertex 48.2407 3.08424 6
      vertex 49.653 3.08424 6
    endloop
  endfacet
  facet normal -0 0 1
    outer loop
      vertex 48.1941 6.27556 6
      vertex 48.2407 3.08424 6
      vertex 48.287 6.30709 6
    endloop
  endfacet
  facet normal -0 0 1
    outer loop
      vertex 48.0979 6.25642 6
      vertex 48.2407 3.08424 6
      vertex 48.1941 6.27556 6
    endloop
  endfacet
  facet normal -0 0 1
    outer loop
      vertex 48 6.25 6
      vertex 48.2407 3.08424 6
      vertex 48.0979 6.25642 6
    endloop
  endfacet
  facet normal 0 0 1
    outer loop
      vertex 48.9986 1.92291 6
      vertex 49.4679 1.40222 6
      vertex 49.4649 1.46739 6
    endloop
  endfacet
  facet normal 0 0 1
    outer loop
      vertex 49.4679 1.40222 6
      vertex 48.9301 1.92587 6
      vertex 49.4649 1.32749 6
    endloop
  endfacet
  facet normal 0 0 1
    outer loop
      vertex 49.0629 1.91406 6
      vertex 49.4649 1.46739 6
      vertex 49.456 1.52888 6
    endloop
  endfacet
  facet normal -0 0 1
    outer loop
      vertex 48.8937 1.92503 6
      vertex 49.4649 1.32749 6
      vertex 48.9301 1.92587 6
    endloop
  endfacet
  facet normal 0 0 1
    outer loop
      vertex 49.0629 1.91406 6
      vertex 49.456 1.52888 6
      vertex 49.4412 1.58669 6
    endloop
  endfacet
  facet normal 0 0 1
    outer loop
      vertex 49.4679 1.40222 6
      vertex 48.9986 1.92291 6
      vertex 48.9301 1.92587 6
    endloop
  endfacet
  facet normal 0 0 1
    outer loop
      vertex 49.1231 1.8993 6
      vertex 49.4412 1.58669 6
      vertex 49.4204 1.64085 6
    endloop
  endfacet
  facet normal 0 0 1
    outer loop
      vertex 48.4065 1.19241 6
      vertex 49.4649 1.32749 6
      vertex 48.8937 1.92503 6
    endloop
  endfacet
  facet normal 0 0 1
    outer loop
      vertex 49.1231 1.8993 6
      vertex 49.4204 1.64085 6
      vertex 49.3937 1.69132 6
    endloop
  endfacet
  facet normal 0 -0 1
    outer loop
      vertex 48.9939 0.82705 6
      vertex 49.4561 1.25749 6
      vertex 48.9231 0.823907 6
    endloop
  endfacet
  facet normal 0 0 1
    outer loop
      vertex 49.1231 1.8993 6
      vertex 49.3937 1.69132 6
      vertex 49.361 1.73814 6
    endloop
  endfacet
  facet normal 0 0 1
    outer loop
      vertex 49.4561 1.25749 6
      vertex 48.9939 0.82705 6
      vertex 49.4413 1.19219 6
    endloop
  endfacet
  facet normal 0 0 1
    outer loop
      vertex 49.1231 1.8993 6
      vertex 49.361 1.73814 6
      vertex 49.3224 1.78127 6
    endloop
  endfacet
  facet normal 0 0 1
    outer loop
      vertex 49.4649 1.46739 6
      vertex 49.0629 1.91406 6
      vertex 48.9986 1.92291 6
    endloop
  endfacet
  facet normal 0 0 1
    outer loop
      vertex 49.1231 1.8993 6
      vertex 49.3224 1.78127 6
      vertex 49.2788 1.81963 6
    endloop
  endfacet
  facet normal 0 0 1
    outer loop
      vertex 49.4207 1.13162 6
      vertex 49.0601 0.836495 6
      vertex 49.3941 1.07575 6
    endloop
  endfacet
  facet normal 0 0 1
    outer loop
      vertex 49.1231 1.8993 6
      vertex 49.2788 1.81963 6
      vertex 49.231 1.85209 6
    endloop
  endfacet
  facet normal 0 0 1
    outer loop
      vertex 49.1231 1.8993 6
      vertex 49.231 1.85209 6
      vertex 49.1791 1.87866 6
    endloop
  endfacet
  facet normal 0 0 1
    outer loop
      vertex 49.4412 1.58669 6
      vertex 49.1231 1.8993 6
      vertex 49.0629 1.91406 6
    endloop
  endfacet
  facet normal 0 -0 1
    outer loop
      vertex 49.1218 0.852242 6
      vertex 49.3941 1.07575 6
      vertex 49.0601 0.836495 6
    endloop
  endfacet
  facet normal 0 0 1
    outer loop
      vertex 49.3233 0.978158 6
      vertex 49.1218 0.852242 6
      vertex 49.2797 0.937234 6
    endloop
  endfacet
  facet normal 0 0 1
    outer loop
      vertex 49.2316 0.902612 6
      vertex 49.1218 0.852242 6
      vertex 49.179 0.874276 6
    endloop
  endfacet
  facet normal 0 0 1
    outer loop
      vertex 49.2797 0.937234 6
      vertex 49.1218 0.852242 6
      vertex 49.2316 0.902612 6
    endloop
  endfacet
  facet normal 0 0 1
    outer loop
      vertex 49.3617 1.02461 6
      vertex 49.1218 0.852242 6
      vertex 49.3233 0.978158 6
    endloop
  endfacet
  facet normal 0 0 1
    outer loop
      vertex 49.3941 1.07575 6
      vertex 49.1218 0.852242 6
      vertex 49.3617 1.02461 6
    endloop
  endfacet
  facet normal 0 0 1
    outer loop
      vertex 49.4413 1.19219 6
      vertex 49.0601 0.836495 6
      vertex 49.4207 1.13162 6
    endloop
  endfacet
  facet normal 0 -0 1
    outer loop
      vertex 49.0601 0.836495 6
      vertex 49.4413 1.19219 6
      vertex 48.9939 0.82705 6
    endloop
  endfacet
  facet normal 0 -0 1
    outer loop
      vertex 48.9231 0.823907 6
      vertex 49.4649 1.32749 6
      vertex 48.4065 1.19241 6
    endloop
  endfacet
  facet normal 0 0 1
    outer loop
      vertex 48.4065 1.19241 6
      vertex 48.8937 1.92503 6
      vertex 48.858 1.92255 6
    endloop
  endfacet
  facet normal 0 0 1
    outer loop
      vertex 48.4065 1.19241 6
      vertex 48.858 1.92255 6
      vertex 48.823 1.9184 6
    endloop
  endfacet
  facet normal 0 0 1
    outer loop
      vertex 49.4649 1.32749 6
      vertex 48.9231 0.823907 6
      vertex 49.4561 1.25749 6
    endloop
  endfacet
  facet normal 0 0 1
    outer loop
      vertex 48.4065 1.19241 6
      vertex 48.823 1.9184 6
      vertex 48.7888 1.91262 6
    endloop
  endfacet
  facet normal 0 0 1
    outer loop
      vertex 48.4065 1.19241 6
      vertex 48.7888 1.91262 6
      vertex 48.7552 1.90518 6
    endloop
  endfacet
  facet normal 0 0 1
    outer loop
      vertex 48.4065 1.19241 6
      vertex 48.7552 1.90518 6
      vertex 48.7224 1.89607 6
    endloop
  endfacet
  facet normal 0 0 1
    outer loop
      vertex 48.9231 0.823907 6
      vertex 48.4065 1.19241 6
      vertex 48.8106 0.831429 6
    endloop
  endfacet
  facet normal 0 0 1
    outer loop
      vertex 48.4065 1.19241 6
      vertex 48.7224 1.89607 6
      vertex 48.6903 1.88531 6
    endloop
  endfacet
  facet normal 0 0 1
    outer loop
      vertex 48.4065 1.19241 6
      vertex 48.6903 1.88531 6
      vertex 48.6586 1.87257 6
    endloop
  endfacet
  facet normal 0 0 1
    outer loop
      vertex 48.4065 1.19241 6
      vertex 48.6586 1.87257 6
      vertex 48.6269 1.85754 6
    endloop
  endfacet
  facet normal 0 0 1
    outer loop
      vertex 48.8106 0.831429 6
      vertex 48.4065 1.19241 6
      vertex 48.7111 0.853982 6
    endloop
  endfacet
  facet normal 0 0 1
    outer loop
      vertex 48.4065 1.19241 6
      vertex 48.6269 1.85754 6
      vertex 48.5951 1.84019 6
    endloop
  endfacet
  facet normal 0 0 1
    outer loop
      vertex 48.4065 1.19241 6
      vertex 48.5951 1.84019 6
      vertex 48.5634 1.82055 6
    endloop
  endfacet
  facet normal -0 -0 1
    outer loop
      vertex 48.4417 1.09464 6
      vertex 48.7111 0.853982 6
      vertex 48.4065 1.19241 6
    endloop
  endfacet
  facet normal 0 0 1
    outer loop
      vertex 48.4065 1.19241 6
      vertex 48.5634 1.82055 6
      vertex 48.5317 1.79859 6
    endloop
  endfacet
  facet normal 0 0 1
    outer loop
      vertex 48.4065 1.19241 6
      vertex 48.5317 1.79859 6
      vertex 48.4999 1.77435 6
    endloop
  endfacet
  facet normal 0 0 1
    outer loop
      vertex 48.7111 0.853982 6
      vertex 48.4417 1.09464 6
      vertex 48.6244 0.89158 6
    endloop
  endfacet
  facet normal 0 0 1
    outer loop
      vertex 48.4065 1.19241 6
      vertex 48.4999 1.77435 6
      vertex 48.4682 1.74778 6
    endloop
  endfacet
  facet normal -0 -0 1
    outer loop
      vertex 48.4897 1.01191 6
      vertex 48.6244 0.89158 6
      vertex 48.4417 1.09464 6
    endloop
  endfacet
  facet normal 0 0 1
    outer loop
      vertex 48.6244 0.89158 6
      vertex 48.4897 1.01191 6
      vertex 48.5506 0.944222 6
    endloop
  endfacet
  facet normal -0 0 1
    outer loop
      vertex 48.1579 1.74778 6
      vertex 48.4065 1.19241 6
      vertex 48.4682 1.74778 6
    endloop
  endfacet
  facet normal 0 0 1
    outer loop
      vertex 48.1579 1.74778 6
      vertex 48.0856 1.15537 6
      vertex 48.4065 1.19241 6
    endloop
  endfacet
  facet normal 0 0 1
    outer loop
      vertex 47.9021 6.25642 6
      vertex 48.2407 3.08424 6
      vertex 48 6.25 6
    endloop
  endfacet
  facet normal 0 0 1
    outer loop
      vertex 47.8059 6.27556 6
      vertex 48.2407 3.08424 6
      vertex 47.9021 6.25642 6
    endloop
  endfacet
  facet normal 0 0 1
    outer loop
      vertex 56.2422 2.55373 6
      vertex 54.2271 3.08424 6
      vertex 56.1998 2.42442 6
    endloop
  endfacet
  facet normal 0 0 1
    outer loop
      vertex 54.2271 3.08424 6
      vertex 55.6 6.30718 6
      vertex 55.513 6.36532 6
    endloop
  endfacet
  facet normal 0 0 1
    outer loop
      vertex 54.2271 3.08424 6
      vertex 55.513 6.36532 6
      vertex 55.4343 6.43431 6
    endloop
  endfacet
  facet normal 0 0 1
    outer loop
      vertex 54.2271 3.08424 6
      vertex 55.4343 6.43431 6
      vertex 55.3653 6.51299 6
    endloop
  endfacet
  facet normal 0 0 1
    outer loop
      vertex 54.2271 3.08424 6
      vertex 55.3653 6.51299 6
      vertex 55.3072 6.6 6
    endloop
  endfacet
  facet normal 0 -0 1
    outer loop
      vertex 55.2909 0.986123 6
      vertex 56.1998 2.42442 6
      vertex 54.2271 3.08424 6
    endloop
  endfacet
  facet normal 0 0 1
    outer loop
      vertex 56.1998 2.42442 6
      vertex 55.2909 0.986123 6
      vertex 55.6348 0.986123 6
    endloop
  endfacet
  facet normal 0 0 1
    outer loop
      vertex 54.2271 3.08424 6
      vertex 55.3072 6.6 6
      vertex 55.2609 6.69385 6
    endloop
  endfacet
  facet normal -0 0 1
    outer loop
      vertex 56.8 7 6
      vertex 60 0 6
      vertex 60 14 6
    endloop
  endfacet
  facet normal 0 0 1
    outer loop
      vertex 60 0 6
      vertex 57.7864 1.51356 6
      vertex 57.7905 1.4128 6
    endloop
  endfacet
  facet normal -0 -0 1
    outer loop
      vertex 57.7534 1.69691 6
      vertex 60 0 6
      vertex 57.7218 2.61526 6
    endloop
  endfacet
  facet normal 0 0 1
    outer loop
      vertex 60 0 6
      vertex 57.774 1.60825 6
      vertex 57.7864 1.51356 6
    endloop
  endfacet
  facet normal 0 0 1
    outer loop
      vertex 60 0 6
      vertex 57.7534 1.69691 6
      vertex 57.774 1.60825 6
    endloop
  endfacet
  facet normal 0 0 1
    outer loop
      vertex 57.7534 1.69691 6
      vertex 57.7218 2.61526 6
      vertex 57.7246 1.77952 6
    endloop
  endfacet
  facet normal 0 0 1
    outer loop
      vertex 60 0 6
      vertex 57.6715 2.74951 6
      vertex 57.7218 2.61526 6
    endloop
  endfacet
  facet normal 0 0 1
    outer loop
      vertex 60 0 6
      vertex 56.8 7 6
      vertex 57.6715 2.74951 6
    endloop
  endfacet
  facet normal -0 0 1
    outer loop
      vertex 56.7932 6.89558 6
      vertex 57.6715 2.74951 6
      vertex 56.8 7 6
    endloop
  endfacet
  facet normal 0 0 1
    outer loop
      vertex 57.6715 2.74951 6
      vertex 56.7932 6.89558 6
      vertex 57.6042 2.86309 6
    endloop
  endfacet
  facet normal -0 0 1
    outer loop
      vertex 56.7727 6.79294 6
      vertex 57.6042 2.86309 6
      vertex 56.7932 6.89558 6
    endloop
  endfacet
  facet normal 0 0 1
    outer loop
      vertex 57.6042 2.86309 6
      vertex 56.7727 6.79294 6
      vertex 57.5199 2.95603 6
    endloop
  endfacet
  facet normal -0 0 1
    outer loop
      vertex 56.6928 6.6 6
      vertex 57.5199 2.95603 6
      vertex 56.7391 6.69385 6
    endloop
  endfacet
  facet normal 0 0 1
    outer loop
      vertex 57.5199 2.95603 6
      vertex 56.6928 6.6 6
      vertex 57.4187 3.02833 6
    endloop
  endfacet
  facet normal -0 0 1
    outer loop
      vertex 56.7391 6.69385 6
      vertex 57.5199 2.95603 6
      vertex 56.7727 6.79294 6
    endloop
  endfacet
  facet normal 0 0 1
    outer loop
      vertex 60 14 6
      vertex 56.7932 7.10442 6
      vertex 56.8 7 6
    endloop
  endfacet
  facet normal 0 0 1
    outer loop
      vertex 60 14 6
      vertex 56.7727 7.20706 6
      vertex 56.7932 7.10442 6
    endloop
  endfacet
  facet normal 0 0 1
    outer loop
      vertex 60 14 6
      vertex 56.7391 7.30615 6
      vertex 56.7727 7.20706 6
    endloop
  endfacet
  facet normal 0 0 1
    outer loop
      vertex 60 14 6
      vertex 56.6928 7.4 6
      vertex 56.7391 7.30615 6
    endloop
  endfacet
  facet normal 0 0 1
    outer loop
      vertex 60 14 6
      vertex 56.6347 7.48701 6
      vertex 56.6928 7.4 6
    endloop
  endfacet
  facet normal 0 0 1
    outer loop
      vertex 60 14 6
      vertex 56.5657 7.56569 6
      vertex 56.6347 7.48701 6
    endloop
  endfacet
  facet normal 0 0 1
    outer loop
      vertex 60 14 6
      vertex 56.487 7.63468 6
      vertex 56.5657 7.56569 6
    endloop
  endfacet
  facet normal 0 0 1
    outer loop
      vertex 60 14 6
      vertex 56.4 7.69282 6
      vertex 56.487 7.63468 6
    endloop
  endfacet
  facet normal 0 0 1
    outer loop
      vertex 60 14 6
      vertex 56.3061 7.7391 6
      vertex 56.4 7.69282 6
    endloop
  endfacet
  facet normal 0 0 1
    outer loop
      vertex 60 14 6
      vertex 56.2071 7.77274 6
      vertex 56.3061 7.7391 6
    endloop
  endfacet
  facet normal 0 0 1
    outer loop
      vertex 60 14 6
      vertex 56.1044 7.79316 6
      vertex 56.2071 7.77274 6
    endloop
  endfacet
  facet normal 0 0 1
    outer loop
      vertex 60 14 6
      vertex 56 7.8 6
      vertex 56.1044 7.79316 6
    endloop
  endfacet
  facet normal 0 0 1
    outer loop
      vertex 60 14 6
      vertex 55.8956 7.79316 6
      vertex 56 7.8 6
    endloop
  endfacet
  facet normal 0 0 1
    outer loop
      vertex 60 14 6
      vertex 55.7929 7.77274 6
      vertex 55.8956 7.79316 6
    endloop
  endfacet
  facet normal 0 0 1
    outer loop
      vertex 60 14 6
      vertex 55.6939 7.7391 6
      vertex 55.7929 7.77274 6
    endloop
  endfacet
  facet normal 0 0 1
    outer loop
      vertex 60 14 6
      vertex 55.6 7.69282 6
      vertex 55.6939 7.7391 6
    endloop
  endfacet
  facet normal 0 0 1
    outer loop
      vertex 48.375 7.64952 6
      vertex 55.6 7.69282 6
      vertex 60 14 6
    endloop
  endfacet
  facet normal 0 0 1
    outer loop
      vertex 55.6 7.69282 6
      vertex 48.375 7.64952 6
      vertex 55.513 7.63468 6
    endloop
  endfacet
  facet normal 0 -0 1
    outer loop
      vertex 48.4566 7.59501 6
      vertex 55.513 7.63468 6
      vertex 48.375 7.64952 6
    endloop
  endfacet
  facet normal 0 0 1
    outer loop
      vertex 55.2909 0.986123 6
      vertex 54.8319 0.869744 6
      vertex 55.2909 0.599999 6
    endloop
  endfacet
  facet normal 0 0 1
    outer loop
      vertex 48.75 7 6
      vertex 55.2 7 6
      vertex 55.2068 7.10442 6
    endloop
  endfacet
  facet normal 0 0 1
    outer loop
      vertex 48.7436 7.09789 6
      vertex 55.2068 7.10442 6
      vertex 55.2273 7.20706 6
    endloop
  endfacet
  facet normal 0 0 1
    outer loop
      vertex 55.2068 6.89558 6
      vertex 53.9345 3.08424 6
      vertex 54.2271 3.08424 6
    endloop
  endfacet
  facet normal -0 0 1
    outer loop
      vertex 48.7436 6.90211 6
      vertex 55.2068 6.89558 6
      vertex 48.75 7 6
    endloop
  endfacet
  facet normal 0 0 1
    outer loop
      vertex 48.7244 7.19411 6
      vertex 55.2273 7.20706 6
      vertex 55.2609 7.30615 6
    endloop
  endfacet
  facet normal 0 0 1
    outer loop
      vertex 49.653 2.81449 6
      vertex 53.3473 2.38076 6
      vertex 53.3473 2.68049 6
    endloop
  endfacet
  facet normal -0 0 1
    outer loop
      vertex 49.7928 1.30035 6
      vertex 53.275 0.869744 6
      vertex 49.7976 1.40926 6
    endloop
  endfacet
  facet normal 0 0 1
    outer loop
      vertex 53.3473 2.38076 6
      vertex 49.7932 1.50533 6
      vertex 53.275 0.869744 6
    endloop
  endfacet
  facet normal 0 0 1
    outer loop
      vertex 48.7244 6.80589 6
      vertex 55.2068 6.89558 6
      vertex 48.7436 6.90211 6
    endloop
  endfacet
  facet normal 0 0 1
    outer loop
      vertex 48.6929 7.28701 6
      vertex 55.2609 7.30615 6
      vertex 55.3072 7.4 6
    endloop
  endfacet
  facet normal 0 0 1
    outer loop
      vertex 48.6495 7.375 6
      vertex 55.3072 7.4 6
      vertex 55.3653 7.48701 6
    endloop
  endfacet
  facet normal 0 0 1
    outer loop
      vertex 55.513 7.63468 6
      vertex 48.4566 7.59501 6
      vertex 55.4343 7.56569 6
    endloop
  endfacet
  facet normal 0 0 1
    outer loop
      vertex 53.275 0.869744 6
      vertex 49.7932 1.50533 6
      vertex 49.7976 1.40926 6
    endloop
  endfacet
  facet normal 0 0 1
    outer loop
      vertex 53.3473 2.38076 6
      vertex 49.7798 1.59608 6
      vertex 49.7932 1.50533 6
    endloop
  endfacet
  facet normal -0 0 1
    outer loop
      vertex 49.653 2.81449 6
      vertex 53.3473 2.68049 6
      vertex 49.653 3.08424 6
    endloop
  endfacet
  facet normal 0 0 1
    outer loop
      vertex 53.3473 2.38076 6
      vertex 49.7576 1.6815 6
      vertex 49.7798 1.59608 6
    endloop
  endfacet
  facet normal 0 0 1
    outer loop
      vertex 53.3473 2.38076 6
      vertex 49.7265 1.76161 6
      vertex 49.7576 1.6815 6
    endloop
  endfacet
  facet normal 0 0 1
    outer loop
      vertex 53.3473 2.38076 6
      vertex 49.653 2.81449 6
      vertex 49.7265 1.76161 6
    endloop
  endfacet
  facet normal 0 0 1
    outer loop
      vertex 53.9345 3.08424 6
      vertex 49.653 3.08424 6
      vertex 53.3473 2.68049 6
    endloop
  endfacet
  facet normal 0 0 1
    outer loop
      vertex 55.2068 7.10442 6
      vertex 48.7436 7.09789 6
      vertex 48.75 7 6
    endloop
  endfacet
  facet normal 0 0 1
    outer loop
      vertex 55.2273 7.20706 6
      vertex 48.7244 7.19411 6
      vertex 48.7436 7.09789 6
    endloop
  endfacet
  facet normal 0 0 1
    outer loop
      vertex 55.2609 7.30615 6
      vertex 48.6929 7.28701 6
      vertex 48.7244 7.19411 6
    endloop
  endfacet
  facet normal 0 0 1
    outer loop
      vertex 55.3072 7.4 6
      vertex 48.6495 7.375 6
      vertex 48.6929 7.28701 6
    endloop
  endfacet
  facet normal 0 0 1
    outer loop
      vertex 55.3653 7.48701 6
      vertex 48.595 7.45657 6
      vertex 48.6495 7.375 6
    endloop
  endfacet
  facet normal 0 0 1
    outer loop
      vertex 55.3653 7.48701 6
      vertex 48.5303 7.53033 6
      vertex 48.595 7.45657 6
    endloop
  endfacet
  facet normal 0 0 1
    outer loop
      vertex 55.4343 7.56569 6
      vertex 48.5303 7.53033 6
      vertex 55.3653 7.48701 6
    endloop
  endfacet
  facet normal 0 -0 1
    outer loop
      vertex 48.5303 7.53033 6
      vertex 55.4343 7.56569 6
      vertex 48.4566 7.59501 6
    endloop
  endfacet
  facet normal 0 0 1
    outer loop
      vertex 60 14 6
      vertex 48.287 7.69291 6
      vertex 48.375 7.64952 6
    endloop
  endfacet
  facet normal 0 0 1
    outer loop
      vertex 60 14 6
      vertex 48.1941 7.72444 6
      vertex 48.287 7.69291 6
    endloop
  endfacet
  facet normal 0 0 1
    outer loop
      vertex 60 14 6
      vertex 48.0979 7.74358 6
      vertex 48.1941 7.72444 6
    endloop
  endfacet
  facet normal 0 0 1
    outer loop
      vertex 60 14 6
      vertex 48 7.75 6
      vertex 48.0979 7.74358 6
    endloop
  endfacet
  facet normal 0 0 1
    outer loop
      vertex 60 14 6
      vertex 47.9021 7.74358 6
      vertex 48 7.75 6
    endloop
  endfacet
  facet normal 0 0 1
    outer loop
      vertex 40.0914 7.69401 6
      vertex 47.9021 7.74358 6
      vertex 60 14 6
    endloop
  endfacet
  facet normal 0 0 1
    outer loop
      vertex 47.9021 7.74358 6
      vertex 40.0914 7.69401 6
      vertex 47.8059 7.72444 6
    endloop
  endfacet
  facet normal 0 -0 1
    outer loop
      vertex 40.1812 7.67615 6
      vertex 47.8059 7.72444 6
      vertex 40.0914 7.69401 6
    endloop
  endfacet
  facet normal 0 0 1
    outer loop
      vertex 40.7 7 6
      vertex 47.25 7 6
      vertex 47.2564 7.09789 6
    endloop
  endfacet
  facet normal 0 0 1
    outer loop
      vertex 47.25 7 6
      vertex 46.2271 3.08424 6
      vertex 46.8319 0.869744 6
    endloop
  endfacet
  facet normal 0 0 1
    outer loop
      vertex 40.694 7.09137 6
      vertex 47.2564 7.09789 6
      vertex 47.2756 7.19411 6
    endloop
  endfacet
  facet normal 0 0 1
    outer loop
      vertex 47.25 7 6
      vertex 45.9345 3.08424 6
      vertex 46.2271 3.08424 6
    endloop
  endfacet
  facet normal 0 0 1
    outer loop
      vertex 40.694 6.90863 6
      vertex 47.25 7 6
      vertex 40.7 7 6
    endloop
  endfacet
  facet normal 0 0 1
    outer loop
      vertex 40.6761 7.18117 6
      vertex 47.2756 7.19411 6
      vertex 47.3071 7.28701 6
    endloop
  endfacet
  facet normal 0 0 1
    outer loop
      vertex 41.8434 1.4128 6
      vertex 45.3473 2.38076 6
      vertex 45.3473 2.68049 6
    endloop
  endfacet
  facet normal -0 0 1
    outer loop
      vertex 41.8434 1.16242 6
      vertex 45.275 0.869744 6
      vertex 41.8434 1.4128 6
    endloop
  endfacet
  facet normal 0 0 1
    outer loop
      vertex 45.3473 2.38076 6
      vertex 41.8434 1.4128 6
      vertex 45.275 0.869744 6
    endloop
  endfacet
  facet normal 0 0 1
    outer loop
      vertex 40.6761 6.81883 6
      vertex 47.25 7 6
      vertex 40.694 6.90863 6
    endloop
  endfacet
  facet normal 0 0 1
    outer loop
      vertex 40.6467 7.26788 6
      vertex 47.3071 7.28701 6
      vertex 47.3505 7.375 6
    endloop
  endfacet
  facet normal 0 0 1
    outer loop
      vertex 40.6062 7.35 6
      vertex 47.3505 7.375 6
      vertex 47.405 7.45657 6
    endloop
  endfacet
  facet normal 0 0 1
    outer loop
      vertex 40.5553 7.42613 6
      vertex 47.405 7.45657 6
      vertex 47.4697 7.53033 6
    endloop
  endfacet
  facet normal 0 0 1
    outer loop
      vertex 45.3473 2.68049 6
      vertex 41.4943 3.08424 6
      vertex 41.8434 1.4128 6
    endloop
  endfacet
  facet normal -0 0 1
    outer loop
      vertex 40.4261 7.55535 6
      vertex 47.4697 7.53033 6
      vertex 47.5434 7.59501 6
    endloop
  endfacet
  facet normal 0 0 1
    outer loop
      vertex 47.25 7 6
      vertex 40.6761 6.81883 6
      vertex 45.9345 3.08424 6
    endloop
  endfacet
  facet normal -0 0 1
    outer loop
      vertex 40.6467 6.73212 6
      vertex 45.9345 3.08424 6
      vertex 40.6761 6.81883 6
    endloop
  endfacet
  facet normal -0 0 1
    outer loop
      vertex 40.35 7.60622 6
      vertex 47.5434 7.59501 6
      vertex 47.625 7.64952 6
    endloop
  endfacet
  facet normal 0 0 1
    outer loop
      vertex 47.8059 7.72444 6
      vertex 40.1812 7.67615 6
      vertex 47.713 7.69291 6
    endloop
  endfacet
  facet normal 0 0 1
    outer loop
      vertex 47.2564 7.09789 6
      vertex 40.694 7.09137 6
      vertex 40.7 7 6
    endloop
  endfacet
  facet normal 0 0 1
    outer loop
      vertex 47.2756 7.19411 6
      vertex 40.6761 7.18117 6
      vertex 40.694 7.09137 6
    endloop
  endfacet
  facet normal 0 0 1
    outer loop
      vertex 47.3071 7.28701 6
      vertex 40.6467 7.26788 6
      vertex 40.6761 7.18117 6
    endloop
  endfacet
  facet normal 0 0 1
    outer loop
      vertex 47.3505 7.375 6
      vertex 40.6062 7.35 6
      vertex 40.6467 7.26788 6
    endloop
  endfacet
  facet normal 0 0 1
    outer loop
      vertex 47.405 7.45657 6
      vertex 40.5553 7.42613 6
      vertex 40.6062 7.35 6
    endloop
  endfacet
  facet normal 0 0 1
    outer loop
      vertex 47.4697 7.53033 6
      vertex 40.495 7.49497 6
      vertex 40.5553 7.42613 6
    endloop
  endfacet
  facet normal 0 0 1
    outer loop
      vertex 47.4697 7.53033 6
      vertex 40.4261 7.55535 6
      vertex 40.495 7.49497 6
    endloop
  endfacet
  facet normal 0 0 1
    outer loop
      vertex 47.5434 7.59501 6
      vertex 40.35 7.60622 6
      vertex 40.4261 7.55535 6
    endloop
  endfacet
  facet normal 0 0 1
    outer loop
      vertex 47.625 7.64952 6
      vertex 40.2679 7.64672 6
      vertex 40.35 7.60622 6
    endloop
  endfacet
  facet normal 0 0 1
    outer loop
      vertex 47.713 7.69291 6
      vertex 40.2679 7.64672 6
      vertex 47.625 7.64952 6
    endloop
  endfacet
  facet normal 0 -0 1
    outer loop
      vertex 40.2679 7.64672 6
      vertex 47.713 7.69291 6
      vertex 40.1812 7.67615 6
    endloop
  endfacet
  facet normal 0 0 1
    outer loop
      vertex 60 14 6
      vertex 40 7.7 6
      vertex 40.0914 7.69401 6
    endloop
  endfacet
  facet normal 0 0 1
    outer loop
      vertex 60 14 6
      vertex 39.9086 7.69401 6
      vertex 40 7.7 6
    endloop
  endfacet
  facet normal 0 0 1
    outer loop
      vertex 32.0848 7.64444 6
      vertex 39.9086 7.69401 6
      vertex 60 14 6
    endloop
  endfacet
  facet normal 0 0 1
    outer loop
      vertex 39.2909 0.986123 6
      vertex 38.8319 0.869744 6
      vertex 39.2909 0.599999 6
    endloop
  endfacet
  facet normal 0 0 1
    outer loop
      vertex 40.0239 1.40926 6
      vertex 39.2909 0.986123 6
      vertex 39.6348 0.986123 6
    endloop
  endfacet
  facet normal 0 0 1
    outer loop
      vertex 32.65 7 6
      vertex 39.3 7 6
      vertex 39.306 7.09137 6
    endloop
  endfacet
  facet normal 0 0 1
    outer loop
      vertex 39.2909 0.986123 6
      vertex 38.2271 3.08424 6
      vertex 38.8319 0.869744 6
    endloop
  endfacet
  facet normal 0 0 1
    outer loop
      vertex 32.6444 7.08484 6
      vertex 39.306 7.09137 6
      vertex 39.3239 7.18117 6
    endloop
  endfacet
  facet normal 0 0 1
    outer loop
      vertex 39.505 6.50502 6
      vertex 37.9345 3.08424 6
      vertex 38.2271 3.08424 6
    endloop
  endfacet
  facet normal 0 0 1
    outer loop
      vertex 32.6444 6.91516 6
      vertex 39.3 7 6
      vertex 32.65 7 6
    endloop
  endfacet
  facet normal 0 0 1
    outer loop
      vertex 32.6279 7.16823 6
      vertex 39.3239 7.18117 6
      vertex 39.3533 7.26788 6
    endloop
  endfacet
  facet normal -0 0 1
    outer loop
      vertex 33.7218 2.46362 6
      vertex 37.3473 2.38076 6
      vertex 37.3473 2.68049 6
    endloop
  endfacet
  facet normal -0 0 1
    outer loop
      vertex 33.7861 1.19079 6
      vertex 37.275 0.869744 6
      vertex 33.7905 1.28585 6
    endloop
  endfacet
  facet normal 0 0 1
    outer loop
      vertex 37.3473 2.38076 6
      vertex 33.7779 1.41525 6
      vertex 37.275 0.869744 6
    endloop
  endfacet
  facet normal 0 0 1
    outer loop
      vertex 39.306 6.90863 6
      vertex 32.6444 6.91516 6
      vertex 32.6279 6.83177 6
    endloop
  endfacet
  facet normal 0 0 1
    outer loop
      vertex 32.6005 7.24874 6
      vertex 39.3533 7.26788 6
      vertex 39.3938 7.35 6
    endloop
  endfacet
  facet normal 0 0 1
    outer loop
      vertex 32.5629 7.325 6
      vertex 39.3938 7.35 6
      vertex 39.4447 7.42613 6
    endloop
  endfacet
  facet normal 0 0 1
    outer loop
      vertex 32.5157 7.39569 6
      vertex 39.4447 7.42613 6
      vertex 39.505 7.49497 6
    endloop
  endfacet
  facet normal 0 0 1
    outer loop
      vertex 37.275 0.869744 6
      vertex 33.7874 1.3522 6
      vertex 33.7905 1.28585 6
    endloop
  endfacet
  facet normal 0 0 1
    outer loop
      vertex 37.275 0.869744 6
      vertex 33.7779 1.41525 6
      vertex 33.7874 1.3522 6
    endloop
  endfacet
  facet normal -0 0 1
    outer loop
      vertex 33.7191 2.39742 6
      vertex 37.3473 2.38076 6
      vertex 33.7218 2.46362 6
    endloop
  endfacet
  facet normal 0 0 1
    outer loop
      vertex 37.3473 2.38076 6
      vertex 33.762 1.47497 6
      vertex 33.7779 1.41525 6
    endloop
  endfacet
  facet normal 0 0 1
    outer loop
      vertex 33.7109 2.33488 6
      vertex 37.3473 2.38076 6
      vertex 33.7191 2.39742 6
    endloop
  endfacet
  facet normal -0 0 1
    outer loop
      vertex 32.3957 7.51568 6
      vertex 39.505 7.49497 6
      vertex 39.5739 7.55535 6
    endloop
  endfacet
  facet normal 0 0 1
    outer loop
      vertex 37.3473 2.68049 6
      vertex 33.7175 2.54949 6
      vertex 33.7218 2.46362 6
    endloop
  endfacet
  facet normal 0 0 1
    outer loop
      vertex 37.3473 2.68049 6
      vertex 33.7049 2.62978 6
      vertex 33.7175 2.54949 6
    endloop
  endfacet
  facet normal 0 0 1
    outer loop
      vertex 37.3473 2.68049 6
      vertex 33.6837 2.70451 6
      vertex 33.7049 2.62978 6
    endloop
  endfacet
  facet normal 0 0 1
    outer loop
      vertex 37.3473 2.68049 6
      vertex 33.6541 2.77364 6
      vertex 33.6837 2.70451 6
    endloop
  endfacet
  facet normal 0 0 1
    outer loop
      vertex 37.3473 2.68049 6
      vertex 33.6161 2.8372 6
      vertex 33.6541 2.77364 6
    endloop
  endfacet
  facet normal 0 0 1
    outer loop
      vertex 37.3473 2.68049 6
      vertex 33.5696 2.89518 6
      vertex 33.6161 2.8372 6
    endloop
  endfacet
  facet normal 0 0 1
    outer loop
      vertex 39.3239 6.81883 6
      vertex 32.6279 6.83177 6
      vertex 37.9345 3.08424 6
    endloop
  endfacet
  facet normal 0 0 1
    outer loop
      vertex 37.3473 2.68049 6
      vertex 33.5146 2.94758 6
      vertex 33.5696 2.89518 6
    endloop
  endfacet
  facet normal -0 0 1
    outer loop
      vertex 32.6005 6.75126 6
      vertex 37.9345 3.08424 6
      vertex 32.6279 6.83177 6
    endloop
  endfacet
  facet normal 0 0 1
    outer loop
      vertex 37.9345 3.08424 6
      vertex 32.6005 6.75126 6
      vertex 37.3473 2.68049 6
    endloop
  endfacet
  facet normal 0 0 1
    outer loop
      vertex 37.3473 2.68049 6
      vertex 32.6005 6.75126 6
      vertex 33.5146 2.94758 6
    endloop
  endfacet
  facet normal 0 0 1
    outer loop
      vertex 33.5146 2.94758 6
      vertex 32.6005 6.75126 6
      vertex 33.452 2.99366 6
    endloop
  endfacet
  facet normal -0 0 1
    outer loop
      vertex 32.5629 6.675 6
      vertex 33.452 2.99366 6
      vertex 32.6005 6.75126 6
    endloop
  endfacet
  facet normal 0 0 1
    outer loop
      vertex 33.452 2.99366 6
      vertex 32.5629 6.675 6
      vertex 33.3826 3.03265 6
    endloop
  endfacet
  facet normal -0 0 1
    outer loop
      vertex 32.325 7.56292 6
      vertex 39.5739 7.55535 6
      vertex 39.65 7.60622 6
    endloop
  endfacet
  facet normal -0 0 1
    outer loop
      vertex 32.5157 6.6043 6
      vertex 33.3826 3.03265 6
      vertex 32.5629 6.675 6
    endloop
  endfacet
  facet normal 0 0 1
    outer loop
      vertex 33.3826 3.03265 6
      vertex 32.5157 6.6043 6
      vertex 33.3064 3.06455 6
    endloop
  endfacet
  facet normal -0 0 1
    outer loop
      vertex 32.4596 6.54038 6
      vertex 33.3064 3.06455 6
      vertex 32.5157 6.6043 6
    endloop
  endfacet
  facet normal 0 0 1
    outer loop
      vertex 33.3064 3.06455 6
      vertex 32.4596 6.54038 6
      vertex 33.2234 3.08936 6
    endloop
  endfacet
  facet normal 0 0 1
    outer loop
      vertex 32.2487 7.60052 6
      vertex 39.65 7.60622 6
      vertex 39.7321 7.64672 6
    endloop
  endfacet
  facet normal 0 0 1
    outer loop
      vertex 32.1682 7.62785 6
      vertex 39.7321 7.64672 6
      vertex 39.8188 7.67615 6
    endloop
  endfacet
  facet normal 0 0 1
    outer loop
      vertex 39.9086 7.69401 6
      vertex 32.0848 7.64444 6
      vertex 39.8188 7.67615 6
    endloop
  endfacet
  facet normal 0 0 1
    outer loop
      vertex 39.306 7.09137 6
      vertex 32.6444 7.08484 6
      vertex 32.65 7 6
    endloop
  endfacet
  facet normal 0 0 1
    outer loop
      vertex 39.3239 7.18117 6
      vertex 32.6279 7.16823 6
      vertex 32.6444 7.08484 6
    endloop
  endfacet
  facet normal 0 0 1
    outer loop
      vertex 39.3533 7.26788 6
      vertex 32.6005 7.24874 6
      vertex 32.6279 7.16823 6
    endloop
  endfacet
  facet normal 0 0 1
    outer loop
      vertex 39.3938 7.35 6
      vertex 32.5629 7.325 6
      vertex 32.6005 7.24874 6
    endloop
  endfacet
  facet normal 0 0 1
    outer loop
      vertex 39.4447 7.42613 6
      vertex 32.5157 7.39569 6
      vertex 32.5629 7.325 6
    endloop
  endfacet
  facet normal 0 0 1
    outer loop
      vertex 39.505 7.49497 6
      vertex 32.4596 7.45962 6
      vertex 32.5157 7.39569 6
    endloop
  endfacet
  facet normal 0 0 1
    outer loop
      vertex 39.505 7.49497 6
      vertex 32.3957 7.51568 6
      vertex 32.4596 7.45962 6
    endloop
  endfacet
  facet normal 0 0 1
    outer loop
      vertex 39.5739 7.55535 6
      vertex 32.325 7.56292 6
      vertex 32.3957 7.51568 6
    endloop
  endfacet
  facet normal 0 0 1
    outer loop
      vertex 39.65 7.60622 6
      vertex 32.2487 7.60052 6
      vertex 32.325 7.56292 6
    endloop
  endfacet
  facet normal 0 0 1
    outer loop
      vertex 39.7321 7.64672 6
      vertex 32.1682 7.62785 6
      vertex 32.2487 7.60052 6
    endloop
  endfacet
  facet normal 0 0 1
    outer loop
      vertex 39.8188 7.67615 6
      vertex 32.0848 7.64444 6
      vertex 32.1682 7.62785 6
    endloop
  endfacet
  facet normal 0 0 1
    outer loop
      vertex 60 14 6
      vertex 32 7.65 6
      vertex 32.0848 7.64444 6
    endloop
  endfacet
  facet normal -0 0 1
    outer loop
      vertex 0 14 6
      vertex 32 7.65 6
      vertex 60 14 6
    endloop
  endfacet
  facet normal 0 0 1
    outer loop
      vertex 32 7.65 6
      vertex 0 14 6
      vertex 31.9152 7.64444 6
    endloop
  endfacet
  facet normal 0 0 1
    outer loop
      vertex 31.2909 0.986123 6
      vertex 30.8319 0.869744 6
      vertex 31.2909 0.599999 6
    endloop
  endfacet
  facet normal 0 0 1
    outer loop
      vertex 32.1347 2.55862 6
      vertex 31.2909 0.986123 6
      vertex 31.6348 0.986123 6
    endloop
  endfacet
  facet normal 0 0 1
    outer loop
      vertex 24.6 7 6
      vertex 31.35 7 6
      vertex 31.3556 7.08484 6
    endloop
  endfacet
  facet normal 0 0 1
    outer loop
      vertex 31.2909 0.986123 6
      vertex 30.2271 3.08424 6
      vertex 30.8319 0.869744 6
    endloop
  endfacet
  facet normal 0 0 1
    outer loop
      vertex 24.5949 7.07831 6
      vertex 31.3556 7.08484 6
      vertex 31.3721 7.16823 6
    endloop
  endfacet
  facet normal 0 0 1
    outer loop
      vertex 31.5404 6.54038 6
      vertex 29.9345 3.08424 6
      vertex 30.2271 3.08424 6
    endloop
  endfacet
  facet normal 0 0 1
    outer loop
      vertex 24.5796 7.15529 6
      vertex 31.3721 7.16823 6
      vertex 31.3995 7.24874 6
    endloop
  endfacet
  facet normal 0 0 1
    outer loop
      vertex 24.5949 6.92168 6
      vertex 31.35 7 6
      vertex 24.6 7 6
    endloop
  endfacet
  facet normal -0 0 1
    outer loop
      vertex 25.7288 2.44068 6
      vertex 29.3473 2.38076 6
      vertex 29.3473 2.68049 6
    endloop
  endfacet
  facet normal 0 0 1
    outer loop
      vertex 29.275 0.869744 6
      vertex 25.7676 0.869744 6
      vertex 29.275 0.599999 6
    endloop
  endfacet
  facet normal -0 0 1
    outer loop
      vertex 25.7275 2.39942 6
      vertex 29.3473 2.38076 6
      vertex 25.7288 2.44068 6
    endloop
  endfacet
  facet normal 0 0 1
    outer loop
      vertex 31.3556 6.91516 6
      vertex 24.5949 6.92168 6
      vertex 24.5796 6.84471 6
    endloop
  endfacet
  facet normal 0 0 1
    outer loop
      vertex 24.5543 7.22961 6
      vertex 31.3995 7.24874 6
      vertex 31.4371 7.325 6
    endloop
  endfacet
  facet normal 0 0 1
    outer loop
      vertex 24.5196 7.3 6
      vertex 31.4371 7.325 6
      vertex 31.4843 7.39569 6
    endloop
  endfacet
  facet normal 0 0 1
    outer loop
      vertex 25.7234 2.35822 6
      vertex 29.3473 2.38076 6
      vertex 25.7275 2.39942 6
    endloop
  endfacet
  facet normal 0 0 1
    outer loop
      vertex 24.476 7.36526 6
      vertex 31.4843 7.39569 6
      vertex 31.5404 7.45962 6
    endloop
  endfacet
  facet normal -0 0 1
    outer loop
      vertex 24.3653 7.47601 6
      vertex 31.5404 7.45962 6
      vertex 31.6043 7.51568 6
    endloop
  endfacet
  facet normal 0 0 1
    outer loop
      vertex 29.3473 2.68049 6
      vertex 25.7247 2.53085 6
      vertex 25.7288 2.44068 6
    endloop
  endfacet
  facet normal 0 0 1
    outer loop
      vertex 29.3473 2.68049 6
      vertex 25.7123 2.61492 6
      vertex 25.7247 2.53085 6
    endloop
  endfacet
  facet normal 0 0 1
    outer loop
      vertex 29.3473 2.68049 6
      vertex 25.6917 2.69291 6
      vertex 25.7123 2.61492 6
    endloop
  endfacet
  facet normal 0 0 1
    outer loop
      vertex 29.3473 2.68049 6
      vertex 25.6629 2.76482 6
      vertex 25.6917 2.69291 6
    endloop
  endfacet
  facet normal 0 0 1
    outer loop
      vertex 29.3473 2.68049 6
      vertex 25.6258 2.83065 6
      vertex 25.6629 2.76482 6
    endloop
  endfacet
  facet normal 0 0 1
    outer loop
      vertex 29.3473 2.68049 6
      vertex 25.5805 2.8904 6
      vertex 25.6258 2.83065 6
    endloop
  endfacet
  facet normal 0 0 1
    outer loop
      vertex 29.3473 2.68049 6
      vertex 25.5269 2.94407 6
      vertex 25.5805 2.8904 6
    endloop
  endfacet
  facet normal 0 0 1
    outer loop
      vertex 31.3721 6.83177 6
      vertex 24.5796 6.84471 6
      vertex 29.9345 3.08424 6
    endloop
  endfacet
  facet normal -0 0 1
    outer loop
      vertex 24.5543 6.77039 6
      vertex 29.9345 3.08424 6
      vertex 24.5796 6.84471 6
    endloop
  endfacet
  facet normal 0 0 1
    outer loop
      vertex 29.9345 3.08424 6
      vertex 24.5543 6.77039 6
      vertex 29.3473 2.68049 6
    endloop
  endfacet
  facet normal 0 0 1
    outer loop
      vertex 29.3473 2.68049 6
      vertex 24.5543 6.77039 6
      vertex 25.5269 2.94407 6
    endloop
  endfacet
  facet normal 0 0 1
    outer loop
      vertex 25.5269 2.94407 6
      vertex 24.5543 6.77039 6
      vertex 25.4657 2.99108 6
    endloop
  endfacet
  facet normal -0 0 1
    outer loop
      vertex 24.5196 6.7 6
      vertex 25.4657 2.99108 6
      vertex 24.5543 6.77039 6
    endloop
  endfacet
  facet normal 0 0 1
    outer loop
      vertex 25.4657 2.99108 6
      vertex 24.5196 6.7 6
      vertex 25.3974 3.03086 6
    endloop
  endfacet
  facet normal -0 0 1
    outer loop
      vertex 24.3 7.51962 6
      vertex 31.6043 7.51568 6
      vertex 31.675 7.56292 6
    endloop
  endfacet
  facet normal -0 0 1
    outer loop
      vertex 24.476 6.63474 6
      vertex 25.3974 3.03086 6
      vertex 24.5196 6.7 6
    endloop
  endfacet
  facet normal 0 0 1
    outer loop
      vertex 25.3974 3.03086 6
      vertex 24.476 6.63474 6
      vertex 25.322 3.06341 6
    endloop
  endfacet
  facet normal -0 0 1
    outer loop
      vertex 24.4243 6.57574 6
      vertex 25.322 3.06341 6
      vertex 24.476 6.63474 6
    endloop
  endfacet
  facet normal 0 0 1
    outer loop
      vertex 25.322 3.06341 6
      vertex 24.4243 6.57574 6
      vertex 25.2395 3.08872 6
    endloop
  endfacet
  facet normal 0 0 1
    outer loop
      vertex 24.2296 7.55433 6
      vertex 31.675 7.56292 6
      vertex 31.7513 7.60052 6
    endloop
  endfacet
  facet normal 0 0 1
    outer loop
      vertex 24.1553 7.57955 6
      vertex 31.7513 7.60052 6
      vertex 31.8318 7.62785 6
    endloop
  endfacet
  facet normal 0 -0 1
    outer loop
      vertex 24.0783 7.59487 6
      vertex 31.9152 7.64444 6
      vertex 0 14 6
    endloop
  endfacet
  facet normal 0 0 1
    outer loop
      vertex 31.3556 7.08484 6
      vertex 24.5949 7.07831 6
      vertex 24.6 7 6
    endloop
  endfacet
  facet normal 0 0 1
    outer loop
      vertex 31.3721 7.16823 6
      vertex 24.5796 7.15529 6
      vertex 24.5949 7.07831 6
    endloop
  endfacet
  facet normal 0 0 1
    outer loop
      vertex 31.3995 7.24874 6
      vertex 24.5543 7.22961 6
      vertex 24.5796 7.15529 6
    endloop
  endfacet
  facet normal 0 0 1
    outer loop
      vertex 31.4371 7.325 6
      vertex 24.5196 7.3 6
      vertex 24.5543 7.22961 6
    endloop
  endfacet
  facet normal 0 0 1
    outer loop
      vertex 31.4843 7.39569 6
      vertex 24.476 7.36526 6
      vertex 24.5196 7.3 6
    endloop
  endfacet
  facet normal 0 0 1
    outer loop
      vertex 31.5404 7.45962 6
      vertex 24.4243 7.42426 6
      vertex 24.476 7.36526 6
    endloop
  endfacet
  facet normal 0 0 1
    outer loop
      vertex 31.5404 7.45962 6
      vertex 24.3653 7.47601 6
      vertex 24.4243 7.42426 6
    endloop
  endfacet
  facet normal 0 0 1
    outer loop
      vertex 31.6043 7.51568 6
      vertex 24.3 7.51962 6
      vertex 24.3653 7.47601 6
    endloop
  endfacet
  facet normal 0 0 1
    outer loop
      vertex 31.675 7.56292 6
      vertex 24.2296 7.55433 6
      vertex 24.3 7.51962 6
    endloop
  endfacet
  facet normal 0 0 1
    outer loop
      vertex 31.7513 7.60052 6
      vertex 24.1553 7.57955 6
      vertex 24.2296 7.55433 6
    endloop
  endfacet
  facet normal 0 0 1
    outer loop
      vertex 31.8318 7.62785 6
      vertex 24.0783 7.59487 6
      vertex 24.1553 7.57955 6
    endloop
  endfacet
  facet normal 0 0 1
    outer loop
      vertex 31.9152 7.64444 6
      vertex 24.0783 7.59487 6
      vertex 31.8318 7.62785 6
    endloop
  endfacet
  facet normal 0 0 1
    outer loop
      vertex 24.0783 7.59487 6
      vertex 0 14 6
      vertex 24 7.6 6
    endloop
  endfacet
  facet normal 0 0 1
    outer loop
      vertex 23.2909 0.986123 6
      vertex 22.8319 0.869744 6
      vertex 23.2909 0.599999 6
    endloop
  endfacet
  facet normal 0 0 1
    outer loop
      vertex 24.1505 2.55331 6
      vertex 23.2909 0.986123 6
      vertex 23.6348 0.986123 6
    endloop
  endfacet
  facet normal 0 0 1
    outer loop
      vertex 16.55 7 6
      vertex 23.4 7 6
      vertex 23.4051 7.07831 6
    endloop
  endfacet
  facet normal 0 0 1
    outer loop
      vertex 23.2909 0.986123 6
      vertex 22.2271 3.08424 6
      vertex 22.8319 0.869744 6
    endloop
  endfacet
  facet normal 0 0 1
    outer loop
      vertex 16.5453 7.07179 6
      vertex 23.4051 7.07831 6
      vertex 23.4204 7.15529 6
    endloop
  endfacet
  facet normal 0 0 1
    outer loop
      vertex 23.5757 6.57574 6
      vertex 21.9345 3.08424 6
      vertex 22.2271 3.08424 6
    endloop
  endfacet
  facet normal 0 0 1
    outer loop
      vertex 16.5313 7.14235 6
      vertex 23.4204 7.15529 6
      vertex 23.4457 7.22961 6
    endloop
  endfacet
  facet normal 0 0 1
    outer loop
      vertex 16.5453 6.92821 6
      vertex 23.4 7 6
      vertex 16.55 7 6
    endloop
  endfacet
  facet normal 0 0 1
    outer loop
      vertex 17.1682 3.08424 6
      vertex 21.3473 2.38076 6
      vertex 21.3473 2.68049 6
    endloop
  endfacet
  facet normal 0 0 1
    outer loop
      vertex 21.275 0.869744 6
      vertex 17.7729 0.869744 6
      vertex 21.275 0.599999 6
    endloop
  endfacet
  facet normal 0 0 1
    outer loop
      vertex 21.3473 2.38076 6
      vertex 17.7729 0.869744 6
      vertex 21.275 0.869744 6
    endloop
  endfacet
  facet normal 0 0 1
    outer loop
      vertex 23.4051 6.92168 6
      vertex 16.5453 6.92821 6
      vertex 16.5313 6.85765 6
    endloop
  endfacet
  facet normal 0 0 1
    outer loop
      vertex 16.5081 7.21047 6
      vertex 23.4457 7.22961 6
      vertex 23.4804 7.3 6
    endloop
  endfacet
  facet normal 0 0 1
    outer loop
      vertex 16.4763 7.275 6
      vertex 23.4804 7.3 6
      vertex 23.524 7.36526 6
    endloop
  endfacet
  facet normal 0 0 1
    outer loop
      vertex 16.4363 7.33482 6
      vertex 23.524 7.36526 6
      vertex 23.5757 7.42426 6
    endloop
  endfacet
  facet normal 0 0 1
    outer loop
      vertex 21.3473 2.38076 6
      vertex 17.1682 3.08424 6
      vertex 17.7729 0.869744 6
    endloop
  endfacet
  facet normal -0 0 1
    outer loop
      vertex 16.3348 7.43634 6
      vertex 23.5757 7.42426 6
      vertex 23.6347 7.47601 6
    endloop
  endfacet
  facet normal 0 0 1
    outer loop
      vertex 23.4204 6.84471 6
      vertex 16.5313 6.85765 6
      vertex 21.9345 3.08424 6
    endloop
  endfacet
  facet normal -0 0 1
    outer loop
      vertex 16.275 7.47631 6
      vertex 23.6347 7.47601 6
      vertex 23.7 7.51962 6
    endloop
  endfacet
  facet normal -0 0 1
    outer loop
      vertex 16.5081 6.78952 6
      vertex 21.9345 3.08424 6
      vertex 16.5313 6.85765 6
    endloop
  endfacet
  facet normal 0 0 1
    outer loop
      vertex 16.2105 7.50813 6
      vertex 23.7 7.51962 6
      vertex 23.7704 7.55433 6
    endloop
  endfacet
  facet normal 0 0 1
    outer loop
      vertex 16.1423 7.53126 6
      vertex 23.7704 7.55433 6
      vertex 23.8447 7.57955 6
    endloop
  endfacet
  facet normal 0 0 1
    outer loop
      vertex 16.0718 7.54529 6
      vertex 23.8447 7.57955 6
      vertex 23.9217 7.59487 6
    endloop
  endfacet
  facet normal 0 0 1
    outer loop
      vertex 24 7.6 6
      vertex 0 14 6
      vertex 23.9217 7.59487 6
    endloop
  endfacet
  facet normal 0 0 1
    outer loop
      vertex 23.4051 7.07831 6
      vertex 16.5453 7.07179 6
      vertex 16.55 7 6
    endloop
  endfacet
  facet normal 0 0 1
    outer loop
      vertex 23.4204 7.15529 6
      vertex 16.5313 7.14235 6
      vertex 16.5453 7.07179 6
    endloop
  endfacet
  facet normal 0 0 1
    outer loop
      vertex 23.4457 7.22961 6
      vertex 16.5081 7.21047 6
      vertex 16.5313 7.14235 6
    endloop
  endfacet
  facet normal 0 0 1
    outer loop
      vertex 23.4804 7.3 6
      vertex 16.4763 7.275 6
      vertex 16.5081 7.21047 6
    endloop
  endfacet
  facet normal 0 0 1
    outer loop
      vertex 23.524 7.36526 6
      vertex 16.4363 7.33482 6
      vertex 16.4763 7.275 6
    endloop
  endfacet
  facet normal 0 0 1
    outer loop
      vertex 23.5757 7.42426 6
      vertex 16.3889 7.38891 6
      vertex 16.4363 7.33482 6
    endloop
  endfacet
  facet normal 0 0 1
    outer loop
      vertex 23.5757 7.42426 6
      vertex 16.3348 7.43634 6
      vertex 16.3889 7.38891 6
    endloop
  endfacet
  facet normal 0 0 1
    outer loop
      vertex 23.6347 7.47601 6
      vertex 16.275 7.47631 6
      vertex 16.3348 7.43634 6
    endloop
  endfacet
  facet normal 0 0 1
    outer loop
      vertex 23.7 7.51962 6
      vertex 16.2105 7.50813 6
      vertex 16.275 7.47631 6
    endloop
  endfacet
  facet normal 0 0 1
    outer loop
      vertex 23.7704 7.55433 6
      vertex 16.1423 7.53126 6
      vertex 16.2105 7.50813 6
    endloop
  endfacet
  facet normal 0 -0 1
    outer loop
      vertex 16.0718 7.54529 6
      vertex 23.9217 7.59487 6
      vertex 0 14 6
    endloop
  endfacet
  facet normal 0 0 1
    outer loop
      vertex 23.8447 7.57955 6
      vertex 16.0718 7.54529 6
      vertex 16.1423 7.53126 6
    endloop
  endfacet
  facet normal 0 0 1
    outer loop
      vertex 16.0718 7.54529 6
      vertex 0 14 6
      vertex 16 7.55 6
    endloop
  endfacet
  facet normal 0 0 1
    outer loop
      vertex 15.2909 0.986123 6
      vertex 14.8319 0.869744 6
      vertex 15.2909 0.599999 6
    endloop
  endfacet
  facet normal 0 0 1
    outer loop
      vertex 16.2883 2.68049 6
      vertex 15.2909 0.986123 6
      vertex 15.6348 0.986123 6
    endloop
  endfacet
  facet normal 0 0 1
    outer loop
      vertex 8.5 7 6
      vertex 15.45 7 6
      vertex 15.4547 7.07179 6
    endloop
  endfacet
  facet normal 0 0 1
    outer loop
      vertex 15.2909 0.986123 6
      vertex 14.2271 3.08424 6
      vertex 14.8319 0.869744 6
    endloop
  endfacet
  facet normal 0 0 1
    outer loop
      vertex 8.49572 7.06526 6
      vertex 15.4547 7.07179 6
      vertex 15.4687 7.14235 6
    endloop
  endfacet
  facet normal 0 0 1
    outer loop
      vertex 15.6111 6.61109 6
      vertex 13.9345 3.08424 6
      vertex 14.2271 3.08424 6
    endloop
  endfacet
  facet normal 0 0 1
    outer loop
      vertex 8.48296 7.12941 6
      vertex 15.4687 7.14235 6
      vertex 15.4919 7.21047 6
    endloop
  endfacet
  facet normal 0 0 1
    outer loop
      vertex 15.4687 6.85765 6
      vertex 8.48296 6.87059 6
      vertex 13.9345 3.08424 6
    endloop
  endfacet
  facet normal 0 0 1
    outer loop
      vertex 6.83188 0.869744 6
      vertex 13.3473 2.38076 6
      vertex 13.3473 2.68049 6
    endloop
  endfacet
  facet normal -0 0 1
    outer loop
      vertex 8.46194 6.80866 6
      vertex 13.9345 3.08424 6
      vertex 8.48296 6.87059 6
    endloop
  endfacet
  facet normal 0 0 1
    outer loop
      vertex 15.4547 6.92821 6
      vertex 8.49572 6.93474 6
      vertex 8.48296 6.87059 6
    endloop
  endfacet
  facet normal 0 0 1
    outer loop
      vertex 15.45 7 6
      vertex 8.5 7 6
      vertex 8.49572 6.93474 6
    endloop
  endfacet
  facet normal 0 0 1
    outer loop
      vertex 8.46194 7.19134 6
      vertex 15.4919 7.21047 6
      vertex 15.5237 7.275 6
    endloop
  endfacet
  facet normal 0 0 1
    outer loop
      vertex 8.43301 7.25 6
      vertex 15.5237 7.275 6
      vertex 15.5637 7.33482 6
    endloop
  endfacet
  facet normal 0 0 1
    outer loop
      vertex 8.39668 7.30438 6
      vertex 15.5637 7.33482 6
      vertex 15.6111 7.38891 6
    endloop
  endfacet
  facet normal -0 0 1
    outer loop
      vertex 8.30438 7.39668 6
      vertex 15.6111 7.38891 6
      vertex 15.6652 7.43634 6
    endloop
  endfacet
  facet normal 0 0 1
    outer loop
      vertex 8.25 7.43301 6
      vertex 15.6652 7.43634 6
      vertex 15.725 7.47631 6
    endloop
  endfacet
  facet normal 0 0 1
    outer loop
      vertex 8.19134 7.46194 6
      vertex 15.725 7.47631 6
      vertex 15.7895 7.50813 6
    endloop
  endfacet
  facet normal 0 0 1
    outer loop
      vertex 8.12941 7.48296 6
      vertex 15.7895 7.50813 6
      vertex 15.8576 7.53126 6
    endloop
  endfacet
  facet normal 0 0 1
    outer loop
      vertex 0 14 6
      vertex 15.8576 7.53126 6
      vertex 15.9282 7.54529 6
    endloop
  endfacet
  facet normal 0 0 1
    outer loop
      vertex 16 7.55 6
      vertex 0 14 6
      vertex 15.9282 7.54529 6
    endloop
  endfacet
  facet normal 0 0 1
    outer loop
      vertex 15.4547 7.07179 6
      vertex 8.49572 7.06526 6
      vertex 8.5 7 6
    endloop
  endfacet
  facet normal 0 0 1
    outer loop
      vertex 15.4687 7.14235 6
      vertex 8.48296 7.12941 6
      vertex 8.49572 7.06526 6
    endloop
  endfacet
  facet normal 0 0 1
    outer loop
      vertex 15.4919 7.21047 6
      vertex 8.46194 7.19134 6
      vertex 8.48296 7.12941 6
    endloop
  endfacet
  facet normal 0 0 1
    outer loop
      vertex 15.5237 7.275 6
      vertex 8.43301 7.25 6
      vertex 8.46194 7.19134 6
    endloop
  endfacet
  facet normal 0 0 1
    outer loop
      vertex 15.5637 7.33482 6
      vertex 8.39668 7.30438 6
      vertex 8.43301 7.25 6
    endloop
  endfacet
  facet normal 0 0 1
    outer loop
      vertex 15.6111 7.38891 6
      vertex 8.35355 7.35355 6
      vertex 8.39668 7.30438 6
    endloop
  endfacet
  facet normal 0 0 1
    outer loop
      vertex 15.6111 7.38891 6
      vertex 8.30438 7.39668 6
      vertex 8.35355 7.35355 6
    endloop
  endfacet
  facet normal 0 0 1
    outer loop
      vertex 15.6652 7.43634 6
      vertex 8.25 7.43301 6
      vertex 8.30438 7.39668 6
    endloop
  endfacet
  facet normal 0 0 1
    outer loop
      vertex 15.8576 7.53126 6
      vertex 0 14 6
      vertex 8.12941 7.48296 6
    endloop
  endfacet
  facet normal 0 0 1
    outer loop
      vertex 15.725 7.47631 6
      vertex 8.19134 7.46194 6
      vertex 8.25 7.43301 6
    endloop
  endfacet
  facet normal 0 0 1
    outer loop
      vertex 15.7895 7.50813 6
      vertex 8.12941 7.48296 6
      vertex 8.19134 7.46194 6
    endloop
  endfacet
  facet normal 0 0 1
    outer loop
      vertex 8.12941 7.48296 6
      vertex 0 14 6
      vertex 8.06526 7.49572 6
    endloop
  endfacet
  facet normal 0 0 1
    outer loop
      vertex 8.06526 7.49572 6
      vertex 0 14 6
      vertex 8 7.5 6
    endloop
  endfacet
  facet normal 0 0 1
    outer loop
      vertex 5.34732 2.68049 6
      vertex 7.5 7 6
      vertex 7.50428 7.06526 6
    endloop
  endfacet
  facet normal 0 0 1
    outer loop
      vertex 7.5 7 6
      vertex 6.22714 3.08424 6
      vertex 6.83188 0.869744 6
    endloop
  endfacet
  facet normal 0 0 1
    outer loop
      vertex 0 14 6
      vertex 7.50428 7.06526 6
      vertex 7.51704 7.12941 6
    endloop
  endfacet
  facet normal 0 0 1
    outer loop
      vertex 7.5 7 6
      vertex 5.93446 3.08424 6
      vertex 6.22714 3.08424 6
    endloop
  endfacet
  facet normal 0 0 1
    outer loop
      vertex 0 14 6
      vertex 7.51704 7.12941 6
      vertex 7.53806 7.19134 6
    endloop
  endfacet
  facet normal 0 0 1
    outer loop
      vertex 7.5 7 6
      vertex 5.34732 2.68049 6
      vertex 5.93446 3.08424 6
    endloop
  endfacet
  facet normal 0 0 1
    outer loop
      vertex 0 0 6
      vertex 5.34732 2.38076 6
      vertex 5.34732 2.68049 6
    endloop
  endfacet
  facet normal 0 0 1
    outer loop
      vertex 5.34732 2.38076 6
      vertex 0 0 6
      vertex 5.27504 0.869744 6
    endloop
  endfacet
  facet normal 0 0 1
    outer loop
      vertex 0 0 6
      vertex 5.34732 2.68049 6
      vertex 0 14 6
    endloop
  endfacet
  facet normal 0 0 1
    outer loop
      vertex 7.50428 7.06526 6
      vertex 0 14 6
      vertex 5.34732 2.68049 6
    endloop
  endfacet
  facet normal 0 0 1
    outer loop
      vertex 7.56699 7.25 6
      vertex 0 14 6
      vertex 7.53806 7.19134 6
    endloop
  endfacet
  facet normal 0 0 1
    outer loop
      vertex 7.60332 7.30438 6
      vertex 0 14 6
      vertex 7.56699 7.25 6
    endloop
  endfacet
  facet normal 0 0 1
    outer loop
      vertex 7.64645 7.35355 6
      vertex 0 14 6
      vertex 7.60332 7.30438 6
    endloop
  endfacet
  facet normal 0 0 1
    outer loop
      vertex 7.69562 7.39668 6
      vertex 0 14 6
      vertex 7.64645 7.35355 6
    endloop
  endfacet
  facet normal 0 0 1
    outer loop
      vertex 7.75 7.43301 6
      vertex 0 14 6
      vertex 7.69562 7.39668 6
    endloop
  endfacet
  facet normal 0 0 1
    outer loop
      vertex 7.80866 7.46194 6
      vertex 0 14 6
      vertex 7.75 7.43301 6
    endloop
  endfacet
  facet normal 0 0 1
    outer loop
      vertex 7.87059 7.48296 6
      vertex 0 14 6
      vertex 7.80866 7.46194 6
    endloop
  endfacet
  facet normal 0 0 1
    outer loop
      vertex 7.93474 7.49572 6
      vertex 0 14 6
      vertex 7.87059 7.48296 6
    endloop
  endfacet
  facet normal 0 0 1
    outer loop
      vertex 8 7.5 6
      vertex 0 14 6
      vertex 7.93474 7.49572 6
    endloop
  endfacet
  facet normal -0 0 1
    outer loop
      vertex 57.7862 1.30384 6
      vertex 60 0 6
      vertex 57.7905 1.4128 6
    endloop
  endfacet
  facet normal -0 0 1
    outer loop
      vertex 57.7731 1.20165 6
      vertex 60 0 6
      vertex 57.7862 1.30384 6
    endloop
  endfacet
  facet normal -0 0 1
    outer loop
      vertex 57.7513 1.10623 6
      vertex 60 0 6
      vertex 57.7731 1.20165 6
    endloop
  endfacet
  facet normal -0 0 1
    outer loop
      vertex 57.7209 1.01756 6
      vertex 60 0 6
      vertex 57.7513 1.10623 6
    endloop
  endfacet
  facet normal -0 0 1
    outer loop
      vertex 57.6817 0.935662 6
      vertex 60 0 6
      vertex 57.7209 1.01756 6
    endloop
  endfacet
  facet normal -0 0 1
    outer loop
      vertex 57.6338 0.860528 6
      vertex 60 0 6
      vertex 57.6817 0.935662 6
    endloop
  endfacet
  facet normal -0 0 1
    outer loop
      vertex 57.5772 0.792153 6
      vertex 60 0 6
      vertex 57.6338 0.860528 6
    endloop
  endfacet
  facet normal -0 0 1
    outer loop
      vertex 57.5129 0.73182 6
      vertex 60 0 6
      vertex 57.5772 0.792153 6
    endloop
  endfacet
  facet normal -0 0 1
    outer loop
      vertex 57.442 0.680764 6
      vertex 60 0 6
      vertex 57.5129 0.73182 6
    endloop
  endfacet
  facet normal -0 0 1
    outer loop
      vertex 57.3645 0.639001 6
      vertex 60 0 6
      vertex 57.442 0.680764 6
    endloop
  endfacet
  facet normal -0 0 1
    outer loop
      vertex 57.2804 0.6065 6
      vertex 60 0 6
      vertex 57.3645 0.639001 6
    endloop
  endfacet
  facet normal -0 0 1
    outer loop
      vertex 57.1897 0.583322 6
      vertex 60 0 6
      vertex 57.2804 0.6065 6
    endloop
  endfacet
  facet normal -0 0 1
    outer loop
      vertex 57.0923 0.56939 6
      vertex 60 0 6
      vertex 57.1897 0.583322 6
    endloop
  endfacet
  facet normal -0 0 1
    outer loop
      vertex 56.9883 0.564752 6
      vertex 60 0 6
      vertex 57.0923 0.56939 6
    endloop
  endfacet
  facet normal 0 0 1
    outer loop
      vertex 56.8725 0.571115 6
      vertex 60 0 6
      vertex 56.9883 0.564752 6
    endloop
  endfacet
  facet normal 0 0 1
    outer loop
      vertex 55.6348 0.599999 6
      vertex 56.8725 0.571115 6
      vertex 56.7646 0.590219 6
    endloop
  endfacet
  facet normal 0 0 1
    outer loop
      vertex 56.2941 2.67082 6
      vertex 54.2271 3.08424 6
      vertex 56.2422 2.55373 6
    endloop
  endfacet
  facet normal 0 0 1
    outer loop
      vertex 56.1998 2.42442 6
      vertex 55.6348 0.986123 6
      vertex 56.1668 2.28288 6
    endloop
  endfacet
  facet normal 0 0 1
    outer loop
      vertex 56.1668 2.28288 6
      vertex 55.6348 0.986123 6
      vertex 56.1432 2.12908 6
    endloop
  endfacet
  facet normal 0 0 1
    outer loop
      vertex 56.1432 2.12908 6
      vertex 55.6348 0.986123 6
      vertex 56.1291 1.96307 6
    endloop
  endfacet
  facet normal 0 0 1
    outer loop
      vertex 56.1291 1.96307 6
      vertex 55.6348 0.986123 6
      vertex 56.1244 1.78481 6
    endloop
  endfacet
  facet normal 0 0 1
    outer loop
      vertex 56.1244 1.78481 6
      vertex 55.6348 0.986123 6
      vertex 56.1289 1.62034 6
    endloop
  endfacet
  facet normal 0 0 1
    outer loop
      vertex 56.1289 1.62034 6
      vertex 55.6348 0.986123 6
      vertex 56.1425 1.46745 6
    endloop
  endfacet
  facet normal 0 0 1
    outer loop
      vertex 55.6348 0.986123 6
      vertex 56.1652 1.32613 6
      vertex 56.1425 1.46745 6
    endloop
  endfacet
  facet normal 0 0 1
    outer loop
      vertex 55.6348 0.986123 6
      vertex 56.1969 1.19642 6
      vertex 56.1652 1.32613 6
    endloop
  endfacet
  facet normal 0 0 1
    outer loop
      vertex 55.6348 0.986123 6
      vertex 56.2377 1.07829 6
      vertex 56.1969 1.19642 6
    endloop
  endfacet
  facet normal -0 0 1
    outer loop
      vertex 55.6348 0.986123 6
      vertex 56.2876 0.971749 6
      vertex 56.2377 1.07829 6
    endloop
  endfacet
  facet normal 0 0 1
    outer loop
      vertex 55.6348 0.599999 6
      vertex 56.2876 0.971749 6
      vertex 55.6348 0.986123 6
    endloop
  endfacet
  facet normal 0 0 1
    outer loop
      vertex 56.2876 0.971749 6
      vertex 55.6348 0.599999 6
      vertex 56.3465 0.876794 6
    endloop
  endfacet
  facet normal 0 0 1
    outer loop
      vertex 56.3465 0.876794 6
      vertex 55.6348 0.599999 6
      vertex 56.414 0.794 6
    endloop
  endfacet
  facet normal 0 0 1
    outer loop
      vertex 56.414 0.794 6
      vertex 55.6348 0.599999 6
      vertex 56.4896 0.723947 6
    endloop
  endfacet
  facet normal 0 0 1
    outer loop
      vertex 56.4896 0.723947 6
      vertex 55.6348 0.599999 6
      vertex 56.5732 0.666635 6
    endloop
  endfacet
  facet normal 0 0 1
    outer loop
      vertex 56.5732 0.666635 6
      vertex 55.6348 0.599999 6
      vertex 56.6649 0.622048 6
    endloop
  endfacet
  facet normal -0 0 1
    outer loop
      vertex 55.6348 0.599999 6
      vertex 56.7646 0.590219 6
      vertex 56.6649 0.622048 6
    endloop
  endfacet
  facet normal 0 0 1
    outer loop
      vertex 56.8725 0.571115 6
      vertex 55.6348 0.599999 6
      vertex 60 0 6
    endloop
  endfacet
  facet normal -0 0 1
    outer loop
      vertex 55.2909 0.599999 6
      vertex 60 0 6
      vertex 55.6348 0.599999 6
    endloop
  endfacet
  facet normal 0 0 1
    outer loop
      vertex 54.2271 3.08424 6
      vertex 55.2609 6.69385 6
      vertex 55.2273 6.79294 6
    endloop
  endfacet
  facet normal 0 0 1
    outer loop
      vertex 54.2271 3.08424 6
      vertex 55.2273 6.79294 6
      vertex 55.2068 6.89558 6
    endloop
  endfacet
  facet normal -0 0 1
    outer loop
      vertex 48.75 7 6
      vertex 55.2068 6.89558 6
      vertex 55.2 7 6
    endloop
  endfacet
  facet normal 0 -0 1
    outer loop
      vertex 54.8319 0.869744 6
      vertex 55.2909 0.986123 6
      vertex 54.2271 3.08424 6
    endloop
  endfacet
  facet normal 0 0 1
    outer loop
      vertex 54.8319 0.599999 6
      vertex 55.2909 0.599999 6
      vertex 54.8319 0.869744 6
    endloop
  endfacet
  facet normal -0 0 1
    outer loop
      vertex 54.8319 0.599999 6
      vertex 60 0 6
      vertex 55.2909 0.599999 6
    endloop
  endfacet
  facet normal -0 0 1
    outer loop
      vertex 53.275 0.599999 6
      vertex 60 0 6
      vertex 54.8319 0.599999 6
    endloop
  endfacet
  facet normal -0 0 1
    outer loop
      vertex 49.7785 1.19827 6
      vertex 53.275 0.869744 6
      vertex 49.7928 1.30035 6
    endloop
  endfacet
  facet normal 0 0 1
    outer loop
      vertex 53.275 0.869744 6
      vertex 49.7785 1.19827 6
      vertex 53.275 0.599999 6
    endloop
  endfacet
  facet normal -0 0 1
    outer loop
      vertex 49.7547 1.10302 6
      vertex 53.275 0.599999 6
      vertex 49.7785 1.19827 6
    endloop
  endfacet
  facet normal -0 0 1
    outer loop
      vertex 49.7213 1.01463 6
      vertex 53.275 0.599999 6
      vertex 49.7547 1.10302 6
    endloop
  endfacet
  facet normal -0 0 1
    outer loop
      vertex 49.6784 0.933053 6
      vertex 53.275 0.599999 6
      vertex 49.7213 1.01463 6
    endloop
  endfacet
  facet normal -0 0 1
    outer loop
      vertex 49.6259 0.858315 6
      vertex 53.275 0.599999 6
      vertex 49.6784 0.933053 6
    endloop
  endfacet
  facet normal -0 0 1
    outer loop
      vertex 49.564 0.790414 6
      vertex 53.275 0.599999 6
      vertex 49.6259 0.858315 6
    endloop
  endfacet
  facet normal -0 0 1
    outer loop
      vertex 49.4935 0.730538 6
      vertex 53.275 0.599999 6
      vertex 49.564 0.790414 6
    endloop
  endfacet
  facet normal -0 0 1
    outer loop
      vertex 49.4157 0.679879 6
      vertex 53.275 0.599999 6
      vertex 49.4935 0.730538 6
    endloop
  endfacet
  facet normal -0 0 1
    outer loop
      vertex 49.3305 0.638421 6
      vertex 53.275 0.599999 6
      vertex 49.4157 0.679879 6
    endloop
  endfacet
  facet normal -0 0 1
    outer loop
      vertex 49.238 0.606194 6
      vertex 53.275 0.599999 6
      vertex 49.3305 0.638421 6
    endloop
  endfacet
  facet normal 0 0 1
    outer loop
      vertex 49.138 0.583169 6
      vertex 53.275 0.599999 6
      vertex 49.238 0.606194 6
    endloop
  endfacet
  facet normal 0 0 1
    outer loop
      vertex 49.0307 0.56936 6
      vertex 53.275 0.599999 6
      vertex 49.138 0.583169 6
    endloop
  endfacet
  facet normal 0 0 1
    outer loop
      vertex 53.275 0.599999 6
      vertex 49.0307 0.56936 6
      vertex 60 0 6
    endloop
  endfacet
  facet normal -0 0 1
    outer loop
      vertex 48.916 0.564752 6
      vertex 60 0 6
      vertex 49.0307 0.56936 6
    endloop
  endfacet
  facet normal 0 0 1
    outer loop
      vertex 46.8319 0.599999 6
      vertex 48.916 0.564752 6
      vertex 48.8195 0.567849 6
    endloop
  endfacet
  facet normal 0 0 1
    outer loop
      vertex 47.713 6.30709 6
      vertex 48.2407 3.08424 6
      vertex 47.8059 6.27556 6
    endloop
  endfacet
  facet normal 0 0 1
    outer loop
      vertex 47.625 6.35048 6
      vertex 48.2407 3.08424 6
      vertex 47.713 6.30709 6
    endloop
  endfacet
  facet normal 0 0 1
    outer loop
      vertex 48.2407 3.08424 6
      vertex 47.6348 0.986123 6
      vertex 48.1579 1.74778 6
    endloop
  endfacet
  facet normal 0 0 1
    outer loop
      vertex 48.1579 1.74778 6
      vertex 47.6348 0.986123 6
      vertex 48.0856 1.15537 6
    endloop
  endfacet
  facet normal 0 0 1
    outer loop
      vertex 47.6348 0.986123 6
      vertex 48.1049 1.07604 6
      vertex 48.0856 1.15537 6
    endloop
  endfacet
  facet normal 0 0 1
    outer loop
      vertex 47.6348 0.986123 6
      vertex 48.1306 1.00224 6
      vertex 48.1049 1.07604 6
    endloop
  endfacet
  facet normal -0 0 1
    outer loop
      vertex 47.6348 0.986123 6
      vertex 48.1628 0.933984 6
      vertex 48.1306 1.00224 6
    endloop
  endfacet
  facet normal 0 0 1
    outer loop
      vertex 47.6348 0.599999 6
      vertex 48.1628 0.933984 6
      vertex 47.6348 0.986123 6
    endloop
  endfacet
  facet normal 0 0 1
    outer loop
      vertex 48.1628 0.933984 6
      vertex 47.6348 0.599999 6
      vertex 48.2013 0.87127 6
    endloop
  endfacet
  facet normal 0 0 1
    outer loop
      vertex 48.2013 0.87127 6
      vertex 47.6348 0.599999 6
      vertex 48.2463 0.814095 6
    endloop
  endfacet
  facet normal 0 0 1
    outer loop
      vertex 48.2463 0.814095 6
      vertex 47.6348 0.599999 6
      vertex 48.2976 0.76246 6
    endloop
  endfacet
  facet normal 0 0 1
    outer loop
      vertex 48.2976 0.76246 6
      vertex 47.6348 0.599999 6
      vertex 48.3553 0.716363 6
    endloop
  endfacet
  facet normal 0 0 1
    outer loop
      vertex 48.3553 0.716363 6
      vertex 47.6348 0.599999 6
      vertex 48.419 0.676141 6
    endloop
  endfacet
  facet normal 0 0 1
    outer loop
      vertex 48.419 0.676141 6
      vertex 47.6348 0.599999 6
      vertex 48.4882 0.642098 6
    endloop
  endfacet
  facet normal 0 0 1
    outer loop
      vertex 47.6348 0.599999 6
      vertex 48.5628 0.614251 6
      vertex 48.4882 0.642098 6
    endloop
  endfacet
  facet normal -0 0 1
    outer loop
      vertex 47.6348 0.599999 6
      vertex 48.6429 0.592599 6
      vertex 48.5628 0.614251 6
    endloop
  endfacet
  facet normal 0 0 1
    outer loop
      vertex 47.6348 0.599999 6
      vertex 48.7285 0.577127 6
      vertex 48.6429 0.592599 6
    endloop
  endfacet
  facet normal 0 0 1
    outer loop
      vertex 47.6348 0.599999 6
      vertex 48.8195 0.567849 6
      vertex 48.7285 0.577127 6
    endloop
  endfacet
  facet normal -0 0 1
    outer loop
      vertex 47.2909 0.599999 6
      vertex 48.8195 0.567849 6
      vertex 47.6348 0.599999 6
    endloop
  endfacet
  facet normal -0 0 1
    outer loop
      vertex 46.8319 0.599999 6
      vertex 48.8195 0.567849 6
      vertex 47.2909 0.599999 6
    endloop
  endfacet
  facet normal 0 0 1
    outer loop
      vertex 46.8319 0.869744 6
      vertex 47.2756 6.80589 6
      vertex 47.2564 6.90211 6
    endloop
  endfacet
  facet normal 0 0 1
    outer loop
      vertex 46.8319 0.869744 6
      vertex 47.2564 6.90211 6
      vertex 47.25 7 6
    endloop
  endfacet
  facet normal 0 0 1
    outer loop
      vertex 47.2909 0.986123 6
      vertex 46.8319 0.869744 6
      vertex 47.2909 0.599999 6
    endloop
  endfacet
  facet normal 0 0 1
    outer loop
      vertex 46.8319 0.599999 6
      vertex 47.2909 0.599999 6
      vertex 46.8319 0.869744 6
    endloop
  endfacet
  facet normal 0 0 1
    outer loop
      vertex 48.916 0.564752 6
      vertex 46.8319 0.599999 6
      vertex 60 0 6
    endloop
  endfacet
  facet normal -0 0 1
    outer loop
      vertex 45.275 0.599999 6
      vertex 60 0 6
      vertex 46.8319 0.599999 6
    endloop
  endfacet
  facet normal 0 0 1
    outer loop
      vertex 45.275 0.869744 6
      vertex 41.8434 1.16242 6
      vertex 45.275 0.599999 6
    endloop
  endfacet
  facet normal 0 0 1
    outer loop
      vertex 41.4943 0.599999 6
      vertex 41.8434 1.16242 6
      vertex 41.4943 1.16242 6
    endloop
  endfacet
  facet normal 0 0 1
    outer loop
      vertex 41.8434 1.16242 6
      vertex 41.4943 0.599999 6
      vertex 45.275 0.599999 6
    endloop
  endfacet
  facet normal -0 0 1
    outer loop
      vertex 41.4943 0.599999 6
      vertex 60 0 6
      vertex 45.275 0.599999 6
    endloop
  endfacet
  facet normal -0 0 1
    outer loop
      vertex 41.1946 0.599999 6
      vertex 60 0 6
      vertex 41.4943 0.599999 6
    endloop
  endfacet
  facet normal 0 0 1
    outer loop
      vertex 38.2271 3.08424 6
      vertex 39.8188 6.32385 6
      vertex 39.7321 6.35328 6
    endloop
  endfacet
  facet normal 0 0 1
    outer loop
      vertex 38.2271 3.08424 6
      vertex 39.7321 6.35328 6
      vertex 39.65 6.39378 6
    endloop
  endfacet
  facet normal 0 0 1
    outer loop
      vertex 39.9086 6.30599 6
      vertex 38.2271 3.08424 6
      vertex 41.1611 3.08424 6
    endloop
  endfacet
  facet normal 0 0 1
    outer loop
      vertex 38.2271 3.08424 6
      vertex 39.65 6.39378 6
      vertex 39.5739 6.44465 6
    endloop
  endfacet
  facet normal 0 0 1
    outer loop
      vertex 40.0239 1.40926 6
      vertex 39.6348 0.986123 6
      vertex 40.0239 1.16242 6
    endloop
  endfacet
  facet normal 0 0 1
    outer loop
      vertex 39.6348 0.599999 6
      vertex 40.0239 1.16242 6
      vertex 39.6348 0.986123 6
    endloop
  endfacet
  facet normal 0 0 1
    outer loop
      vertex 40.0239 1.16242 6
      vertex 39.6348 0.599999 6
      vertex 41.1946 0.599999 6
    endloop
  endfacet
  facet normal -0 0 1
    outer loop
      vertex 39.6348 0.599999 6
      vertex 60 0 6
      vertex 41.1946 0.599999 6
    endloop
  endfacet
  facet normal -0 0 1
    outer loop
      vertex 39.2909 0.599999 6
      vertex 60 0 6
      vertex 39.6348 0.599999 6
    endloop
  endfacet
  facet normal 0 0 1
    outer loop
      vertex 38.8319 0.599999 6
      vertex 39.2909 0.599999 6
      vertex 38.8319 0.869744 6
    endloop
  endfacet
  facet normal -0 0 1
    outer loop
      vertex 38.8319 0.599999 6
      vertex 60 0 6
      vertex 39.2909 0.599999 6
    endloop
  endfacet
  facet normal -0 0 1
    outer loop
      vertex 37.275 0.599999 6
      vertex 60 0 6
      vertex 38.8319 0.599999 6
    endloop
  endfacet
  facet normal -0 0 1
    outer loop
      vertex 33.7727 1.10206 6
      vertex 37.275 0.869744 6
      vertex 33.7861 1.19079 6
    endloop
  endfacet
  facet normal 0 0 1
    outer loop
      vertex 37.275 0.869744 6
      vertex 33.7727 1.10206 6
      vertex 37.275 0.599999 6
    endloop
  endfacet
  facet normal -0 0 1
    outer loop
      vertex 33.7504 1.01966 6
      vertex 37.275 0.599999 6
      vertex 33.7727 1.10206 6
    endloop
  endfacet
  facet normal -0 0 1
    outer loop
      vertex 33.7191 0.943597 6
      vertex 37.275 0.599999 6
      vertex 33.7504 1.01966 6
    endloop
  endfacet
  facet normal -0 0 1
    outer loop
      vertex 33.679 0.873864 6
      vertex 37.275 0.599999 6
      vertex 33.7191 0.943597 6
    endloop
  endfacet
  facet normal -0 0 1
    outer loop
      vertex 33.6299 0.810464 6
      vertex 37.275 0.599999 6
      vertex 33.679 0.873864 6
    endloop
  endfacet
  facet normal -0 0 1
    outer loop
      vertex 33.5719 0.753396 6
      vertex 37.275 0.599999 6
      vertex 33.6299 0.810464 6
    endloop
  endfacet
  facet normal -0 0 1
    outer loop
      vertex 33.5056 0.703347 6
      vertex 37.275 0.599999 6
      vertex 33.5719 0.753396 6
    endloop
  endfacet
  facet normal -0 0 1
    outer loop
      vertex 33.4317 0.660989 6
      vertex 37.275 0.599999 6
      vertex 33.5056 0.703347 6
    endloop
  endfacet
  facet normal -0 0 1
    outer loop
      vertex 33.3502 0.626336 6
      vertex 37.275 0.599999 6
      vertex 33.4317 0.660989 6
    endloop
  endfacet
  facet normal 0 0 1
    outer loop
      vertex 33.261 0.599404 6
      vertex 37.275 0.599999 6
      vertex 33.3502 0.626336 6
    endloop
  endfacet
  facet normal 0 0 1
    outer loop
      vertex 33.1642 0.580148 6
      vertex 37.275 0.599999 6
      vertex 33.261 0.599404 6
    endloop
  endfacet
  facet normal 0 0 1
    outer loop
      vertex 33.0598 0.568597 6
      vertex 37.275 0.599999 6
      vertex 33.1642 0.580148 6
    endloop
  endfacet
  facet normal 0 0 1
    outer loop
      vertex 32.9478 0.564752 6
      vertex 37.275 0.599999 6
      vertex 33.0598 0.568597 6
    endloop
  endfacet
  facet normal 0 0 1
    outer loop
      vertex 37.275 0.599999 6
      vertex 32.9478 0.564752 6
      vertex 60 0 6
    endloop
  endfacet
  facet normal 0 0 1
    outer loop
      vertex 32.2643 2.84156 6
      vertex 30.2271 3.08424 6
      vertex 32.2207 2.77903 6
    endloop
  endfacet
  facet normal 0 0 1
    outer loop
      vertex 32.2207 2.77903 6
      vertex 30.2271 3.08424 6
      vertex 32.1846 2.71102 6
    endloop
  endfacet
  facet normal 0 0 1
    outer loop
      vertex 32.1846 2.71102 6
      vertex 30.2271 3.08424 6
      vertex 32.1559 2.63755 6
    endloop
  endfacet
  facet normal 0 0 1
    outer loop
      vertex 32.1347 2.55862 6
      vertex 31.6348 0.986123 6
      vertex 32.1208 2.47421 6
    endloop
  endfacet
  facet normal 0 0 1
    outer loop
      vertex 32.1208 2.47421 6
      vertex 31.6348 0.986123 6
      vertex 32.0785 1.23824 6
    endloop
  endfacet
  facet normal 0 0 1
    outer loop
      vertex 31.6348 0.986123 6
      vertex 32.0943 1.14636 6
      vertex 32.0785 1.23824 6
    endloop
  endfacet
  facet normal 0 0 1
    outer loop
      vertex 31.6348 0.986123 6
      vertex 32.1176 1.06114 6
      vertex 32.0943 1.14636 6
    endloop
  endfacet
  facet normal -0 0 1
    outer loop
      vertex 31.6348 0.986123 6
      vertex 32.1483 0.982583 6
      vertex 32.1176 1.06114 6
    endloop
  endfacet
  facet normal 0 0 1
    outer loop
      vertex 31.6348 0.986123 6
      vertex 32.1865 0.910668 6
      vertex 32.1483 0.982583 6
    endloop
  endfacet
  facet normal 0 0 1
    outer loop
      vertex 31.6348 0.599999 6
      vertex 32.1865 0.910668 6
      vertex 31.6348 0.986123 6
    endloop
  endfacet
  facet normal 0 0 1
    outer loop
      vertex 32.1865 0.910668 6
      vertex 31.6348 0.599999 6
      vertex 32.2321 0.845422 6
    endloop
  endfacet
  facet normal 0 0 1
    outer loop
      vertex 32.2321 0.845422 6
      vertex 31.6348 0.599999 6
      vertex 32.2851 0.786813 6
    endloop
  endfacet
  facet normal 0 0 1
    outer loop
      vertex 32.2851 0.786813 6
      vertex 31.6348 0.599999 6
      vertex 32.3457 0.734887 6
    endloop
  endfacet
  facet normal 0 0 1
    outer loop
      vertex 32.3457 0.734887 6
      vertex 31.6348 0.599999 6
      vertex 32.413 0.689736 6
    endloop
  endfacet
  facet normal 0 0 1
    outer loop
      vertex 32.413 0.689736 6
      vertex 31.6348 0.599999 6
      vertex 32.4866 0.651544 6
    endloop
  endfacet
  facet normal 0 0 1
    outer loop
      vertex 31.6348 0.599999 6
      vertex 32.5663 0.620294 6
      vertex 32.4866 0.651544 6
    endloop
  endfacet
  facet normal -0 0 1
    outer loop
      vertex 31.6348 0.599999 6
      vertex 32.6524 0.596002 6
      vertex 32.5663 0.620294 6
    endloop
  endfacet
  facet normal 0 0 1
    outer loop
      vertex 31.6348 0.599999 6
      vertex 32.7446 0.578637 6
      vertex 32.6524 0.596002 6
    endloop
  endfacet
  facet normal 0 0 1
    outer loop
      vertex 31.6348 0.599999 6
      vertex 32.8431 0.568231 6
      vertex 32.7446 0.578637 6
    endloop
  endfacet
  facet normal -0 0 1
    outer loop
      vertex 31.2909 0.599999 6
      vertex 32.8431 0.568231 6
      vertex 31.6348 0.599999 6
    endloop
  endfacet
  facet normal 0 0 1
    outer loop
      vertex 32.8431 0.568231 6
      vertex 31.2909 0.599999 6
      vertex 32.9478 0.564752 6
    endloop
  endfacet
  facet normal 0 0 1
    outer loop
      vertex 30.8319 0.599999 6
      vertex 31.2909 0.599999 6
      vertex 30.8319 0.869744 6
    endloop
  endfacet
  facet normal -0 0 1
    outer loop
      vertex 30.8319 0.599999 6
      vertex 32.9478 0.564752 6
      vertex 31.2909 0.599999 6
    endloop
  endfacet
  facet normal -0 0 1
    outer loop
      vertex 29.275 0.599999 6
      vertex 32.9478 0.564752 6
      vertex 30.8319 0.599999 6
    endloop
  endfacet
  facet normal 0 0 1
    outer loop
      vertex 32.9478 0.564752 6
      vertex 29.275 0.599999 6
      vertex 60 0 6
    endloop
  endfacet
  facet normal 0 0 1
    outer loop
      vertex 25.7676 0.599999 6
      vertex 29.275 0.599999 6
      vertex 25.7676 0.869744 6
    endloop
  endfacet
  facet normal -0 0 1
    outer loop
      vertex 25.7676 0.599999 6
      vertex 60 0 6
      vertex 29.275 0.599999 6
    endloop
  endfacet
  facet normal -0 0 1
    outer loop
      vertex 24.1226 0.599999 6
      vertex 60 0 6
      vertex 25.7676 0.599999 6
    endloop
  endfacet
  facet normal 0 0 1
    outer loop
      vertex 24.3312 2.89208 6
      vertex 22.2271 3.08424 6
      vertex 24.2802 2.83425 6
    endloop
  endfacet
  facet normal 0 0 1
    outer loop
      vertex 24.2802 2.83425 6
      vertex 22.2271 3.08424 6
      vertex 24.2366 2.77146 6
    endloop
  endfacet
  facet normal 0 0 1
    outer loop
      vertex 24.2366 2.77146 6
      vertex 22.2271 3.08424 6
      vertex 24.2005 2.70371 6
    endloop
  endfacet
  facet normal 0 0 1
    outer loop
      vertex 24.2005 2.70371 6
      vertex 22.2271 3.08424 6
      vertex 24.1718 2.63101 6
    endloop
  endfacet
  facet normal 0 0 1
    outer loop
      vertex 24.1505 2.55331 6
      vertex 23.6348 0.986123 6
      vertex 24.1367 2.47067 6
    endloop
  endfacet
  facet normal 0 0 1
    outer loop
      vertex 23.6348 0.599999 6
      vertex 24.1226 0.823907 6
      vertex 23.6348 0.986123 6
    endloop
  endfacet
  facet normal 0 0 1
    outer loop
      vertex 24.1226 0.823907 6
      vertex 23.6348 0.599999 6
      vertex 24.1226 0.599999 6
    endloop
  endfacet
  facet normal -0 0 1
    outer loop
      vertex 23.6348 0.599999 6
      vertex 60 0 6
      vertex 24.1226 0.599999 6
    endloop
  endfacet
  facet normal -0 0 1
    outer loop
      vertex 23.2909 0.599999 6
      vertex 60 0 6
      vertex 23.6348 0.599999 6
    endloop
  endfacet
  facet normal 0 0 1
    outer loop
      vertex 22.8319 0.599999 6
      vertex 23.2909 0.599999 6
      vertex 22.8319 0.869744 6
    endloop
  endfacet
  facet normal -0 0 1
    outer loop
      vertex 22.8319 0.599999 6
      vertex 60 0 6
      vertex 23.2909 0.599999 6
    endloop
  endfacet
  facet normal 0 0 1
    outer loop
      vertex 0 0 6
      vertex 22.8319 0.599999 6
      vertex 21.275 0.599999 6
    endloop
  endfacet
  facet normal 0 0 1
    outer loop
      vertex 17.7729 0.599999 6
      vertex 21.275 0.599999 6
      vertex 17.7729 0.869744 6
    endloop
  endfacet
  facet normal 0 0 1
    outer loop
      vertex 0 0 6
      vertex 21.275 0.599999 6
      vertex 17.7729 0.599999 6
    endloop
  endfacet
  facet normal 0 0 1
    outer loop
      vertex 0 0 6
      vertex 17.7729 0.599999 6
      vertex 16.2161 0.599999 6
    endloop
  endfacet
  facet normal 0 0 1
    outer loop
      vertex 14.2271 3.08424 6
      vertex 15.9282 6.45471 6
      vertex 15.8576 6.46874 6
    endloop
  endfacet
  facet normal 0 0 1
    outer loop
      vertex 16.2883 2.38076 6
      vertex 15.6348 0.986123 6
      vertex 16.2161 0.869744 6
    endloop
  endfacet
  facet normal 0 0 1
    outer loop
      vertex 15.9282 6.45471 6
      vertex 14.2271 3.08424 6
      vertex 16.8755 3.08424 6
    endloop
  endfacet
  facet normal 0 0 1
    outer loop
      vertex 14.2271 3.08424 6
      vertex 15.8576 6.46874 6
      vertex 15.7895 6.49187 6
    endloop
  endfacet
  facet normal 0 0 1
    outer loop
      vertex 14.2271 3.08424 6
      vertex 15.7895 6.49187 6
      vertex 15.725 6.52369 6
    endloop
  endfacet
  facet normal 0 0 1
    outer loop
      vertex 14.2271 3.08424 6
      vertex 15.725 6.52369 6
      vertex 15.6652 6.56365 6
    endloop
  endfacet
  facet normal 0 0 1
    outer loop
      vertex 14.2271 3.08424 6
      vertex 15.6652 6.56365 6
      vertex 15.6111 6.61109 6
    endloop
  endfacet
  facet normal 0 0 1
    outer loop
      vertex 16.2883 2.68049 6
      vertex 15.6348 0.986123 6
      vertex 16.2883 2.38076 6
    endloop
  endfacet
  facet normal 0 0 1
    outer loop
      vertex 15.6348 0.599999 6
      vertex 16.2161 0.869744 6
      vertex 15.6348 0.986123 6
    endloop
  endfacet
  facet normal 0 0 1
    outer loop
      vertex 16.2161 0.869744 6
      vertex 15.6348 0.599999 6
      vertex 16.2161 0.599999 6
    endloop
  endfacet
  facet normal 0 0 1
    outer loop
      vertex 0 0 6
      vertex 16.2161 0.599999 6
      vertex 15.6348 0.599999 6
    endloop
  endfacet
  facet normal 0 0 1
    outer loop
      vertex 0 0 6
      vertex 15.6348 0.599999 6
      vertex 15.2909 0.599999 6
    endloop
  endfacet
  facet normal 0 0 1
    outer loop
      vertex 14.8319 0.599999 6
      vertex 15.2909 0.599999 6
      vertex 14.8319 0.869744 6
    endloop
  endfacet
  facet normal 0 0 1
    outer loop
      vertex 0 0 6
      vertex 15.2909 0.599999 6
      vertex 14.8319 0.599999 6
    endloop
  endfacet
  facet normal 0 0 1
    outer loop
      vertex 0 0 6
      vertex 14.8319 0.599999 6
      vertex 13.275 0.599999 6
    endloop
  endfacet
  facet normal 0 0 1
    outer loop
      vertex 13.9345 3.08424 6
      vertex 8.46194 6.80866 6
      vertex 13.3473 2.68049 6
    endloop
  endfacet
  facet normal -0 0 1
    outer loop
      vertex 8.43301 6.75 6
      vertex 13.3473 2.68049 6
      vertex 8.46194 6.80866 6
    endloop
  endfacet
  facet normal -0 0 1
    outer loop
      vertex 8.39668 6.69562 6
      vertex 13.3473 2.68049 6
      vertex 8.43301 6.75 6
    endloop
  endfacet
  facet normal -0 0 1
    outer loop
      vertex 8.35355 6.64645 6
      vertex 13.3473 2.68049 6
      vertex 8.39668 6.69562 6
    endloop
  endfacet
  facet normal -0 0 1
    outer loop
      vertex 8.30438 6.60332 6
      vertex 13.3473 2.68049 6
      vertex 8.35355 6.64645 6
    endloop
  endfacet
  facet normal -0 0 1
    outer loop
      vertex 8.25 6.56699 6
      vertex 13.3473 2.68049 6
      vertex 8.30438 6.60332 6
    endloop
  endfacet
  facet normal -0 0 1
    outer loop
      vertex 8.19134 6.53806 6
      vertex 13.3473 2.68049 6
      vertex 8.25 6.56699 6
    endloop
  endfacet
  facet normal 0 0 1
    outer loop
      vertex 13.3473 2.38076 6
      vertex 6.83188 0.869744 6
      vertex 13.275 0.869744 6
    endloop
  endfacet
  facet normal 0 0 1
    outer loop
      vertex 13.3473 2.68049 6
      vertex 8.19134 6.53806 6
      vertex 6.83188 0.869744 6
    endloop
  endfacet
  facet normal 0 0 1
    outer loop
      vertex 6.83188 0.869744 6
      vertex 8.19134 6.53806 6
      vertex 8.12941 6.51704 6
    endloop
  endfacet
  facet normal 0 0 1
    outer loop
      vertex 6.83188 0.869744 6
      vertex 8.12941 6.51704 6
      vertex 8.06526 6.50428 6
    endloop
  endfacet
  facet normal 0 0 1
    outer loop
      vertex 6.83188 0.869744 6
      vertex 8.06526 6.50428 6
      vertex 8 6.5 6
    endloop
  endfacet
  facet normal 0 0 1
    outer loop
      vertex 6.83188 0.869744 6
      vertex 8 6.5 6
      vertex 7.93474 6.50428 6
    endloop
  endfacet
  facet normal 0 0 1
    outer loop
      vertex 6.83188 0.869744 6
      vertex 7.93474 6.50428 6
      vertex 7.87059 6.51704 6
    endloop
  endfacet
  facet normal 0 0 1
    outer loop
      vertex 6.83188 0.869744 6
      vertex 7.87059 6.51704 6
      vertex 7.80866 6.53806 6
    endloop
  endfacet
  facet normal 0 0 1
    outer loop
      vertex 6.83188 0.869744 6
      vertex 7.80866 6.53806 6
      vertex 7.75 6.56699 6
    endloop
  endfacet
  facet normal 0 0 1
    outer loop
      vertex 6.83188 0.869744 6
      vertex 7.75 6.56699 6
      vertex 7.69562 6.60332 6
    endloop
  endfacet
  facet normal 0 0 1
    outer loop
      vertex 6.83188 0.869744 6
      vertex 7.69562 6.60332 6
      vertex 7.64645 6.64645 6
    endloop
  endfacet
  facet normal 0 0 1
    outer loop
      vertex 6.83188 0.869744 6
      vertex 7.50428 6.93474 6
      vertex 7.5 7 6
    endloop
  endfacet
  facet normal 0 0 1
    outer loop
      vertex 6.83188 0.869744 6
      vertex 7.51704 6.87059 6
      vertex 7.50428 6.93474 6
    endloop
  endfacet
  facet normal 0 0 1
    outer loop
      vertex 6.83188 0.869744 6
      vertex 7.53806 6.80866 6
      vertex 7.51704 6.87059 6
    endloop
  endfacet
  facet normal 0 0 1
    outer loop
      vertex 6.83188 0.869744 6
      vertex 7.56699 6.75 6
      vertex 7.53806 6.80866 6
    endloop
  endfacet
  facet normal 0 0 1
    outer loop
      vertex 6.83188 0.869744 6
      vertex 7.60332 6.69562 6
      vertex 7.56699 6.75 6
    endloop
  endfacet
  facet normal 0 0 1
    outer loop
      vertex 6.83188 0.869744 6
      vertex 7.64645 6.64645 6
      vertex 7.60332 6.69562 6
    endloop
  endfacet
  facet normal 0 0 1
    outer loop
      vertex 13.275 0.869744 6
      vertex 6.83188 0.869744 6
      vertex 13.275 0.599999 6
    endloop
  endfacet
  facet normal 0 0 1
    outer loop
      vertex 6.83188 0.599999 6
      vertex 13.275 0.599999 6
      vertex 6.83188 0.869744 6
    endloop
  endfacet
  facet normal 0 0 1
    outer loop
      vertex 0 0 6
      vertex 13.275 0.599999 6
      vertex 6.83188 0.599999 6
    endloop
  endfacet
  facet normal 0 0 1
    outer loop
      vertex 0 0 6
      vertex 6.83188 0.599999 6
      vertex 5.27504 0.599999 6
    endloop
  endfacet
  facet normal 0 0 1
    outer loop
      vertex 22.8319 0.599999 6
      vertex 0 0 6
      vertex 60 0 6
    endloop
  endfacet
  facet normal 0 0 1
    outer loop
      vertex 5.27504 0.869744 6
      vertex 0 0 6
      vertex 5.27504 0.599999 6
    endloop
  endfacet
  facet normal 0 0 1
    outer loop
      vertex 57.7218 2.61526 6
      vertex 57.6875 1.85609 6
      vertex 57.7246 1.77952 6
    endloop
  endfacet
  facet normal 0 0 1
    outer loop
      vertex 57.7218 2.61526 6
      vertex 57.6422 1.92661 6
      vertex 57.6875 1.85609 6
    endloop
  endfacet
  facet normal 0 0 1
    outer loop
      vertex 57.7218 2.61526 6
      vertex 57.5886 1.9911 6
      vertex 57.6422 1.92661 6
    endloop
  endfacet
  facet normal 0 0 1
    outer loop
      vertex 57.7218 2.61526 6
      vertex 57.5281 2.04817 6
      vertex 57.5886 1.9911 6
    endloop
  endfacet
  facet normal 0 0 1
    outer loop
      vertex 57.7218 2.61526 6
      vertex 57.4617 2.09644 6
      vertex 57.5281 2.04817 6
    endloop
  endfacet
  facet normal -0 0 1
    outer loop
      vertex 57.4185 2.5606 6
      vertex 57.4617 2.09644 6
      vertex 57.7218 2.61526 6
    endloop
  endfacet
  facet normal 0 0 1
    outer loop
      vertex 57.4185 2.5606 6
      vertex 57.3895 2.13596 6
      vertex 57.4617 2.09644 6
    endloop
  endfacet
  facet normal 0 0 1
    outer loop
      vertex 57.1383 2.20181 6
      vertex 57.4185 2.5606 6
      vertex 57.3873 2.64105 6
    endloop
  endfacet
  facet normal 0 0 1
    outer loop
      vertex 57.043 2.2062 6
      vertex 57.3873 2.64105 6
      vertex 57.347 2.70913 6
    endloop
  endfacet
  facet normal 0 0 1
    outer loop
      vertex 57.4185 2.5606 6
      vertex 57.3116 2.16668 6
      vertex 57.3895 2.13596 6
    endloop
  endfacet
  facet normal 0 0 1
    outer loop
      vertex 57.043 2.2062 6
      vertex 57.347 2.70913 6
      vertex 57.2976 2.76482 6
    endloop
  endfacet
  facet normal 0 0 1
    outer loop
      vertex 57.043 2.2062 6
      vertex 57.2976 2.76482 6
      vertex 57.2392 2.80814 6
    endloop
  endfacet
  facet normal 0 0 1
    outer loop
      vertex 57.4185 2.5606 6
      vertex 57.2278 2.18864 6
      vertex 57.3116 2.16668 6
    endloop
  endfacet
  facet normal 0 0 1
    outer loop
      vertex 57.043 2.2062 6
      vertex 57.2392 2.80814 6
      vertex 57.1717 2.83909 6
    endloop
  endfacet
  facet normal 0 0 1
    outer loop
      vertex 57.4185 2.5606 6
      vertex 57.1383 2.20181 6
      vertex 57.2278 2.18864 6
    endloop
  endfacet
  facet normal 0 0 1
    outer loop
      vertex 57.043 2.2062 6
      vertex 57.1717 2.83909 6
      vertex 57.0951 2.85764 6
    endloop
  endfacet
  facet normal 0 0 1
    outer loop
      vertex 57.3873 2.64105 6
      vertex 57.043 2.2062 6
      vertex 57.1383 2.20181 6
    endloop
  endfacet
  facet normal 0 0 1
    outer loop
      vertex 57.0095 2.86384 6
      vertex 57.043 2.2062 6
      vertex 57.0951 2.85764 6
    endloop
  endfacet
  facet normal 0 0 1
    outer loop
      vertex 57.0095 2.86384 6
      vertex 56.986 2.20449 6
      vertex 57.043 2.2062 6
    endloop
  endfacet
  facet normal -0 0 1
    outer loop
      vertex 56.9344 2.85868 6
      vertex 56.986 2.20449 6
      vertex 57.0095 2.86384 6
    endloop
  endfacet
  facet normal -0 0 1
    outer loop
      vertex 56.8643 2.84318 6
      vertex 56.986 2.20449 6
      vertex 56.9344 2.85868 6
    endloop
  endfacet
  facet normal -0 0 1
    outer loop
      vertex 56.7992 2.81736 6
      vertex 56.986 2.20449 6
      vertex 56.8643 2.84318 6
    endloop
  endfacet
  facet normal -0 0 1
    outer loop
      vertex 56.7392 2.78123 6
      vertex 56.986 2.20449 6
      vertex 56.7992 2.81736 6
    endloop
  endfacet
  facet normal 0 0 1
    outer loop
      vertex 56.986 2.20449 6
      vertex 56.7392 2.78123 6
      vertex 56.9308 2.19936 6
    endloop
  endfacet
  facet normal -0 0 1
    outer loop
      vertex 56.6841 2.73475 6
      vertex 56.9308 2.19936 6
      vertex 56.7392 2.78123 6
    endloop
  endfacet
  facet normal -0 0 1
    outer loop
      vertex 56.634 2.67796 6
      vertex 56.9308 2.19936 6
      vertex 56.6841 2.73475 6
    endloop
  endfacet
  facet normal 0 0 1
    outer loop
      vertex 56.9308 2.19936 6
      vertex 56.634 2.67796 6
      vertex 56.8776 2.1908 6
    endloop
  endfacet
  facet normal -0 0 1
    outer loop
      vertex 56.589 2.61083 6
      vertex 56.8776 2.1908 6
      vertex 56.634 2.67796 6
    endloop
  endfacet
  facet normal -0 0 1
    outer loop
      vertex 56.5494 2.53391 6
      vertex 56.8776 2.1908 6
      vertex 56.589 2.61083 6
    endloop
  endfacet
  facet normal 0 0 1
    outer loop
      vertex 56.8776 2.1908 6
      vertex 56.5494 2.53391 6
      vertex 56.8262 2.17884 6
    endloop
  endfacet
  facet normal -0 0 1
    outer loop
      vertex 56.516 2.44776 6
      vertex 56.8262 2.17884 6
      vertex 56.5494 2.53391 6
    endloop
  endfacet
  facet normal 0 0 1
    outer loop
      vertex 56.8262 2.17884 6
      vertex 56.516 2.44776 6
      vertex 56.7767 2.16346 6
    endloop
  endfacet
  facet normal -0 0 1
    outer loop
      vertex 56.4886 2.35235 6
      vertex 56.7767 2.16346 6
      vertex 56.516 2.44776 6
    endloop
  endfacet
  facet normal 0 0 1
    outer loop
      vertex 56.7767 2.16346 6
      vertex 56.4886 2.35235 6
      vertex 56.729 2.14466 6
    endloop
  endfacet
  facet normal 0 0 1
    outer loop
      vertex 56.729 2.14466 6
      vertex 56.4886 2.35235 6
      vertex 56.6833 2.12245 6
    endloop
  endfacet
  facet normal -0 0 1
    outer loop
      vertex 56.4673 2.2477 6
      vertex 56.6833 2.12245 6
      vertex 56.4886 2.35235 6
    endloop
  endfacet
  facet normal 0 0 1
    outer loop
      vertex 56.6833 2.12245 6
      vertex 56.4673 2.2477 6
      vertex 56.6399 2.09695 6
    endloop
  endfacet
  facet normal -0 0 1
    outer loop
      vertex 56.4521 2.1338 6
      vertex 56.6399 2.09695 6
      vertex 56.4673 2.2477 6
    endloop
  endfacet
  facet normal 0 0 1
    outer loop
      vertex 56.6399 2.09695 6
      vertex 56.4521 2.1338 6
      vertex 56.5994 2.06834 6
    endloop
  endfacet
  facet normal 0 0 1
    outer loop
      vertex 56.5994 2.06834 6
      vertex 56.4521 2.1338 6
      vertex 56.5618 2.03658 6
    endloop
  endfacet
  facet normal 0 0 1
    outer loop
      vertex 56.5618 2.03658 6
      vertex 56.4521 2.1338 6
      vertex 56.527 2.00169 6
    endloop
  endfacet
  facet normal -0 0 1
    outer loop
      vertex 56.443 2.01066 6
      vertex 56.527 2.00169 6
      vertex 56.4521 2.1338 6
    endloop
  endfacet
  facet normal 0 0 1
    outer loop
      vertex 56.527 2.00169 6
      vertex 56.443 2.01066 6
      vertex 56.4951 1.96368 6
    endloop
  endfacet
  facet normal 0 0 1
    outer loop
      vertex 56.4951 1.96368 6
      vertex 56.443 2.01066 6
      vertex 56.4661 1.92254 6
    endloop
  endfacet
  facet normal 0 0 1
    outer loop
      vertex 56.4661 1.92254 6
      vertex 56.443 2.01066 6
      vertex 56.44 1.87826 6
    endloop
  endfacet
  facet normal -0 0 1
    outer loop
      vertex 56.6347 6.51299 6
      vertex 57.4187 3.02833 6
      vertex 56.6928 6.6 6
    endloop
  endfacet
  facet normal 0 0 1
    outer loop
      vertex 57.4187 3.02833 6
      vertex 56.6347 6.51299 6
      vertex 57.3004 3.07995 6
    endloop
  endfacet
  facet normal -0 0 1
    outer loop
      vertex 56.5657 6.43431 6
      vertex 57.3004 3.07995 6
      vertex 56.6347 6.51299 6
    endloop
  endfacet
  facet normal -0 0 1
    outer loop
      vertex 56.487 6.36532 6
      vertex 57.3004 3.07995 6
      vertex 56.5657 6.43431 6
    endloop
  endfacet
  facet normal 0 0 1
    outer loop
      vertex 57.3004 3.07995 6
      vertex 56.487 6.36532 6
      vertex 57.1652 3.11094 6
    endloop
  endfacet
  facet normal -0 0 1
    outer loop
      vertex 56.4 6.30718 6
      vertex 57.1652 3.11094 6
      vertex 56.487 6.36532 6
    endloop
  endfacet
  facet normal 0 0 1
    outer loop
      vertex 57.1652 3.11094 6
      vertex 56.4 6.30718 6
      vertex 57.013 3.12127 6
    endloop
  endfacet
  facet normal -0 0 1
    outer loop
      vertex 56.3061 6.2609 6
      vertex 57.013 3.12127 6
      vertex 56.4 6.30718 6
    endloop
  endfacet
  facet normal 0 0 1
    outer loop
      vertex 57.013 3.12127 6
      vertex 56.3061 6.2609 6
      vertex 56.8951 3.11421 6
    endloop
  endfacet
  facet normal -0 0 1
    outer loop
      vertex 56.2071 6.22726 6
      vertex 56.8951 3.11421 6
      vertex 56.3061 6.2609 6
    endloop
  endfacet
  facet normal 0 0 1
    outer loop
      vertex 56.8951 3.11421 6
      vertex 56.2071 6.22726 6
      vertex 56.7852 3.09306 6
    endloop
  endfacet
  facet normal -0 0 1
    outer loop
      vertex 56.1044 6.20684 6
      vertex 56.7852 3.09306 6
      vertex 56.2071 6.22726 6
    endloop
  endfacet
  facet normal 0 0 1
    outer loop
      vertex 56.7852 3.09306 6
      vertex 56.1044 6.20684 6
      vertex 56.6832 3.05779 6
    endloop
  endfacet
  facet normal -0 0 1
    outer loop
      vertex 56 6.2 6
      vertex 56.6832 3.05779 6
      vertex 56.1044 6.20684 6
    endloop
  endfacet
  facet normal 0 0 1
    outer loop
      vertex 56.6832 3.05779 6
      vertex 56 6.2 6
      vertex 56.5893 3.00842 6
    endloop
  endfacet
  facet normal 0 0 1
    outer loop
      vertex 55.8956 6.20684 6
      vertex 56.5893 3.00842 6
      vertex 56 6.2 6
    endloop
  endfacet
  facet normal 0 0 1
    outer loop
      vertex 55.7929 6.22726 6
      vertex 56.5893 3.00842 6
      vertex 55.8956 6.20684 6
    endloop
  endfacet
  facet normal 0 0 1
    outer loop
      vertex 56.5893 3.00842 6
      vertex 55.7929 6.22726 6
      vertex 56.5033 2.94494 6
    endloop
  endfacet
  facet normal 0 0 1
    outer loop
      vertex 54.2271 3.08424 6
      vertex 55.7929 6.22726 6
      vertex 55.6939 6.2609 6
    endloop
  endfacet
  facet normal 0 0 1
    outer loop
      vertex 55.7929 6.22726 6
      vertex 54.2271 3.08424 6
      vertex 56.5033 2.94494 6
    endloop
  endfacet
  facet normal 0 0 1
    outer loop
      vertex 54.2271 3.08424 6
      vertex 55.6939 6.2609 6
      vertex 55.6 6.30718 6
    endloop
  endfacet
  facet normal 0 0 1
    outer loop
      vertex 56.5033 2.94494 6
      vertex 54.2271 3.08424 6
      vertex 56.4253 2.86736 6
    endloop
  endfacet
  facet normal 0 0 1
    outer loop
      vertex 56.4253 2.86736 6
      vertex 54.2271 3.08424 6
      vertex 56.3553 2.77567 6
    endloop
  endfacet
  facet normal 0 0 1
    outer loop
      vertex 56.3553 2.77567 6
      vertex 54.2271 3.08424 6
      vertex 56.2941 2.67082 6
    endloop
  endfacet
  facet normal 0 0 1
    outer loop
      vertex 56.4833 1.31878 6
      vertex 57.4679 1.39869 6
      vertex 57.4652 1.47324 6
    endloop
  endfacet
  facet normal 0 0 1
    outer loop
      vertex 57.4679 1.39869 6
      vertex 56.4833 1.31878 6
      vertex 57.4652 1.32397 6
    endloop
  endfacet
  facet normal 0 0 1
    outer loop
      vertex 56.4746 1.39451 6
      vertex 57.4652 1.47324 6
      vertex 57.4571 1.54275 6
    endloop
  endfacet
  facet normal 0 -0 1
    outer loop
      vertex 56.4978 1.24728 6
      vertex 57.4652 1.32397 6
      vertex 56.4833 1.31878 6
    endloop
  endfacet
  facet normal 0 0 1
    outer loop
      vertex 56.9672 1.96111 6
      vertex 57.4571 1.54275 6
      vertex 57.4436 1.60723 6
    endloop
  endfacet
  facet normal 0 -0 1
    outer loop
      vertex 56.5181 1.18003 6
      vertex 57.4652 1.32397 6
      vertex 56.4978 1.24728 6
    endloop
  endfacet
  facet normal 0 0 1
    outer loop
      vertex 57.0325 1.95814 6
      vertex 57.4436 1.60723 6
      vertex 57.4247 1.66667 6
    endloop
  endfacet
  facet normal 0 0 1
    outer loop
      vertex 57.4652 1.32397 6
      vertex 56.5181 1.18003 6
      vertex 57.4572 1.25398 6
    endloop
  endfacet
  facet normal 0 0 1
    outer loop
      vertex 57.0937 1.94917 6
      vertex 57.4247 1.66667 6
      vertex 57.4004 1.72108 6
    endloop
  endfacet
  facet normal 0 -0 1
    outer loop
      vertex 56.5441 1.11703 6
      vertex 57.4572 1.25398 6
      vertex 56.5181 1.18003 6
    endloop
  endfacet
  facet normal 0 0 1
    outer loop
      vertex 57.0937 1.94917 6
      vertex 57.4004 1.72108 6
      vertex 57.3707 1.77044 6
    endloop
  endfacet
  facet normal 0 0 1
    outer loop
      vertex 57.4572 1.25398 6
      vertex 56.5441 1.11703 6
      vertex 57.4439 1.18868 6
    endloop
  endfacet
  facet normal 0 0 1
    outer loop
      vertex 57.1506 1.93424 6
      vertex 57.3707 1.77044 6
      vertex 57.3356 1.81477 6
    endloop
  endfacet
  facet normal 0 -0 1
    outer loop
      vertex 56.576 1.05827 6
      vertex 57.4439 1.18868 6
      vertex 56.5441 1.11703 6
    endloop
  endfacet
  facet normal 0 0 1
    outer loop
      vertex 57.1506 1.93424 6
      vertex 57.3356 1.81477 6
      vertex 57.2957 1.85359 6
    endloop
  endfacet
  facet normal 0 -0 1
    outer loop
      vertex 56.6136 1.00375 6
      vertex 57.4253 1.12811 6
      vertex 56.576 1.05827 6
    endloop
  endfacet
  facet normal 0 0 1
    outer loop
      vertex 57.1506 1.93424 6
      vertex 57.2957 1.85359 6
      vertex 57.2516 1.88645 6
    endloop
  endfacet
  facet normal 0 -0 1
    outer loop
      vertex 57.0412 0.823541 6
      vertex 57.4253 1.12811 6
      vertex 56.6136 1.00375 6
    endloop
  endfacet
  facet normal 0 0 1
    outer loop
      vertex 57.1506 1.93424 6
      vertex 57.2516 1.88645 6
      vertex 57.2032 1.91332 6
    endloop
  endfacet
  facet normal 0 0 1
    outer loop
      vertex 57.4253 1.12811 6
      vertex 57.0412 0.823541 6
      vertex 57.4013 1.07224 6
    endloop
  endfacet
  facet normal 0 0 1
    outer loop
      vertex 57.3707 1.77044 6
      vertex 57.1506 1.93424 6
      vertex 57.0937 1.94917 6
    endloop
  endfacet
  facet normal 0 0 1
    outer loop
      vertex 57.4013 1.07224 6
      vertex 57.0412 0.823541 6
      vertex 57.372 1.0211 6
    endloop
  endfacet
  facet normal 0 0 1
    outer loop
      vertex 57.4247 1.66667 6
      vertex 57.0937 1.94917 6
      vertex 57.0325 1.95814 6
    endloop
  endfacet
  facet normal 0 0 1
    outer loop
      vertex 57.372 1.0211 6
      vertex 57.1006 0.832986 6
      vertex 57.3374 0.974648 6
    endloop
  endfacet
  facet normal 0 0 1
    outer loop
      vertex 57.4436 1.60723 6
      vertex 57.0325 1.95814 6
      vertex 56.9672 1.96111 6
    endloop
  endfacet
  facet normal 0 0 1
    outer loop
      vertex 57.3374 0.974648 6
      vertex 57.1006 0.832986 6
      vertex 57.2981 0.933724 6
    endloop
  endfacet
  facet normal 0 0 1
    outer loop
      vertex 57.4571 1.54275 6
      vertex 56.9672 1.96111 6
      vertex 56.4717 1.4745 6
    endloop
  endfacet
  facet normal 0 0 1
    outer loop
      vertex 57.2548 0.899102 6
      vertex 57.1006 0.832986 6
      vertex 57.2074 0.870767 6
    endloop
  endfacet
  facet normal 0 0 1
    outer loop
      vertex 56.4717 1.4745 6
      vertex 56.9672 1.96111 6
      vertex 56.9054 1.95847 6
    endloop
  endfacet
  facet normal 0 0 1
    outer loop
      vertex 57.2074 0.870767 6
      vertex 57.1006 0.832986 6
      vertex 57.1561 0.848733 6
    endloop
  endfacet
  facet normal 0 0 1
    outer loop
      vertex 56.4745 1.53748 6
      vertex 56.9054 1.95847 6
      vertex 56.8472 1.95054 6
    endloop
  endfacet
  facet normal 0 0 1
    outer loop
      vertex 57.2981 0.933724 6
      vertex 57.1006 0.832986 6
      vertex 57.2548 0.899102 6
    endloop
  endfacet
  facet normal 0 0 1
    outer loop
      vertex 56.4745 1.53748 6
      vertex 56.8472 1.95054 6
      vertex 56.7924 1.93731 6
    endloop
  endfacet
  facet normal 0 -0 1
    outer loop
      vertex 57.1006 0.832986 6
      vertex 57.372 1.0211 6
      vertex 57.0412 0.823541 6
    endloop
  endfacet
  facet normal 0 0 1
    outer loop
      vertex 56.4829 1.59649 6
      vertex 56.7924 1.93731 6
      vertex 56.7412 1.9188 6
    endloop
  endfacet
  facet normal 0 0 1
    outer loop
      vertex 57.0412 0.823541 6
      vertex 56.6136 1.00375 6
      vertex 56.9777 0.820397 6
    endloop
  endfacet
  facet normal 0 0 1
    outer loop
      vertex 56.4829 1.59649 6
      vertex 56.7412 1.9188 6
      vertex 56.6934 1.895 6
    endloop
  endfacet
  facet normal -0 -0 1
    outer loop
      vertex 56.6558 0.955102 6
      vertex 56.9777 0.820397 6
      vertex 56.6136 1.00375 6
    endloop
  endfacet
  facet normal 0 0 1
    outer loop
      vertex 56.4829 1.59649 6
      vertex 56.6934 1.895 6
      vertex 56.6491 1.86591 6
    endloop
  endfacet
  facet normal 0 0 1
    outer loop
      vertex 56.9777 0.820397 6
      vertex 56.6558 0.955102 6
      vertex 56.9159 0.824136 6
    endloop
  endfacet
  facet normal 0 0 1
    outer loop
      vertex 56.4968 1.65148 6
      vertex 56.6491 1.86591 6
      vertex 56.6084 1.83154 6
    endloop
  endfacet
  facet normal 0 0 1
    outer loop
      vertex 56.75 0.880258 6
      vertex 56.6558 0.955102 6
      vertex 56.7013 0.913934 6
    endloop
  endfacet
  facet normal 0 0 1
    outer loop
      vertex 56.4968 1.65148 6
      vertex 56.6084 1.83154 6
      vertex 56.5721 1.79252 6
    endloop
  endfacet
  facet normal 0 0 1
    outer loop
      vertex 56.802 0.854074 6
      vertex 56.6558 0.955102 6
      vertex 56.75 0.880258 6
    endloop
  endfacet
  facet normal 0 0 1
    outer loop
      vertex 56.4968 1.65148 6
      vertex 56.5721 1.79252 6
      vertex 56.5414 1.74949 6
    endloop
  endfacet
  facet normal 0 0 1
    outer loop
      vertex 56.9159 0.824136 6
      vertex 56.6558 0.955102 6
      vertex 56.8573 0.835366 6
    endloop
  endfacet
  facet normal 0 0 1
    outer loop
      vertex 56.4968 1.65148 6
      vertex 56.5414 1.74949 6
      vertex 56.5163 1.70249 6
    endloop
  endfacet
  facet normal 0 0 1
    outer loop
      vertex 56.8573 0.835366 6
      vertex 56.6558 0.955102 6
      vertex 56.802 0.854074 6
    endloop
  endfacet
  facet normal 0 0 1
    outer loop
      vertex 56.6491 1.86591 6
      vertex 56.4968 1.65148 6
      vertex 56.4829 1.59649 6
    endloop
  endfacet
  facet normal 0 0 1
    outer loop
      vertex 57.4439 1.18868 6
      vertex 56.576 1.05827 6
      vertex 57.4253 1.12811 6
    endloop
  endfacet
  facet normal 0 0 1
    outer loop
      vertex 56.7924 1.93731 6
      vertex 56.4829 1.59649 6
      vertex 56.4745 1.53748 6
    endloop
  endfacet
  facet normal 0 0 1
    outer loop
      vertex 57.4652 1.47324 6
      vertex 56.4746 1.39451 6
      vertex 56.4833 1.31878 6
    endloop
  endfacet
  facet normal 0 0 1
    outer loop
      vertex 56.9054 1.95847 6
      vertex 56.4745 1.53748 6
      vertex 56.4717 1.4745 6
    endloop
  endfacet
  facet normal 0 0 1
    outer loop
      vertex 57.4571 1.54275 6
      vertex 56.4717 1.4745 6
      vertex 56.4746 1.39451 6
    endloop
  endfacet
  facet normal -0 0 1
    outer loop
      vertex 41.1927 2.72183 6
      vertex 41.1946 1.4128 6
      vertex 41.1946 2.72633 6
    endloop
  endfacet
  facet normal -0 0 1
    outer loop
      vertex 41.1891 2.71438 6
      vertex 41.1946 1.4128 6
      vertex 41.1927 2.72183 6
    endloop
  endfacet
  facet normal -0 0 1
    outer loop
      vertex 41.1838 2.70397 6
      vertex 41.1946 1.4128 6
      vertex 41.1891 2.71438 6
    endloop
  endfacet
  facet normal -0 0 1
    outer loop
      vertex 41.1767 2.69062 6
      vertex 41.1946 1.4128 6
      vertex 41.1838 2.70397 6
    endloop
  endfacet
  facet normal -0 0 1
    outer loop
      vertex 41.168 2.67432 6
      vertex 41.1946 1.4128 6
      vertex 41.1767 2.69062 6
    endloop
  endfacet
  facet normal -0 0 1
    outer loop
      vertex 41.1575 2.65508 6
      vertex 41.1946 1.4128 6
      vertex 41.168 2.67432 6
    endloop
  endfacet
  facet normal -0 0 1
    outer loop
      vertex 41.1452 2.63288 6
      vertex 41.1946 1.4128 6
      vertex 41.1575 2.65508 6
    endloop
  endfacet
  facet normal -0 0 1
    outer loop
      vertex 41.1326 2.61021 6
      vertex 41.1946 1.4128 6
      vertex 41.1452 2.63288 6
    endloop
  endfacet
  facet normal -0 0 1
    outer loop
      vertex 41.1209 2.58956 6
      vertex 41.1946 1.4128 6
      vertex 41.1326 2.61021 6
    endloop
  endfacet
  facet normal -0 0 1
    outer loop
      vertex 41.1102 2.57092 6
      vertex 41.1946 1.4128 6
      vertex 41.1209 2.58956 6
    endloop
  endfacet
  facet normal -0 0 1
    outer loop
      vertex 41.1003 2.5543 6
      vertex 41.1946 1.4128 6
      vertex 41.1102 2.57092 6
    endloop
  endfacet
  facet normal -0 0 1
    outer loop
      vertex 41.0914 2.53968 6
      vertex 41.1946 1.4128 6
      vertex 41.1003 2.5543 6
    endloop
  endfacet
  facet normal -0 0 1
    outer loop
      vertex 41.0835 2.52709 6
      vertex 41.1946 1.4128 6
      vertex 41.0914 2.53968 6
    endloop
  endfacet
  facet normal -0 0 1
    outer loop
      vertex 41.0765 2.5165 6
      vertex 41.1946 1.4128 6
      vertex 41.0835 2.52709 6
    endloop
  endfacet
  facet normal -0 0 1
    outer loop
      vertex 40.44 1.57853 6
      vertex 41.1946 1.4128 6
      vertex 41.0765 2.5165 6
    endloop
  endfacet
  facet normal -0 0 1
    outer loop
      vertex 40.3448 1.44805 6
      vertex 41.1946 1.4128 6
      vertex 40.44 1.57853 6
    endloop
  endfacet
  facet normal 0 0 1
    outer loop
      vertex 41.1946 1.4128 6
      vertex 40.3448 1.44805 6
      vertex 40.3166 1.4128 6
    endloop
  endfacet
  facet normal 0 0 -1
    outer loop
      vertex 60 0 0
      vertex 56.8 7 0
      vertex 60 14 0
    endloop
  endfacet
  facet normal 0 0 -1
    outer loop
      vertex 60 0 0
      vertex 56.7932 6.89558 0
      vertex 56.8 7 0
    endloop
  endfacet
  facet normal 0 0 -1
    outer loop
      vertex 60 0 0
      vertex 56.7727 6.79294 0
      vertex 56.7932 6.89558 0
    endloop
  endfacet
  facet normal 0 0 -1
    outer loop
      vertex 60 0 0
      vertex 56.7391 6.69385 0
      vertex 56.7727 6.79294 0
    endloop
  endfacet
  facet normal 0 0 -1
    outer loop
      vertex 60 0 0
      vertex 56.6928 6.6 0
      vertex 56.7391 6.69385 0
    endloop
  endfacet
  facet normal 0 0 -1
    outer loop
      vertex 60 0 0
      vertex 56.6347 6.51299 0
      vertex 56.6928 6.6 0
    endloop
  endfacet
  facet normal 0 0 -1
    outer loop
      vertex 60 0 0
      vertex 56.5657 6.43431 0
      vertex 56.6347 6.51299 0
    endloop
  endfacet
  facet normal 0 0 -1
    outer loop
      vertex 60 0 0
      vertex 56.487 6.36532 0
      vertex 56.5657 6.43431 0
    endloop
  endfacet
  facet normal 0 0 -1
    outer loop
      vertex 60 0 0
      vertex 56.4 6.30718 0
      vertex 56.487 6.36532 0
    endloop
  endfacet
  facet normal 0 0 -1
    outer loop
      vertex 60 0 0
      vertex 56.3061 6.2609 0
      vertex 56.4 6.30718 0
    endloop
  endfacet
  facet normal 0 0 -1
    outer loop
      vertex 60 0 0
      vertex 56.2071 6.22726 0
      vertex 56.3061 6.2609 0
    endloop
  endfacet
  facet normal 0 0 -1
    outer loop
      vertex 60 0 0
      vertex 56.1044 6.20684 0
      vertex 56.2071 6.22726 0
    endloop
  endfacet
  facet normal 0 0 -1
    outer loop
      vertex 60 0 0
      vertex 56 6.2 0
      vertex 56.1044 6.20684 0
    endloop
  endfacet
  facet normal 0 0 -1
    outer loop
      vertex 60 0 0
      vertex 55.8956 6.20684 0
      vertex 56 6.2 0
    endloop
  endfacet
  facet normal 0 0 -1
    outer loop
      vertex 60 0 0
      vertex 55.7929 6.22726 0
      vertex 55.8956 6.20684 0
    endloop
  endfacet
  facet normal 0 0 -1
    outer loop
      vertex 60 0 0
      vertex 55.6939 6.2609 0
      vertex 55.7929 6.22726 0
    endloop
  endfacet
  facet normal 0 0 -1
    outer loop
      vertex 60 0 0
      vertex 55.6 6.30718 0
      vertex 55.6939 6.2609 0
    endloop
  endfacet
  facet normal 0 0 -1
    outer loop
      vertex 48.375 6.35048 0
      vertex 55.6 6.30718 0
      vertex 60 0 0
    endloop
  endfacet
  facet normal 0 0 -1
    outer loop
      vertex 55.6 6.30718 0
      vertex 48.375 6.35048 0
      vertex 55.513 6.36532 0
    endloop
  endfacet
  facet normal 0 -0 -1
    outer loop
      vertex 48.4566 6.40498 0
      vertex 55.513 6.36532 0
      vertex 48.375 6.35048 0
    endloop
  endfacet
  facet normal 0 0 -1
    outer loop
      vertex 55.2068 6.89558 0
      vertex 48.75 7 0
      vertex 55.2 7 0
    endloop
  endfacet
  facet normal 0 0 -1
    outer loop
      vertex 48.7436 6.90211 0
      vertex 55.2068 6.89558 0
      vertex 55.2273 6.79294 0
    endloop
  endfacet
  facet normal 0 0 -1
    outer loop
      vertex 48.7244 6.80589 0
      vertex 55.2273 6.79294 0
      vertex 55.2609 6.69385 0
    endloop
  endfacet
  facet normal 0 0 -1
    outer loop
      vertex 48.6929 6.71299 0
      vertex 55.2609 6.69385 0
      vertex 55.3072 6.6 0
    endloop
  endfacet
  facet normal 0 0 -1
    outer loop
      vertex 48.6495 6.625 0
      vertex 55.3072 6.6 0
      vertex 55.3653 6.51299 0
    endloop
  endfacet
  facet normal 0 0 -1
    outer loop
      vertex 55.513 6.36532 0
      vertex 48.4566 6.40498 0
      vertex 55.4343 6.43431 0
    endloop
  endfacet
  facet normal 0 0 -1
    outer loop
      vertex 55.2068 6.89558 0
      vertex 48.7436 6.90211 0
      vertex 48.75 7 0
    endloop
  endfacet
  facet normal 0 0 -1
    outer loop
      vertex 55.2273 6.79294 0
      vertex 48.7244 6.80589 0
      vertex 48.7436 6.90211 0
    endloop
  endfacet
  facet normal 0 0 -1
    outer loop
      vertex 55.2609 6.69385 0
      vertex 48.6929 6.71299 0
      vertex 48.7244 6.80589 0
    endloop
  endfacet
  facet normal 0 0 -1
    outer loop
      vertex 55.3072 6.6 0
      vertex 48.6495 6.625 0
      vertex 48.6929 6.71299 0
    endloop
  endfacet
  facet normal 0 0 -1
    outer loop
      vertex 55.3653 6.51299 0
      vertex 48.595 6.54343 0
      vertex 48.6495 6.625 0
    endloop
  endfacet
  facet normal -0 0 -1
    outer loop
      vertex 55.3653 6.51299 0
      vertex 48.5303 6.46967 0
      vertex 48.595 6.54343 0
    endloop
  endfacet
  facet normal 0 0 -1
    outer loop
      vertex 55.4343 6.43431 0
      vertex 48.5303 6.46967 0
      vertex 55.3653 6.51299 0
    endloop
  endfacet
  facet normal 0 -0 -1
    outer loop
      vertex 48.5303 6.46967 0
      vertex 55.4343 6.43431 0
      vertex 48.4566 6.40498 0
    endloop
  endfacet
  facet normal 0 0 -1
    outer loop
      vertex 60 0 0
      vertex 48.287 6.30709 0
      vertex 48.375 6.35048 0
    endloop
  endfacet
  facet normal 0 0 -1
    outer loop
      vertex 60 0 0
      vertex 48.1941 6.27556 0
      vertex 48.287 6.30709 0
    endloop
  endfacet
  facet normal 0 0 -1
    outer loop
      vertex 60 0 0
      vertex 48.0979 6.25642 0
      vertex 48.1941 6.27556 0
    endloop
  endfacet
  facet normal 0 0 -1
    outer loop
      vertex 60 0 0
      vertex 48 6.25 0
      vertex 48.0979 6.25642 0
    endloop
  endfacet
  facet normal 0 0 -1
    outer loop
      vertex 60 0 0
      vertex 47.9021 6.25642 0
      vertex 48 6.25 0
    endloop
  endfacet
  facet normal 0 0 -1
    outer loop
      vertex 40.0914 6.30599 0
      vertex 47.9021 6.25642 0
      vertex 60 0 0
    endloop
  endfacet
  facet normal 0 0 -1
    outer loop
      vertex 47.9021 6.25642 0
      vertex 40.0914 6.30599 0
      vertex 47.8059 6.27556 0
    endloop
  endfacet
  facet normal 0 -0 -1
    outer loop
      vertex 40.1812 6.32385 0
      vertex 47.8059 6.27556 0
      vertex 40.0914 6.30599 0
    endloop
  endfacet
  facet normal 0 0 -1
    outer loop
      vertex 47.2564 6.90211 0
      vertex 40.7 7 0
      vertex 47.25 7 0
    endloop
  endfacet
  facet normal 0 0 -1
    outer loop
      vertex 40.694 6.90863 0
      vertex 47.2564 6.90211 0
      vertex 47.2756 6.80589 0
    endloop
  endfacet
  facet normal 0 0 -1
    outer loop
      vertex 40.6761 6.81883 0
      vertex 47.2756 6.80589 0
      vertex 47.3071 6.71299 0
    endloop
  endfacet
  facet normal 0 0 -1
    outer loop
      vertex 40.6467 6.73212 0
      vertex 47.3071 6.71299 0
      vertex 47.3505 6.625 0
    endloop
  endfacet
  facet normal 0 0 -1
    outer loop
      vertex 40.6062 6.65 0
      vertex 47.3505 6.625 0
      vertex 47.405 6.54343 0
    endloop
  endfacet
  facet normal 0 0 -1
    outer loop
      vertex 40.5553 6.57387 0
      vertex 47.405 6.54343 0
      vertex 47.4697 6.46967 0
    endloop
  endfacet
  facet normal 0 0 -1
    outer loop
      vertex 40.4261 6.44465 0
      vertex 47.4697 6.46967 0
      vertex 47.5434 6.40498 0
    endloop
  endfacet
  facet normal 0 0 -1
    outer loop
      vertex 40.35 6.39378 0
      vertex 47.5434 6.40498 0
      vertex 47.625 6.35048 0
    endloop
  endfacet
  facet normal 0 0 -1
    outer loop
      vertex 47.8059 6.27556 0
      vertex 40.1812 6.32385 0
      vertex 47.713 6.30709 0
    endloop
  endfacet
  facet normal 0 0 -1
    outer loop
      vertex 47.2564 6.90211 0
      vertex 40.694 6.90863 0
      vertex 40.7 7 0
    endloop
  endfacet
  facet normal 0 0 -1
    outer loop
      vertex 47.2756 6.80589 0
      vertex 40.6761 6.81883 0
      vertex 40.694 6.90863 0
    endloop
  endfacet
  facet normal 0 0 -1
    outer loop
      vertex 47.3071 6.71299 0
      vertex 40.6467 6.73212 0
      vertex 40.6761 6.81883 0
    endloop
  endfacet
  facet normal 0 0 -1
    outer loop
      vertex 47.3505 6.625 0
      vertex 40.6062 6.65 0
      vertex 40.6467 6.73212 0
    endloop
  endfacet
  facet normal 0 0 -1
    outer loop
      vertex 47.405 6.54343 0
      vertex 40.5553 6.57387 0
      vertex 40.6062 6.65 0
    endloop
  endfacet
  facet normal 0 0 -1
    outer loop
      vertex 47.4697 6.46967 0
      vertex 40.495 6.50502 0
      vertex 40.5553 6.57387 0
    endloop
  endfacet
  facet normal -0 0 -1
    outer loop
      vertex 47.4697 6.46967 0
      vertex 40.4261 6.44465 0
      vertex 40.495 6.50502 0
    endloop
  endfacet
  facet normal -0 0 -1
    outer loop
      vertex 47.5434 6.40498 0
      vertex 40.35 6.39378 0
      vertex 40.4261 6.44465 0
    endloop
  endfacet
  facet normal 0 0 -1
    outer loop
      vertex 47.625 6.35048 0
      vertex 40.2679 6.35328 0
      vertex 40.35 6.39378 0
    endloop
  endfacet
  facet normal 0 0 -1
    outer loop
      vertex 47.713 6.30709 0
      vertex 40.2679 6.35328 0
      vertex 47.625 6.35048 0
    endloop
  endfacet
  facet normal 0 -0 -1
    outer loop
      vertex 40.2679 6.35328 0
      vertex 47.713 6.30709 0
      vertex 40.1812 6.32385 0
    endloop
  endfacet
  facet normal 0 0 -1
    outer loop
      vertex 60 0 0
      vertex 40 6.3 0
      vertex 40.0914 6.30599 0
    endloop
  endfacet
  facet normal 0 0 -1
    outer loop
      vertex 60 0 0
      vertex 39.9086 6.30599 0
      vertex 40 6.3 0
    endloop
  endfacet
  facet normal 0 0 -1
    outer loop
      vertex 32.0848 6.35556 0
      vertex 39.9086 6.30599 0
      vertex 60 0 0
    endloop
  endfacet
  facet normal 0 0 -1
    outer loop
      vertex 39.306 6.90863 0
      vertex 32.65 7 0
      vertex 39.3 7 0
    endloop
  endfacet
  facet normal 0 0 -1
    outer loop
      vertex 32.6444 6.91516 0
      vertex 39.306 6.90863 0
      vertex 39.3239 6.81883 0
    endloop
  endfacet
  facet normal 0 0 -1
    outer loop
      vertex 32.6279 6.83177 0
      vertex 39.3239 6.81883 0
      vertex 39.3533 6.73212 0
    endloop
  endfacet
  facet normal 0 0 -1
    outer loop
      vertex 32.6005 6.75126 0
      vertex 39.3533 6.73212 0
      vertex 39.3938 6.65 0
    endloop
  endfacet
  facet normal 0 0 -1
    outer loop
      vertex 32.5629 6.675 0
      vertex 39.3938 6.65 0
      vertex 39.4447 6.57387 0
    endloop
  endfacet
  facet normal 0 0 -1
    outer loop
      vertex 32.5157 6.6043 0
      vertex 39.4447 6.57387 0
      vertex 39.505 6.50502 0
    endloop
  endfacet
  facet normal 0 0 -1
    outer loop
      vertex 32.3957 6.48432 0
      vertex 39.505 6.50502 0
      vertex 39.5739 6.44465 0
    endloop
  endfacet
  facet normal 0 0 -1
    outer loop
      vertex 32.325 6.43708 0
      vertex 39.5739 6.44465 0
      vertex 39.65 6.39378 0
    endloop
  endfacet
  facet normal 0 0 -1
    outer loop
      vertex 32.2487 6.39948 0
      vertex 39.65 6.39378 0
      vertex 39.7321 6.35328 0
    endloop
  endfacet
  facet normal 0 0 -1
    outer loop
      vertex 32.1682 6.37215 0
      vertex 39.7321 6.35328 0
      vertex 39.8188 6.32385 0
    endloop
  endfacet
  facet normal 0 0 -1
    outer loop
      vertex 39.9086 6.30599 0
      vertex 32.0848 6.35556 0
      vertex 39.8188 6.32385 0
    endloop
  endfacet
  facet normal 0 0 -1
    outer loop
      vertex 39.306 6.90863 0
      vertex 32.6444 6.91516 0
      vertex 32.65 7 0
    endloop
  endfacet
  facet normal 0 0 -1
    outer loop
      vertex 39.3239 6.81883 0
      vertex 32.6279 6.83177 0
      vertex 32.6444 6.91516 0
    endloop
  endfacet
  facet normal 0 0 -1
    outer loop
      vertex 39.3533 6.73212 0
      vertex 32.6005 6.75126 0
      vertex 32.6279 6.83177 0
    endloop
  endfacet
  facet normal 0 0 -1
    outer loop
      vertex 39.3938 6.65 0
      vertex 32.5629 6.675 0
      vertex 32.6005 6.75126 0
    endloop
  endfacet
  facet normal 0 0 -1
    outer loop
      vertex 39.4447 6.57387 0
      vertex 32.5157 6.6043 0
      vertex 32.5629 6.675 0
    endloop
  endfacet
  facet normal 0 0 -1
    outer loop
      vertex 39.505 6.50502 0
      vertex 32.4596 6.54038 0
      vertex 32.5157 6.6043 0
    endloop
  endfacet
  facet normal -0 0 -1
    outer loop
      vertex 39.505 6.50502 0
      vertex 32.3957 6.48432 0
      vertex 32.4596 6.54038 0
    endloop
  endfacet
  facet normal -0 0 -1
    outer loop
      vertex 39.5739 6.44465 0
      vertex 32.325 6.43708 0
      vertex 32.3957 6.48432 0
    endloop
  endfacet
  facet normal 0 0 -1
    outer loop
      vertex 39.65 6.39378 0
      vertex 32.2487 6.39948 0
      vertex 32.325 6.43708 0
    endloop
  endfacet
  facet normal 0 0 -1
    outer loop
      vertex 39.7321 6.35328 0
      vertex 32.1682 6.37215 0
      vertex 32.2487 6.39948 0
    endloop
  endfacet
  facet normal 0 0 -1
    outer loop
      vertex 39.8188 6.32385 0
      vertex 32.0848 6.35556 0
      vertex 32.1682 6.37215 0
    endloop
  endfacet
  facet normal 0 0 -1
    outer loop
      vertex 60 0 0
      vertex 32 6.35 0
      vertex 32.0848 6.35556 0
    endloop
  endfacet
  facet normal 0 0 -1
    outer loop
      vertex 0 0 0
      vertex 32 6.35 0
      vertex 60 0 0
    endloop
  endfacet
  facet normal -0 0 -1
    outer loop
      vertex 32 6.35 0
      vertex 0 0 0
      vertex 31.9152 6.35556 0
    endloop
  endfacet
  facet normal 0 0 -1
    outer loop
      vertex 31.3556 6.91516 0
      vertex 24.6 7 0
      vertex 31.35 7 0
    endloop
  endfacet
  facet normal 0 0 -1
    outer loop
      vertex 24.5949 6.92168 0
      vertex 31.3556 6.91516 0
      vertex 31.3721 6.83177 0
    endloop
  endfacet
  facet normal 0 0 -1
    outer loop
      vertex 24.5796 6.84471 0
      vertex 31.3721 6.83177 0
      vertex 31.3995 6.75126 0
    endloop
  endfacet
  facet normal 0 0 -1
    outer loop
      vertex 24.5543 6.77039 0
      vertex 31.3995 6.75126 0
      vertex 31.4371 6.675 0
    endloop
  endfacet
  facet normal 0 0 -1
    outer loop
      vertex 24.5196 6.7 0
      vertex 31.4371 6.675 0
      vertex 31.4843 6.6043 0
    endloop
  endfacet
  facet normal 0 0 -1
    outer loop
      vertex 24.476 6.63474 0
      vertex 31.4843 6.6043 0
      vertex 31.5404 6.54038 0
    endloop
  endfacet
  facet normal 0 0 -1
    outer loop
      vertex 24.3653 6.52399 0
      vertex 31.5404 6.54038 0
      vertex 31.6043 6.48432 0
    endloop
  endfacet
  facet normal 0 0 -1
    outer loop
      vertex 24.3 6.48038 0
      vertex 31.6043 6.48432 0
      vertex 31.675 6.43708 0
    endloop
  endfacet
  facet normal 0 0 -1
    outer loop
      vertex 24.2296 6.44567 0
      vertex 31.675 6.43708 0
      vertex 31.7513 6.39948 0
    endloop
  endfacet
  facet normal 0 0 -1
    outer loop
      vertex 24.1553 6.42044 0
      vertex 31.7513 6.39948 0
      vertex 31.8318 6.37215 0
    endloop
  endfacet
  facet normal 0 -0 -1
    outer loop
      vertex 24.0783 6.40513 0
      vertex 31.9152 6.35556 0
      vertex 0 0 0
    endloop
  endfacet
  facet normal 0 0 -1
    outer loop
      vertex 31.3556 6.91516 0
      vertex 24.5949 6.92168 0
      vertex 24.6 7 0
    endloop
  endfacet
  facet normal 0 0 -1
    outer loop
      vertex 31.3721 6.83177 0
      vertex 24.5796 6.84471 0
      vertex 24.5949 6.92168 0
    endloop
  endfacet
  facet normal 0 0 -1
    outer loop
      vertex 31.3995 6.75126 0
      vertex 24.5543 6.77039 0
      vertex 24.5796 6.84471 0
    endloop
  endfacet
  facet normal 0 0 -1
    outer loop
      vertex 31.4371 6.675 0
      vertex 24.5196 6.7 0
      vertex 24.5543 6.77039 0
    endloop
  endfacet
  facet normal 0 0 -1
    outer loop
      vertex 31.4843 6.6043 0
      vertex 24.476 6.63474 0
      vertex 24.5196 6.7 0
    endloop
  endfacet
  facet normal 0 0 -1
    outer loop
      vertex 31.5404 6.54038 0
      vertex 24.4243 6.57574 0
      vertex 24.476 6.63474 0
    endloop
  endfacet
  facet normal -0 0 -1
    outer loop
      vertex 31.5404 6.54038 0
      vertex 24.3653 6.52399 0
      vertex 24.4243 6.57574 0
    endloop
  endfacet
  facet normal -0 0 -1
    outer loop
      vertex 31.6043 6.48432 0
      vertex 24.3 6.48038 0
      vertex 24.3653 6.52399 0
    endloop
  endfacet
  facet normal 0 0 -1
    outer loop
      vertex 31.675 6.43708 0
      vertex 24.2296 6.44567 0
      vertex 24.3 6.48038 0
    endloop
  endfacet
  facet normal 0 0 -1
    outer loop
      vertex 31.7513 6.39948 0
      vertex 24.1553 6.42044 0
      vertex 24.2296 6.44567 0
    endloop
  endfacet
  facet normal 0 0 -1
    outer loop
      vertex 31.8318 6.37215 0
      vertex 24.0783 6.40513 0
      vertex 24.1553 6.42044 0
    endloop
  endfacet
  facet normal 0 0 -1
    outer loop
      vertex 31.9152 6.35556 0
      vertex 24.0783 6.40513 0
      vertex 31.8318 6.37215 0
    endloop
  endfacet
  facet normal 0 0 -1
    outer loop
      vertex 24.0783 6.40513 0
      vertex 0 0 0
      vertex 24 6.4 0
    endloop
  endfacet
  facet normal 0 0 -1
    outer loop
      vertex 23.4051 6.92168 0
      vertex 16.55 7 0
      vertex 23.4 7 0
    endloop
  endfacet
  facet normal 0 0 -1
    outer loop
      vertex 16.5453 6.92821 0
      vertex 23.4051 6.92168 0
      vertex 23.4204 6.84471 0
    endloop
  endfacet
  facet normal 0 0 -1
    outer loop
      vertex 16.5313 6.85765 0
      vertex 23.4204 6.84471 0
      vertex 23.4457 6.77039 0
    endloop
  endfacet
  facet normal 0 0 -1
    outer loop
      vertex 16.5081 6.78952 0
      vertex 23.4457 6.77039 0
      vertex 23.4804 6.7 0
    endloop
  endfacet
  facet normal 0 0 -1
    outer loop
      vertex 16.4763 6.725 0
      vertex 23.4804 6.7 0
      vertex 23.524 6.63474 0
    endloop
  endfacet
  facet normal 0 0 -1
    outer loop
      vertex 16.4363 6.66518 0
      vertex 23.524 6.63474 0
      vertex 23.5757 6.57574 0
    endloop
  endfacet
  facet normal 0 0 -1
    outer loop
      vertex 16.3348 6.56365 0
      vertex 23.5757 6.57574 0
      vertex 23.6347 6.52399 0
    endloop
  endfacet
  facet normal 0 0 -1
    outer loop
      vertex 16.275 6.52369 0
      vertex 23.6347 6.52399 0
      vertex 23.7 6.48038 0
    endloop
  endfacet
  facet normal 0 0 -1
    outer loop
      vertex 16.2105 6.49187 0
      vertex 23.7 6.48038 0
      vertex 23.7704 6.44567 0
    endloop
  endfacet
  facet normal 0 0 -1
    outer loop
      vertex 16.1423 6.46874 0
      vertex 23.7704 6.44567 0
      vertex 23.8447 6.42044 0
    endloop
  endfacet
  facet normal 0 0 -1
    outer loop
      vertex 16.0718 6.45471 0
      vertex 23.8447 6.42044 0
      vertex 23.9217 6.40513 0
    endloop
  endfacet
  facet normal -0 0 -1
    outer loop
      vertex 24 6.4 0
      vertex 0 0 0
      vertex 23.9217 6.40513 0
    endloop
  endfacet
  facet normal 0 0 -1
    outer loop
      vertex 23.4051 6.92168 0
      vertex 16.5453 6.92821 0
      vertex 16.55 7 0
    endloop
  endfacet
  facet normal 0 0 -1
    outer loop
      vertex 23.4204 6.84471 0
      vertex 16.5313 6.85765 0
      vertex 16.5453 6.92821 0
    endloop
  endfacet
  facet normal 0 0 -1
    outer loop
      vertex 23.4457 6.77039 0
      vertex 16.5081 6.78952 0
      vertex 16.5313 6.85765 0
    endloop
  endfacet
  facet normal 0 0 -1
    outer loop
      vertex 23.4804 6.7 0
      vertex 16.4763 6.725 0
      vertex 16.5081 6.78952 0
    endloop
  endfacet
  facet normal 0 0 -1
    outer loop
      vertex 23.524 6.63474 0
      vertex 16.4363 6.66518 0
      vertex 16.4763 6.725 0
    endloop
  endfacet
  facet normal 0 0 -1
    outer loop
      vertex 23.5757 6.57574 0
      vertex 16.3889 6.61109 0
      vertex 16.4363 6.66518 0
    endloop
  endfacet
  facet normal -0 0 -1
    outer loop
      vertex 23.5757 6.57574 0
      vertex 16.3348 6.56365 0
      vertex 16.3889 6.61109 0
    endloop
  endfacet
  facet normal -0 0 -1
    outer loop
      vertex 23.6347 6.52399 0
      vertex 16.275 6.52369 0
      vertex 16.3348 6.56365 0
    endloop
  endfacet
  facet normal 0 0 -1
    outer loop
      vertex 23.7 6.48038 0
      vertex 16.2105 6.49187 0
      vertex 16.275 6.52369 0
    endloop
  endfacet
  facet normal 0 0 -1
    outer loop
      vertex 23.7704 6.44567 0
      vertex 16.1423 6.46874 0
      vertex 16.2105 6.49187 0
    endloop
  endfacet
  facet normal 0 -0 -1
    outer loop
      vertex 16.0718 6.45471 0
      vertex 23.9217 6.40513 0
      vertex 0 0 0
    endloop
  endfacet
  facet normal 0 0 -1
    outer loop
      vertex 23.8447 6.42044 0
      vertex 16.0718 6.45471 0
      vertex 16.1423 6.46874 0
    endloop
  endfacet
  facet normal 0 0 -1
    outer loop
      vertex 16.0718 6.45471 0
      vertex 0 0 0
      vertex 16 6.45 0
    endloop
  endfacet
  facet normal 0 0 -1
    outer loop
      vertex 15.4547 6.92821 0
      vertex 8.5 7 0
      vertex 15.45 7 0
    endloop
  endfacet
  facet normal 0 0 -1
    outer loop
      vertex 8.49572 6.93474 0
      vertex 15.4547 6.92821 0
      vertex 15.4687 6.85765 0
    endloop
  endfacet
  facet normal 0 0 -1
    outer loop
      vertex 8.48296 6.87059 0
      vertex 15.4687 6.85765 0
      vertex 15.4919 6.78952 0
    endloop
  endfacet
  facet normal 0 0 -1
    outer loop
      vertex 8.46194 6.80866 0
      vertex 15.4919 6.78952 0
      vertex 15.5237 6.725 0
    endloop
  endfacet
  facet normal 0 0 -1
    outer loop
      vertex 8.43301 6.75 0
      vertex 15.5237 6.725 0
      vertex 15.5637 6.66518 0
    endloop
  endfacet
  facet normal 0 0 -1
    outer loop
      vertex 8.39668 6.69562 0
      vertex 15.5637 6.66518 0
      vertex 15.6111 6.61109 0
    endloop
  endfacet
  facet normal 0 0 -1
    outer loop
      vertex 8.30438 6.60332 0
      vertex 15.6111 6.61109 0
      vertex 15.6652 6.56365 0
    endloop
  endfacet
  facet normal 0 0 -1
    outer loop
      vertex 8.25 6.56699 0
      vertex 15.6652 6.56365 0
      vertex 15.725 6.52369 0
    endloop
  endfacet
  facet normal 0 0 -1
    outer loop
      vertex 8.19134 6.53806 0
      vertex 15.725 6.52369 0
      vertex 15.7895 6.49187 0
    endloop
  endfacet
  facet normal 0 0 -1
    outer loop
      vertex 8.12941 6.51704 0
      vertex 15.7895 6.49187 0
      vertex 15.8576 6.46874 0
    endloop
  endfacet
  facet normal 0 0 -1
    outer loop
      vertex 0 0 0
      vertex 15.8576 6.46874 0
      vertex 15.9282 6.45471 0
    endloop
  endfacet
  facet normal -0 0 -1
    outer loop
      vertex 16 6.45 0
      vertex 0 0 0
      vertex 15.9282 6.45471 0
    endloop
  endfacet
  facet normal 0 0 -1
    outer loop
      vertex 15.4547 6.92821 0
      vertex 8.49572 6.93474 0
      vertex 8.5 7 0
    endloop
  endfacet
  facet normal 0 0 -1
    outer loop
      vertex 15.4687 6.85765 0
      vertex 8.48296 6.87059 0
      vertex 8.49572 6.93474 0
    endloop
  endfacet
  facet normal 0 0 -1
    outer loop
      vertex 15.4919 6.78952 0
      vertex 8.46194 6.80866 0
      vertex 8.48296 6.87059 0
    endloop
  endfacet
  facet normal 0 0 -1
    outer loop
      vertex 15.5237 6.725 0
      vertex 8.43301 6.75 0
      vertex 8.46194 6.80866 0
    endloop
  endfacet
  facet normal 0 0 -1
    outer loop
      vertex 15.5637 6.66518 0
      vertex 8.39668 6.69562 0
      vertex 8.43301 6.75 0
    endloop
  endfacet
  facet normal 0 0 -1
    outer loop
      vertex 15.6111 6.61109 0
      vertex 8.35355 6.64645 0
      vertex 8.39668 6.69562 0
    endloop
  endfacet
  facet normal -0 0 -1
    outer loop
      vertex 15.6111 6.61109 0
      vertex 8.30438 6.60332 0
      vertex 8.35355 6.64645 0
    endloop
  endfacet
  facet normal 0 0 -1
    outer loop
      vertex 15.6652 6.56365 0
      vertex 8.25 6.56699 0
      vertex 8.30438 6.60332 0
    endloop
  endfacet
  facet normal -0 0 -1
    outer loop
      vertex 15.8576 6.46874 0
      vertex 0 0 0
      vertex 8.12941 6.51704 0
    endloop
  endfacet
  facet normal 0 0 -1
    outer loop
      vertex 15.725 6.52369 0
      vertex 8.19134 6.53806 0
      vertex 8.25 6.56699 0
    endloop
  endfacet
  facet normal 0 0 -1
    outer loop
      vertex 15.7895 6.49187 0
      vertex 8.12941 6.51704 0
      vertex 8.19134 6.53806 0
    endloop
  endfacet
  facet normal 0 0 -1
    outer loop
      vertex 8.12941 6.51704 0
      vertex 0 0 0
      vertex 8.06526 6.50428 0
    endloop
  endfacet
  facet normal 0 0 -1
    outer loop
      vertex 8.06526 6.50428 0
      vertex 0 0 0
      vertex 8 6.5 0
    endloop
  endfacet
  facet normal -0 0 -1
    outer loop
      vertex 7.50428 6.93474 0
      vertex 0 0 0
      vertex 7.5 7 0
    endloop
  endfacet
  facet normal -0 0 -1
    outer loop
      vertex 7.51704 6.87059 0
      vertex 0 0 0
      vertex 7.50428 6.93474 0
    endloop
  endfacet
  facet normal -0 0 -1
    outer loop
      vertex 7.53806 6.80866 0
      vertex 0 0 0
      vertex 7.51704 6.87059 0
    endloop
  endfacet
  facet normal -0 0 -1
    outer loop
      vertex 7.56699 6.75 0
      vertex 0 0 0
      vertex 7.53806 6.80866 0
    endloop
  endfacet
  facet normal -0 0 -1
    outer loop
      vertex 7.60332 6.69562 0
      vertex 0 0 0
      vertex 7.56699 6.75 0
    endloop
  endfacet
  facet normal -0 0 -1
    outer loop
      vertex 7.64645 6.64645 0
      vertex 0 0 0
      vertex 7.60332 6.69562 0
    endloop
  endfacet
  facet normal -0 0 -1
    outer loop
      vertex 7.69562 6.60332 0
      vertex 0 0 0
      vertex 7.64645 6.64645 0
    endloop
  endfacet
  facet normal -0 0 -1
    outer loop
      vertex 7.75 6.56699 0
      vertex 0 0 0
      vertex 7.69562 6.60332 0
    endloop
  endfacet
  facet normal -0 0 -1
    outer loop
      vertex 7.80866 6.53806 0
      vertex 0 0 0
      vertex 7.75 6.56699 0
    endloop
  endfacet
  facet normal -0 0 -1
    outer loop
      vertex 7.87059 6.51704 0
      vertex 0 0 0
      vertex 7.80866 6.53806 0
    endloop
  endfacet
  facet normal -0 0 -1
    outer loop
      vertex 7.93474 6.50428 0
      vertex 0 0 0
      vertex 7.87059 6.51704 0
    endloop
  endfacet
  facet normal -0 0 -1
    outer loop
      vertex 8 6.5 0
      vertex 0 0 0
      vertex 7.93474 6.50428 0
    endloop
  endfacet
  facet normal 0 0 -1
    outer loop
      vertex 56.7932 7.10442 0
      vertex 60 14 0
      vertex 56.8 7 0
    endloop
  endfacet
  facet normal 0 0 -1
    outer loop
      vertex 56.7727 7.20706 0
      vertex 60 14 0
      vertex 56.7932 7.10442 0
    endloop
  endfacet
  facet normal 0 0 -1
    outer loop
      vertex 56.7391 7.30615 0
      vertex 60 14 0
      vertex 56.7727 7.20706 0
    endloop
  endfacet
  facet normal 0 0 -1
    outer loop
      vertex 56.6928 7.4 0
      vertex 60 14 0
      vertex 56.7391 7.30615 0
    endloop
  endfacet
  facet normal 0 0 -1
    outer loop
      vertex 56.6347 7.48701 0
      vertex 60 14 0
      vertex 56.6928 7.4 0
    endloop
  endfacet
  facet normal 0 0 -1
    outer loop
      vertex 56.5657 7.56569 0
      vertex 60 14 0
      vertex 56.6347 7.48701 0
    endloop
  endfacet
  facet normal 0 0 -1
    outer loop
      vertex 56.487 7.63468 0
      vertex 60 14 0
      vertex 56.5657 7.56569 0
    endloop
  endfacet
  facet normal 0 0 -1
    outer loop
      vertex 56.4 7.69282 0
      vertex 60 14 0
      vertex 56.487 7.63468 0
    endloop
  endfacet
  facet normal 0 0 -1
    outer loop
      vertex 56.3061 7.7391 0
      vertex 60 14 0
      vertex 56.4 7.69282 0
    endloop
  endfacet
  facet normal 0 0 -1
    outer loop
      vertex 56.2071 7.77274 0
      vertex 60 14 0
      vertex 56.3061 7.7391 0
    endloop
  endfacet
  facet normal 0 0 -1
    outer loop
      vertex 56.1044 7.79316 0
      vertex 60 14 0
      vertex 56.2071 7.77274 0
    endloop
  endfacet
  facet normal 0 0 -1
    outer loop
      vertex 56 7.8 0
      vertex 60 14 0
      vertex 56.1044 7.79316 0
    endloop
  endfacet
  facet normal 0 0 -1
    outer loop
      vertex 55.8956 7.79316 0
      vertex 60 14 0
      vertex 56 7.8 0
    endloop
  endfacet
  facet normal 0 0 -1
    outer loop
      vertex 55.7929 7.77274 0
      vertex 60 14 0
      vertex 55.8956 7.79316 0
    endloop
  endfacet
  facet normal 0 0 -1
    outer loop
      vertex 55.6939 7.7391 0
      vertex 60 14 0
      vertex 55.7929 7.77274 0
    endloop
  endfacet
  facet normal 0 0 -1
    outer loop
      vertex 55.6 7.69282 0
      vertex 60 14 0
      vertex 55.6939 7.7391 0
    endloop
  endfacet
  facet normal 0 0 -1
    outer loop
      vertex 48.375 7.64952 0
      vertex 55.6 7.69282 0
      vertex 55.513 7.63468 0
    endloop
  endfacet
  facet normal 0 0 -1
    outer loop
      vertex 48.4566 7.59501 0
      vertex 55.513 7.63468 0
      vertex 55.4343 7.56569 0
    endloop
  endfacet
  facet normal 0 0 -1
    outer loop
      vertex 48.5303 7.53033 0
      vertex 55.4343 7.56569 0
      vertex 55.3653 7.48701 0
    endloop
  endfacet
  facet normal 0 0 -1
    outer loop
      vertex 48.75 7 0
      vertex 55.2068 7.10442 0
      vertex 55.2 7 0
    endloop
  endfacet
  facet normal 0 0 -1
    outer loop
      vertex 48.7436 7.09789 0
      vertex 55.2068 7.10442 0
      vertex 48.75 7 0
    endloop
  endfacet
  facet normal -0 0 -1
    outer loop
      vertex 55.2068 7.10442 0
      vertex 48.7436 7.09789 0
      vertex 55.2273 7.20706 0
    endloop
  endfacet
  facet normal 0 0 -1
    outer loop
      vertex 48.7244 7.19411 0
      vertex 55.2273 7.20706 0
      vertex 48.7436 7.09789 0
    endloop
  endfacet
  facet normal -0 0 -1
    outer loop
      vertex 55.2273 7.20706 0
      vertex 48.7244 7.19411 0
      vertex 55.2609 7.30615 0
    endloop
  endfacet
  facet normal 0 0 -1
    outer loop
      vertex 48.6929 7.28701 0
      vertex 55.2609 7.30615 0
      vertex 48.7244 7.19411 0
    endloop
  endfacet
  facet normal -0 0 -1
    outer loop
      vertex 55.2609 7.30615 0
      vertex 48.6929 7.28701 0
      vertex 55.3072 7.4 0
    endloop
  endfacet
  facet normal 0 0 -1
    outer loop
      vertex 48.6495 7.375 0
      vertex 55.3072 7.4 0
      vertex 48.6929 7.28701 0
    endloop
  endfacet
  facet normal -0 0 -1
    outer loop
      vertex 55.3072 7.4 0
      vertex 48.6495 7.375 0
      vertex 55.3653 7.48701 0
    endloop
  endfacet
  facet normal 0 0 -1
    outer loop
      vertex 48.595 7.45657 0
      vertex 55.3653 7.48701 0
      vertex 48.6495 7.375 0
    endloop
  endfacet
  facet normal 0 0 -1
    outer loop
      vertex 48.5303 7.53033 0
      vertex 55.3653 7.48701 0
      vertex 48.595 7.45657 0
    endloop
  endfacet
  facet normal -0 0 -1
    outer loop
      vertex 55.4343 7.56569 0
      vertex 48.5303 7.53033 0
      vertex 48.4566 7.59501 0
    endloop
  endfacet
  facet normal -0 0 -1
    outer loop
      vertex 55.513 7.63468 0
      vertex 48.4566 7.59501 0
      vertex 48.375 7.64952 0
    endloop
  endfacet
  facet normal -0 0 -1
    outer loop
      vertex 55.6 7.69282 0
      vertex 48.375 7.64952 0
      vertex 60 14 0
    endloop
  endfacet
  facet normal 0 0 -1
    outer loop
      vertex 48.287 7.69291 0
      vertex 60 14 0
      vertex 48.375 7.64952 0
    endloop
  endfacet
  facet normal 0 0 -1
    outer loop
      vertex 48.1941 7.72444 0
      vertex 60 14 0
      vertex 48.287 7.69291 0
    endloop
  endfacet
  facet normal 0 0 -1
    outer loop
      vertex 48.0979 7.74358 0
      vertex 60 14 0
      vertex 48.1941 7.72444 0
    endloop
  endfacet
  facet normal 0 0 -1
    outer loop
      vertex 48 7.75 0
      vertex 60 14 0
      vertex 48.0979 7.74358 0
    endloop
  endfacet
  facet normal 0 0 -1
    outer loop
      vertex 47.9021 7.74358 0
      vertex 60 14 0
      vertex 48 7.75 0
    endloop
  endfacet
  facet normal 0 0 -1
    outer loop
      vertex 40.0914 7.69401 0
      vertex 47.9021 7.74358 0
      vertex 47.8059 7.72444 0
    endloop
  endfacet
  facet normal 0 0 -1
    outer loop
      vertex 40.1812 7.67615 0
      vertex 47.8059 7.72444 0
      vertex 47.713 7.69291 0
    endloop
  endfacet
  facet normal 0 0 -1
    outer loop
      vertex 40.2679 7.64672 0
      vertex 47.713 7.69291 0
      vertex 47.625 7.64952 0
    endloop
  endfacet
  facet normal 0 0 -1
    outer loop
      vertex 40.7 7 0
      vertex 47.2564 7.09789 0
      vertex 47.25 7 0
    endloop
  endfacet
  facet normal 0 0 -1
    outer loop
      vertex 40.694 7.09137 0
      vertex 47.2564 7.09789 0
      vertex 40.7 7 0
    endloop
  endfacet
  facet normal -0 0 -1
    outer loop
      vertex 47.2564 7.09789 0
      vertex 40.694 7.09137 0
      vertex 47.2756 7.19411 0
    endloop
  endfacet
  facet normal 0 0 -1
    outer loop
      vertex 40.6761 7.18117 0
      vertex 47.2756 7.19411 0
      vertex 40.694 7.09137 0
    endloop
  endfacet
  facet normal -0 0 -1
    outer loop
      vertex 47.2756 7.19411 0
      vertex 40.6761 7.18117 0
      vertex 47.3071 7.28701 0
    endloop
  endfacet
  facet normal 0 0 -1
    outer loop
      vertex 40.6467 7.26788 0
      vertex 47.3071 7.28701 0
      vertex 40.6761 7.18117 0
    endloop
  endfacet
  facet normal -0 0 -1
    outer loop
      vertex 47.3071 7.28701 0
      vertex 40.6467 7.26788 0
      vertex 47.3505 7.375 0
    endloop
  endfacet
  facet normal 0 0 -1
    outer loop
      vertex 40.6062 7.35 0
      vertex 47.3505 7.375 0
      vertex 40.6467 7.26788 0
    endloop
  endfacet
  facet normal -0 0 -1
    outer loop
      vertex 47.3505 7.375 0
      vertex 40.6062 7.35 0
      vertex 47.405 7.45657 0
    endloop
  endfacet
  facet normal 0 0 -1
    outer loop
      vertex 40.5553 7.42613 0
      vertex 47.405 7.45657 0
      vertex 40.6062 7.35 0
    endloop
  endfacet
  facet normal -0 0 -1
    outer loop
      vertex 47.405 7.45657 0
      vertex 40.5553 7.42613 0
      vertex 47.4697 7.53033 0
    endloop
  endfacet
  facet normal 0 0 -1
    outer loop
      vertex 40.495 7.49497 0
      vertex 47.4697 7.53033 0
      vertex 40.5553 7.42613 0
    endloop
  endfacet
  facet normal 0 0 -1
    outer loop
      vertex 40.4261 7.55535 0
      vertex 47.4697 7.53033 0
      vertex 40.495 7.49497 0
    endloop
  endfacet
  facet normal 0 0 -1
    outer loop
      vertex 47.4697 7.53033 0
      vertex 40.4261 7.55535 0
      vertex 47.5434 7.59501 0
    endloop
  endfacet
  facet normal 0 0 -1
    outer loop
      vertex 40.35 7.60622 0
      vertex 47.5434 7.59501 0
      vertex 40.4261 7.55535 0
    endloop
  endfacet
  facet normal 0 0 -1
    outer loop
      vertex 47.5434 7.59501 0
      vertex 40.35 7.60622 0
      vertex 47.625 7.64952 0
    endloop
  endfacet
  facet normal 0 0 -1
    outer loop
      vertex 40.2679 7.64672 0
      vertex 47.625 7.64952 0
      vertex 40.35 7.60622 0
    endloop
  endfacet
  facet normal 0 0 -1
    outer loop
      vertex 47.713 7.69291 0
      vertex 40.2679 7.64672 0
      vertex 40.1812 7.67615 0
    endloop
  endfacet
  facet normal 0 0 -1
    outer loop
      vertex 47.8059 7.72444 0
      vertex 40.1812 7.67615 0
      vertex 40.0914 7.69401 0
    endloop
  endfacet
  facet normal -0 0 -1
    outer loop
      vertex 47.9021 7.74358 0
      vertex 40.0914 7.69401 0
      vertex 60 14 0
    endloop
  endfacet
  facet normal 0 0 -1
    outer loop
      vertex 40 7.7 0
      vertex 60 14 0
      vertex 40.0914 7.69401 0
    endloop
  endfacet
  facet normal 0 0 -1
    outer loop
      vertex 39.9086 7.69401 0
      vertex 60 14 0
      vertex 40 7.7 0
    endloop
  endfacet
  facet normal 0 0 -1
    outer loop
      vertex 32.0848 7.64444 0
      vertex 39.9086 7.69401 0
      vertex 39.8188 7.67615 0
    endloop
  endfacet
  facet normal 0 0 -1
    outer loop
      vertex 32.65 7 0
      vertex 39.306 7.09137 0
      vertex 39.3 7 0
    endloop
  endfacet
  facet normal 0 0 -1
    outer loop
      vertex 32.6444 7.08484 0
      vertex 39.306 7.09137 0
      vertex 32.65 7 0
    endloop
  endfacet
  facet normal -0 0 -1
    outer loop
      vertex 39.306 7.09137 0
      vertex 32.6444 7.08484 0
      vertex 39.3239 7.18117 0
    endloop
  endfacet
  facet normal 0 0 -1
    outer loop
      vertex 32.6279 7.16823 0
      vertex 39.3239 7.18117 0
      vertex 32.6444 7.08484 0
    endloop
  endfacet
  facet normal -0 0 -1
    outer loop
      vertex 39.3239 7.18117 0
      vertex 32.6279 7.16823 0
      vertex 39.3533 7.26788 0
    endloop
  endfacet
  facet normal 0 0 -1
    outer loop
      vertex 32.6005 7.24874 0
      vertex 39.3533 7.26788 0
      vertex 32.6279 7.16823 0
    endloop
  endfacet
  facet normal -0 0 -1
    outer loop
      vertex 39.3533 7.26788 0
      vertex 32.6005 7.24874 0
      vertex 39.3938 7.35 0
    endloop
  endfacet
  facet normal 0 0 -1
    outer loop
      vertex 32.5629 7.325 0
      vertex 39.3938 7.35 0
      vertex 32.6005 7.24874 0
    endloop
  endfacet
  facet normal -0 0 -1
    outer loop
      vertex 39.3938 7.35 0
      vertex 32.5629 7.325 0
      vertex 39.4447 7.42613 0
    endloop
  endfacet
  facet normal 0 0 -1
    outer loop
      vertex 32.5157 7.39569 0
      vertex 39.4447 7.42613 0
      vertex 32.5629 7.325 0
    endloop
  endfacet
  facet normal -0 0 -1
    outer loop
      vertex 39.4447 7.42613 0
      vertex 32.5157 7.39569 0
      vertex 39.505 7.49497 0
    endloop
  endfacet
  facet normal 0 0 -1
    outer loop
      vertex 32.4596 7.45962 0
      vertex 39.505 7.49497 0
      vertex 32.5157 7.39569 0
    endloop
  endfacet
  facet normal 0 0 -1
    outer loop
      vertex 32.3957 7.51568 0
      vertex 39.505 7.49497 0
      vertex 32.4596 7.45962 0
    endloop
  endfacet
  facet normal 0 0 -1
    outer loop
      vertex 39.505 7.49497 0
      vertex 32.3957 7.51568 0
      vertex 39.5739 7.55535 0
    endloop
  endfacet
  facet normal 0 0 -1
    outer loop
      vertex 32.325 7.56292 0
      vertex 39.5739 7.55535 0
      vertex 32.3957 7.51568 0
    endloop
  endfacet
  facet normal 0 0 -1
    outer loop
      vertex 39.5739 7.55535 0
      vertex 32.325 7.56292 0
      vertex 39.65 7.60622 0
    endloop
  endfacet
  facet normal 0 0 -1
    outer loop
      vertex 32.2487 7.60052 0
      vertex 39.65 7.60622 0
      vertex 32.325 7.56292 0
    endloop
  endfacet
  facet normal -0 0 -1
    outer loop
      vertex 39.65 7.60622 0
      vertex 32.2487 7.60052 0
      vertex 39.7321 7.64672 0
    endloop
  endfacet
  facet normal 0 0 -1
    outer loop
      vertex 32.1682 7.62785 0
      vertex 39.7321 7.64672 0
      vertex 32.2487 7.60052 0
    endloop
  endfacet
  facet normal -0 0 -1
    outer loop
      vertex 39.7321 7.64672 0
      vertex 32.1682 7.62785 0
      vertex 39.8188 7.67615 0
    endloop
  endfacet
  facet normal 0 0 -1
    outer loop
      vertex 32.0848 7.64444 0
      vertex 39.8188 7.67615 0
      vertex 32.1682 7.62785 0
    endloop
  endfacet
  facet normal -0 0 -1
    outer loop
      vertex 39.9086 7.69401 0
      vertex 32.0848 7.64444 0
      vertex 60 14 0
    endloop
  endfacet
  facet normal 0 0 -1
    outer loop
      vertex 32 7.65 0
      vertex 60 14 0
      vertex 32.0848 7.64444 0
    endloop
  endfacet
  facet normal 0 0 -1
    outer loop
      vertex 0 14 0
      vertex 32 7.65 0
      vertex 31.9152 7.64444 0
    endloop
  endfacet
  facet normal 0 0 -1
    outer loop
      vertex 24.0783 7.59487 0
      vertex 31.9152 7.64444 0
      vertex 31.8318 7.62785 0
    endloop
  endfacet
  facet normal 0 0 -1
    outer loop
      vertex 24.6 7 0
      vertex 31.3556 7.08484 0
      vertex 31.35 7 0
    endloop
  endfacet
  facet normal 0 0 -1
    outer loop
      vertex 24.5949 7.07831 0
      vertex 31.3556 7.08484 0
      vertex 24.6 7 0
    endloop
  endfacet
  facet normal -0 0 -1
    outer loop
      vertex 31.3556 7.08484 0
      vertex 24.5949 7.07831 0
      vertex 31.3721 7.16823 0
    endloop
  endfacet
  facet normal 0 0 -1
    outer loop
      vertex 24.5796 7.15529 0
      vertex 31.3721 7.16823 0
      vertex 24.5949 7.07831 0
    endloop
  endfacet
  facet normal -0 0 -1
    outer loop
      vertex 31.3721 7.16823 0
      vertex 24.5796 7.15529 0
      vertex 31.3995 7.24874 0
    endloop
  endfacet
  facet normal 0 0 -1
    outer loop
      vertex 24.5543 7.22961 0
      vertex 31.3995 7.24874 0
      vertex 24.5796 7.15529 0
    endloop
  endfacet
  facet normal -0 0 -1
    outer loop
      vertex 31.3995 7.24874 0
      vertex 24.5543 7.22961 0
      vertex 31.4371 7.325 0
    endloop
  endfacet
  facet normal 0 0 -1
    outer loop
      vertex 24.5196 7.3 0
      vertex 31.4371 7.325 0
      vertex 24.5543 7.22961 0
    endloop
  endfacet
  facet normal -0 0 -1
    outer loop
      vertex 31.4371 7.325 0
      vertex 24.5196 7.3 0
      vertex 31.4843 7.39569 0
    endloop
  endfacet
  facet normal 0 0 -1
    outer loop
      vertex 24.476 7.36526 0
      vertex 31.4843 7.39569 0
      vertex 24.5196 7.3 0
    endloop
  endfacet
  facet normal -0 0 -1
    outer loop
      vertex 31.4843 7.39569 0
      vertex 24.476 7.36526 0
      vertex 31.5404 7.45962 0
    endloop
  endfacet
  facet normal 0 0 -1
    outer loop
      vertex 24.4243 7.42426 0
      vertex 31.5404 7.45962 0
      vertex 24.476 7.36526 0
    endloop
  endfacet
  facet normal 0 0 -1
    outer loop
      vertex 24.3653 7.47601 0
      vertex 31.5404 7.45962 0
      vertex 24.4243 7.42426 0
    endloop
  endfacet
  facet normal 0 0 -1
    outer loop
      vertex 31.5404 7.45962 0
      vertex 24.3653 7.47601 0
      vertex 31.6043 7.51568 0
    endloop
  endfacet
  facet normal 0 0 -1
    outer loop
      vertex 24.3 7.51962 0
      vertex 31.6043 7.51568 0
      vertex 24.3653 7.47601 0
    endloop
  endfacet
  facet normal 0 0 -1
    outer loop
      vertex 31.6043 7.51568 0
      vertex 24.3 7.51962 0
      vertex 31.675 7.56292 0
    endloop
  endfacet
  facet normal 0 0 -1
    outer loop
      vertex 24.2296 7.55433 0
      vertex 31.675 7.56292 0
      vertex 24.3 7.51962 0
    endloop
  endfacet
  facet normal -0 0 -1
    outer loop
      vertex 31.675 7.56292 0
      vertex 24.2296 7.55433 0
      vertex 31.7513 7.60052 0
    endloop
  endfacet
  facet normal 0 0 -1
    outer loop
      vertex 24.1553 7.57955 0
      vertex 31.7513 7.60052 0
      vertex 24.2296 7.55433 0
    endloop
  endfacet
  facet normal -0 0 -1
    outer loop
      vertex 31.7513 7.60052 0
      vertex 24.1553 7.57955 0
      vertex 31.8318 7.62785 0
    endloop
  endfacet
  facet normal 0 0 -1
    outer loop
      vertex 24.0783 7.59487 0
      vertex 31.8318 7.62785 0
      vertex 24.1553 7.57955 0
    endloop
  endfacet
  facet normal -0 0 -1
    outer loop
      vertex 31.9152 7.64444 0
      vertex 24.0783 7.59487 0
      vertex 0 14 0
    endloop
  endfacet
  facet normal 0 0 -1
    outer loop
      vertex 0 14 0
      vertex 24.0783 7.59487 0
      vertex 24 7.6 0
    endloop
  endfacet
  facet normal 0 0 -1
    outer loop
      vertex 0 14 0
      vertex 24 7.6 0
      vertex 23.9217 7.59487 0
    endloop
  endfacet
  facet normal 0 0 -1
    outer loop
      vertex 16.55 7 0
      vertex 23.4051 7.07831 0
      vertex 23.4 7 0
    endloop
  endfacet
  facet normal 0 0 -1
    outer loop
      vertex 16.5453 7.07179 0
      vertex 23.4051 7.07831 0
      vertex 16.55 7 0
    endloop
  endfacet
  facet normal -0 0 -1
    outer loop
      vertex 23.4051 7.07831 0
      vertex 16.5453 7.07179 0
      vertex 23.4204 7.15529 0
    endloop
  endfacet
  facet normal 0 0 -1
    outer loop
      vertex 16.5313 7.14235 0
      vertex 23.4204 7.15529 0
      vertex 16.5453 7.07179 0
    endloop
  endfacet
  facet normal -0 0 -1
    outer loop
      vertex 23.4204 7.15529 0
      vertex 16.5313 7.14235 0
      vertex 23.4457 7.22961 0
    endloop
  endfacet
  facet normal 0 0 -1
    outer loop
      vertex 16.5081 7.21047 0
      vertex 23.4457 7.22961 0
      vertex 16.5313 7.14235 0
    endloop
  endfacet
  facet normal -0 0 -1
    outer loop
      vertex 23.4457 7.22961 0
      vertex 16.5081 7.21047 0
      vertex 23.4804 7.3 0
    endloop
  endfacet
  facet normal 0 0 -1
    outer loop
      vertex 16.4763 7.275 0
      vertex 23.4804 7.3 0
      vertex 16.5081 7.21047 0
    endloop
  endfacet
  facet normal -0 0 -1
    outer loop
      vertex 23.4804 7.3 0
      vertex 16.4763 7.275 0
      vertex 23.524 7.36526 0
    endloop
  endfacet
  facet normal 0 0 -1
    outer loop
      vertex 16.4363 7.33482 0
      vertex 23.524 7.36526 0
      vertex 16.4763 7.275 0
    endloop
  endfacet
  facet normal -0 0 -1
    outer loop
      vertex 23.524 7.36526 0
      vertex 16.4363 7.33482 0
      vertex 23.5757 7.42426 0
    endloop
  endfacet
  facet normal 0 0 -1
    outer loop
      vertex 16.3889 7.38891 0
      vertex 23.5757 7.42426 0
      vertex 16.4363 7.33482 0
    endloop
  endfacet
  facet normal 0 0 -1
    outer loop
      vertex 16.3348 7.43634 0
      vertex 23.5757 7.42426 0
      vertex 16.3889 7.38891 0
    endloop
  endfacet
  facet normal 0 0 -1
    outer loop
      vertex 23.5757 7.42426 0
      vertex 16.3348 7.43634 0
      vertex 23.6347 7.47601 0
    endloop
  endfacet
  facet normal 0 0 -1
    outer loop
      vertex 16.275 7.47631 0
      vertex 23.6347 7.47601 0
      vertex 16.3348 7.43634 0
    endloop
  endfacet
  facet normal 0 0 -1
    outer loop
      vertex 23.6347 7.47601 0
      vertex 16.275 7.47631 0
      vertex 23.7 7.51962 0
    endloop
  endfacet
  facet normal 0 0 -1
    outer loop
      vertex 16.2105 7.50813 0
      vertex 23.7 7.51962 0
      vertex 16.275 7.47631 0
    endloop
  endfacet
  facet normal -0 0 -1
    outer loop
      vertex 23.7 7.51962 0
      vertex 16.2105 7.50813 0
      vertex 23.7704 7.55433 0
    endloop
  endfacet
  facet normal 0 0 -1
    outer loop
      vertex 16.1423 7.53126 0
      vertex 23.7704 7.55433 0
      vertex 16.2105 7.50813 0
    endloop
  endfacet
  facet normal -0 0 -1
    outer loop
      vertex 23.7704 7.55433 0
      vertex 16.1423 7.53126 0
      vertex 23.8447 7.57955 0
    endloop
  endfacet
  facet normal 0 0 -1
    outer loop
      vertex 16.0718 7.54529 0
      vertex 23.8447 7.57955 0
      vertex 16.1423 7.53126 0
    endloop
  endfacet
  facet normal -0 0 -1
    outer loop
      vertex 23.8447 7.57955 0
      vertex 16.0718 7.54529 0
      vertex 23.9217 7.59487 0
    endloop
  endfacet
  facet normal -0 0 -1
    outer loop
      vertex 23.9217 7.59487 0
      vertex 16.0718 7.54529 0
      vertex 0 14 0
    endloop
  endfacet
  facet normal 0 0 -1
    outer loop
      vertex 0 14 0
      vertex 16.0718 7.54529 0
      vertex 16 7.55 0
    endloop
  endfacet
  facet normal 0 0 -1
    outer loop
      vertex 0 14 0
      vertex 16 7.55 0
      vertex 15.9282 7.54529 0
    endloop
  endfacet
  facet normal 0 0 -1
    outer loop
      vertex 8.5 7 0
      vertex 15.4547 7.07179 0
      vertex 15.45 7 0
    endloop
  endfacet
  facet normal 0 0 -1
    outer loop
      vertex 8.49572 7.06526 0
      vertex 15.4547 7.07179 0
      vertex 8.5 7 0
    endloop
  endfacet
  facet normal -0 0 -1
    outer loop
      vertex 15.4547 7.07179 0
      vertex 8.49572 7.06526 0
      vertex 15.4687 7.14235 0
    endloop
  endfacet
  facet normal 0 0 -1
    outer loop
      vertex 8.48296 7.12941 0
      vertex 15.4687 7.14235 0
      vertex 8.49572 7.06526 0
    endloop
  endfacet
  facet normal -0 0 -1
    outer loop
      vertex 15.4687 7.14235 0
      vertex 8.48296 7.12941 0
      vertex 15.4919 7.21047 0
    endloop
  endfacet
  facet normal 0 0 -1
    outer loop
      vertex 8.46194 7.19134 0
      vertex 15.4919 7.21047 0
      vertex 8.48296 7.12941 0
    endloop
  endfacet
  facet normal -0 0 -1
    outer loop
      vertex 15.4919 7.21047 0
      vertex 8.46194 7.19134 0
      vertex 15.5237 7.275 0
    endloop
  endfacet
  facet normal 0 0 -1
    outer loop
      vertex 8.43301 7.25 0
      vertex 15.5237 7.275 0
      vertex 8.46194 7.19134 0
    endloop
  endfacet
  facet normal -0 0 -1
    outer loop
      vertex 15.5237 7.275 0
      vertex 8.43301 7.25 0
      vertex 15.5637 7.33482 0
    endloop
  endfacet
  facet normal 0 0 -1
    outer loop
      vertex 8.39668 7.30438 0
      vertex 15.5637 7.33482 0
      vertex 8.43301 7.25 0
    endloop
  endfacet
  facet normal -0 0 -1
    outer loop
      vertex 15.5637 7.33482 0
      vertex 8.39668 7.30438 0
      vertex 15.6111 7.38891 0
    endloop
  endfacet
  facet normal 0 0 -1
    outer loop
      vertex 8.35355 7.35355 0
      vertex 15.6111 7.38891 0
      vertex 8.39668 7.30438 0
    endloop
  endfacet
  facet normal 0 0 -1
    outer loop
      vertex 8.30438 7.39668 0
      vertex 15.6111 7.38891 0
      vertex 8.35355 7.35355 0
    endloop
  endfacet
  facet normal 0 0 -1
    outer loop
      vertex 15.6111 7.38891 0
      vertex 8.30438 7.39668 0
      vertex 15.6652 7.43634 0
    endloop
  endfacet
  facet normal 0 0 -1
    outer loop
      vertex 8.25 7.43301 0
      vertex 15.6652 7.43634 0
      vertex 8.30438 7.39668 0
    endloop
  endfacet
  facet normal -0 0 -1
    outer loop
      vertex 15.6652 7.43634 0
      vertex 8.25 7.43301 0
      vertex 15.725 7.47631 0
    endloop
  endfacet
  facet normal 0 0 -1
    outer loop
      vertex 8.19134 7.46194 0
      vertex 15.725 7.47631 0
      vertex 8.25 7.43301 0
    endloop
  endfacet
  facet normal -0 0 -1
    outer loop
      vertex 15.725 7.47631 0
      vertex 8.19134 7.46194 0
      vertex 15.7895 7.50813 0
    endloop
  endfacet
  facet normal 0 0 -1
    outer loop
      vertex 8.12941 7.48296 0
      vertex 15.7895 7.50813 0
      vertex 8.19134 7.46194 0
    endloop
  endfacet
  facet normal -0 0 -1
    outer loop
      vertex 15.7895 7.50813 0
      vertex 8.12941 7.48296 0
      vertex 15.8576 7.53126 0
    endloop
  endfacet
  facet normal 0 0 -1
    outer loop
      vertex 0 14 0
      vertex 15.8576 7.53126 0
      vertex 8.12941 7.48296 0
    endloop
  endfacet
  facet normal 0 0 -1
    outer loop
      vertex 15.8576 7.53126 0
      vertex 0 14 0
      vertex 15.9282 7.54529 0
    endloop
  endfacet
  facet normal 0 0 -1
    outer loop
      vertex 0 14 0
      vertex 8.12941 7.48296 0
      vertex 8.06526 7.49572 0
    endloop
  endfacet
  facet normal 0 0 -1
    outer loop
      vertex 0 14 0
      vertex 8.06526 7.49572 0
      vertex 8 7.5 0
    endloop
  endfacet
  facet normal 0 0 -1
    outer loop
      vertex 0 14 0
      vertex 8 7.5 0
      vertex 7.93474 7.49572 0
    endloop
  endfacet
  facet normal 0 0 -1
    outer loop
      vertex 0 14 0
      vertex 7.5 7 0
      vertex 0 0 0
    endloop
  endfacet
  facet normal 0 0 -1
    outer loop
      vertex 7.5 7 0
      vertex 0 14 0
      vertex 7.50428 7.06526 0
    endloop
  endfacet
  facet normal 0 0 -1
    outer loop
      vertex 7.50428 7.06526 0
      vertex 0 14 0
      vertex 7.51704 7.12941 0
    endloop
  endfacet
  facet normal 0 0 -1
    outer loop
      vertex 7.51704 7.12941 0
      vertex 0 14 0
      vertex 7.53806 7.19134 0
    endloop
  endfacet
  facet normal 0 0 -1
    outer loop
      vertex 7.53806 7.19134 0
      vertex 0 14 0
      vertex 7.56699 7.25 0
    endloop
  endfacet
  facet normal 0 0 -1
    outer loop
      vertex 7.56699 7.25 0
      vertex 0 14 0
      vertex 7.60332 7.30438 0
    endloop
  endfacet
  facet normal 0 0 -1
    outer loop
      vertex 32 7.65 0
      vertex 0 14 0
      vertex 60 14 0
    endloop
  endfacet
  facet normal 0 0 -1
    outer loop
      vertex 7.87059 7.48296 0
      vertex 0 14 0
      vertex 7.93474 7.49572 0
    endloop
  endfacet
  facet normal 0 0 -1
    outer loop
      vertex 7.80866 7.46194 0
      vertex 0 14 0
      vertex 7.87059 7.48296 0
    endloop
  endfacet
  facet normal 0 0 -1
    outer loop
      vertex 7.75 7.43301 0
      vertex 0 14 0
      vertex 7.80866 7.46194 0
    endloop
  endfacet
  facet normal 0 0 -1
    outer loop
      vertex 7.69562 7.39668 0
      vertex 0 14 0
      vertex 7.75 7.43301 0
    endloop
  endfacet
  facet normal 0 0 -1
    outer loop
      vertex 7.64645 7.35355 0
      vertex 0 14 0
      vertex 7.69562 7.39668 0
    endloop
  endfacet
  facet normal 0 0 -1
    outer loop
      vertex 7.60332 7.30438 0
      vertex 0 14 0
      vertex 7.64645 7.35355 0
    endloop
  endfacet
  facet normal -1 0 0
    outer loop
      vertex 0 0 0
      vertex 0 14 6
      vertex 0 14 0
    endloop
  endfacet
  facet normal -1 -0 0
    outer loop
      vertex 0 14 6
      vertex 0 0 0
      vertex 0 0 6
    endloop
  endfacet
  facet normal 0 1 -0
    outer loop
      vertex 60 14 0
      vertex 0 14 6
      vertex 60 14 6
    endloop
  endfacet
  facet normal 0 1 0
    outer loop
      vertex 0 14 6
      vertex 60 14 0
      vertex 0 14 0
    endloop
  endfacet
  facet normal 0 -1 0
    outer loop
      vertex 0 0 0
      vertex 60 0 6
      vertex 0 0 6
    endloop
  endfacet
  facet normal 0 -1 -0
    outer loop
      vertex 60 0 6
      vertex 0 0 0
      vertex 60 0 0
    endloop
  endfacet
  facet normal 0 0 1
    outer loop
      vertex 5.90799 2.78097 6.4
      vertex 6.22714 3.08424 6.4
      vertex 5.93446 3.08424 6.4
    endloop
  endfacet
  facet normal -0 0 1
    outer loop
      vertex 6.22714 0.869744 6.4
      vertex 6.83188 0.599999 6.4
      vertex 6.83188 0.869744 6.4
    endloop
  endfacet
  facet normal 0 0 1
    outer loop
      vertex 6.22714 3.08424 6.4
      vertex 5.90799 2.78097 6.4
      vertex 6.22714 0.869744 6.4
    endloop
  endfacet
  facet normal 0 0 1
    outer loop
      vertex 5.90799 0.869744 6.4
      vertex 6.22714 0.869744 6.4
      vertex 5.90799 2.78097 6.4
    endloop
  endfacet
  facet normal -0 0 1
    outer loop
      vertex 5.90799 0.869744 6.4
      vertex 6.83188 0.599999 6.4
      vertex 6.22714 0.869744 6.4
    endloop
  endfacet
  facet normal 0 0 1
    outer loop
      vertex 5.27504 0.599999 6.4
      vertex 5.90799 0.869744 6.4
      vertex 5.27504 0.869744 6.4
    endloop
  endfacet
  facet normal 0 0 1
    outer loop
      vertex 5.90799 0.869744 6.4
      vertex 5.27504 0.599999 6.4
      vertex 6.83188 0.599999 6.4
    endloop
  endfacet
  facet normal 0 0 1
    outer loop
      vertex 5.34732 2.68049 6.4
      vertex 5.90799 2.78097 6.4
      vertex 5.93446 3.08424 6.4
    endloop
  endfacet
  facet normal 0 0 1
    outer loop
      vertex 5.90799 2.78097 6.4
      vertex 5.34732 2.68049 6.4
      vertex 5.34732 2.38076 6.4
    endloop
  endfacet
  facet normal 0 1 -0
    outer loop
      vertex 6.83188 0.869744 6
      vertex 6.22714 0.869744 6.4
      vertex 6.83188 0.869744 6.4
    endloop
  endfacet
  facet normal 0 1 0
    outer loop
      vertex 6.22714 0.869744 6.4
      vertex 6.83188 0.869744 6
      vertex 6.22714 0.869744 6
    endloop
  endfacet
  facet normal 1 -0 0
    outer loop
      vertex 6.22714 0.869744 6.4
      vertex 6.22714 3.08424 6
      vertex 6.22714 3.08424 6.4
    endloop
  endfacet
  facet normal 1 0 0
    outer loop
      vertex 6.22714 3.08424 6
      vertex 6.22714 0.869744 6.4
      vertex 6.22714 0.869744 6
    endloop
  endfacet
  facet normal 0 1 -0
    outer loop
      vertex 6.22714 3.08424 6
      vertex 5.93446 3.08424 6.4
      vertex 6.22714 3.08424 6.4
    endloop
  endfacet
  facet normal 0 1 0
    outer loop
      vertex 5.93446 3.08424 6.4
      vertex 6.22714 3.08424 6
      vertex 5.93446 3.08424 6
    endloop
  endfacet
  facet normal -0.566616 0.823982 0
    outer loop
      vertex 5.93446 3.08424 6
      vertex 5.34732 2.68049 6.4
      vertex 5.93446 3.08424 6.4
    endloop
  endfacet
  facet normal -0.566616 0.823982 0
    outer loop
      vertex 5.34732 2.68049 6.4
      vertex 5.93446 3.08424 6
      vertex 5.34732 2.68049 6
    endloop
  endfacet
  facet normal -1 0 0
    outer loop
      vertex 5.34732 2.38076 6
      vertex 5.34732 2.68049 6.4
      vertex 5.34732 2.68049 6
    endloop
  endfacet
  facet normal -1 -0 0
    outer loop
      vertex 5.34732 2.68049 6.4
      vertex 5.34732 2.38076 6
      vertex 5.34732 2.38076 6.4
    endloop
  endfacet
  facet normal 0.58098 -0.813918 0
    outer loop
      vertex 5.34732 2.38076 6
      vertex 5.90799 2.78097 6.4
      vertex 5.34732 2.38076 6.4
    endloop
  endfacet
  facet normal 0.58098 -0.813918 0
    outer loop
      vertex 5.90799 2.78097 6.4
      vertex 5.34732 2.38076 6
      vertex 5.90799 2.78097 6
    endloop
  endfacet
  facet normal -1 0 0
    outer loop
      vertex 5.90799 0.869744 6
      vertex 5.90799 2.78097 6.4
      vertex 5.90799 2.78097 6
    endloop
  endfacet
  facet normal -1 -0 0
    outer loop
      vertex 5.90799 2.78097 6.4
      vertex 5.90799 0.869744 6
      vertex 5.90799 0.869744 6.4
    endloop
  endfacet
  facet normal 0 1 -0
    outer loop
      vertex 5.90799 0.869744 6
      vertex 5.27504 0.869744 6.4
      vertex 5.90799 0.869744 6.4
    endloop
  endfacet
  facet normal 0 1 0
    outer loop
      vertex 5.27504 0.869744 6.4
      vertex 5.90799 0.869744 6
      vertex 5.27504 0.869744 6
    endloop
  endfacet
  facet normal -1 0 0
    outer loop
      vertex 5.27504 0.599999 6
      vertex 5.27504 0.869744 6.4
      vertex 5.27504 0.869744 6
    endloop
  endfacet
  facet normal -1 -0 0
    outer loop
      vertex 5.27504 0.869744 6.4
      vertex 5.27504 0.599999 6
      vertex 5.27504 0.599999 6.4
    endloop
  endfacet
  facet normal 0 -1 0
    outer loop
      vertex 5.27504 0.599999 6
      vertex 6.83188 0.599999 6.4
      vertex 5.27504 0.599999 6.4
    endloop
  endfacet
  facet normal 0 -1 -0
    outer loop
      vertex 6.83188 0.599999 6.4
      vertex 5.27504 0.599999 6
      vertex 6.83188 0.599999 6
    endloop
  endfacet
  facet normal 1 -0 0
    outer loop
      vertex 6.83188 0.599999 6.4
      vertex 6.83188 0.869744 6
      vertex 6.83188 0.869744 6.4
    endloop
  endfacet
  facet normal 1 0 0
    outer loop
      vertex 6.83188 0.869744 6
      vertex 6.83188 0.599999 6.4
      vertex 6.83188 0.599999 6
    endloop
  endfacet
  facet normal 0 0 1
    outer loop
      vertex 13.908 2.78097 6.4
      vertex 14.2271 3.08424 6.4
      vertex 13.9345 3.08424 6.4
    endloop
  endfacet
  facet normal -0 0 1
    outer loop
      vertex 14.2271 0.869744 6.4
      vertex 14.8319 0.599999 6.4
      vertex 14.8319 0.869744 6.4
    endloop
  endfacet
  facet normal 0 0 1
    outer loop
      vertex 14.2271 3.08424 6.4
      vertex 13.908 2.78097 6.4
      vertex 14.2271 0.869744 6.4
    endloop
  endfacet
  facet normal 0 0 1
    outer loop
      vertex 13.908 0.869744 6.4
      vertex 14.2271 0.869744 6.4
      vertex 13.908 2.78097 6.4
    endloop
  endfacet
  facet normal -0 0 1
    outer loop
      vertex 13.908 0.869744 6.4
      vertex 14.8319 0.599999 6.4
      vertex 14.2271 0.869744 6.4
    endloop
  endfacet
  facet normal 0 0 1
    outer loop
      vertex 13.275 0.599999 6.4
      vertex 13.908 0.869744 6.4
      vertex 13.275 0.869744 6.4
    endloop
  endfacet
  facet normal 0 0 1
    outer loop
      vertex 13.908 0.869744 6.4
      vertex 13.275 0.599999 6.4
      vertex 14.8319 0.599999 6.4
    endloop
  endfacet
  facet normal 0 0 1
    outer loop
      vertex 13.3473 2.68049 6.4
      vertex 13.908 2.78097 6.4
      vertex 13.9345 3.08424 6.4
    endloop
  endfacet
  facet normal 0 0 1
    outer loop
      vertex 13.908 2.78097 6.4
      vertex 13.3473 2.68049 6.4
      vertex 13.3473 2.38076 6.4
    endloop
  endfacet
  facet normal 0 0 1
    outer loop
      vertex 16.849 2.78097 6.4
      vertex 17.1682 3.08424 6.4
      vertex 16.8755 3.08424 6.4
    endloop
  endfacet
  facet normal -0 0 1
    outer loop
      vertex 17.1682 0.869744 6.4
      vertex 17.7729 0.599999 6.4
      vertex 17.7729 0.869744 6.4
    endloop
  endfacet
  facet normal 0 0 1
    outer loop
      vertex 17.1682 3.08424 6.4
      vertex 16.849 2.78097 6.4
      vertex 17.1682 0.869744 6.4
    endloop
  endfacet
  facet normal 0 0 1
    outer loop
      vertex 16.849 0.869744 6.4
      vertex 17.1682 0.869744 6.4
      vertex 16.849 2.78097 6.4
    endloop
  endfacet
  facet normal -0 0 1
    outer loop
      vertex 16.849 0.869744 6.4
      vertex 17.7729 0.599999 6.4
      vertex 17.1682 0.869744 6.4
    endloop
  endfacet
  facet normal 0 0 1
    outer loop
      vertex 16.2161 0.599999 6.4
      vertex 16.849 0.869744 6.4
      vertex 16.2161 0.869744 6.4
    endloop
  endfacet
  facet normal 0 0 1
    outer loop
      vertex 16.849 0.869744 6.4
      vertex 16.2161 0.599999 6.4
      vertex 17.7729 0.599999 6.4
    endloop
  endfacet
  facet normal 0 0 1
    outer loop
      vertex 16.2883 2.68049 6.4
      vertex 16.849 2.78097 6.4
      vertex 16.8755 3.08424 6.4
    endloop
  endfacet
  facet normal 0 0 1
    outer loop
      vertex 16.849 2.78097 6.4
      vertex 16.2883 2.68049 6.4
      vertex 16.2883 2.38076 6.4
    endloop
  endfacet
  facet normal -0 0 1
    outer loop
      vertex 15.2909 0.986123 6.4
      vertex 15.6348 0.599999 6.4
      vertex 15.6348 0.986123 6.4
    endloop
  endfacet
  facet normal 0 0 1
    outer loop
      vertex 15.6348 0.599999 6.4
      vertex 15.2909 0.986123 6.4
      vertex 15.2909 0.599999 6.4
    endloop
  endfacet
  facet normal 0 1 -0
    outer loop
      vertex 14.8319 0.869744 6
      vertex 14.2271 0.869744 6.4
      vertex 14.8319 0.869744 6.4
    endloop
  endfacet
  facet normal 0 1 0
    outer loop
      vertex 14.2271 0.869744 6.4
      vertex 14.8319 0.869744 6
      vertex 14.2271 0.869744 6
    endloop
  endfacet
  facet normal 1 -0 0
    outer loop
      vertex 14.2271 0.869744 6.4
      vertex 14.2271 3.08424 6
      vertex 14.2271 3.08424 6.4
    endloop
  endfacet
  facet normal 1 0 0
    outer loop
      vertex 14.2271 3.08424 6
      vertex 14.2271 0.869744 6.4
      vertex 14.2271 0.869744 6
    endloop
  endfacet
  facet normal 0 1 -0
    outer loop
      vertex 14.2271 3.08424 6
      vertex 13.9345 3.08424 6.4
      vertex 14.2271 3.08424 6.4
    endloop
  endfacet
  facet normal 0 1 0
    outer loop
      vertex 13.9345 3.08424 6.4
      vertex 14.2271 3.08424 6
      vertex 13.9345 3.08424 6
    endloop
  endfacet
  facet normal -0.566576 0.824009 0
    outer loop
      vertex 13.9345 3.08424 6
      vertex 13.3473 2.68049 6.4
      vertex 13.9345 3.08424 6.4
    endloop
  endfacet
  facet normal -0.566576 0.824009 0
    outer loop
      vertex 13.3473 2.68049 6.4
      vertex 13.9345 3.08424 6
      vertex 13.3473 2.68049 6
    endloop
  endfacet
  facet normal -1 0 0
    outer loop
      vertex 13.3473 2.38076 6
      vertex 13.3473 2.68049 6.4
      vertex 13.3473 2.68049 6
    endloop
  endfacet
  facet normal -1 -0 0
    outer loop
      vertex 13.3473 2.68049 6.4
      vertex 13.3473 2.38076 6
      vertex 13.3473 2.38076 6.4
    endloop
  endfacet
  facet normal 0.580959 -0.813933 0
    outer loop
      vertex 13.3473 2.38076 6
      vertex 13.908 2.78097 6.4
      vertex 13.3473 2.38076 6.4
    endloop
  endfacet
  facet normal 0.580959 -0.813933 0
    outer loop
      vertex 13.908 2.78097 6.4
      vertex 13.3473 2.38076 6
      vertex 13.908 2.78097 6
    endloop
  endfacet
  facet normal -1 0 0
    outer loop
      vertex 13.908 0.869744 6
      vertex 13.908 2.78097 6.4
      vertex 13.908 2.78097 6
    endloop
  endfacet
  facet normal -1 -0 0
    outer loop
      vertex 13.908 2.78097 6.4
      vertex 13.908 0.869744 6
      vertex 13.908 0.869744 6.4
    endloop
  endfacet
  facet normal 0 1 -0
    outer loop
      vertex 13.908 0.869744 6
      vertex 13.275 0.869744 6.4
      vertex 13.908 0.869744 6.4
    endloop
  endfacet
  facet normal 0 1 0
    outer loop
      vertex 13.275 0.869744 6.4
      vertex 13.908 0.869744 6
      vertex 13.275 0.869744 6
    endloop
  endfacet
  facet normal -1 0 0
    outer loop
      vertex 13.275 0.599999 6
      vertex 13.275 0.869744 6.4
      vertex 13.275 0.869744 6
    endloop
  endfacet
  facet normal -1 -0 0
    outer loop
      vertex 13.275 0.869744 6.4
      vertex 13.275 0.599999 6
      vertex 13.275 0.599999 6.4
    endloop
  endfacet
  facet normal 0 -1 0
    outer loop
      vertex 13.275 0.599999 6
      vertex 14.8319 0.599999 6.4
      vertex 13.275 0.599999 6.4
    endloop
  endfacet
  facet normal 0 -1 -0
    outer loop
      vertex 14.8319 0.599999 6.4
      vertex 13.275 0.599999 6
      vertex 14.8319 0.599999 6
    endloop
  endfacet
  facet normal 1 -0 0
    outer loop
      vertex 14.8319 0.599999 6.4
      vertex 14.8319 0.869744 6
      vertex 14.8319 0.869744 6.4
    endloop
  endfacet
  facet normal 1 0 0
    outer loop
      vertex 14.8319 0.869744 6
      vertex 14.8319 0.599999 6.4
      vertex 14.8319 0.599999 6
    endloop
  endfacet
  facet normal 0 1 -0
    outer loop
      vertex 17.7729 0.869744 6
      vertex 17.1682 0.869744 6.4
      vertex 17.7729 0.869744 6.4
    endloop
  endfacet
  facet normal 0 1 0
    outer loop
      vertex 17.1682 0.869744 6.4
      vertex 17.7729 0.869744 6
      vertex 17.1682 0.869744 6
    endloop
  endfacet
  facet normal 1 -0 0
    outer loop
      vertex 17.1682 0.869744 6.4
      vertex 17.1682 3.08424 6
      vertex 17.1682 3.08424 6.4
    endloop
  endfacet
  facet normal 1 0 0
    outer loop
      vertex 17.1682 3.08424 6
      vertex 17.1682 0.869744 6.4
      vertex 17.1682 0.869744 6
    endloop
  endfacet
  facet normal 0 1 -0
    outer loop
      vertex 17.1682 3.08424 6
      vertex 16.8755 3.08424 6.4
      vertex 17.1682 3.08424 6.4
    endloop
  endfacet
  facet normal 0 1 0
    outer loop
      vertex 16.8755 3.08424 6.4
      vertex 17.1682 3.08424 6
      vertex 16.8755 3.08424 6
    endloop
  endfacet
  facet normal -0.566576 0.824009 0
    outer loop
      vertex 16.8755 3.08424 6
      vertex 16.2883 2.68049 6.4
      vertex 16.8755 3.08424 6.4
    endloop
  endfacet
  facet normal -0.566576 0.824009 0
    outer loop
      vertex 16.2883 2.68049 6.4
      vertex 16.8755 3.08424 6
      vertex 16.2883 2.68049 6
    endloop
  endfacet
  facet normal -1 0 0
    outer loop
      vertex 16.2883 2.38076 6
      vertex 16.2883 2.68049 6.4
      vertex 16.2883 2.68049 6
    endloop
  endfacet
  facet normal -1 -0 0
    outer loop
      vertex 16.2883 2.68049 6.4
      vertex 16.2883 2.38076 6
      vertex 16.2883 2.38076 6.4
    endloop
  endfacet
  facet normal 0.580959 -0.813933 0
    outer loop
      vertex 16.2883 2.38076 6
      vertex 16.849 2.78097 6.4
      vertex 16.2883 2.38076 6.4
    endloop
  endfacet
  facet normal 0.580959 -0.813933 0
    outer loop
      vertex 16.849 2.78097 6.4
      vertex 16.2883 2.38076 6
      vertex 16.849 2.78097 6
    endloop
  endfacet
  facet normal -1 0 0
    outer loop
      vertex 16.849 0.869744 6
      vertex 16.849 2.78097 6.4
      vertex 16.849 2.78097 6
    endloop
  endfacet
  facet normal -1 -0 0
    outer loop
      vertex 16.849 2.78097 6.4
      vertex 16.849 0.869744 6
      vertex 16.849 0.869744 6.4
    endloop
  endfacet
  facet normal 0 1 -0
    outer loop
      vertex 16.849 0.869744 6
      vertex 16.2161 0.869744 6.4
      vertex 16.849 0.869744 6.4
    endloop
  endfacet
  facet normal 0 1 0
    outer loop
      vertex 16.2161 0.869744 6.4
      vertex 16.849 0.869744 6
      vertex 16.2161 0.869744 6
    endloop
  endfacet
  facet normal -1 0 0
    outer loop
      vertex 16.2161 0.599999 6
      vertex 16.2161 0.869744 6.4
      vertex 16.2161 0.869744 6
    endloop
  endfacet
  facet normal -1 -0 0
    outer loop
      vertex 16.2161 0.869744 6.4
      vertex 16.2161 0.599999 6
      vertex 16.2161 0.599999 6.4
    endloop
  endfacet
  facet normal 0 -1 0
    outer loop
      vertex 16.2161 0.599999 6
      vertex 17.7729 0.599999 6.4
      vertex 16.2161 0.599999 6.4
    endloop
  endfacet
  facet normal 0 -1 -0
    outer loop
      vertex 17.7729 0.599999 6.4
      vertex 16.2161 0.599999 6
      vertex 17.7729 0.599999 6
    endloop
  endfacet
  facet normal 1 -0 0
    outer loop
      vertex 17.7729 0.599999 6.4
      vertex 17.7729 0.869744 6
      vertex 17.7729 0.869744 6.4
    endloop
  endfacet
  facet normal 1 0 0
    outer loop
      vertex 17.7729 0.869744 6
      vertex 17.7729 0.599999 6.4
      vertex 17.7729 0.599999 6
    endloop
  endfacet
  facet normal 0 1 -0
    outer loop
      vertex 15.6348 0.986123 6
      vertex 15.2909 0.986123 6.4
      vertex 15.6348 0.986123 6.4
    endloop
  endfacet
  facet normal 0 1 0
    outer loop
      vertex 15.2909 0.986123 6.4
      vertex 15.6348 0.986123 6
      vertex 15.2909 0.986123 6
    endloop
  endfacet
  facet normal -1 0 0
    outer loop
      vertex 15.2909 0.599999 6
      vertex 15.2909 0.986123 6.4
      vertex 15.2909 0.986123 6
    endloop
  endfacet
  facet normal -1 -0 0
    outer loop
      vertex 15.2909 0.986123 6.4
      vertex 15.2909 0.599999 6
      vertex 15.2909 0.599999 6.4
    endloop
  endfacet
  facet normal 0 -1 0
    outer loop
      vertex 15.2909 0.599999 6
      vertex 15.6348 0.599999 6.4
      vertex 15.2909 0.599999 6.4
    endloop
  endfacet
  facet normal 0 -1 -0
    outer loop
      vertex 15.6348 0.599999 6.4
      vertex 15.2909 0.599999 6
      vertex 15.6348 0.599999 6
    endloop
  endfacet
  facet normal 1 -0 0
    outer loop
      vertex 15.6348 0.599999 6.4
      vertex 15.6348 0.986123 6
      vertex 15.6348 0.986123 6.4
    endloop
  endfacet
  facet normal 1 0 0
    outer loop
      vertex 15.6348 0.986123 6
      vertex 15.6348 0.599999 6.4
      vertex 15.6348 0.599999 6
    endloop
  endfacet
  facet normal -0 0 1
    outer loop
      vertex 25.4002 2.48667 6.4
      vertex 25.7288 2.44068 6.4
      vertex 25.7247 2.53085 6.4
    endloop
  endfacet
  facet normal 0 0 1
    outer loop
      vertex 25.7288 2.44068 6.4
      vertex 25.4026 2.43011 6.4
      vertex 25.7275 2.39942 6.4
    endloop
  endfacet
  facet normal 0 0 1
    outer loop
      vertex 25.4012 2.38743 6.4
      vertex 25.7275 2.39942 6.4
      vertex 25.4026 2.43011 6.4
    endloop
  endfacet
  facet normal -0 0 1
    outer loop
      vertex 25.3929 2.5395 6.4
      vertex 25.7247 2.53085 6.4
      vertex 25.7123 2.61492 6.4
    endloop
  endfacet
  facet normal 0 0 1
    outer loop
      vertex 25.7275 2.39942 6.4
      vertex 25.4012 2.38743 6.4
      vertex 25.7234 2.35822 6.4
    endloop
  endfacet
  facet normal 0 0 1
    outer loop
      vertex 25.7234 2.35822 6.4
      vertex 25.4012 2.38743 6.4
      vertex 25.7167 2.3171 6.4
    endloop
  endfacet
  facet normal 0 0 1
    outer loop
      vertex 25.3806 2.58859 6.4
      vertex 25.7123 2.61492 6.4
      vertex 25.6917 2.69291 6.4
    endloop
  endfacet
  facet normal -0 0 1
    outer loop
      vertex 25.397 2.34606 6.4
      vertex 25.7167 2.3171 6.4
      vertex 25.4012 2.38743 6.4
    endloop
  endfacet
  facet normal 0 0 1
    outer loop
      vertex 25.3806 2.58859 6.4
      vertex 25.6917 2.69291 6.4
      vertex 25.6629 2.76482 6.4
    endloop
  endfacet
  facet normal 0 0 1
    outer loop
      vertex 25.7288 2.44068 6.4
      vertex 25.4002 2.48667 6.4
      vertex 25.4026 2.43011 6.4
    endloop
  endfacet
  facet normal 0 0 1
    outer loop
      vertex 25.7072 2.27604 6.4
      vertex 25.397 2.34606 6.4
      vertex 25.6951 2.23505 6.4
    endloop
  endfacet
  facet normal 0 0 1
    outer loop
      vertex 25.3635 2.63392 6.4
      vertex 25.6629 2.76482 6.4
      vertex 25.6258 2.83065 6.4
    endloop
  endfacet
  facet normal -0 0 1
    outer loop
      vertex 25.3899 2.30598 6.4
      vertex 25.6951 2.23505 6.4
      vertex 25.397 2.34606 6.4
    endloop
  endfacet
  facet normal 0 0 1
    outer loop
      vertex 25.6951 2.23505 6.4
      vertex 25.3899 2.30598 6.4
      vertex 25.6803 2.19415 6.4
    endloop
  endfacet
  facet normal 0 0 1
    outer loop
      vertex 25.3415 2.67552 6.4
      vertex 25.6258 2.83065 6.4
      vertex 25.5805 2.8904 6.4
    endloop
  endfacet
  facet normal -0 0 1
    outer loop
      vertex 25.3799 2.26719 6.4
      vertex 25.6803 2.19415 6.4
      vertex 25.3899 2.30598 6.4
    endloop
  endfacet
  facet normal 0 0 1
    outer loop
      vertex 25.6803 2.19415 6.4
      vertex 25.3799 2.26719 6.4
      vertex 25.6627 2.15331 6.4
    endloop
  endfacet
  facet normal 0 0 1
    outer loop
      vertex 25.3146 2.71337 6.4
      vertex 25.5805 2.8904 6.4
      vertex 25.5269 2.94407 6.4
    endloop
  endfacet
  facet normal 0 0 1
    outer loop
      vertex 25.6627 2.15331 6.4
      vertex 25.3799 2.26719 6.4
      vertex 25.6425 2.11251 6.4
    endloop
  endfacet
  facet normal -0 0 1
    outer loop
      vertex 25.3671 2.2297 6.4
      vertex 25.6425 2.11251 6.4
      vertex 25.3799 2.26719 6.4
    endloop
  endfacet
  facet normal 0 0 1
    outer loop
      vertex 25.2827 2.74749 6.4
      vertex 25.5269 2.94407 6.4
      vertex 25.4657 2.99108 6.4
    endloop
  endfacet
  facet normal 0 0 1
    outer loop
      vertex 25.6425 2.11251 6.4
      vertex 25.3671 2.2297 6.4
      vertex 25.6197 2.07169 6.4
    endloop
  endfacet
  facet normal -0 0 1
    outer loop
      vertex 25.3515 2.19349 6.4
      vertex 25.6197 2.07169 6.4
      vertex 25.3671 2.2297 6.4
    endloop
  endfacet
  facet normal 0 0 1
    outer loop
      vertex 25.7167 2.3171 6.4
      vertex 25.397 2.34606 6.4
      vertex 25.7072 2.27604 6.4
    endloop
  endfacet
  facet normal 0 0 1
    outer loop
      vertex 25.2466 2.77743 6.4
      vertex 25.4657 2.99108 6.4
      vertex 25.3974 3.03086 6.4
    endloop
  endfacet
  facet normal 0 0 1
    outer loop
      vertex 25.7247 2.53085 6.4
      vertex 25.3929 2.5395 6.4
      vertex 25.4002 2.48667 6.4
    endloop
  endfacet
  facet normal 0 0 1
    outer loop
      vertex 25.7123 2.61492 6.4
      vertex 25.3806 2.58859 6.4
      vertex 25.3929 2.5395 6.4
    endloop
  endfacet
  facet normal 0 0 1
    outer loop
      vertex 25.6629 2.76482 6.4
      vertex 25.3635 2.63392 6.4
      vertex 25.3806 2.58859 6.4
    endloop
  endfacet
  facet normal 0 0 1
    outer loop
      vertex 25.6258 2.83065 6.4
      vertex 25.3415 2.67552 6.4
      vertex 25.3635 2.63392 6.4
    endloop
  endfacet
  facet normal 0 0 1
    outer loop
      vertex 25.2066 2.80276 6.4
      vertex 25.3974 3.03086 6.4
      vertex 25.322 3.06341 6.4
    endloop
  endfacet
  facet normal 0 0 1
    outer loop
      vertex 25.5805 2.8904 6.4
      vertex 25.3146 2.71337 6.4
      vertex 25.3415 2.67552 6.4
    endloop
  endfacet
  facet normal 0 0 1
    outer loop
      vertex 25.5269 2.94407 6.4
      vertex 25.2827 2.74749 6.4
      vertex 25.3146 2.71337 6.4
    endloop
  endfacet
  facet normal 0 0 1
    outer loop
      vertex 25.4657 2.99108 6.4
      vertex 25.2466 2.77743 6.4
      vertex 25.2827 2.74749 6.4
    endloop
  endfacet
  facet normal 0 0 1
    outer loop
      vertex 25.1628 2.82348 6.4
      vertex 25.322 3.06341 6.4
      vertex 25.2395 3.08872 6.4
    endloop
  endfacet
  facet normal 0 0 1
    outer loop
      vertex 25.3974 3.03086 6.4
      vertex 25.2066 2.80276 6.4
      vertex 25.2466 2.77743 6.4
    endloop
  endfacet
  facet normal 0 0 1
    outer loop
      vertex 25.322 3.06341 6.4
      vertex 25.1628 2.82348 6.4
      vertex 25.2066 2.80276 6.4
    endloop
  endfacet
  facet normal 0 0 1
    outer loop
      vertex 25.1152 2.83961 6.4
      vertex 25.2395 3.08872 6.4
      vertex 25.1499 3.1068 6.4
    endloop
  endfacet
  facet normal 0 0 1
    outer loop
      vertex 25.2395 3.08872 6.4
      vertex 25.1152 2.83961 6.4
      vertex 25.1628 2.82348 6.4
    endloop
  endfacet
  facet normal 0 0 1
    outer loop
      vertex 25.1499 3.1068 6.4
      vertex 25.0638 2.85111 6.4
      vertex 25.1152 2.83961 6.4
    endloop
  endfacet
  facet normal 0 0 1
    outer loop
      vertex 25.0533 3.11765 6.4
      vertex 25.0638 2.85111 6.4
      vertex 25.1499 3.1068 6.4
    endloop
  endfacet
  facet normal 0 0 1
    outer loop
      vertex 25.0533 3.11765 6.4
      vertex 25.0086 2.85803 6.4
      vertex 25.0638 2.85111 6.4
    endloop
  endfacet
  facet normal 0 0 1
    outer loop
      vertex 24.9495 3.12127 6.4
      vertex 25.0086 2.85803 6.4
      vertex 25.0533 3.11765 6.4
    endloop
  endfacet
  facet normal 0 0 1
    outer loop
      vertex 24.9495 3.12127 6.4
      vertex 24.9495 2.86033 6.4
      vertex 25.0086 2.85803 6.4
    endloop
  endfacet
  facet normal 0 0 1
    outer loop
      vertex 24.9495 3.12127 6.4
      vertex 24.8931 2.85807 6.4
      vertex 24.9495 2.86033 6.4
    endloop
  endfacet
  facet normal -0 0 1
    outer loop
      vertex 24.8543 3.11767 6.4
      vertex 24.8931 2.85807 6.4
      vertex 24.9495 3.12127 6.4
    endloop
  endfacet
  facet normal 0 0 1
    outer loop
      vertex 24.8543 3.11767 6.4
      vertex 24.8395 2.85133 6.4
      vertex 24.8931 2.85807 6.4
    endloop
  endfacet
  facet normal -0 0 1
    outer loop
      vertex 24.7642 3.10687 6.4
      vertex 24.8395 2.85133 6.4
      vertex 24.8543 3.11767 6.4
    endloop
  endfacet
  facet normal 0 0 1
    outer loop
      vertex 24.8395 2.85133 6.4
      vertex 24.7642 3.10687 6.4
      vertex 24.7888 2.84008 6.4
    endloop
  endfacet
  facet normal -0 0 1
    outer loop
      vertex 24.6792 3.08888 6.4
      vertex 24.7888 2.84008 6.4
      vertex 24.7642 3.10687 6.4
    endloop
  endfacet
  facet normal 0 0 1
    outer loop
      vertex 24.7888 2.84008 6.4
      vertex 24.6792 3.08888 6.4
      vertex 24.7411 2.82433 6.4
    endloop
  endfacet
  facet normal -0 0 1
    outer loop
      vertex 24.5992 3.06368 6.4
      vertex 24.7411 2.82433 6.4
      vertex 24.6792 3.08888 6.4
    endloop
  endfacet
  facet normal 0 0 1
    outer loop
      vertex 24.7411 2.82433 6.4
      vertex 24.5992 3.06368 6.4
      vertex 24.6963 2.8041 6.4
    endloop
  endfacet
  facet normal -0 0 1
    outer loop
      vertex 24.5243 3.0313 6.4
      vertex 24.6963 2.8041 6.4
      vertex 24.5992 3.06368 6.4
    endloop
  endfacet
  facet normal 0 0 1
    outer loop
      vertex 24.6963 2.8041 6.4
      vertex 24.5243 3.0313 6.4
      vertex 24.6544 2.77935 6.4
    endloop
  endfacet
  facet normal -0 0 1
    outer loop
      vertex 24.4545 2.99171 6.4
      vertex 24.6544 2.77935 6.4
      vertex 24.5243 3.0313 6.4
    endloop
  endfacet
  facet normal 0 0 1
    outer loop
      vertex 24.6544 2.77935 6.4
      vertex 24.4545 2.99171 6.4
      vertex 24.6154 2.75012 6.4
    endloop
  endfacet
  facet normal -0 0 1
    outer loop
      vertex 24.3897 2.94492 6.4
      vertex 24.6154 2.75012 6.4
      vertex 24.4545 2.99171 6.4
    endloop
  endfacet
  facet normal 0 0 1
    outer loop
      vertex 24.6154 2.75012 6.4
      vertex 24.3897 2.94492 6.4
      vertex 24.5801 2.71682 6.4
    endloop
  endfacet
  facet normal -0 0 1
    outer loop
      vertex 24.3312 2.89208 6.4
      vertex 24.5801 2.71682 6.4
      vertex 24.3897 2.94492 6.4
    endloop
  endfacet
  facet normal 0 0 1
    outer loop
      vertex 24.5801 2.71682 6.4
      vertex 24.3312 2.89208 6.4
      vertex 24.5492 2.67988 6.4
    endloop
  endfacet
  facet normal -0 0 1
    outer loop
      vertex 24.2802 2.83425 6.4
      vertex 24.5492 2.67988 6.4
      vertex 24.3312 2.89208 6.4
    endloop
  endfacet
  facet normal 0 0 1
    outer loop
      vertex 24.5492 2.67988 6.4
      vertex 24.2802 2.83425 6.4
      vertex 24.5227 2.63931 6.4
    endloop
  endfacet
  facet normal -0 0 1
    outer loop
      vertex 24.2366 2.77146 6.4
      vertex 24.5227 2.63931 6.4
      vertex 24.2802 2.83425 6.4
    endloop
  endfacet
  facet normal 0 0 1
    outer loop
      vertex 24.5227 2.63931 6.4
      vertex 24.2366 2.77146 6.4
      vertex 24.5007 2.5951 6.4
    endloop
  endfacet
  facet normal -0 0 1
    outer loop
      vertex 24.2005 2.70371 6.4
      vertex 24.5007 2.5951 6.4
      vertex 24.2366 2.77146 6.4
    endloop
  endfacet
  facet normal 0 0 1
    outer loop
      vertex 24.5007 2.5951 6.4
      vertex 24.2005 2.70371 6.4
      vertex 24.4831 2.54727 6.4
    endloop
  endfacet
  facet normal -0 0 1
    outer loop
      vertex 24.1718 2.63101 6.4
      vertex 24.4831 2.54727 6.4
      vertex 24.2005 2.70371 6.4
    endloop
  endfacet
  facet normal 0 0 1
    outer loop
      vertex 24.4831 2.54727 6.4
      vertex 24.1718 2.63101 6.4
      vertex 24.4699 2.4958 6.4
    endloop
  endfacet
  facet normal -0 0 1
    outer loop
      vertex 24.1505 2.55331 6.4
      vertex 24.4699 2.4958 6.4
      vertex 24.1718 2.63101 6.4
    endloop
  endfacet
  facet normal 0 0 1
    outer loop
      vertex 24.4699 2.4958 6.4
      vertex 24.1505 2.55331 6.4
      vertex 24.4612 2.44068 6.4
    endloop
  endfacet
  facet normal 0 0 1
    outer loop
      vertex 24.4612 2.44068 6.4
      vertex 24.1505 2.55331 6.4
      vertex 24.1367 2.47067 6.4
    endloop
  endfacet
  facet normal 0 0 1
    outer loop
      vertex 25.6197 2.07169 6.4
      vertex 25.3515 2.19349 6.4
      vertex 25.5942 2.03089 6.4
    endloop
  endfacet
  facet normal -0 0 1
    outer loop
      vertex 25.333 2.15859 6.4
      vertex 25.5942 2.03089 6.4
      vertex 25.3515 2.19349 6.4
    endloop
  endfacet
  facet normal 0 0 1
    outer loop
      vertex 25.5942 2.03089 6.4
      vertex 25.333 2.15859 6.4
      vertex 25.5661 1.99009 6.4
    endloop
  endfacet
  facet normal -0 0 1
    outer loop
      vertex 25.3122 2.12455 6.4
      vertex 25.5661 1.99009 6.4
      vertex 25.333 2.15859 6.4
    endloop
  endfacet
  facet normal 0 0 1
    outer loop
      vertex 25.5661 1.99009 6.4
      vertex 25.3122 2.12455 6.4
      vertex 25.5354 1.94929 6.4
    endloop
  endfacet
  facet normal -0 0 1
    outer loop
      vertex 25.2897 2.09094 6.4
      vertex 25.5354 1.94929 6.4
      vertex 25.3122 2.12455 6.4
    endloop
  endfacet
  facet normal 0 0 1
    outer loop
      vertex 25.5354 1.94929 6.4
      vertex 25.2897 2.09094 6.4
      vertex 25.5021 1.90849 6.4
    endloop
  endfacet
  facet normal -0 0 1
    outer loop
      vertex 25.2654 2.05776 6.4
      vertex 25.5021 1.90849 6.4
      vertex 25.2897 2.09094 6.4
    endloop
  endfacet
  facet normal 0 0 1
    outer loop
      vertex 25.5021 1.90849 6.4
      vertex 25.2654 2.05776 6.4
      vertex 25.4661 1.86767 6.4
    endloop
  endfacet
  facet normal -0 0 1
    outer loop
      vertex 25.2393 2.02502 6.4
      vertex 25.4661 1.86767 6.4
      vertex 25.2654 2.05776 6.4
    endloop
  endfacet
  facet normal 0 0 1
    outer loop
      vertex 25.4661 1.86767 6.4
      vertex 25.2393 2.02502 6.4
      vertex 25.424 1.82366 6.4
    endloop
  endfacet
  facet normal -0 0 1
    outer loop
      vertex 25.2115 1.99271 6.4
      vertex 25.424 1.82366 6.4
      vertex 25.2393 2.02502 6.4
    endloop
  endfacet
  facet normal 0 0 1
    outer loop
      vertex 25.424 1.82366 6.4
      vertex 25.2115 1.99271 6.4
      vertex 25.3721 1.77325 6.4
    endloop
  endfacet
  facet normal -0 0 1
    outer loop
      vertex 25.1819 1.96082 6.4
      vertex 25.3721 1.77325 6.4
      vertex 25.2115 1.99271 6.4
    endloop
  endfacet
  facet normal -0 0 1
    outer loop
      vertex 25.1505 1.92938 6.4
      vertex 25.3721 1.77325 6.4
      vertex 25.1819 1.96082 6.4
    endloop
  endfacet
  facet normal 0 0 1
    outer loop
      vertex 25.3721 1.77325 6.4
      vertex 25.1505 1.92938 6.4
      vertex 25.3106 1.71644 6.4
    endloop
  endfacet
  facet normal -0 0 1
    outer loop
      vertex 25.1177 1.89814 6.4
      vertex 25.3106 1.71644 6.4
      vertex 25.1505 1.92938 6.4
    endloop
  endfacet
  facet normal -0 0 1
    outer loop
      vertex 25.0838 1.86691 6.4
      vertex 25.3106 1.71644 6.4
      vertex 25.1177 1.89814 6.4
    endloop
  endfacet
  facet normal 0 0 1
    outer loop
      vertex 25.3106 1.71644 6.4
      vertex 25.0838 1.86691 6.4
      vertex 25.2393 1.65322 6.4
    endloop
  endfacet
  facet normal -0 0 1
    outer loop
      vertex 25.0488 1.83569 6.4
      vertex 25.2393 1.65322 6.4
      vertex 25.0838 1.86691 6.4
    endloop
  endfacet
  facet normal -0 0 1
    outer loop
      vertex 25.0126 1.80445 6.4
      vertex 25.2393 1.65322 6.4
      vertex 25.0488 1.83569 6.4
    endloop
  endfacet
  facet normal 0 0 1
    outer loop
      vertex 25.2393 1.65322 6.4
      vertex 25.0126 1.80445 6.4
      vertex 25.1583 1.5836 6.4
    endloop
  endfacet
  facet normal -0 0 1
    outer loop
      vertex 24.9754 1.77322 6.4
      vertex 25.1583 1.5836 6.4
      vertex 25.0126 1.80445 6.4
    endloop
  endfacet
  facet normal -0 0 1
    outer loop
      vertex 24.937 1.742 6.4
      vertex 25.1583 1.5836 6.4
      vertex 24.9754 1.77322 6.4
    endloop
  endfacet
  facet normal 0 0 1
    outer loop
      vertex 25.1583 1.5836 6.4
      vertex 24.937 1.742 6.4
      vertex 25.0676 1.50756 6.4
    endloop
  endfacet
  facet normal -0 0 1
    outer loop
      vertex 24.8975 1.71076 6.4
      vertex 25.0676 1.50756 6.4
      vertex 24.937 1.742 6.4
    endloop
  endfacet
  facet normal -0 0 1
    outer loop
      vertex 24.8574 1.67916 6.4
      vertex 25.0676 1.50756 6.4
      vertex 24.8975 1.71076 6.4
    endloop
  endfacet
  facet normal 0 0 1
    outer loop
      vertex 25.0676 1.50756 6.4
      vertex 24.8574 1.67916 6.4
      vertex 24.9672 1.42513 6.4
    endloop
  endfacet
  facet normal -0 0 1
    outer loop
      vertex 24.8172 1.6468 6.4
      vertex 24.9672 1.42513 6.4
      vertex 24.8574 1.67916 6.4
    endloop
  endfacet
  facet normal -0 0 1
    outer loop
      vertex 24.7769 1.61367 6.4
      vertex 24.9672 1.42513 6.4
      vertex 24.8172 1.6468 6.4
    endloop
  endfacet
  facet normal 0 0 1
    outer loop
      vertex 24.9672 1.42513 6.4
      vertex 24.7769 1.61367 6.4
      vertex 24.9109 1.37844 6.4
    endloop
  endfacet
  facet normal -0 0 1
    outer loop
      vertex 24.7365 1.5798 6.4
      vertex 24.9109 1.37844 6.4
      vertex 24.7769 1.61367 6.4
    endloop
  endfacet
  facet normal -0 0 1
    outer loop
      vertex 24.6959 1.54516 6.4
      vertex 24.9109 1.37844 6.4
      vertex 24.7365 1.5798 6.4
    endloop
  endfacet
  facet normal 0 0 1
    outer loop
      vertex 24.9109 1.37844 6.4
      vertex 24.6959 1.54516 6.4
      vertex 24.858 1.33309 6.4
    endloop
  endfacet
  facet normal -0 0 1
    outer loop
      vertex 24.6553 1.50976 6.4
      vertex 24.858 1.33309 6.4
      vertex 24.6959 1.54516 6.4
    endloop
  endfacet
  facet normal 0 0 1
    outer loop
      vertex 24.858 1.33309 6.4
      vertex 24.6553 1.50976 6.4
      vertex 24.8086 1.28907 6.4
    endloop
  endfacet
  facet normal -0 0 1
    outer loop
      vertex 24.6145 1.47361 6.4
      vertex 24.8086 1.28907 6.4
      vertex 24.6553 1.50976 6.4
    endloop
  endfacet
  facet normal 0 0 1
    outer loop
      vertex 24.8086 1.28907 6.4
      vertex 24.6145 1.47361 6.4
      vertex 24.7625 1.24638 6.4
    endloop
  endfacet
  facet normal -0 0 1
    outer loop
      vertex 24.574 1.43649 6.4
      vertex 24.7625 1.24638 6.4
      vertex 24.6145 1.47361 6.4
    endloop
  endfacet
  facet normal 0 0 1
    outer loop
      vertex 24.7625 1.24638 6.4
      vertex 24.574 1.43649 6.4
      vertex 24.7198 1.20501 6.4
    endloop
  endfacet
  facet normal -0 0 1
    outer loop
      vertex 24.534 1.39813 6.4
      vertex 24.7198 1.20501 6.4
      vertex 24.574 1.43649 6.4
    endloop
  endfacet
  facet normal -0 0 1
    outer loop
      vertex 24.4946 1.35854 6.4
      vertex 24.7198 1.20501 6.4
      vertex 24.534 1.39813 6.4
    endloop
  endfacet
  facet normal 0 0 1
    outer loop
      vertex 24.7198 1.20501 6.4
      vertex 24.4946 1.35854 6.4
      vertex 24.6804 1.16499 6.4
    endloop
  endfacet
  facet normal -0 0 1
    outer loop
      vertex 24.4556 1.31774 6.4
      vertex 24.6804 1.16499 6.4
      vertex 24.4946 1.35854 6.4
    endloop
  endfacet
  facet normal 0 0 1
    outer loop
      vertex 24.6804 1.16499 6.4
      vertex 24.4556 1.31774 6.4
      vertex 24.6445 1.12629 6.4
    endloop
  endfacet
  facet normal -0 0 1
    outer loop
      vertex 24.4173 1.27572 6.4
      vertex 24.6445 1.12629 6.4
      vertex 24.4556 1.31774 6.4
    endloop
  endfacet
  facet normal 0 0 1
    outer loop
      vertex 24.6445 1.12629 6.4
      vertex 24.4173 1.27572 6.4
      vertex 24.6116 1.08845 6.4
    endloop
  endfacet
  facet normal -0 0 1
    outer loop
      vertex 24.3794 1.23246 6.4
      vertex 24.6116 1.08845 6.4
      vertex 24.4173 1.27572 6.4
    endloop
  endfacet
  facet normal 0 0 1
    outer loop
      vertex 24.6116 1.08845 6.4
      vertex 24.3794 1.23246 6.4
      vertex 24.5815 1.051 6.4
    endloop
  endfacet
  facet normal -0 0 1
    outer loop
      vertex 24.3421 1.18798 6.4
      vertex 24.5815 1.051 6.4
      vertex 24.3794 1.23246 6.4
    endloop
  endfacet
  facet normal 0 0 1
    outer loop
      vertex 24.5815 1.051 6.4
      vertex 24.3421 1.18798 6.4
      vertex 24.554 1.01396 6.4
    endloop
  endfacet
  facet normal -0 0 1
    outer loop
      vertex 24.3059 1.14192 6.4
      vertex 24.554 1.01396 6.4
      vertex 24.3421 1.18798 6.4
    endloop
  endfacet
  facet normal -0 0 1
    outer loop
      vertex 24.4717 0.869744 6.4
      vertex 25.7676 0.599999 6.4
      vertex 25.7676 0.869744 6.4
    endloop
  endfacet
  facet normal 0 0 1
    outer loop
      vertex 24.554 1.01396 6.4
      vertex 24.3059 1.14192 6.4
      vertex 24.5294 0.977319 6.4
    endloop
  endfacet
  facet normal -0 0 1
    outer loop
      vertex 24.2713 1.09385 6.4
      vertex 24.5294 0.977319 6.4
      vertex 24.3059 1.14192 6.4
    endloop
  endfacet
  facet normal 0 0 1
    outer loop
      vertex 24.5294 0.977319 6.4
      vertex 24.2713 1.09385 6.4
      vertex 24.5074 0.941064 6.4
    endloop
  endfacet
  facet normal 0 0 1
    outer loop
      vertex 24.5074 0.941064 6.4
      vertex 24.2713 1.09385 6.4
      vertex 24.4882 0.905206 6.4
    endloop
  endfacet
  facet normal -0 0 1
    outer loop
      vertex 24.2383 1.04382 6.4
      vertex 24.4882 0.905206 6.4
      vertex 24.2713 1.09385 6.4
    endloop
  endfacet
  facet normal 0 0 1
    outer loop
      vertex 24.4882 0.905206 6.4
      vertex 24.2383 1.04382 6.4
      vertex 24.4717 0.869744 6.4
    endloop
  endfacet
  facet normal -0 0 1
    outer loop
      vertex 24.207 0.991815 6.4
      vertex 24.4717 0.869744 6.4
      vertex 24.2383 1.04382 6.4
    endloop
  endfacet
  facet normal -0 0 1
    outer loop
      vertex 24.1772 0.937829 6.4
      vertex 24.4717 0.869744 6.4
      vertex 24.207 0.991815 6.4
    endloop
  endfacet
  facet normal -0 0 1
    outer loop
      vertex 24.1491 0.88186 6.4
      vertex 24.4717 0.869744 6.4
      vertex 24.1772 0.937829 6.4
    endloop
  endfacet
  facet normal 0 0 1
    outer loop
      vertex 24.1226 0.823907 6.4
      vertex 24.4717 0.869744 6.4
      vertex 24.1491 0.88186 6.4
    endloop
  endfacet
  facet normal 0 0 1
    outer loop
      vertex 24.4717 0.869744 6.4
      vertex 24.1226 0.823907 6.4
      vertex 24.1226 0.599999 6.4
    endloop
  endfacet
  facet normal 0 0 1
    outer loop
      vertex 24.4717 0.869744 6.4
      vertex 24.1226 0.599999 6.4
      vertex 25.7676 0.599999 6.4
    endloop
  endfacet
  facet normal 0 0 1
    outer loop
      vertex 21.908 2.78097 6.4
      vertex 22.2271 3.08424 6.4
      vertex 21.9345 3.08424 6.4
    endloop
  endfacet
  facet normal -0 0 1
    outer loop
      vertex 22.2271 0.869744 6.4
      vertex 22.8319 0.599999 6.4
      vertex 22.8319 0.869744 6.4
    endloop
  endfacet
  facet normal 0 0 1
    outer loop
      vertex 22.2271 3.08424 6.4
      vertex 21.908 2.78097 6.4
      vertex 22.2271 0.869744 6.4
    endloop
  endfacet
  facet normal 0 0 1
    outer loop
      vertex 21.908 0.869744 6.4
      vertex 22.2271 0.869744 6.4
      vertex 21.908 2.78097 6.4
    endloop
  endfacet
  facet normal -0 0 1
    outer loop
      vertex 21.908 0.869744 6.4
      vertex 22.8319 0.599999 6.4
      vertex 22.2271 0.869744 6.4
    endloop
  endfacet
  facet normal 0 0 1
    outer loop
      vertex 21.275 0.599999 6.4
      vertex 21.908 0.869744 6.4
      vertex 21.275 0.869744 6.4
    endloop
  endfacet
  facet normal 0 0 1
    outer loop
      vertex 21.908 0.869744 6.4
      vertex 21.275 0.599999 6.4
      vertex 22.8319 0.599999 6.4
    endloop
  endfacet
  facet normal 0 0 1
    outer loop
      vertex 21.3473 2.68049 6.4
      vertex 21.908 2.78097 6.4
      vertex 21.9345 3.08424 6.4
    endloop
  endfacet
  facet normal 0 0 1
    outer loop
      vertex 21.908 2.78097 6.4
      vertex 21.3473 2.68049 6.4
      vertex 21.3473 2.38076 6.4
    endloop
  endfacet
  facet normal -0 0 1
    outer loop
      vertex 23.2909 0.986123 6.4
      vertex 23.6348 0.599999 6.4
      vertex 23.6348 0.986123 6.4
    endloop
  endfacet
  facet normal 0 0 1
    outer loop
      vertex 23.6348 0.599999 6.4
      vertex 23.2909 0.986123 6.4
      vertex 23.2909 0.599999 6.4
    endloop
  endfacet
  facet normal 0 1 -0
    outer loop
      vertex 25.7676 0.869744 6
      vertex 24.4717 0.869744 6.4
      vertex 25.7676 0.869744 6.4
    endloop
  endfacet
  facet normal 0 1 0
    outer loop
      vertex 24.4717 0.869744 6.4
      vertex 25.7676 0.869744 6
      vertex 24.4717 0.869744 6
    endloop
  endfacet
  facet normal 0.906662 -0.421858 0
    outer loop
      vertex 24.4717 0.869744 6.4
      vertex 24.4882 0.905206 6
      vertex 24.4882 0.905206 6.4
    endloop
  endfacet
  facet normal 0.906662 -0.421858 0
    outer loop
      vertex 24.4882 0.905206 6
      vertex 24.4717 0.869744 6.4
      vertex 24.4717 0.869744 6
    endloop
  endfacet
  facet normal 0.881579 -0.472037 0
    outer loop
      vertex 24.4882 0.905206 6.4
      vertex 24.5074 0.941064 6
      vertex 24.5074 0.941064 6.4
    endloop
  endfacet
  facet normal 0.881579 -0.472037 0
    outer loop
      vertex 24.5074 0.941064 6
      vertex 24.4882 0.905206 6.4
      vertex 24.4882 0.905206 6
    endloop
  endfacet
  facet normal 0.854913 -0.518772 0
    outer loop
      vertex 24.5074 0.941064 6.4
      vertex 24.5294 0.977319 6
      vertex 24.5294 0.977319 6.4
    endloop
  endfacet
  facet normal 0.854913 -0.518772 0
    outer loop
      vertex 24.5294 0.977319 6
      vertex 24.5074 0.941064 6.4
      vertex 24.5074 0.941064 6
    endloop
  endfacet
  facet normal 0.83024 -0.557406 0
    outer loop
      vertex 24.5294 0.977319 6.4
      vertex 24.554 1.01396 6
      vertex 24.554 1.01396 6.4
    endloop
  endfacet
  facet normal 0.83024 -0.557406 0
    outer loop
      vertex 24.554 1.01396 6
      vertex 24.5294 0.977319 6.4
      vertex 24.5294 0.977319 6
    endloop
  endfacet
  facet normal 0.802904 -0.596108 0
    outer loop
      vertex 24.554 1.01396 6.4
      vertex 24.5815 1.051 6
      vertex 24.5815 1.051 6.4
    endloop
  endfacet
  facet normal 0.802904 -0.596108 0
    outer loop
      vertex 24.5815 1.051 6
      vertex 24.554 1.01396 6.4
      vertex 24.554 1.01396 6
    endloop
  endfacet
  facet normal 0.779445 -0.62647 0
    outer loop
      vertex 24.5815 1.051 6.4
      vertex 24.6116 1.08845 6
      vertex 24.6116 1.08845 6.4
    endloop
  endfacet
  facet normal 0.779445 -0.62647 0
    outer loop
      vertex 24.6116 1.08845 6
      vertex 24.5815 1.051 6.4
      vertex 24.5815 1.051 6
    endloop
  endfacet
  facet normal 0.754648 -0.656129 0
    outer loop
      vertex 24.6116 1.08845 6.4
      vertex 24.6445 1.12629 6
      vertex 24.6445 1.12629 6.4
    endloop
  endfacet
  facet normal 0.754648 -0.656129 0
    outer loop
      vertex 24.6445 1.12629 6
      vertex 24.6116 1.08845 6.4
      vertex 24.6116 1.08845 6
    endloop
  endfacet
  facet normal 0.733131 -0.680088 0
    outer loop
      vertex 24.6445 1.12629 6.4
      vertex 24.6804 1.16499 6
      vertex 24.6804 1.16499 6.4
    endloop
  endfacet
  facet normal 0.733131 -0.680088 0
    outer loop
      vertex 24.6804 1.16499 6
      vertex 24.6445 1.12629 6.4
      vertex 24.6445 1.12629 6
    endloop
  endfacet
  facet normal 0.712605 -0.701565 0
    outer loop
      vertex 24.6804 1.16499 6.4
      vertex 24.7198 1.20501 6
      vertex 24.7198 1.20501 6.4
    endloop
  endfacet
  facet normal 0.712605 -0.701565 0
    outer loop
      vertex 24.7198 1.20501 6
      vertex 24.6804 1.16499 6.4
      vertex 24.6804 1.16499 6
    endloop
  endfacet
  facet normal 0.695833 -0.718203 0
    outer loop
      vertex 24.7198 1.20501 6
      vertex 24.7625 1.24638 6.4
      vertex 24.7198 1.20501 6.4
    endloop
  endfacet
  facet normal 0.695833 -0.718203 0
    outer loop
      vertex 24.7625 1.24638 6.4
      vertex 24.7198 1.20501 6
      vertex 24.7625 1.24638 6
    endloop
  endfacet
  facet normal 0.679449 -0.733722 0
    outer loop
      vertex 24.7625 1.24638 6
      vertex 24.8086 1.28907 6.4
      vertex 24.7625 1.24638 6.4
    endloop
  endfacet
  facet normal 0.679449 -0.733722 0
    outer loop
      vertex 24.8086 1.28907 6.4
      vertex 24.7625 1.24638 6
      vertex 24.8086 1.28907 6
    endloop
  endfacet
  facet normal 0.665283 -0.746592 0
    outer loop
      vertex 24.8086 1.28907 6
      vertex 24.858 1.33309 6.4
      vertex 24.8086 1.28907 6.4
    endloop
  endfacet
  facet normal 0.665283 -0.746592 0
    outer loop
      vertex 24.858 1.33309 6.4
      vertex 24.8086 1.28907 6
      vertex 24.858 1.33309 6
    endloop
  endfacet
  facet normal 0.65085 -0.759206 0
    outer loop
      vertex 24.858 1.33309 6
      vertex 24.9109 1.37844 6.4
      vertex 24.858 1.33309 6.4
    endloop
  endfacet
  facet normal 0.65085 -0.759206 0
    outer loop
      vertex 24.9109 1.37844 6.4
      vertex 24.858 1.33309 6
      vertex 24.9109 1.37844 6
    endloop
  endfacet
  facet normal 0.638354 -0.769743 0
    outer loop
      vertex 24.9109 1.37844 6
      vertex 24.9672 1.42513 6.4
      vertex 24.9109 1.37844 6.4
    endloop
  endfacet
  facet normal 0.638354 -0.769743 0
    outer loop
      vertex 24.9672 1.42513 6.4
      vertex 24.9109 1.37844 6
      vertex 24.9672 1.42513 6
    endloop
  endfacet
  facet normal 0.634549 -0.772883 0
    outer loop
      vertex 24.9672 1.42513 6
      vertex 25.0676 1.50756 6.4
      vertex 24.9672 1.42513 6.4
    endloop
  endfacet
  facet normal 0.634549 -0.772883 0
    outer loop
      vertex 25.0676 1.50756 6.4
      vertex 24.9672 1.42513 6
      vertex 25.0676 1.50756 6
    endloop
  endfacet
  facet normal 0.642459 -0.76632 0
    outer loop
      vertex 25.0676 1.50756 6
      vertex 25.1583 1.5836 6.4
      vertex 25.0676 1.50756 6.4
    endloop
  endfacet
  facet normal 0.642459 -0.76632 0
    outer loop
      vertex 25.1583 1.5836 6.4
      vertex 25.0676 1.50756 6
      vertex 25.1583 1.5836 6
    endloop
  endfacet
  facet normal 0.651824 -0.75837 0
    outer loop
      vertex 25.1583 1.5836 6
      vertex 25.2393 1.65322 6.4
      vertex 25.1583 1.5836 6.4
    endloop
  endfacet
  facet normal 0.651824 -0.75837 0
    outer loop
      vertex 25.2393 1.65322 6.4
      vertex 25.1583 1.5836 6
      vertex 25.2393 1.65322 6
    endloop
  endfacet
  facet normal 0.663438 -0.748231 0
    outer loop
      vertex 25.2393 1.65322 6
      vertex 25.3106 1.71644 6.4
      vertex 25.2393 1.65322 6.4
    endloop
  endfacet
  facet normal 0.663438 -0.748231 0
    outer loop
      vertex 25.3106 1.71644 6.4
      vertex 25.2393 1.65322 6
      vertex 25.3106 1.71644 6
    endloop
  endfacet
  facet normal 0.678543 -0.734561 0
    outer loop
      vertex 25.3106 1.71644 6
      vertex 25.3721 1.77325 6.4
      vertex 25.3106 1.71644 6.4
    endloop
  endfacet
  facet normal 0.678543 -0.734561 0
    outer loop
      vertex 25.3721 1.77325 6.4
      vertex 25.3106 1.71644 6
      vertex 25.3721 1.77325 6
    endloop
  endfacet
  facet normal 0.696735 -0.717329 0
    outer loop
      vertex 25.3721 1.77325 6
      vertex 25.424 1.82366 6.4
      vertex 25.3721 1.77325 6.4
    endloop
  endfacet
  facet normal 0.696735 -0.717329 0
    outer loop
      vertex 25.424 1.82366 6.4
      vertex 25.3721 1.77325 6
      vertex 25.424 1.82366 6
    endloop
  endfacet
  facet normal 0.722613 -0.691252 0
    outer loop
      vertex 25.424 1.82366 6.4
      vertex 25.4661 1.86767 6
      vertex 25.4661 1.86767 6.4
    endloop
  endfacet
  facet normal 0.722613 -0.691252 0
    outer loop
      vertex 25.4661 1.86767 6
      vertex 25.424 1.82366 6.4
      vertex 25.424 1.82366 6
    endloop
  endfacet
  facet normal 0.749999 -0.661439 0
    outer loop
      vertex 25.4661 1.86767 6.4
      vertex 25.5021 1.90849 6
      vertex 25.5021 1.90849 6.4
    endloop
  endfacet
  facet normal 0.749999 -0.661439 0
    outer loop
      vertex 25.5021 1.90849 6
      vertex 25.4661 1.86767 6.4
      vertex 25.4661 1.86767 6
    endloop
  endfacet
  facet normal 0.774718 -0.632307 0
    outer loop
      vertex 25.5021 1.90849 6.4
      vertex 25.5354 1.94929 6
      vertex 25.5354 1.94929 6.4
    endloop
  endfacet
  facet normal 0.774718 -0.632307 0
    outer loop
      vertex 25.5354 1.94929 6
      vertex 25.5021 1.90849 6.4
      vertex 25.5021 1.90849 6
    endloop
  endfacet
  facet normal 0.799059 -0.601253 0
    outer loop
      vertex 25.5354 1.94929 6.4
      vertex 25.5661 1.99009 6
      vertex 25.5661 1.99009 6.4
    endloop
  endfacet
  facet normal 0.799059 -0.601253 0
    outer loop
      vertex 25.5661 1.99009 6
      vertex 25.5354 1.94929 6.4
      vertex 25.5354 1.94929 6
    endloop
  endfacet
  facet normal 0.82357 -0.567214 0
    outer loop
      vertex 25.5661 1.99009 6.4
      vertex 25.5942 2.03089 6
      vertex 25.5942 2.03089 6.4
    endloop
  endfacet
  facet normal 0.82357 -0.567214 0
    outer loop
      vertex 25.5942 2.03089 6
      vertex 25.5661 1.99009 6.4
      vertex 25.5661 1.99009 6
    endloop
  endfacet
  facet normal 0.847998 -0.529999 0
    outer loop
      vertex 25.5942 2.03089 6.4
      vertex 25.6197 2.07169 6
      vertex 25.6197 2.07169 6.4
    endloop
  endfacet
  facet normal 0.847998 -0.529999 0
    outer loop
      vertex 25.6197 2.07169 6
      vertex 25.5942 2.03089 6.4
      vertex 25.5942 2.03089 6
    endloop
  endfacet
  facet normal 0.873045 -0.487639 0
    outer loop
      vertex 25.6197 2.07169 6.4
      vertex 25.6425 2.11251 6
      vertex 25.6425 2.11251 6.4
    endloop
  endfacet
  facet normal 0.873045 -0.487639 0
    outer loop
      vertex 25.6425 2.11251 6
      vertex 25.6197 2.07169 6.4
      vertex 25.6197 2.07169 6
    endloop
  endfacet
  facet normal 0.896177 -0.443696 0
    outer loop
      vertex 25.6425 2.11251 6.4
      vertex 25.6627 2.15331 6
      vertex 25.6627 2.15331 6.4
    endloop
  endfacet
  facet normal 0.896177 -0.443696 0
    outer loop
      vertex 25.6627 2.15331 6
      vertex 25.6425 2.11251 6.4
      vertex 25.6425 2.11251 6
    endloop
  endfacet
  facet normal 0.918352 -0.395764 0
    outer loop
      vertex 25.6627 2.15331 6.4
      vertex 25.6803 2.19415 6
      vertex 25.6803 2.19415 6.4
    endloop
  endfacet
  facet normal 0.918352 -0.395764 0
    outer loop
      vertex 25.6803 2.19415 6
      vertex 25.6627 2.15331 6.4
      vertex 25.6627 2.15331 6
    endloop
  endfacet
  facet normal 0.940329 -0.340266 0
    outer loop
      vertex 25.6803 2.19415 6.4
      vertex 25.6951 2.23505 6
      vertex 25.6951 2.23505 6.4
    endloop
  endfacet
  facet normal 0.940329 -0.340266 0
    outer loop
      vertex 25.6951 2.23505 6
      vertex 25.6803 2.19415 6.4
      vertex 25.6803 2.19415 6
    endloop
  endfacet
  facet normal 0.959086 -0.283116 0
    outer loop
      vertex 25.6951 2.23505 6.4
      vertex 25.7072 2.27604 6
      vertex 25.7072 2.27604 6.4
    endloop
  endfacet
  facet normal 0.959086 -0.283116 0
    outer loop
      vertex 25.7072 2.27604 6
      vertex 25.6951 2.23505 6.4
      vertex 25.6951 2.23505 6
    endloop
  endfacet
  facet normal 0.974263 -0.225414 0
    outer loop
      vertex 25.7072 2.27604 6.4
      vertex 25.7167 2.3171 6
      vertex 25.7167 2.3171 6.4
    endloop
  endfacet
  facet normal 0.974263 -0.225414 0
    outer loop
      vertex 25.7167 2.3171 6
      vertex 25.7072 2.27604 6.4
      vertex 25.7072 2.27604 6
    endloop
  endfacet
  facet normal 0.986984 -0.160817 0
    outer loop
      vertex 25.7167 2.3171 6.4
      vertex 25.7234 2.35822 6
      vertex 25.7234 2.35822 6.4
    endloop
  endfacet
  facet normal 0.986984 -0.160817 0
    outer loop
      vertex 25.7234 2.35822 6
      vertex 25.7167 2.3171 6.4
      vertex 25.7167 2.3171 6
    endloop
  endfacet
  facet normal 0.995085 -0.0990254 0
    outer loop
      vertex 25.7234 2.35822 6.4
      vertex 25.7275 2.39942 6
      vertex 25.7275 2.39942 6.4
    endloop
  endfacet
  facet normal 0.995085 -0.0990254 0
    outer loop
      vertex 25.7275 2.39942 6
      vertex 25.7234 2.35822 6.4
      vertex 25.7234 2.35822 6
    endloop
  endfacet
  facet normal 0.999504 -0.0314919 0
    outer loop
      vertex 25.7275 2.39942 6.4
      vertex 25.7288 2.44068 6
      vertex 25.7288 2.44068 6.4
    endloop
  endfacet
  facet normal 0.999504 -0.0314919 0
    outer loop
      vertex 25.7288 2.44068 6
      vertex 25.7275 2.39942 6.4
      vertex 25.7275 2.39942 6
    endloop
  endfacet
  facet normal 0.998968 0.0454227 0
    outer loop
      vertex 25.7288 2.44068 6.4
      vertex 25.7247 2.53085 6
      vertex 25.7247 2.53085 6.4
    endloop
  endfacet
  facet normal 0.998968 0.0454227 0
    outer loop
      vertex 25.7247 2.53085 6
      vertex 25.7288 2.44068 6.4
      vertex 25.7288 2.44068 6
    endloop
  endfacet
  facet normal 0.989297 0.145917 0
    outer loop
      vertex 25.7247 2.53085 6.4
      vertex 25.7123 2.61492 6
      vertex 25.7123 2.61492 6.4
    endloop
  endfacet
  facet normal 0.989297 0.145917 0
    outer loop
      vertex 25.7123 2.61492 6
      vertex 25.7247 2.53085 6.4
      vertex 25.7247 2.53085 6
    endloop
  endfacet
  facet normal 0.966841 0.255378 0
    outer loop
      vertex 25.7123 2.61492 6.4
      vertex 25.6917 2.69291 6
      vertex 25.6917 2.69291 6.4
    endloop
  endfacet
  facet normal 0.966841 0.255378 0
    outer loop
      vertex 25.6917 2.69291 6
      vertex 25.7123 2.61492 6.4
      vertex 25.7123 2.61492 6
    endloop
  endfacet
  facet normal 0.928316 0.371791 0
    outer loop
      vertex 25.6917 2.69291 6.4
      vertex 25.6629 2.76482 6
      vertex 25.6629 2.76482 6.4
    endloop
  endfacet
  facet normal 0.928316 0.371791 0
    outer loop
      vertex 25.6629 2.76482 6
      vertex 25.6917 2.69291 6.4
      vertex 25.6917 2.69291 6
    endloop
  endfacet
  facet normal 0.871176 0.490971 0
    outer loop
      vertex 25.6629 2.76482 6.4
      vertex 25.6258 2.83065 6
      vertex 25.6258 2.83065 6.4
    endloop
  endfacet
  facet normal 0.871176 0.490971 0
    outer loop
      vertex 25.6258 2.83065 6
      vertex 25.6629 2.76482 6.4
      vertex 25.6629 2.76482 6
    endloop
  endfacet
  facet normal 0.796868 0.604153 0
    outer loop
      vertex 25.6258 2.83065 6.4
      vertex 25.5805 2.8904 6
      vertex 25.5805 2.8904 6.4
    endloop
  endfacet
  facet normal 0.796868 0.604153 0
    outer loop
      vertex 25.5805 2.8904 6
      vertex 25.6258 2.83065 6.4
      vertex 25.6258 2.83065 6
    endloop
  endfacet
  facet normal 0.707568 0.706645 0
    outer loop
      vertex 25.5805 2.8904 6.4
      vertex 25.5269 2.94407 6
      vertex 25.5269 2.94407 6.4
    endloop
  endfacet
  facet normal 0.707568 0.706645 0
    outer loop
      vertex 25.5269 2.94407 6
      vertex 25.5805 2.8904 6.4
      vertex 25.5805 2.8904 6
    endloop
  endfacet
  facet normal 0.609166 0.793043 -0
    outer loop
      vertex 25.5269 2.94407 6
      vertex 25.4657 2.99108 6.4
      vertex 25.5269 2.94407 6.4
    endloop
  endfacet
  facet normal 0.609166 0.793043 0
    outer loop
      vertex 25.4657 2.99108 6.4
      vertex 25.5269 2.94407 6
      vertex 25.4657 2.99108 6
    endloop
  endfacet
  facet normal 0.503289 0.864118 -0
    outer loop
      vertex 25.4657 2.99108 6
      vertex 25.3974 3.03086 6.4
      vertex 25.4657 2.99108 6.4
    endloop
  endfacet
  facet normal 0.503289 0.864118 0
    outer loop
      vertex 25.3974 3.03086 6.4
      vertex 25.4657 2.99108 6
      vertex 25.3974 3.03086 6
    endloop
  endfacet
  facet normal 0.396343 0.918103 -0
    outer loop
      vertex 25.3974 3.03086 6
      vertex 25.322 3.06341 6.4
      vertex 25.3974 3.03086 6.4
    endloop
  endfacet
  facet normal 0.396343 0.918103 0
    outer loop
      vertex 25.322 3.06341 6.4
      vertex 25.3974 3.03086 6
      vertex 25.322 3.06341 6
    endloop
  endfacet
  facet normal 0.293296 0.956022 -0
    outer loop
      vertex 25.322 3.06341 6
      vertex 25.2395 3.08872 6.4
      vertex 25.322 3.06341 6.4
    endloop
  endfacet
  facet normal 0.293296 0.956022 0
    outer loop
      vertex 25.2395 3.08872 6.4
      vertex 25.322 3.06341 6
      vertex 25.2395 3.08872 6
    endloop
  endfacet
  facet normal 0.197799 0.980243 -0
    outer loop
      vertex 25.2395 3.08872 6
      vertex 25.1499 3.1068 6.4
      vertex 25.2395 3.08872 6.4
    endloop
  endfacet
  facet normal 0.197799 0.980243 0
    outer loop
      vertex 25.1499 3.1068 6.4
      vertex 25.2395 3.08872 6
      vertex 25.1499 3.1068 6
    endloop
  endfacet
  facet normal 0.111617 0.993751 -0
    outer loop
      vertex 25.1499 3.1068 6
      vertex 25.0533 3.11765 6.4
      vertex 25.1499 3.1068 6.4
    endloop
  endfacet
  facet normal 0.111617 0.993751 0
    outer loop
      vertex 25.0533 3.11765 6.4
      vertex 25.1499 3.1068 6
      vertex 25.0533 3.11765 6
    endloop
  endfacet
  facet normal 0.0348536 0.999392 -0
    outer loop
      vertex 25.0533 3.11765 6
      vertex 24.9495 3.12127 6.4
      vertex 25.0533 3.11765 6.4
    endloop
  endfacet
  facet normal 0.0348536 0.999392 0
    outer loop
      vertex 24.9495 3.12127 6.4
      vertex 25.0533 3.11765 6
      vertex 24.9495 3.12127 6
    endloop
  endfacet
  facet normal -0.0377881 0.999286 0
    outer loop
      vertex 24.9495 3.12127 6
      vertex 24.8543 3.11767 6.4
      vertex 24.9495 3.12127 6.4
    endloop
  endfacet
  facet normal -0.0377881 0.999286 0
    outer loop
      vertex 24.8543 3.11767 6.4
      vertex 24.9495 3.12127 6
      vertex 24.8543 3.11767 6
    endloop
  endfacet
  facet normal -0.119015 0.992892 0
    outer loop
      vertex 24.8543 3.11767 6
      vertex 24.7642 3.10687 6.4
      vertex 24.8543 3.11767 6.4
    endloop
  endfacet
  facet normal -0.119015 0.992892 0
    outer loop
      vertex 24.7642 3.10687 6.4
      vertex 24.8543 3.11767 6
      vertex 24.7642 3.10687 6
    endloop
  endfacet
  facet normal -0.20706 0.978328 0
    outer loop
      vertex 24.7642 3.10687 6
      vertex 24.6792 3.08888 6.4
      vertex 24.7642 3.10687 6.4
    endloop
  endfacet
  facet normal -0.20706 0.978328 0
    outer loop
      vertex 24.6792 3.08888 6.4
      vertex 24.7642 3.10687 6
      vertex 24.6792 3.08888 6
    endloop
  endfacet
  facet normal -0.300447 0.953799 0
    outer loop
      vertex 24.6792 3.08888 6
      vertex 24.5992 3.06368 6.4
      vertex 24.6792 3.08888 6.4
    endloop
  endfacet
  facet normal -0.300447 0.953799 0
    outer loop
      vertex 24.5992 3.06368 6.4
      vertex 24.6792 3.08888 6
      vertex 24.5992 3.06368 6
    endloop
  endfacet
  facet normal -0.396816 0.917898 0
    outer loop
      vertex 24.5992 3.06368 6
      vertex 24.5243 3.0313 6.4
      vertex 24.5992 3.06368 6.4
    endloop
  endfacet
  facet normal -0.396816 0.917898 0
    outer loop
      vertex 24.5243 3.0313 6.4
      vertex 24.5992 3.06368 6
      vertex 24.5243 3.0313 6
    endloop
  endfacet
  facet normal -0.493358 0.869826 0
    outer loop
      vertex 24.5243 3.0313 6
      vertex 24.4545 2.99171 6.4
      vertex 24.5243 3.0313 6.4
    endloop
  endfacet
  facet normal -0.493358 0.869826 0
    outer loop
      vertex 24.4545 2.99171 6.4
      vertex 24.5243 3.0313 6
      vertex 24.4545 2.99171 6
    endloop
  endfacet
  facet normal -0.585408 0.810739 0
    outer loop
      vertex 24.4545 2.99171 6
      vertex 24.3897 2.94492 6.4
      vertex 24.4545 2.99171 6.4
    endloop
  endfacet
  facet normal -0.585408 0.810739 0
    outer loop
      vertex 24.3897 2.94492 6.4
      vertex 24.4545 2.99171 6
      vertex 24.3897 2.94492 6
    endloop
  endfacet
  facet normal -0.670295 0.742095 0
    outer loop
      vertex 24.3897 2.94492 6
      vertex 24.3312 2.89208 6.4
      vertex 24.3897 2.94492 6.4
    endloop
  endfacet
  facet normal -0.670295 0.742095 0
    outer loop
      vertex 24.3312 2.89208 6.4
      vertex 24.3897 2.94492 6
      vertex 24.3312 2.89208 6
    endloop
  endfacet
  facet normal -0.750008 0.661429 0
    outer loop
      vertex 24.2802 2.83425 6
      vertex 24.3312 2.89208 6.4
      vertex 24.3312 2.89208 6
    endloop
  endfacet
  facet normal -0.750008 0.661429 0
    outer loop
      vertex 24.3312 2.89208 6.4
      vertex 24.2802 2.83425 6
      vertex 24.2802 2.83425 6.4
    endloop
  endfacet
  facet normal -0.821396 0.570359 0
    outer loop
      vertex 24.2366 2.77146 6
      vertex 24.2802 2.83425 6.4
      vertex 24.2802 2.83425 6
    endloop
  endfacet
  facet normal -0.821396 0.570359 0
    outer loop
      vertex 24.2802 2.83425 6.4
      vertex 24.2366 2.77146 6
      vertex 24.2366 2.77146 6.4
    endloop
  endfacet
  facet normal -0.882533 0.47025 0
    outer loop
      vertex 24.2005 2.70371 6
      vertex 24.2366 2.77146 6.4
      vertex 24.2366 2.77146 6
    endloop
  endfacet
  facet normal -0.882533 0.47025 0
    outer loop
      vertex 24.2366 2.77146 6.4
      vertex 24.2005 2.70371 6
      vertex 24.2005 2.70371 6.4
    endloop
  endfacet
  facet normal -0.930144 0.367196 0
    outer loop
      vertex 24.1718 2.63101 6
      vertex 24.2005 2.70371 6.4
      vertex 24.2005 2.70371 6
    endloop
  endfacet
  facet normal -0.930144 0.367196 0
    outer loop
      vertex 24.2005 2.70371 6.4
      vertex 24.1718 2.63101 6
      vertex 24.1718 2.63101 6.4
    endloop
  endfacet
  facet normal -0.964419 0.264377 0
    outer loop
      vertex 24.1505 2.55331 6
      vertex 24.1718 2.63101 6.4
      vertex 24.1718 2.63101 6
    endloop
  endfacet
  facet normal -0.964419 0.264377 0
    outer loop
      vertex 24.1718 2.63101 6.4
      vertex 24.1505 2.55331 6
      vertex 24.1505 2.55331 6.4
    endloop
  endfacet
  facet normal -0.986342 0.164709 0
    outer loop
      vertex 24.1367 2.47067 6
      vertex 24.1505 2.55331 6.4
      vertex 24.1505 2.55331 6
    endloop
  endfacet
  facet normal -0.986342 0.164709 0
    outer loop
      vertex 24.1505 2.55331 6.4
      vertex 24.1367 2.47067 6
      vertex 24.1367 2.47067 6.4
    endloop
  endfacet
  facet normal -0.0920269 -0.995757 0
    outer loop
      vertex 24.1367 2.47067 6
      vertex 24.4612 2.44068 6.4
      vertex 24.1367 2.47067 6.4
    endloop
  endfacet
  facet normal -0.0920269 -0.995757 -0
    outer loop
      vertex 24.4612 2.44068 6.4
      vertex 24.1367 2.47067 6
      vertex 24.4612 2.44068 6
    endloop
  endfacet
  facet normal 0.987772 -0.155907 0
    outer loop
      vertex 24.4612 2.44068 6.4
      vertex 24.4699 2.4958 6
      vertex 24.4699 2.4958 6.4
    endloop
  endfacet
  facet normal 0.987772 -0.155907 0
    outer loop
      vertex 24.4699 2.4958 6
      vertex 24.4612 2.44068 6.4
      vertex 24.4612 2.44068 6
    endloop
  endfacet
  facet normal 0.968652 -0.248421 0
    outer loop
      vertex 24.4699 2.4958 6.4
      vertex 24.4831 2.54727 6
      vertex 24.4831 2.54727 6.4
    endloop
  endfacet
  facet normal 0.968652 -0.248421 0
    outer loop
      vertex 24.4831 2.54727 6
      vertex 24.4699 2.4958 6.4
      vertex 24.4699 2.4958 6
    endloop
  endfacet
  facet normal 0.93848 -0.345333 0
    outer loop
      vertex 24.4831 2.54727 6.4
      vertex 24.5007 2.5951 6
      vertex 24.5007 2.5951 6.4
    endloop
  endfacet
  facet normal 0.93848 -0.345333 0
    outer loop
      vertex 24.5007 2.5951 6
      vertex 24.4831 2.54727 6.4
      vertex 24.4831 2.54727 6
    endloop
  endfacet
  facet normal 0.895276 -0.445512 0
    outer loop
      vertex 24.5007 2.5951 6.4
      vertex 24.5227 2.63931 6
      vertex 24.5227 2.63931 6.4
    endloop
  endfacet
  facet normal 0.895276 -0.445512 0
    outer loop
      vertex 24.5227 2.63931 6
      vertex 24.5007 2.5951 6.4
      vertex 24.5007 2.5951 6
    endloop
  endfacet
  facet normal 0.83722 -0.546866 0
    outer loop
      vertex 24.5227 2.63931 6.4
      vertex 24.5492 2.67988 6
      vertex 24.5492 2.67988 6.4
    endloop
  endfacet
  facet normal 0.83722 -0.546866 0
    outer loop
      vertex 24.5492 2.67988 6
      vertex 24.5227 2.63931 6.4
      vertex 24.5227 2.63931 6
    endloop
  endfacet
  facet normal 0.767029 -0.641613 0
    outer loop
      vertex 24.5492 2.67988 6.4
      vertex 24.5801 2.71682 6
      vertex 24.5801 2.71682 6.4
    endloop
  endfacet
  facet normal 0.767029 -0.641613 0
    outer loop
      vertex 24.5801 2.71682 6
      vertex 24.5492 2.67988 6.4
      vertex 24.5492 2.67988 6
    endloop
  endfacet
  facet normal 0.6862 -0.727413 0
    outer loop
      vertex 24.5801 2.71682 6
      vertex 24.6154 2.75012 6.4
      vertex 24.5801 2.71682 6.4
    endloop
  endfacet
  facet normal 0.6862 -0.727413 0
    outer loop
      vertex 24.6154 2.75012 6.4
      vertex 24.5801 2.71682 6
      vertex 24.6154 2.75012 6
    endloop
  endfacet
  facet normal 0.599737 -0.800197 0
    outer loop
      vertex 24.6154 2.75012 6
      vertex 24.6544 2.77935 6.4
      vertex 24.6154 2.75012 6.4
    endloop
  endfacet
  facet normal 0.599737 -0.800197 0
    outer loop
      vertex 24.6544 2.77935 6.4
      vertex 24.6154 2.75012 6
      vertex 24.6544 2.77935 6
    endloop
  endfacet
  facet normal 0.508591 -0.861008 0
    outer loop
      vertex 24.6544 2.77935 6
      vertex 24.6963 2.8041 6.4
      vertex 24.6544 2.77935 6.4
    endloop
  endfacet
  facet normal 0.508591 -0.861008 0
    outer loop
      vertex 24.6963 2.8041 6.4
      vertex 24.6544 2.77935 6
      vertex 24.6963 2.8041 6
    endloop
  endfacet
  facet normal 0.411549 -0.911388 0
    outer loop
      vertex 24.6963 2.8041 6
      vertex 24.7411 2.82433 6.4
      vertex 24.6963 2.8041 6.4
    endloop
  endfacet
  facet normal 0.411549 -0.911388 0
    outer loop
      vertex 24.7411 2.82433 6.4
      vertex 24.6963 2.8041 6
      vertex 24.7411 2.82433 6
    endloop
  endfacet
  facet normal 0.313539 -0.949575 0
    outer loop
      vertex 24.7411 2.82433 6
      vertex 24.7888 2.84008 6.4
      vertex 24.7411 2.82433 6.4
    endloop
  endfacet
  facet normal 0.313539 -0.949575 0
    outer loop
      vertex 24.7888 2.84008 6.4
      vertex 24.7411 2.82433 6
      vertex 24.7888 2.84008 6
    endloop
  endfacet
  facet normal 0.216625 -0.976255 0
    outer loop
      vertex 24.7888 2.84008 6
      vertex 24.8395 2.85133 6.4
      vertex 24.7888 2.84008 6.4
    endloop
  endfacet
  facet normal 0.216625 -0.976255 0
    outer loop
      vertex 24.8395 2.85133 6.4
      vertex 24.7888 2.84008 6
      vertex 24.8395 2.85133 6
    endloop
  endfacet
  facet normal 0.124764 -0.992186 0
    outer loop
      vertex 24.8395 2.85133 6
      vertex 24.8931 2.85807 6.4
      vertex 24.8395 2.85133 6.4
    endloop
  endfacet
  facet normal 0.124764 -0.992186 0
    outer loop
      vertex 24.8931 2.85807 6.4
      vertex 24.8395 2.85133 6
      vertex 24.8931 2.85807 6
    endloop
  endfacet
  facet normal 0.0400388 -0.999198 0
    outer loop
      vertex 24.8931 2.85807 6
      vertex 24.9495 2.86033 6.4
      vertex 24.8931 2.85807 6.4
    endloop
  endfacet
  facet normal 0.0400388 -0.999198 0
    outer loop
      vertex 24.9495 2.86033 6.4
      vertex 24.8931 2.85807 6
      vertex 24.9495 2.86033 6
    endloop
  endfacet
  facet normal -0.0388877 -0.999244 0
    outer loop
      vertex 24.9495 2.86033 6
      vertex 25.0086 2.85803 6.4
      vertex 24.9495 2.86033 6.4
    endloop
  endfacet
  facet normal -0.0388877 -0.999244 -0
    outer loop
      vertex 25.0086 2.85803 6.4
      vertex 24.9495 2.86033 6
      vertex 25.0086 2.85803 6
    endloop
  endfacet
  facet normal -0.124389 -0.992234 0
    outer loop
      vertex 25.0086 2.85803 6
      vertex 25.0638 2.85111 6.4
      vertex 25.0086 2.85803 6.4
    endloop
  endfacet
  facet normal -0.124389 -0.992234 -0
    outer loop
      vertex 25.0638 2.85111 6.4
      vertex 25.0086 2.85803 6
      vertex 25.0638 2.85111 6
    endloop
  endfacet
  facet normal -0.218337 -0.975873 0
    outer loop
      vertex 25.0638 2.85111 6
      vertex 25.1152 2.83961 6.4
      vertex 25.0638 2.85111 6.4
    endloop
  endfacet
  facet normal -0.218337 -0.975873 -0
    outer loop
      vertex 25.1152 2.83961 6.4
      vertex 25.0638 2.85111 6
      vertex 25.1152 2.83961 6
    endloop
  endfacet
  facet normal -0.320939 -0.9471 0
    outer loop
      vertex 25.1152 2.83961 6
      vertex 25.1628 2.82348 6.4
      vertex 25.1152 2.83961 6.4
    endloop
  endfacet
  facet normal -0.320939 -0.9471 -0
    outer loop
      vertex 25.1628 2.82348 6.4
      vertex 25.1152 2.83961 6
      vertex 25.1628 2.82348 6
    endloop
  endfacet
  facet normal -0.427625 -0.903956 0
    outer loop
      vertex 25.1628 2.82348 6
      vertex 25.2066 2.80276 6.4
      vertex 25.1628 2.82348 6.4
    endloop
  endfacet
  facet normal -0.427625 -0.903956 -0
    outer loop
      vertex 25.2066 2.80276 6.4
      vertex 25.1628 2.82348 6
      vertex 25.2066 2.80276 6
    endloop
  endfacet
  facet normal -0.535002 -0.844851 0
    outer loop
      vertex 25.2066 2.80276 6
      vertex 25.2466 2.77743 6.4
      vertex 25.2066 2.80276 6.4
    endloop
  endfacet
  facet normal -0.535002 -0.844851 -0
    outer loop
      vertex 25.2466 2.77743 6.4
      vertex 25.2066 2.80276 6
      vertex 25.2466 2.77743 6
    endloop
  endfacet
  facet normal -0.638379 -0.769722 0
    outer loop
      vertex 25.2466 2.77743 6
      vertex 25.2827 2.74749 6.4
      vertex 25.2466 2.77743 6.4
    endloop
  endfacet
  facet normal -0.638379 -0.769722 -0
    outer loop
      vertex 25.2827 2.74749 6.4
      vertex 25.2466 2.77743 6
      vertex 25.2827 2.74749 6
    endloop
  endfacet
  facet normal -0.730471 -0.682943 0
    outer loop
      vertex 25.3146 2.71337 6
      vertex 25.2827 2.74749 6.4
      vertex 25.2827 2.74749 6
    endloop
  endfacet
  facet normal -0.730471 -0.682943 0
    outer loop
      vertex 25.2827 2.74749 6.4
      vertex 25.3146 2.71337 6
      vertex 25.3146 2.71337 6.4
    endloop
  endfacet
  facet normal -0.815114 -0.579301 0
    outer loop
      vertex 25.3415 2.67552 6
      vertex 25.3146 2.71337 6.4
      vertex 25.3146 2.71337 6
    endloop
  endfacet
  facet normal -0.815114 -0.579301 0
    outer loop
      vertex 25.3146 2.71337 6.4
      vertex 25.3415 2.67552 6
      vertex 25.3415 2.67552 6.4
    endloop
  endfacet
  facet normal -0.883995 -0.467497 0
    outer loop
      vertex 25.3635 2.63392 6
      vertex 25.3415 2.67552 6.4
      vertex 25.3415 2.67552 6
    endloop
  endfacet
  facet normal -0.883995 -0.467497 0
    outer loop
      vertex 25.3415 2.67552 6.4
      vertex 25.3635 2.63392 6
      vertex 25.3635 2.63392 6.4
    endloop
  endfacet
  facet normal -0.93564 -0.352955 0
    outer loop
      vertex 25.3806 2.58859 6
      vertex 25.3635 2.63392 6.4
      vertex 25.3635 2.63392 6
    endloop
  endfacet
  facet normal -0.93564 -0.352955 0
    outer loop
      vertex 25.3635 2.63392 6.4
      vertex 25.3806 2.58859 6
      vertex 25.3806 2.58859 6.4
    endloop
  endfacet
  facet normal -0.970015 -0.243047 0
    outer loop
      vertex 25.3929 2.5395 6
      vertex 25.3806 2.58859 6.4
      vertex 25.3806 2.58859 6
    endloop
  endfacet
  facet normal -0.970015 -0.243047 0
    outer loop
      vertex 25.3806 2.58859 6.4
      vertex 25.3929 2.5395 6
      vertex 25.3929 2.5395 6.4
    endloop
  endfacet
  facet normal -0.990588 -0.136879 0
    outer loop
      vertex 25.4002 2.48667 6
      vertex 25.3929 2.5395 6.4
      vertex 25.3929 2.5395 6
    endloop
  endfacet
  facet normal -0.990588 -0.136879 0
    outer loop
      vertex 25.3929 2.5395 6.4
      vertex 25.4002 2.48667 6
      vertex 25.4002 2.48667 6.4
    endloop
  endfacet
  facet normal -0.999101 -0.0423947 0
    outer loop
      vertex 25.4026 2.43011 6
      vertex 25.4002 2.48667 6.4
      vertex 25.4002 2.48667 6
    endloop
  endfacet
  facet normal -0.999101 -0.0423947 0
    outer loop
      vertex 25.4002 2.48667 6.4
      vertex 25.4026 2.43011 6
      vertex 25.4026 2.43011 6.4
    endloop
  endfacet
  facet normal -0.999462 0.0327846 0
    outer loop
      vertex 25.4012 2.38743 6
      vertex 25.4026 2.43011 6.4
      vertex 25.4026 2.43011 6
    endloop
  endfacet
  facet normal -0.999462 0.0327846 0
    outer loop
      vertex 25.4026 2.43011 6.4
      vertex 25.4012 2.38743 6
      vertex 25.4012 2.38743 6.4
    endloop
  endfacet
  facet normal -0.994886 0.101004 0
    outer loop
      vertex 25.397 2.34606 6
      vertex 25.4012 2.38743 6.4
      vertex 25.4012 2.38743 6
    endloop
  endfacet
  facet normal -0.994886 0.101004 0
    outer loop
      vertex 25.4012 2.38743 6.4
      vertex 25.397 2.34606 6
      vertex 25.397 2.34606 6.4
    endloop
  endfacet
  facet normal -0.98467 0.17443 0
    outer loop
      vertex 25.3899 2.30598 6
      vertex 25.397 2.34606 6.4
      vertex 25.397 2.34606 6
    endloop
  endfacet
  facet normal -0.98467 0.17443 0
    outer loop
      vertex 25.397 2.34606 6.4
      vertex 25.3899 2.30598 6
      vertex 25.3899 2.30598 6.4
    endloop
  endfacet
  facet normal -0.96834 0.249636 0
    outer loop
      vertex 25.3799 2.26719 6
      vertex 25.3899 2.30598 6.4
      vertex 25.3899 2.30598 6
    endloop
  endfacet
  facet normal -0.96834 0.249636 0
    outer loop
      vertex 25.3899 2.30598 6.4
      vertex 25.3799 2.26719 6
      vertex 25.3799 2.26719 6.4
    endloop
  endfacet
  facet normal -0.946361 0.323111 0
    outer loop
      vertex 25.3671 2.2297 6
      vertex 25.3799 2.26719 6.4
      vertex 25.3799 2.26719 6
    endloop
  endfacet
  facet normal -0.946361 0.323111 0
    outer loop
      vertex 25.3799 2.26719 6.4
      vertex 25.3671 2.2297 6
      vertex 25.3671 2.2297 6.4
    endloop
  endfacet
  facet normal -0.918396 0.395663 0
    outer loop
      vertex 25.3515 2.19349 6
      vertex 25.3671 2.2297 6.4
      vertex 25.3671 2.2297 6
    endloop
  endfacet
  facet normal -0.918396 0.395663 0
    outer loop
      vertex 25.3671 2.2297 6.4
      vertex 25.3515 2.19349 6
      vertex 25.3515 2.19349 6.4
    endloop
  endfacet
  facet normal -0.883541 0.468353 0
    outer loop
      vertex 25.333 2.15859 6
      vertex 25.3515 2.19349 6.4
      vertex 25.3515 2.19349 6
    endloop
  endfacet
  facet normal -0.883541 0.468353 0
    outer loop
      vertex 25.3515 2.19349 6.4
      vertex 25.333 2.15859 6
      vertex 25.333 2.15859 6.4
    endloop
  endfacet
  facet normal -0.853307 0.521409 0
    outer loop
      vertex 25.3122 2.12455 6
      vertex 25.333 2.15859 6.4
      vertex 25.333 2.15859 6
    endloop
  endfacet
  facet normal -0.853307 0.521409 0
    outer loop
      vertex 25.333 2.15859 6.4
      vertex 25.3122 2.12455 6
      vertex 25.3122 2.12455 6.4
    endloop
  endfacet
  facet normal -0.830984 0.556297 0
    outer loop
      vertex 25.2897 2.09094 6
      vertex 25.3122 2.12455 6.4
      vertex 25.3122 2.12455 6
    endloop
  endfacet
  facet normal -0.830984 0.556297 0
    outer loop
      vertex 25.3122 2.12455 6.4
      vertex 25.2897 2.09094 6
      vertex 25.2897 2.09094 6.4
    endloop
  endfacet
  facet normal -0.806776 0.590858 0
    outer loop
      vertex 25.2654 2.05776 6
      vertex 25.2897 2.09094 6.4
      vertex 25.2897 2.09094 6
    endloop
  endfacet
  facet normal -0.806776 0.590858 0
    outer loop
      vertex 25.2897 2.09094 6.4
      vertex 25.2654 2.05776 6
      vertex 25.2654 2.05776 6.4
    endloop
  endfacet
  facet normal -0.781939 0.623354 0
    outer loop
      vertex 25.2393 2.02502 6
      vertex 25.2654 2.05776 6.4
      vertex 25.2654 2.05776 6
    endloop
  endfacet
  facet normal -0.781939 0.623354 0
    outer loop
      vertex 25.2654 2.05776 6.4
      vertex 25.2393 2.02502 6
      vertex 25.2393 2.02502 6.4
    endloop
  endfacet
  facet normal -0.75803 0.65222 0
    outer loop
      vertex 25.2115 1.99271 6
      vertex 25.2393 2.02502 6.4
      vertex 25.2393 2.02502 6
    endloop
  endfacet
  facet normal -0.75803 0.65222 0
    outer loop
      vertex 25.2393 2.02502 6.4
      vertex 25.2115 1.99271 6
      vertex 25.2115 1.99271 6.4
    endloop
  endfacet
  facet normal -0.732933 0.680301 0
    outer loop
      vertex 25.1819 1.96082 6
      vertex 25.2115 1.99271 6.4
      vertex 25.2115 1.99271 6
    endloop
  endfacet
  facet normal -0.732933 0.680301 0
    outer loop
      vertex 25.2115 1.99271 6.4
      vertex 25.1819 1.96082 6
      vertex 25.1819 1.96082 6.4
    endloop
  endfacet
  facet normal -0.707557 0.706657 0
    outer loop
      vertex 25.1505 1.92938 6
      vertex 25.1819 1.96082 6.4
      vertex 25.1819 1.96082 6
    endloop
  endfacet
  facet normal -0.707557 0.706657 0
    outer loop
      vertex 25.1819 1.96082 6.4
      vertex 25.1505 1.92938 6
      vertex 25.1505 1.92938 6.4
    endloop
  endfacet
  facet normal -0.689677 0.724117 0
    outer loop
      vertex 25.1505 1.92938 6
      vertex 25.1177 1.89814 6.4
      vertex 25.1505 1.92938 6.4
    endloop
  endfacet
  facet normal -0.689677 0.724117 0
    outer loop
      vertex 25.1177 1.89814 6.4
      vertex 25.1505 1.92938 6
      vertex 25.1177 1.89814 6
    endloop
  endfacet
  facet normal -0.67755 0.735477 0
    outer loop
      vertex 25.1177 1.89814 6
      vertex 25.0838 1.86691 6.4
      vertex 25.1177 1.89814 6.4
    endloop
  endfacet
  facet normal -0.67755 0.735477 0
    outer loop
      vertex 25.0838 1.86691 6.4
      vertex 25.1177 1.89814 6
      vertex 25.0838 1.86691 6
    endloop
  endfacet
  facet normal -0.66566 0.746255 0
    outer loop
      vertex 25.0838 1.86691 6
      vertex 25.0488 1.83569 6.4
      vertex 25.0838 1.86691 6.4
    endloop
  endfacet
  facet normal -0.66566 0.746255 0
    outer loop
      vertex 25.0488 1.83569 6.4
      vertex 25.0838 1.86691 6
      vertex 25.0488 1.83569 6
    endloop
  endfacet
  facet normal -0.653337 0.757067 0
    outer loop
      vertex 25.0488 1.83569 6
      vertex 25.0126 1.80445 6.4
      vertex 25.0488 1.83569 6.4
    endloop
  endfacet
  facet normal -0.653337 0.757067 0
    outer loop
      vertex 25.0126 1.80445 6.4
      vertex 25.0488 1.83569 6
      vertex 25.0126 1.80445 6
    endloop
  endfacet
  facet normal -0.642975 0.765887 0
    outer loop
      vertex 25.0126 1.80445 6
      vertex 24.9754 1.77322 6.4
      vertex 25.0126 1.80445 6.4
    endloop
  endfacet
  facet normal -0.642975 0.765887 0
    outer loop
      vertex 24.9754 1.77322 6.4
      vertex 25.0126 1.80445 6
      vertex 24.9754 1.77322 6
    endloop
  endfacet
  facet normal -0.630836 0.775916 0
    outer loop
      vertex 24.9754 1.77322 6
      vertex 24.937 1.742 6.4
      vertex 24.9754 1.77322 6.4
    endloop
  endfacet
  facet normal -0.630836 0.775916 0
    outer loop
      vertex 24.937 1.742 6.4
      vertex 24.9754 1.77322 6
      vertex 24.937 1.742 6
    endloop
  endfacet
  facet normal -0.620327 0.784344 0
    outer loop
      vertex 24.937 1.742 6
      vertex 24.8975 1.71076 6.4
      vertex 24.937 1.742 6.4
    endloop
  endfacet
  facet normal -0.620327 0.784344 0
    outer loop
      vertex 24.8975 1.71076 6.4
      vertex 24.937 1.742 6
      vertex 24.8975 1.71076 6
    endloop
  endfacet
  facet normal -0.618945 0.785434 0
    outer loop
      vertex 24.8975 1.71076 6
      vertex 24.8574 1.67916 6.4
      vertex 24.8975 1.71076 6.4
    endloop
  endfacet
  facet normal -0.618945 0.785434 0
    outer loop
      vertex 24.8574 1.67916 6.4
      vertex 24.8975 1.71076 6
      vertex 24.8574 1.67916 6
    endloop
  endfacet
  facet normal -0.627055 0.778975 0
    outer loop
      vertex 24.8574 1.67916 6
      vertex 24.8172 1.6468 6.4
      vertex 24.8574 1.67916 6.4
    endloop
  endfacet
  facet normal -0.627055 0.778975 0
    outer loop
      vertex 24.8172 1.6468 6.4
      vertex 24.8574 1.67916 6
      vertex 24.8172 1.6468 6
    endloop
  endfacet
  facet normal -0.635042 0.772478 0
    outer loop
      vertex 24.8172 1.6468 6
      vertex 24.7769 1.61367 6.4
      vertex 24.8172 1.6468 6.4
    endloop
  endfacet
  facet normal -0.635042 0.772478 0
    outer loop
      vertex 24.7769 1.61367 6.4
      vertex 24.8172 1.6468 6
      vertex 24.7769 1.61367 6
    endloop
  endfacet
  facet normal -0.642458 0.766321 0
    outer loop
      vertex 24.7769 1.61367 6
      vertex 24.7365 1.5798 6.4
      vertex 24.7769 1.61367 6.4
    endloop
  endfacet
  facet normal -0.642458 0.766321 0
    outer loop
      vertex 24.7365 1.5798 6.4
      vertex 24.7769 1.61367 6
      vertex 24.7365 1.5798 6
    endloop
  endfacet
  facet normal -0.649061 0.760736 0
    outer loop
      vertex 24.7365 1.5798 6
      vertex 24.6959 1.54516 6.4
      vertex 24.7365 1.5798 6.4
    endloop
  endfacet
  facet normal -0.649061 0.760736 0
    outer loop
      vertex 24.6959 1.54516 6.4
      vertex 24.7365 1.5798 6
      vertex 24.6959 1.54516 6
    endloop
  endfacet
  facet normal -0.657189 0.753726 0
    outer loop
      vertex 24.6959 1.54516 6
      vertex 24.6553 1.50976 6.4
      vertex 24.6959 1.54516 6.4
    endloop
  endfacet
  facet normal -0.657189 0.753726 0
    outer loop
      vertex 24.6553 1.50976 6.4
      vertex 24.6959 1.54516 6
      vertex 24.6553 1.50976 6
    endloop
  endfacet
  facet normal -0.663167 0.748471 0
    outer loop
      vertex 24.6553 1.50976 6
      vertex 24.6145 1.47361 6.4
      vertex 24.6553 1.50976 6.4
    endloop
  endfacet
  facet normal -0.663167 0.748471 0
    outer loop
      vertex 24.6145 1.47361 6.4
      vertex 24.6553 1.50976 6
      vertex 24.6145 1.47361 6
    endloop
  endfacet
  facet normal -0.675675 0.737199 0
    outer loop
      vertex 24.6145 1.47361 6
      vertex 24.574 1.43649 6.4
      vertex 24.6145 1.47361 6.4
    endloop
  endfacet
  facet normal -0.675675 0.737199 0
    outer loop
      vertex 24.574 1.43649 6.4
      vertex 24.6145 1.47361 6
      vertex 24.574 1.43649 6
    endloop
  endfacet
  facet normal -0.692156 0.721748 0
    outer loop
      vertex 24.574 1.43649 6
      vertex 24.534 1.39813 6.4
      vertex 24.574 1.43649 6.4
    endloop
  endfacet
  facet normal -0.692156 0.721748 0
    outer loop
      vertex 24.534 1.39813 6.4
      vertex 24.574 1.43649 6
      vertex 24.534 1.39813 6
    endloop
  endfacet
  facet normal -0.708806 0.705404 0
    outer loop
      vertex 24.4946 1.35854 6
      vertex 24.534 1.39813 6.4
      vertex 24.534 1.39813 6
    endloop
  endfacet
  facet normal -0.708806 0.705404 0
    outer loop
      vertex 24.534 1.39813 6.4
      vertex 24.4946 1.35854 6
      vertex 24.4946 1.35854 6.4
    endloop
  endfacet
  facet normal -0.722873 0.690981 0
    outer loop
      vertex 24.4556 1.31774 6
      vertex 24.4946 1.35854 6.4
      vertex 24.4946 1.35854 6
    endloop
  endfacet
  facet normal -0.722873 0.690981 0
    outer loop
      vertex 24.4946 1.35854 6.4
      vertex 24.4556 1.31774 6
      vertex 24.4556 1.31774 6.4
    endloop
  endfacet
  facet normal -0.739064 0.673635 0
    outer loop
      vertex 24.4173 1.27572 6
      vertex 24.4556 1.31774 6.4
      vertex 24.4556 1.31774 6
    endloop
  endfacet
  facet normal -0.739064 0.673635 0
    outer loop
      vertex 24.4556 1.31774 6.4
      vertex 24.4173 1.27572 6
      vertex 24.4173 1.27572 6.4
    endloop
  endfacet
  facet normal -0.752167 0.658972 0
    outer loop
      vertex 24.3794 1.23246 6
      vertex 24.4173 1.27572 6.4
      vertex 24.4173 1.27572 6
    endloop
  endfacet
  facet normal -0.752167 0.658972 0
    outer loop
      vertex 24.4173 1.27572 6.4
      vertex 24.3794 1.23246 6
      vertex 24.3794 1.23246 6.4
    endloop
  endfacet
  facet normal -0.766241 0.642554 0
    outer loop
      vertex 24.3421 1.18798 6
      vertex 24.3794 1.23246 6.4
      vertex 24.3794 1.23246 6
    endloop
  endfacet
  facet normal -0.766241 0.642554 0
    outer loop
      vertex 24.3794 1.23246 6.4
      vertex 24.3421 1.18798 6
      vertex 24.3421 1.18798 6.4
    endloop
  endfacet
  facet normal -0.786235 0.617927 0
    outer loop
      vertex 24.3059 1.14192 6
      vertex 24.3421 1.18798 6.4
      vertex 24.3421 1.18798 6
    endloop
  endfacet
  facet normal -0.786235 0.617927 0
    outer loop
      vertex 24.3421 1.18798 6.4
      vertex 24.3059 1.14192 6
      vertex 24.3059 1.14192 6.4
    endloop
  endfacet
  facet normal -0.811618 0.584189 0
    outer loop
      vertex 24.2713 1.09385 6
      vertex 24.3059 1.14192 6.4
      vertex 24.3059 1.14192 6
    endloop
  endfacet
  facet normal -0.811618 0.584189 0
    outer loop
      vertex 24.3059 1.14192 6.4
      vertex 24.2713 1.09385 6
      vertex 24.2713 1.09385 6.4
    endloop
  endfacet
  facet normal -0.834761 0.550612 0
    outer loop
      vertex 24.2383 1.04382 6
      vertex 24.2713 1.09385 6.4
      vertex 24.2713 1.09385 6
    endloop
  endfacet
  facet normal -0.834761 0.550612 0
    outer loop
      vertex 24.2713 1.09385 6.4
      vertex 24.2383 1.04382 6
      vertex 24.2383 1.04382 6.4
    endloop
  endfacet
  facet normal -0.856787 0.51567 0
    outer loop
      vertex 24.207 0.991815 6
      vertex 24.2383 1.04382 6.4
      vertex 24.2383 1.04382 6
    endloop
  endfacet
  facet normal -0.856787 0.51567 0
    outer loop
      vertex 24.2383 1.04382 6.4
      vertex 24.207 0.991815 6
      vertex 24.207 0.991815 6.4
    endloop
  endfacet
  facet normal -0.875477 0.483259 0
    outer loop
      vertex 24.1772 0.937829 6
      vertex 24.207 0.991815 6.4
      vertex 24.207 0.991815 6
    endloop
  endfacet
  facet normal -0.875477 0.483259 0
    outer loop
      vertex 24.207 0.991815 6.4
      vertex 24.1772 0.937829 6
      vertex 24.1772 0.937829 6.4
    endloop
  endfacet
  facet normal -0.893688 0.448688 0
    outer loop
      vertex 24.1491 0.88186 6
      vertex 24.1772 0.937829 6.4
      vertex 24.1772 0.937829 6
    endloop
  endfacet
  facet normal -0.893688 0.448688 0
    outer loop
      vertex 24.1772 0.937829 6.4
      vertex 24.1491 0.88186 6
      vertex 24.1491 0.88186 6.4
    endloop
  endfacet
  facet normal -0.909432 0.415853 0
    outer loop
      vertex 24.1226 0.823907 6
      vertex 24.1491 0.88186 6.4
      vertex 24.1491 0.88186 6
    endloop
  endfacet
  facet normal -0.909432 0.415853 0
    outer loop
      vertex 24.1491 0.88186 6.4
      vertex 24.1226 0.823907 6
      vertex 24.1226 0.823907 6.4
    endloop
  endfacet
  facet normal -1 0 0
    outer loop
      vertex 24.1226 0.599999 6
      vertex 24.1226 0.823907 6.4
      vertex 24.1226 0.823907 6
    endloop
  endfacet
  facet normal -1 -0 0
    outer loop
      vertex 24.1226 0.823907 6.4
      vertex 24.1226 0.599999 6
      vertex 24.1226 0.599999 6.4
    endloop
  endfacet
  facet normal 0 -1 0
    outer loop
      vertex 24.1226 0.599999 6
      vertex 25.7676 0.599999 6.4
      vertex 24.1226 0.599999 6.4
    endloop
  endfacet
  facet normal 0 -1 -0
    outer loop
      vertex 25.7676 0.599999 6.4
      vertex 24.1226 0.599999 6
      vertex 25.7676 0.599999 6
    endloop
  endfacet
  facet normal 1 -0 0
    outer loop
      vertex 25.7676 0.599999 6.4
      vertex 25.7676 0.869744 6
      vertex 25.7676 0.869744 6.4
    endloop
  endfacet
  facet normal 1 0 0
    outer loop
      vertex 25.7676 0.869744 6
      vertex 25.7676 0.599999 6.4
      vertex 25.7676 0.599999 6
    endloop
  endfacet
  facet normal 0 1 -0
    outer loop
      vertex 22.8319 0.869744 6
      vertex 22.2271 0.869744 6.4
      vertex 22.8319 0.869744 6.4
    endloop
  endfacet
  facet normal 0 1 0
    outer loop
      vertex 22.2271 0.869744 6.4
      vertex 22.8319 0.869744 6
      vertex 22.2271 0.869744 6
    endloop
  endfacet
  facet normal 1 -0 0
    outer loop
      vertex 22.2271 0.869744 6.4
      vertex 22.2271 3.08424 6
      vertex 22.2271 3.08424 6.4
    endloop
  endfacet
  facet normal 1 0 0
    outer loop
      vertex 22.2271 3.08424 6
      vertex 22.2271 0.869744 6.4
      vertex 22.2271 0.869744 6
    endloop
  endfacet
  facet normal 0 1 -0
    outer loop
      vertex 22.2271 3.08424 6
      vertex 21.9345 3.08424 6.4
      vertex 22.2271 3.08424 6.4
    endloop
  endfacet
  facet normal 0 1 0
    outer loop
      vertex 21.9345 3.08424 6.4
      vertex 22.2271 3.08424 6
      vertex 21.9345 3.08424 6
    endloop
  endfacet
  facet normal -0.566576 0.824009 0
    outer loop
      vertex 21.9345 3.08424 6
      vertex 21.3473 2.68049 6.4
      vertex 21.9345 3.08424 6.4
    endloop
  endfacet
  facet normal -0.566576 0.824009 0
    outer loop
      vertex 21.3473 2.68049 6.4
      vertex 21.9345 3.08424 6
      vertex 21.3473 2.68049 6
    endloop
  endfacet
  facet normal -1 0 0
    outer loop
      vertex 21.3473 2.38076 6
      vertex 21.3473 2.68049 6.4
      vertex 21.3473 2.68049 6
    endloop
  endfacet
  facet normal -1 -0 0
    outer loop
      vertex 21.3473 2.68049 6.4
      vertex 21.3473 2.38076 6
      vertex 21.3473 2.38076 6.4
    endloop
  endfacet
  facet normal 0.580959 -0.813933 0
    outer loop
      vertex 21.3473 2.38076 6
      vertex 21.908 2.78097 6.4
      vertex 21.3473 2.38076 6.4
    endloop
  endfacet
  facet normal 0.580959 -0.813933 0
    outer loop
      vertex 21.908 2.78097 6.4
      vertex 21.3473 2.38076 6
      vertex 21.908 2.78097 6
    endloop
  endfacet
  facet normal -1 0 0
    outer loop
      vertex 21.908 0.869744 6
      vertex 21.908 2.78097 6.4
      vertex 21.908 2.78097 6
    endloop
  endfacet
  facet normal -1 -0 0
    outer loop
      vertex 21.908 2.78097 6.4
      vertex 21.908 0.869744 6
      vertex 21.908 0.869744 6.4
    endloop
  endfacet
  facet normal 0 1 -0
    outer loop
      vertex 21.908 0.869744 6
      vertex 21.275 0.869744 6.4
      vertex 21.908 0.869744 6.4
    endloop
  endfacet
  facet normal 0 1 0
    outer loop
      vertex 21.275 0.869744 6.4
      vertex 21.908 0.869744 6
      vertex 21.275 0.869744 6
    endloop
  endfacet
  facet normal -1 0 0
    outer loop
      vertex 21.275 0.599999 6
      vertex 21.275 0.869744 6.4
      vertex 21.275 0.869744 6
    endloop
  endfacet
  facet normal -1 -0 0
    outer loop
      vertex 21.275 0.869744 6.4
      vertex 21.275 0.599999 6
      vertex 21.275 0.599999 6.4
    endloop
  endfacet
  facet normal 0 -1 0
    outer loop
      vertex 21.275 0.599999 6
      vertex 22.8319 0.599999 6.4
      vertex 21.275 0.599999 6.4
    endloop
  endfacet
  facet normal 0 -1 -0
    outer loop
      vertex 22.8319 0.599999 6.4
      vertex 21.275 0.599999 6
      vertex 22.8319 0.599999 6
    endloop
  endfacet
  facet normal 1 -0 0
    outer loop
      vertex 22.8319 0.599999 6.4
      vertex 22.8319 0.869744 6
      vertex 22.8319 0.869744 6.4
    endloop
  endfacet
  facet normal 1 0 0
    outer loop
      vertex 22.8319 0.869744 6
      vertex 22.8319 0.599999 6.4
      vertex 22.8319 0.599999 6
    endloop
  endfacet
  facet normal 0 1 -0
    outer loop
      vertex 23.6348 0.986123 6
      vertex 23.2909 0.986123 6.4
      vertex 23.6348 0.986123 6.4
    endloop
  endfacet
  facet normal 0 1 0
    outer loop
      vertex 23.2909 0.986123 6.4
      vertex 23.6348 0.986123 6
      vertex 23.2909 0.986123 6
    endloop
  endfacet
  facet normal -1 0 0
    outer loop
      vertex 23.2909 0.599999 6
      vertex 23.2909 0.986123 6.4
      vertex 23.2909 0.986123 6
    endloop
  endfacet
  facet normal -1 -0 0
    outer loop
      vertex 23.2909 0.986123 6.4
      vertex 23.2909 0.599999 6
      vertex 23.2909 0.599999 6.4
    endloop
  endfacet
  facet normal 0 -1 0
    outer loop
      vertex 23.2909 0.599999 6
      vertex 23.6348 0.599999 6.4
      vertex 23.2909 0.599999 6.4
    endloop
  endfacet
  facet normal 0 -1 -0
    outer loop
      vertex 23.6348 0.599999 6.4
      vertex 23.2909 0.599999 6
      vertex 23.6348 0.599999 6
    endloop
  endfacet
  facet normal 1 -0 0
    outer loop
      vertex 23.6348 0.599999 6.4
      vertex 23.6348 0.986123 6
      vertex 23.6348 0.986123 6.4
    endloop
  endfacet
  facet normal 1 0 0
    outer loop
      vertex 23.6348 0.986123 6
      vertex 23.6348 0.599999 6.4
      vertex 23.6348 0.599999 6
    endloop
  endfacet
  facet normal -0 0 1
    outer loop
      vertex 33.3932 2.48531 6.4
      vertex 33.7218 2.46362 6.4
      vertex 33.7175 2.54949 6.4
    endloop
  endfacet
  facet normal 0 -0 1
    outer loop
      vertex 33.3956 2.43011 6.4
      vertex 33.7218 2.46362 6.4
      vertex 33.3932 2.48531 6.4
    endloop
  endfacet
  facet normal 0 0 1
    outer loop
      vertex 33.386 2.53712 6.4
      vertex 33.7175 2.54949 6.4
      vertex 33.7049 2.62978 6.4
    endloop
  endfacet
  facet normal 0 0 1
    outer loop
      vertex 33.7218 2.46362 6.4
      vertex 33.3956 2.43011 6.4
      vertex 33.7191 2.39742 6.4
    endloop
  endfacet
  facet normal 0 0 1
    outer loop
      vertex 33.374 2.5855 6.4
      vertex 33.7049 2.62978 6.4
      vertex 33.6837 2.70451 6.4
    endloop
  endfacet
  facet normal 0 0 1
    outer loop
      vertex 33.3927 2.37446 6.4
      vertex 33.7191 2.39742 6.4
      vertex 33.3956 2.43011 6.4
    endloop
  endfacet
  facet normal 0 0 1
    outer loop
      vertex 33.3573 2.63046 6.4
      vertex 33.6837 2.70451 6.4
      vertex 33.6541 2.77364 6.4
    endloop
  endfacet
  facet normal 0 0 1
    outer loop
      vertex 33.7191 2.39742 6.4
      vertex 33.3927 2.37446 6.4
      vertex 33.7109 2.33488 6.4
    endloop
  endfacet
  facet normal -0 0 1
    outer loop
      vertex 33.3839 2.32238 6.4
      vertex 33.6973 2.27595 6.4
      vertex 33.3927 2.37446 6.4
    endloop
  endfacet
  facet normal 0 0 1
    outer loop
      vertex 33.3573 2.63046 6.4
      vertex 33.6541 2.77364 6.4
      vertex 33.6161 2.8372 6.4
    endloop
  endfacet
  facet normal 0 0 1
    outer loop
      vertex 33.7109 2.33488 6.4
      vertex 33.3927 2.37446 6.4
      vertex 33.6973 2.27595 6.4
    endloop
  endfacet
  facet normal 0 0 1
    outer loop
      vertex 33.3358 2.67201 6.4
      vertex 33.6161 2.8372 6.4
      vertex 33.5696 2.89518 6.4
    endloop
  endfacet
  facet normal 0 0 1
    outer loop
      vertex 33.6973 2.27595 6.4
      vertex 33.3839 2.32238 6.4
      vertex 33.6783 2.22067 6.4
    endloop
  endfacet
  facet normal 0 0 1
    outer loop
      vertex 33.3094 2.71012 6.4
      vertex 33.5696 2.89518 6.4
      vertex 33.5146 2.94758 6.4
    endloop
  endfacet
  facet normal 0 0 1
    outer loop
      vertex 33.6783 2.22067 6.4
      vertex 33.3839 2.32238 6.4
      vertex 33.6539 2.16901 6.4
    endloop
  endfacet
  facet normal 0 0 1
    outer loop
      vertex 33.6539 2.16901 6.4
      vertex 33.3692 2.27386 6.4
      vertex 33.624 2.121 6.4
    endloop
  endfacet
  facet normal 0 0 1
    outer loop
      vertex 33.2783 2.74484 6.4
      vertex 33.5146 2.94758 6.4
      vertex 33.452 2.99366 6.4
    endloop
  endfacet
  facet normal 0 0 1
    outer loop
      vertex 33.624 2.121 6.4
      vertex 33.3692 2.27386 6.4
      vertex 33.5887 2.07661 6.4
    endloop
  endfacet
  facet normal -0 0 1
    outer loop
      vertex 33.3487 2.22891 6.4
      vertex 33.5887 2.07661 6.4
      vertex 33.3692 2.27386 6.4
    endloop
  endfacet
  facet normal -0 0 1
    outer loop
      vertex 33.3692 2.27386 6.4
      vertex 33.6539 2.16901 6.4
      vertex 33.3839 2.32238 6.4
    endloop
  endfacet
  facet normal 0 0 1
    outer loop
      vertex 33.7175 2.54949 6.4
      vertex 33.386 2.53712 6.4
      vertex 33.3932 2.48531 6.4
    endloop
  endfacet
  facet normal 0 0 1
    outer loop
      vertex 33.2425 2.77548 6.4
      vertex 33.452 2.99366 6.4
      vertex 33.3826 3.03265 6.4
    endloop
  endfacet
  facet normal 0 0 1
    outer loop
      vertex 33.7049 2.62978 6.4
      vertex 33.374 2.5855 6.4
      vertex 33.386 2.53712 6.4
    endloop
  endfacet
  facet normal 0 0 1
    outer loop
      vertex 33.6837 2.70451 6.4
      vertex 33.3573 2.63046 6.4
      vertex 33.374 2.5855 6.4
    endloop
  endfacet
  facet normal 0 0 1
    outer loop
      vertex 33.6161 2.8372 6.4
      vertex 33.3358 2.67201 6.4
      vertex 33.3573 2.63046 6.4
    endloop
  endfacet
  facet normal 0 0 1
    outer loop
      vertex 33.5696 2.89518 6.4
      vertex 33.3094 2.71012 6.4
      vertex 33.3358 2.67201 6.4
    endloop
  endfacet
  facet normal 0 0 1
    outer loop
      vertex 33.2021 2.8014 6.4
      vertex 33.3826 3.03265 6.4
      vertex 33.3064 3.06455 6.4
    endloop
  endfacet
  facet normal 0 0 1
    outer loop
      vertex 33.5146 2.94758 6.4
      vertex 33.2783 2.74484 6.4
      vertex 33.3094 2.71012 6.4
    endloop
  endfacet
  facet normal 0 0 1
    outer loop
      vertex 33.452 2.99366 6.4
      vertex 33.2425 2.77548 6.4
      vertex 33.2783 2.74484 6.4
    endloop
  endfacet
  facet normal 0 0 1
    outer loop
      vertex 33.157 2.82261 6.4
      vertex 33.3064 3.06455 6.4
      vertex 33.2234 3.08936 6.4
    endloop
  endfacet
  facet normal 0 0 1
    outer loop
      vertex 33.3826 3.03265 6.4
      vertex 33.2021 2.8014 6.4
      vertex 33.2425 2.77548 6.4
    endloop
  endfacet
  facet normal 0 0 1
    outer loop
      vertex 33.3064 3.06455 6.4
      vertex 33.157 2.82261 6.4
      vertex 33.2021 2.8014 6.4
    endloop
  endfacet
  facet normal 0 0 1
    outer loop
      vertex 33.1072 2.83912 6.4
      vertex 33.2234 3.08936 6.4
      vertex 33.1336 3.10708 6.4
    endloop
  endfacet
  facet normal 0 0 1
    outer loop
      vertex 33.2234 3.08936 6.4
      vertex 33.1072 2.83912 6.4
      vertex 33.157 2.82261 6.4
    endloop
  endfacet
  facet normal 0 0 1
    outer loop
      vertex 33.1336 3.10708 6.4
      vertex 33.0528 2.8509 6.4
      vertex 33.1072 2.83912 6.4
    endloop
  endfacet
  facet normal 0 0 1
    outer loop
      vertex 33.037 3.11771 6.4
      vertex 33.0528 2.8509 6.4
      vertex 33.1336 3.10708 6.4
    endloop
  endfacet
  facet normal 0 0 1
    outer loop
      vertex 33.037 3.11771 6.4
      vertex 32.9938 2.85796 6.4
      vertex 33.0528 2.8509 6.4
    endloop
  endfacet
  facet normal 0 0 1
    outer loop
      vertex 32.9336 3.12127 6.4
      vertex 32.9938 2.85796 6.4
      vertex 33.037 3.11771 6.4
    endloop
  endfacet
  facet normal 0 0 1
    outer loop
      vertex 32.9336 3.12127 6.4
      vertex 32.9301 2.86033 6.4
      vertex 32.9938 2.85796 6.4
    endloop
  endfacet
  facet normal 0 0 1
    outer loop
      vertex 32.9336 3.12127 6.4
      vertex 32.8718 2.85813 6.4
      vertex 32.9301 2.86033 6.4
    endloop
  endfacet
  facet normal -0 0 1
    outer loop
      vertex 32.8385 3.11778 6.4
      vertex 32.8718 2.85813 6.4
      vertex 32.9336 3.12127 6.4
    endloop
  endfacet
  facet normal 0 0 1
    outer loop
      vertex 32.8385 3.11778 6.4
      vertex 32.8168 2.85154 6.4
      vertex 32.8718 2.85813 6.4
    endloop
  endfacet
  facet normal -0 0 1
    outer loop
      vertex 32.7483 3.10731 6.4
      vertex 32.8168 2.85154 6.4
      vertex 32.8385 3.11778 6.4
    endloop
  endfacet
  facet normal 0 0 1
    outer loop
      vertex 32.8168 2.85154 6.4
      vertex 32.7483 3.10731 6.4
      vertex 32.765 2.84057 6.4
    endloop
  endfacet
  facet normal -0 0 1
    outer loop
      vertex 32.6633 3.08985 6.4
      vertex 32.765 2.84057 6.4
      vertex 32.7483 3.10731 6.4
    endloop
  endfacet
  facet normal 0 0 1
    outer loop
      vertex 32.765 2.84057 6.4
      vertex 32.6633 3.08985 6.4
      vertex 32.7165 2.8252 6.4
    endloop
  endfacet
  facet normal -0 0 1
    outer loop
      vertex 32.5833 3.06542 6.4
      vertex 32.7165 2.8252 6.4
      vertex 32.6633 3.08985 6.4
    endloop
  endfacet
  facet normal 0 0 1
    outer loop
      vertex 32.7165 2.8252 6.4
      vertex 32.5833 3.06542 6.4
      vertex 32.6713 2.80544 6.4
    endloop
  endfacet
  facet normal -0 0 1
    outer loop
      vertex 32.5084 3.03401 6.4
      vertex 32.6713 2.80544 6.4
      vertex 32.5833 3.06542 6.4
    endloop
  endfacet
  facet normal 0 0 1
    outer loop
      vertex 32.6713 2.80544 6.4
      vertex 32.5084 3.03401 6.4
      vertex 32.6294 2.7813 6.4
    endloop
  endfacet
  facet normal -0 0 1
    outer loop
      vertex 32.4386 2.99561 6.4
      vertex 32.6294 2.7813 6.4
      vertex 32.5084 3.03401 6.4
    endloop
  endfacet
  facet normal 0 0 1
    outer loop
      vertex 32.6294 2.7813 6.4
      vertex 32.4386 2.99561 6.4
      vertex 32.5907 2.75277 6.4
    endloop
  endfacet
  facet normal -0 0 1
    outer loop
      vertex 32.3739 2.95023 6.4
      vertex 32.5907 2.75277 6.4
      vertex 32.4386 2.99561 6.4
    endloop
  endfacet
  facet normal 0 0 1
    outer loop
      vertex 32.5907 2.75277 6.4
      vertex 32.3739 2.95023 6.4
      vertex 32.5559 2.72024 6.4
    endloop
  endfacet
  facet normal -0 0 1
    outer loop
      vertex 32.3154 2.89863 6.4
      vertex 32.5559 2.72024 6.4
      vertex 32.3739 2.95023 6.4
    endloop
  endfacet
  facet normal 0 0 1
    outer loop
      vertex 32.5559 2.72024 6.4
      vertex 32.3154 2.89863 6.4
      vertex 32.5255 2.68412 6.4
    endloop
  endfacet
  facet normal -0 0 1
    outer loop
      vertex 32.2643 2.84156 6.4
      vertex 32.5255 2.68412 6.4
      vertex 32.3154 2.89863 6.4
    endloop
  endfacet
  facet normal 0 0 1
    outer loop
      vertex 32.5255 2.68412 6.4
      vertex 32.2643 2.84156 6.4
      vertex 32.4996 2.64439 6.4
    endloop
  endfacet
  facet normal -0 0 1
    outer loop
      vertex 32.2207 2.77903 6.4
      vertex 32.4996 2.64439 6.4
      vertex 32.2643 2.84156 6.4
    endloop
  endfacet
  facet normal 0 0 1
    outer loop
      vertex 32.4996 2.64439 6.4
      vertex 32.2207 2.77903 6.4
      vertex 32.478 2.60107 6.4
    endloop
  endfacet
  facet normal -0 0 1
    outer loop
      vertex 32.1846 2.71102 6.4
      vertex 32.478 2.60107 6.4
      vertex 32.2207 2.77903 6.4
    endloop
  endfacet
  facet normal 0 0 1
    outer loop
      vertex 32.478 2.60107 6.4
      vertex 32.1846 2.71102 6.4
      vertex 32.4609 2.55415 6.4
    endloop
  endfacet
  facet normal -0 0 1
    outer loop
      vertex 32.1559 2.63755 6.4
      vertex 32.4609 2.55415 6.4
      vertex 32.1846 2.71102 6.4
    endloop
  endfacet
  facet normal 0 0 1
    outer loop
      vertex 32.4609 2.55415 6.4
      vertex 32.1559 2.63755 6.4
      vertex 32.4482 2.50362 6.4
    endloop
  endfacet
  facet normal -0 0 1
    outer loop
      vertex 32.1347 2.55862 6.4
      vertex 32.4482 2.50362 6.4
      vertex 32.1559 2.63755 6.4
    endloop
  endfacet
  facet normal 0 0 1
    outer loop
      vertex 32.4482 2.50362 6.4
      vertex 32.1347 2.55862 6.4
      vertex 32.44 2.4495 6.4
    endloop
  endfacet
  facet normal 0 0 1
    outer loop
      vertex 32.44 2.4495 6.4
      vertex 32.1347 2.55862 6.4
      vertex 32.1208 2.47421 6.4
    endloop
  endfacet
  facet normal 0 0 1
    outer loop
      vertex 33.5887 2.07661 6.4
      vertex 33.3487 2.22891 6.4
      vertex 33.5482 2.036 6.4
    endloop
  endfacet
  facet normal -0 0 1
    outer loop
      vertex 33.3223 2.18751 6.4
      vertex 33.5482 2.036 6.4
      vertex 33.3487 2.22891 6.4
    endloop
  endfacet
  facet normal 0 0 1
    outer loop
      vertex 33.5482 2.036 6.4
      vertex 33.3223 2.18751 6.4
      vertex 33.5027 1.99932 6.4
    endloop
  endfacet
  facet normal 0 0 1
    outer loop
      vertex 33.5027 1.99932 6.4
      vertex 33.3223 2.18751 6.4
      vertex 33.4524 1.96656 6.4
    endloop
  endfacet
  facet normal -0 0 1
    outer loop
      vertex 33.29 2.14968 6.4
      vertex 33.4524 1.96656 6.4
      vertex 33.3223 2.18751 6.4
    endloop
  endfacet
  facet normal 0 0 1
    outer loop
      vertex 33.4524 1.96656 6.4
      vertex 33.29 2.14968 6.4
      vertex 33.3971 1.93772 6.4
    endloop
  endfacet
  facet normal -0 0 1
    outer loop
      vertex 33.2519 2.1154 6.4
      vertex 33.3971 1.93772 6.4
      vertex 33.29 2.14968 6.4
    endloop
  endfacet
  facet normal 0 0 1
    outer loop
      vertex 33.3971 1.93772 6.4
      vertex 33.2519 2.1154 6.4
      vertex 33.3369 1.91279 6.4
    endloop
  endfacet
  facet normal -0 0 1
    outer loop
      vertex 33.2084 2.08523 6.4
      vertex 33.3369 1.91279 6.4
      vertex 33.2519 2.1154 6.4
    endloop
  endfacet
  facet normal 0 0 1
    outer loop
      vertex 33.3369 1.91279 6.4
      vertex 33.2084 2.08523 6.4
      vertex 33.2717 1.89179 6.4
    endloop
  endfacet
  facet normal -0 0 1
    outer loop
      vertex 33.1602 2.0597 6.4
      vertex 33.2717 1.89179 6.4
      vertex 33.2084 2.08523 6.4
    endloop
  endfacet
  facet normal -0 0 1
    outer loop
      vertex 33.1072 2.03881 6.4
      vertex 33.2016 1.87472 6.4
      vertex 33.1602 2.0597 6.4
    endloop
  endfacet
  facet normal 0 0 1
    outer loop
      vertex 33.2717 1.89179 6.4
      vertex 33.1602 2.0597 6.4
      vertex 33.2016 1.87472 6.4
    endloop
  endfacet
  facet normal 0 0 1
    outer loop
      vertex 33.7874 1.3522 6.4
      vertex 33.4576 1.35253 6.4
      vertex 33.4608 1.29643 6.4
    endloop
  endfacet
  facet normal 0 0 1
    outer loop
      vertex 33.5366 1.76008 6.4
      vertex 33.4481 1.40502 6.4
      vertex 33.4576 1.35253 6.4
    endloop
  endfacet
  facet normal 0 0 1
    outer loop
      vertex 33.5366 1.76008 6.4
      vertex 33.4322 1.45387 6.4
      vertex 33.4481 1.40502 6.4
    endloop
  endfacet
  facet normal 0 0 1
    outer loop
      vertex 33.3048 1.61289 6.4
      vertex 33.4797 1.79197 6.4
      vertex 33.4178 1.81866 6.4
    endloop
  endfacet
  facet normal 0 0 1
    outer loop
      vertex 33.5366 1.76008 6.4
      vertex 33.4099 1.49908 6.4
      vertex 33.4322 1.45387 6.4
    endloop
  endfacet
  facet normal 0 0 1
    outer loop
      vertex 33.5366 1.76008 6.4
      vertex 33.3812 1.54064 6.4
      vertex 33.4099 1.49908 6.4
    endloop
  endfacet
  facet normal 0 0 1
    outer loop
      vertex 33.3048 1.61289 6.4
      vertex 33.4178 1.81866 6.4
      vertex 33.3508 1.84019 6.4
    endloop
  endfacet
  facet normal 0 0 1
    outer loop
      vertex 33.5366 1.76008 6.4
      vertex 33.3462 1.57859 6.4
      vertex 33.3812 1.54064 6.4
    endloop
  endfacet
  facet normal 0 0 1
    outer loop
      vertex 33.4797 1.79197 6.4
      vertex 33.3048 1.61289 6.4
      vertex 33.3462 1.57859 6.4
    endloop
  endfacet
  facet normal 0 0 1
    outer loop
      vertex 33.2574 1.64307 6.4
      vertex 33.3508 1.84019 6.4
      vertex 33.2787 1.85651 6.4
    endloop
  endfacet
  facet normal 0 0 1
    outer loop
      vertex 33.3508 1.84019 6.4
      vertex 33.2574 1.64307 6.4
      vertex 33.3048 1.61289 6.4
    endloop
  endfacet
  facet normal 0 0 1
    outer loop
      vertex 33.2787 1.85651 6.4
      vertex 33.2043 1.6686 6.4
      vertex 33.2574 1.64307 6.4
    endloop
  endfacet
  facet normal 0 0 1
    outer loop
      vertex 33.2016 1.86767 6.4
      vertex 33.2043 1.6686 6.4
      vertex 33.2787 1.85651 6.4
    endloop
  endfacet
  facet normal -0 0 1
    outer loop
      vertex 33.0494 2.02256 6.4
      vertex 33.2016 1.87472 6.4
      vertex 33.1072 2.03881 6.4
    endloop
  endfacet
  facet normal 0 0 1
    outer loop
      vertex 33.2016 1.86767 6.4
      vertex 33.1456 1.68949 6.4
      vertex 33.2043 1.6686 6.4
    endloop
  endfacet
  facet normal 0 0 1
    outer loop
      vertex 33.2016 1.87472 6.4
      vertex 33.0494 2.02256 6.4
      vertex 33.2016 1.86767 6.4
    endloop
  endfacet
  facet normal 0 0 1
    outer loop
      vertex 33.2016 1.86767 6.4
      vertex 33.0813 1.70574 6.4
      vertex 33.1456 1.68949 6.4
    endloop
  endfacet
  facet normal 0 0 1
    outer loop
      vertex 33.0113 1.71734 6.4
      vertex 33.2016 1.86767 6.4
      vertex 33.0494 2.02256 6.4
    endloop
  endfacet
  facet normal 0 0 1
    outer loop
      vertex 33.2016 1.86767 6.4
      vertex 33.0113 1.71734 6.4
      vertex 33.0813 1.70574 6.4
    endloop
  endfacet
  facet normal -0 0 1
    outer loop
      vertex 32.9868 2.01096 6.4
      vertex 33.0113 1.71734 6.4
      vertex 33.0494 2.02256 6.4
    endloop
  endfacet
  facet normal 0 0 1
    outer loop
      vertex 32.9868 2.01096 6.4
      vertex 32.9356 1.7243 6.4
      vertex 33.0113 1.71734 6.4
    endloop
  endfacet
  facet normal -0 0 1
    outer loop
      vertex 32.9194 2.00399 6.4
      vertex 32.9356 1.7243 6.4
      vertex 32.9868 2.01096 6.4
    endloop
  endfacet
  facet normal 0 0 1
    outer loop
      vertex 32.9194 2.00399 6.4
      vertex 32.8543 1.72662 6.4
      vertex 32.9356 1.7243 6.4
    endloop
  endfacet
  facet normal -0 0 1
    outer loop
      vertex 32.8473 2.00167 6.4
      vertex 32.8543 1.72662 6.4
      vertex 32.9194 2.00399 6.4
    endloop
  endfacet
  facet normal 0 0 1
    outer loop
      vertex 32.6745 1.72662 6.4
      vertex 32.8473 2.00167 6.4
      vertex 32.6745 2.00167 6.4
    endloop
  endfacet
  facet normal 0 0 1
    outer loop
      vertex 32.8473 2.00167 6.4
      vertex 32.6745 1.72662 6.4
      vertex 32.8543 1.72662 6.4
    endloop
  endfacet
  facet normal -0 0 1
    outer loop
      vertex 33.4608 1.29643 6.4
      vertex 33.7905 1.28585 6.4
      vertex 33.7874 1.3522 6.4
    endloop
  endfacet
  facet normal -0 0 1
    outer loop
      vertex 33.4576 1.35253 6.4
      vertex 33.7874 1.3522 6.4
      vertex 33.7779 1.41525 6.4
    endloop
  endfacet
  facet normal 0 0 1
    outer loop
      vertex 33.458 1.23228 6.4
      vertex 33.7905 1.28585 6.4
      vertex 33.4608 1.29643 6.4
    endloop
  endfacet
  facet normal 0 0 1
    outer loop
      vertex 33.4576 1.35253 6.4
      vertex 33.7779 1.41525 6.4
      vertex 33.762 1.47497 6.4
    endloop
  endfacet
  facet normal 0 0 1
    outer loop
      vertex 33.7905 1.28585 6.4
      vertex 33.458 1.23228 6.4
      vertex 33.7861 1.19079 6.4
    endloop
  endfacet
  facet normal 0 0 1
    outer loop
      vertex 33.4576 1.35253 6.4
      vertex 33.762 1.47497 6.4
      vertex 33.7399 1.5314 6.4
    endloop
  endfacet
  facet normal 0 0 1
    outer loop
      vertex 33.4497 1.1728 6.4
      vertex 33.7861 1.19079 6.4
      vertex 33.458 1.23228 6.4
    endloop
  endfacet
  facet normal 0 0 1
    outer loop
      vertex 33.4576 1.35253 6.4
      vertex 33.7399 1.5314 6.4
      vertex 33.7113 1.5845 6.4
    endloop
  endfacet
  facet normal 0 0 1
    outer loop
      vertex 33.7861 1.19079 6.4
      vertex 33.4497 1.1728 6.4
      vertex 33.7727 1.10206 6.4
    endloop
  endfacet
  facet normal 0 0 1
    outer loop
      vertex 33.4576 1.35253 6.4
      vertex 33.7113 1.5845 6.4
      vertex 33.6765 1.6343 6.4
    endloop
  endfacet
  facet normal 0 0 1
    outer loop
      vertex 33.4576 1.35253 6.4
      vertex 33.6765 1.6343 6.4
      vertex 33.6354 1.68078 6.4
    endloop
  endfacet
  facet normal 0 0 1
    outer loop
      vertex 33.7727 1.10206 6.4
      vertex 33.4497 1.1728 6.4
      vertex 33.7504 1.01966 6.4
    endloop
  endfacet
  facet normal 0 0 1
    outer loop
      vertex 33.4576 1.35253 6.4
      vertex 33.6354 1.68078 6.4
      vertex 33.5885 1.72303 6.4
    endloop
  endfacet
  facet normal -0 0 1
    outer loop
      vertex 33.4357 1.11799 6.4
      vertex 33.7504 1.01966 6.4
      vertex 33.4497 1.1728 6.4
    endloop
  endfacet
  facet normal 0 0 1
    outer loop
      vertex 33.4576 1.35253 6.4
      vertex 33.5885 1.72303 6.4
      vertex 33.5366 1.76008 6.4
    endloop
  endfacet
  facet normal 0 0 1
    outer loop
      vertex 33.7504 1.01966 6.4
      vertex 33.4357 1.11799 6.4
      vertex 33.7191 0.943597 6.4
    endloop
  endfacet
  facet normal 0 0 1
    outer loop
      vertex 33.3462 1.57859 6.4
      vertex 33.5366 1.76008 6.4
      vertex 33.4797 1.79197 6.4
    endloop
  endfacet
  facet normal -0 0 1
    outer loop
      vertex 33.4162 1.06786 6.4
      vertex 33.7191 0.943597 6.4
      vertex 33.4357 1.11799 6.4
    endloop
  endfacet
  facet normal 0 0 1
    outer loop
      vertex 33.7191 0.943597 6.4
      vertex 33.4162 1.06786 6.4
      vertex 33.679 0.873864 6.4
    endloop
  endfacet
  facet normal -0 0 1
    outer loop
      vertex 33.3911 1.02242 6.4
      vertex 33.679 0.873864 6.4
      vertex 33.4162 1.06786 6.4
    endloop
  endfacet
  facet normal 0 0 1
    outer loop
      vertex 33.679 0.873864 6.4
      vertex 33.3911 1.02242 6.4
      vertex 33.6299 0.810464 6.4
    endloop
  endfacet
  facet normal -0 0 1
    outer loop
      vertex 33.3604 0.981652 6.4
      vertex 33.6299 0.810464 6.4
      vertex 33.3911 1.02242 6.4
    endloop
  endfacet
  facet normal 0 0 1
    outer loop
      vertex 33.6299 0.810464 6.4
      vertex 33.3604 0.981652 6.4
      vertex 33.5719 0.753396 6.4
    endloop
  endfacet
  facet normal -0 0 1
    outer loop
      vertex 33.3242 0.945565 6.4
      vertex 33.5719 0.753396 6.4
      vertex 33.3604 0.981652 6.4
    endloop
  endfacet
  facet normal 0 0 1
    outer loop
      vertex 33.5719 0.753396 6.4
      vertex 33.3242 0.945565 6.4
      vertex 33.5056 0.703347 6.4
    endloop
  endfacet
  facet normal 0 0 1
    outer loop
      vertex 33.5056 0.703347 6.4
      vertex 33.3242 0.945565 6.4
      vertex 33.4317 0.660989 6.4
    endloop
  endfacet
  facet normal -0 0 1
    outer loop
      vertex 33.283 0.914224 6.4
      vertex 33.4317 0.660989 6.4
      vertex 33.3242 0.945565 6.4
    endloop
  endfacet
  facet normal 0 0 1
    outer loop
      vertex 33.4317 0.660989 6.4
      vertex 33.283 0.914224 6.4
      vertex 33.3502 0.626336 6.4
    endloop
  endfacet
  facet normal -0 0 1
    outer loop
      vertex 33.2377 0.887704 6.4
      vertex 33.3502 0.626336 6.4
      vertex 33.283 0.914224 6.4
    endloop
  endfacet
  facet normal -0 0 1
    outer loop
      vertex 33.1881 0.866006 6.4
      vertex 33.3502 0.626336 6.4
      vertex 33.2377 0.887704 6.4
    endloop
  endfacet
  facet normal 0 0 1
    outer loop
      vertex 33.3502 0.626336 6.4
      vertex 33.1881 0.866006 6.4
      vertex 33.261 0.599404 6.4
    endloop
  endfacet
  facet normal -0 0 1
    outer loop
      vertex 33.1343 0.84913 6.4
      vertex 33.261 0.599404 6.4
      vertex 33.1881 0.866006 6.4
    endloop
  endfacet
  facet normal 0 0 1
    outer loop
      vertex 33.261 0.599404 6.4
      vertex 33.1343 0.84913 6.4
      vertex 33.1642 0.580148 6.4
    endloop
  endfacet
  facet normal -0 0 1
    outer loop
      vertex 33.0764 0.837075 6.4
      vertex 33.1642 0.580148 6.4
      vertex 33.1343 0.84913 6.4
    endloop
  endfacet
  facet normal 0 0 1
    outer loop
      vertex 33.0764 0.837075 6.4
      vertex 33.0598 0.568597 6.4
      vertex 33.1642 0.580148 6.4
    endloop
  endfacet
  facet normal -0 0 1
    outer loop
      vertex 33.0142 0.829858 6.4
      vertex 33.0598 0.568597 6.4
      vertex 33.0764 0.837075 6.4
    endloop
  endfacet
  facet normal 0 0 1
    outer loop
      vertex 32.9478 0.564752 6.4
      vertex 33.0142 0.829858 6.4
      vertex 32.9478 0.827447 6.4
    endloop
  endfacet
  facet normal 0 0 1
    outer loop
      vertex 33.0142 0.829858 6.4
      vertex 32.9478 0.564752 6.4
      vertex 33.0598 0.568597 6.4
    endloop
  endfacet
  facet normal 0 0 1
    outer loop
      vertex 32.9478 0.827447 6.4
      vertex 32.8431 0.568231 6.4
      vertex 32.9478 0.564752 6.4
    endloop
  endfacet
  facet normal 0 0 1
    outer loop
      vertex 32.8197 0.836434 6.4
      vertex 32.8431 0.568231 6.4
      vertex 32.9478 0.827447 6.4
    endloop
  endfacet
  facet normal 0 0 1
    outer loop
      vertex 32.8197 0.836434 6.4
      vertex 32.7446 0.578637 6.4
      vertex 32.8431 0.568231 6.4
    endloop
  endfacet
  facet normal 0 0 1
    outer loop
      vertex 32.7086 0.863427 6.4
      vertex 32.7446 0.578637 6.4
      vertex 32.8197 0.836434 6.4
    endloop
  endfacet
  facet normal 0 0 1
    outer loop
      vertex 32.7086 0.863427 6.4
      vertex 32.6524 0.596002 6.4
      vertex 32.7446 0.578637 6.4
    endloop
  endfacet
  facet normal 0 0 1
    outer loop
      vertex 32.5663 0.620294 6.4
      vertex 32.7086 0.863427 6.4
      vertex 32.6143 0.908395 6.4
    endloop
  endfacet
  facet normal 0 0 1
    outer loop
      vertex 32.7086 0.863427 6.4
      vertex 32.5663 0.620294 6.4
      vertex 32.6524 0.596002 6.4
    endloop
  endfacet
  facet normal 0 0 1
    outer loop
      vertex 32.413 0.689736 6.4
      vertex 32.6143 0.908395 6.4
      vertex 32.537 0.971368 6.4
    endloop
  endfacet
  facet normal 0 0 1
    outer loop
      vertex 32.6143 0.908395 6.4
      vertex 32.4866 0.651544 6.4
      vertex 32.5663 0.620294 6.4
    endloop
  endfacet
  facet normal 0 0 1
    outer loop
      vertex 32.2851 0.786813 6.4
      vertex 32.537 0.971368 6.4
      vertex 32.4766 1.05233 6.4
    endloop
  endfacet
  facet normal 0 0 1
    outer loop
      vertex 32.1483 0.982583 6.4
      vertex 32.4766 1.05233 6.4
      vertex 32.4331 1.15128 6.4
    endloop
  endfacet
  facet normal 0 0 1
    outer loop
      vertex 32.6143 0.908395 6.4
      vertex 32.413 0.689736 6.4
      vertex 32.4866 0.651544 6.4
    endloop
  endfacet
  facet normal 0 0 1
    outer loop
      vertex 32.0943 1.14636 6.4
      vertex 32.4331 1.15128 6.4
      vertex 32.4065 1.26821 6.4
    endloop
  endfacet
  facet normal 0 0 1
    outer loop
      vertex 32.537 0.971368 6.4
      vertex 32.3457 0.734887 6.4
      vertex 32.413 0.689736 6.4
    endloop
  endfacet
  facet normal 0 0 1
    outer loop
      vertex 32.537 0.971368 6.4
      vertex 32.2851 0.786813 6.4
      vertex 32.3457 0.734887 6.4
    endloop
  endfacet
  facet normal 0 0 1
    outer loop
      vertex 32.4766 1.05233 6.4
      vertex 32.2321 0.845422 6.4
      vertex 32.2851 0.786813 6.4
    endloop
  endfacet
  facet normal 0 0 1
    outer loop
      vertex 32.4766 1.05233 6.4
      vertex 32.1865 0.910668 6.4
      vertex 32.2321 0.845422 6.4
    endloop
  endfacet
  facet normal 0 0 1
    outer loop
      vertex 32.4766 1.05233 6.4
      vertex 32.1483 0.982583 6.4
      vertex 32.1865 0.910668 6.4
    endloop
  endfacet
  facet normal 0 0 1
    outer loop
      vertex 32.4331 1.15128 6.4
      vertex 32.1176 1.06114 6.4
      vertex 32.1483 0.982583 6.4
    endloop
  endfacet
  facet normal 0 0 1
    outer loop
      vertex 32.4331 1.15128 6.4
      vertex 32.0943 1.14636 6.4
      vertex 32.1176 1.06114 6.4
    endloop
  endfacet
  facet normal 0 -0 1
    outer loop
      vertex 32.0943 1.14636 6.4
      vertex 32.4065 1.26821 6.4
      vertex 32.0785 1.23824 6.4
    endloop
  endfacet
  facet normal 0 0 1
    outer loop
      vertex 29.908 2.78097 6.4
      vertex 30.2271 3.08424 6.4
      vertex 29.9345 3.08424 6.4
    endloop
  endfacet
  facet normal -0 0 1
    outer loop
      vertex 30.2271 0.869744 6.4
      vertex 30.8319 0.599999 6.4
      vertex 30.8319 0.869744 6.4
    endloop
  endfacet
  facet normal 0 0 1
    outer loop
      vertex 30.2271 3.08424 6.4
      vertex 29.908 2.78097 6.4
      vertex 30.2271 0.869744 6.4
    endloop
  endfacet
  facet normal 0 0 1
    outer loop
      vertex 29.908 0.869744 6.4
      vertex 30.2271 0.869744 6.4
      vertex 29.908 2.78097 6.4
    endloop
  endfacet
  facet normal -0 0 1
    outer loop
      vertex 29.908 0.869744 6.4
      vertex 30.8319 0.599999 6.4
      vertex 30.2271 0.869744 6.4
    endloop
  endfacet
  facet normal 0 0 1
    outer loop
      vertex 29.275 0.599999 6.4
      vertex 29.908 0.869744 6.4
      vertex 29.275 0.869744 6.4
    endloop
  endfacet
  facet normal 0 0 1
    outer loop
      vertex 29.908 0.869744 6.4
      vertex 29.275 0.599999 6.4
      vertex 30.8319 0.599999 6.4
    endloop
  endfacet
  facet normal 0 0 1
    outer loop
      vertex 29.3473 2.68049 6.4
      vertex 29.908 2.78097 6.4
      vertex 29.9345 3.08424 6.4
    endloop
  endfacet
  facet normal 0 0 1
    outer loop
      vertex 29.908 2.78097 6.4
      vertex 29.3473 2.68049 6.4
      vertex 29.3473 2.38076 6.4
    endloop
  endfacet
  facet normal -0 0 1
    outer loop
      vertex 31.2909 0.986123 6.4
      vertex 31.6348 0.599999 6.4
      vertex 31.6348 0.986123 6.4
    endloop
  endfacet
  facet normal 0 0 1
    outer loop
      vertex 31.6348 0.599999 6.4
      vertex 31.2909 0.986123 6.4
      vertex 31.2909 0.599999 6.4
    endloop
  endfacet
  facet normal 0.109971 -0.993935 0
    outer loop
      vertex 33.0598 0.568597 6
      vertex 33.1642 0.580148 6.4
      vertex 33.0598 0.568597 6.4
    endloop
  endfacet
  facet normal 0.109971 -0.993935 0
    outer loop
      vertex 33.1642 0.580148 6.4
      vertex 33.0598 0.568597 6
      vertex 33.1642 0.580148 6
    endloop
  endfacet
  facet normal 0.195103 -0.980783 0
    outer loop
      vertex 33.1642 0.580148 6
      vertex 33.261 0.599404 6.4
      vertex 33.1642 0.580148 6.4
    endloop
  endfacet
  facet normal 0.195103 -0.980783 0
    outer loop
      vertex 33.261 0.599404 6.4
      vertex 33.1642 0.580148 6
      vertex 33.261 0.599404 6
    endloop
  endfacet
  facet normal 0.289041 -0.957317 0
    outer loop
      vertex 33.261 0.599404 6
      vertex 33.3502 0.626336 6.4
      vertex 33.261 0.599404 6.4
    endloop
  endfacet
  facet normal 0.289041 -0.957317 0
    outer loop
      vertex 33.3502 0.626336 6.4
      vertex 33.261 0.599404 6
      vertex 33.3502 0.626336 6
    endloop
  endfacet
  facet normal 0.391289 -0.920268 0
    outer loop
      vertex 33.3502 0.626336 6
      vertex 33.4317 0.660989 6.4
      vertex 33.3502 0.626336 6.4
    endloop
  endfacet
  facet normal 0.391289 -0.920268 0
    outer loop
      vertex 33.4317 0.660989 6.4
      vertex 33.3502 0.626336 6
      vertex 33.4317 0.660989 6
    endloop
  endfacet
  facet normal 0.497284 -0.867588 0
    outer loop
      vertex 33.4317 0.660989 6
      vertex 33.5056 0.703347 6.4
      vertex 33.4317 0.660989 6.4
    endloop
  endfacet
  facet normal 0.497284 -0.867588 0
    outer loop
      vertex 33.5056 0.703347 6.4
      vertex 33.4317 0.660989 6
      vertex 33.5056 0.703347 6
    endloop
  endfacet
  facet normal 0.602493 -0.798124 0
    outer loop
      vertex 33.5056 0.703347 6
      vertex 33.5719 0.753396 6.4
      vertex 33.5056 0.703347 6.4
    endloop
  endfacet
  facet normal 0.602493 -0.798124 0
    outer loop
      vertex 33.5719 0.753396 6.4
      vertex 33.5056 0.703347 6
      vertex 33.5719 0.753396 6
    endloop
  endfacet
  facet normal 0.701357 -0.712811 0
    outer loop
      vertex 33.5719 0.753396 6
      vertex 33.6299 0.810464 6.4
      vertex 33.5719 0.753396 6.4
    endloop
  endfacet
  facet normal 0.701357 -0.712811 0
    outer loop
      vertex 33.6299 0.810464 6.4
      vertex 33.5719 0.753396 6
      vertex 33.6299 0.810464 6
    endloop
  endfacet
  facet normal 0.790626 -0.612299 0
    outer loop
      vertex 33.6299 0.810464 6.4
      vertex 33.679 0.873864 6
      vertex 33.679 0.873864 6.4
    endloop
  endfacet
  facet normal 0.790626 -0.612299 0
    outer loop
      vertex 33.679 0.873864 6
      vertex 33.6299 0.810464 6.4
      vertex 33.6299 0.810464 6
    endloop
  endfacet
  facet normal 0.866887 -0.498504 0
    outer loop
      vertex 33.679 0.873864 6.4
      vertex 33.7191 0.943597 6
      vertex 33.7191 0.943597 6.4
    endloop
  endfacet
  facet normal 0.866887 -0.498504 0
    outer loop
      vertex 33.7191 0.943597 6
      vertex 33.679 0.873864 6.4
      vertex 33.679 0.873864 6
    endloop
  endfacet
  facet normal 0.924764 -0.380541 0
    outer loop
      vertex 33.7191 0.943597 6.4
      vertex 33.7504 1.01966 6
      vertex 33.7504 1.01966 6.4
    endloop
  endfacet
  facet normal 0.924764 -0.380541 0
    outer loop
      vertex 33.7504 1.01966 6
      vertex 33.7191 0.943597 6.4
      vertex 33.7191 0.943597 6
    endloop
  endfacet
  facet normal 0.965276 -0.261234 0
    outer loop
      vertex 33.7504 1.01966 6.4
      vertex 33.7727 1.10206 6
      vertex 33.7727 1.10206 6.4
    endloop
  endfacet
  facet normal 0.965276 -0.261234 0
    outer loop
      vertex 33.7727 1.10206 6
      vertex 33.7504 1.01966 6.4
      vertex 33.7504 1.01966 6
    endloop
  endfacet
  facet normal 0.988788 -0.149327 0
    outer loop
      vertex 33.7727 1.10206 6.4
      vertex 33.7861 1.19079 6
      vertex 33.7861 1.19079 6.4
    endloop
  endfacet
  facet normal 0.988788 -0.149327 0
    outer loop
      vertex 33.7861 1.19079 6
      vertex 33.7727 1.10206 6.4
      vertex 33.7727 1.10206 6
    endloop
  endfacet
  facet normal 0.99893 -0.0462371 0
    outer loop
      vertex 33.7861 1.19079 6.4
      vertex 33.7905 1.28585 6
      vertex 33.7905 1.28585 6.4
    endloop
  endfacet
  facet normal 0.99893 -0.0462371 0
    outer loop
      vertex 33.7905 1.28585 6
      vertex 33.7861 1.19079 6.4
      vertex 33.7861 1.19079 6
    endloop
  endfacet
  facet normal 0.99891 0.046671 0
    outer loop
      vertex 33.7905 1.28585 6.4
      vertex 33.7874 1.3522 6
      vertex 33.7874 1.3522 6.4
    endloop
  endfacet
  facet normal 0.99891 0.046671 0
    outer loop
      vertex 33.7874 1.3522 6
      vertex 33.7905 1.28585 6.4
      vertex 33.7905 1.28585 6
    endloop
  endfacet
  facet normal 0.988838 0.148992 0
    outer loop
      vertex 33.7874 1.3522 6.4
      vertex 33.7779 1.41525 6
      vertex 33.7779 1.41525 6.4
    endloop
  endfacet
  facet normal 0.988838 0.148992 0
    outer loop
      vertex 33.7779 1.41525 6
      vertex 33.7874 1.3522 6.4
      vertex 33.7874 1.3522 6
    endloop
  endfacet
  facet normal 0.966337 0.25728 0
    outer loop
      vertex 33.7779 1.41525 6.4
      vertex 33.762 1.47497 6
      vertex 33.762 1.47497 6.4
    endloop
  endfacet
  facet normal 0.966337 0.25728 0
    outer loop
      vertex 33.762 1.47497 6
      vertex 33.7779 1.41525 6.4
      vertex 33.7779 1.41525 6
    endloop
  endfacet
  facet normal 0.931138 0.364667 0
    outer loop
      vertex 33.762 1.47497 6.4
      vertex 33.7399 1.5314 6
      vertex 33.7399 1.5314 6.4
    endloop
  endfacet
  facet normal 0.931138 0.364667 0
    outer loop
      vertex 33.7399 1.5314 6
      vertex 33.762 1.47497 6.4
      vertex 33.762 1.47497 6
    endloop
  endfacet
  facet normal 0.880418 0.474199 0
    outer loop
      vertex 33.7399 1.5314 6.4
      vertex 33.7113 1.5845 6
      vertex 33.7113 1.5845 6.4
    endloop
  endfacet
  facet normal 0.880418 0.474199 0
    outer loop
      vertex 33.7113 1.5845 6
      vertex 33.7399 1.5314 6.4
      vertex 33.7399 1.5314 6
    endloop
  endfacet
  facet normal 0.819696 0.572799 0
    outer loop
      vertex 33.7113 1.5845 6.4
      vertex 33.6765 1.6343 6
      vertex 33.6765 1.6343 6.4
    endloop
  endfacet
  facet normal 0.819696 0.572799 0
    outer loop
      vertex 33.6765 1.6343 6
      vertex 33.7113 1.5845 6.4
      vertex 33.7113 1.5845 6
    endloop
  endfacet
  facet normal 0.749132 0.662421 0
    outer loop
      vertex 33.6765 1.6343 6.4
      vertex 33.6354 1.68078 6
      vertex 33.6354 1.68078 6.4
    endloop
  endfacet
  facet normal 0.749132 0.662421 0
    outer loop
      vertex 33.6354 1.68078 6
      vertex 33.6765 1.6343 6.4
      vertex 33.6765 1.6343 6
    endloop
  endfacet
  facet normal 0.669315 0.742979 -0
    outer loop
      vertex 33.6354 1.68078 6
      vertex 33.5885 1.72303 6.4
      vertex 33.6354 1.68078 6.4
    endloop
  endfacet
  facet normal 0.669315 0.742979 0
    outer loop
      vertex 33.5885 1.72303 6.4
      vertex 33.6354 1.68078 6
      vertex 33.5885 1.72303 6
    endloop
  endfacet
  facet normal 0.581016 0.813892 -0
    outer loop
      vertex 33.5885 1.72303 6
      vertex 33.5366 1.76008 6.4
      vertex 33.5885 1.72303 6.4
    endloop
  endfacet
  facet normal 0.581016 0.813892 0
    outer loop
      vertex 33.5366 1.76008 6.4
      vertex 33.5885 1.72303 6
      vertex 33.5366 1.76008 6
    endloop
  endfacet
  facet normal 0.488907 0.872336 -0
    outer loop
      vertex 33.5366 1.76008 6
      vertex 33.4797 1.79197 6.4
      vertex 33.5366 1.76008 6.4
    endloop
  endfacet
  facet normal 0.488907 0.872336 0
    outer loop
      vertex 33.4797 1.79197 6.4
      vertex 33.5366 1.76008 6
      vertex 33.4797 1.79197 6
    endloop
  endfacet
  facet normal 0.395942 0.918276 -0
    outer loop
      vertex 33.4797 1.79197 6
      vertex 33.4178 1.81866 6.4
      vertex 33.4797 1.79197 6.4
    endloop
  endfacet
  facet normal 0.395942 0.918276 0
    outer loop
      vertex 33.4178 1.81866 6.4
      vertex 33.4797 1.79197 6
      vertex 33.4178 1.81866 6
    endloop
  endfacet
  facet normal 0.305936 0.952052 -0
    outer loop
      vertex 33.4178 1.81866 6
      vertex 33.3508 1.84019 6.4
      vertex 33.4178 1.81866 6.4
    endloop
  endfacet
  facet normal 0.305936 0.952052 0
    outer loop
      vertex 33.3508 1.84019 6.4
      vertex 33.4178 1.81866 6
      vertex 33.3508 1.84019 6
    endloop
  endfacet
  facet normal 0.220767 0.975326 -0
    outer loop
      vertex 33.3508 1.84019 6
      vertex 33.2787 1.85651 6.4
      vertex 33.3508 1.84019 6.4
    endloop
  endfacet
  facet normal 0.220767 0.975326 0
    outer loop
      vertex 33.2787 1.85651 6.4
      vertex 33.3508 1.84019 6
      vertex 33.2787 1.85651 6
    endloop
  endfacet
  facet normal 0.143254 0.989686 -0
    outer loop
      vertex 33.2787 1.85651 6
      vertex 33.2016 1.86767 6.4
      vertex 33.2787 1.85651 6.4
    endloop
  endfacet
  facet normal 0.143254 0.989686 0
    outer loop
      vertex 33.2016 1.86767 6.4
      vertex 33.2787 1.85651 6
      vertex 33.2016 1.86767 6
    endloop
  endfacet
  facet normal 1 -0 0
    outer loop
      vertex 33.2016 1.86767 6.4
      vertex 33.2016 1.87472 6
      vertex 33.2016 1.87472 6.4
    endloop
  endfacet
  facet normal 1 0 0
    outer loop
      vertex 33.2016 1.87472 6
      vertex 33.2016 1.86767 6.4
      vertex 33.2016 1.86767 6
    endloop
  endfacet
  facet normal 0.236596 -0.971608 0
    outer loop
      vertex 33.2016 1.87472 6
      vertex 33.2717 1.89179 6.4
      vertex 33.2016 1.87472 6.4
    endloop
  endfacet
  facet normal 0.236596 -0.971608 0
    outer loop
      vertex 33.2717 1.89179 6.4
      vertex 33.2016 1.87472 6
      vertex 33.2717 1.89179 6
    endloop
  endfacet
  facet normal 0.306576 -0.951846 0
    outer loop
      vertex 33.2717 1.89179 6
      vertex 33.3369 1.91279 6.4
      vertex 33.2717 1.89179 6.4
    endloop
  endfacet
  facet normal 0.306576 -0.951846 0
    outer loop
      vertex 33.3369 1.91279 6.4
      vertex 33.2717 1.89179 6
      vertex 33.3369 1.91279 6
    endloop
  endfacet
  facet normal 0.382609 -0.92391 0
    outer loop
      vertex 33.3369 1.91279 6
      vertex 33.3971 1.93772 6.4
      vertex 33.3369 1.91279 6.4
    endloop
  endfacet
  facet normal 0.382609 -0.92391 0
    outer loop
      vertex 33.3971 1.93772 6.4
      vertex 33.3369 1.91279 6
      vertex 33.3971 1.93772 6
    endloop
  endfacet
  facet normal 0.462413 -0.886665 0
    outer loop
      vertex 33.3971 1.93772 6
      vertex 33.4524 1.96656 6.4
      vertex 33.3971 1.93772 6.4
    endloop
  endfacet
  facet normal 0.462413 -0.886665 0
    outer loop
      vertex 33.4524 1.96656 6.4
      vertex 33.3971 1.93772 6
      vertex 33.4524 1.96656 6
    endloop
  endfacet
  facet normal 0.545749 -0.837948 0
    outer loop
      vertex 33.4524 1.96656 6
      vertex 33.5027 1.99932 6.4
      vertex 33.4524 1.96656 6.4
    endloop
  endfacet
  facet normal 0.545749 -0.837948 0
    outer loop
      vertex 33.5027 1.99932 6.4
      vertex 33.4524 1.96656 6
      vertex 33.5027 1.99932 6
    endloop
  endfacet
  facet normal 0.627612 -0.778526 0
    outer loop
      vertex 33.5027 1.99932 6
      vertex 33.5482 2.036 6.4
      vertex 33.5027 1.99932 6.4
    endloop
  endfacet
  facet normal 0.627612 -0.778526 0
    outer loop
      vertex 33.5482 2.036 6.4
      vertex 33.5027 1.99932 6
      vertex 33.5482 2.036 6
    endloop
  endfacet
  facet normal 0.708065 -0.706147 0
    outer loop
      vertex 33.5482 2.036 6.4
      vertex 33.5887 2.07661 6
      vertex 33.5887 2.07661 6.4
    endloop
  endfacet
  facet normal 0.708065 -0.706147 0
    outer loop
      vertex 33.5887 2.07661 6
      vertex 33.5482 2.036 6.4
      vertex 33.5482 2.036 6
    endloop
  endfacet
  facet normal 0.782689 -0.622413 0
    outer loop
      vertex 33.5887 2.07661 6.4
      vertex 33.624 2.121 6
      vertex 33.624 2.121 6.4
    endloop
  endfacet
  facet normal 0.782689 -0.622413 0
    outer loop
      vertex 33.624 2.121 6
      vertex 33.5887 2.07661 6.4
      vertex 33.5887 2.07661 6
    endloop
  endfacet
  facet normal 0.848842 -0.528647 0
    outer loop
      vertex 33.624 2.121 6.4
      vertex 33.6539 2.16901 6
      vertex 33.6539 2.16901 6.4
    endloop
  endfacet
  facet normal 0.848842 -0.528647 0
    outer loop
      vertex 33.6539 2.16901 6
      vertex 33.624 2.121 6.4
      vertex 33.624 2.121 6
    endloop
  endfacet
  facet normal 0.904215 -0.427078 0
    outer loop
      vertex 33.6539 2.16901 6.4
      vertex 33.6783 2.22067 6
      vertex 33.6783 2.22067 6.4
    endloop
  endfacet
  facet normal 0.904215 -0.427078 0
    outer loop
      vertex 33.6783 2.22067 6
      vertex 33.6539 2.16901 6.4
      vertex 33.6539 2.16901 6
    endloop
  endfacet
  facet normal 0.9457 -0.325042 0
    outer loop
      vertex 33.6783 2.22067 6.4
      vertex 33.6973 2.27595 6
      vertex 33.6973 2.27595 6.4
    endloop
  endfacet
  facet normal 0.9457 -0.325042 0
    outer loop
      vertex 33.6973 2.27595 6
      vertex 33.6783 2.22067 6.4
      vertex 33.6783 2.22067 6
    endloop
  endfacet
  facet normal 0.974388 -0.224872 0
    outer loop
      vertex 33.6973 2.27595 6.4
      vertex 33.7109 2.33488 6
      vertex 33.7109 2.33488 6.4
    endloop
  endfacet
  facet normal 0.974388 -0.224872 0
    outer loop
      vertex 33.7109 2.33488 6
      vertex 33.6973 2.27595 6.4
      vertex 33.6973 2.27595 6
    endloop
  endfacet
  facet normal 0.991514 -0.130003 0
    outer loop
      vertex 33.7109 2.33488 6.4
      vertex 33.7191 2.39742 6
      vertex 33.7191 2.39742 6.4
    endloop
  endfacet
  facet normal 0.991514 -0.130003 0
    outer loop
      vertex 33.7191 2.39742 6
      vertex 33.7109 2.33488 6.4
      vertex 33.7109 2.33488 6
    endloop
  endfacet
  facet normal 0.999169 -0.0407516 0
    outer loop
      vertex 33.7191 2.39742 6.4
      vertex 33.7218 2.46362 6
      vertex 33.7218 2.46362 6.4
    endloop
  endfacet
  facet normal 0.999169 -0.0407516 0
    outer loop
      vertex 33.7218 2.46362 6
      vertex 33.7191 2.39742 6.4
      vertex 33.7191 2.39742 6
    endloop
  endfacet
  facet normal 0.998749 0.050013 0
    outer loop
      vertex 33.7218 2.46362 6.4
      vertex 33.7175 2.54949 6
      vertex 33.7175 2.54949 6.4
    endloop
  endfacet
  facet normal 0.998749 0.050013 0
    outer loop
      vertex 33.7175 2.54949 6
      vertex 33.7218 2.46362 6.4
      vertex 33.7218 2.46362 6
    endloop
  endfacet
  facet normal 0.987909 0.155034 0
    outer loop
      vertex 33.7175 2.54949 6.4
      vertex 33.7049 2.62978 6
      vertex 33.7049 2.62978 6.4
    endloop
  endfacet
  facet normal 0.987909 0.155034 0
    outer loop
      vertex 33.7049 2.62978 6
      vertex 33.7175 2.54949 6.4
      vertex 33.7175 2.54949 6
    endloop
  endfacet
  facet normal 0.962037 0.272918 0
    outer loop
      vertex 33.7049 2.62978 6.4
      vertex 33.6837 2.70451 6
      vertex 33.6837 2.70451 6.4
    endloop
  endfacet
  facet normal 0.962037 0.272918 0
    outer loop
      vertex 33.6837 2.70451 6
      vertex 33.7049 2.62978 6.4
      vertex 33.7049 2.62978 6
    endloop
  endfacet
  facet normal 0.919276 0.393614 0
    outer loop
      vertex 33.6837 2.70451 6.4
      vertex 33.6541 2.77364 6
      vertex 33.6541 2.77364 6.4
    endloop
  endfacet
  facet normal 0.919276 0.393614 0
    outer loop
      vertex 33.6541 2.77364 6
      vertex 33.6837 2.70451 6.4
      vertex 33.6837 2.70451 6
    endloop
  endfacet
  facet normal 0.858302 0.513145 0
    outer loop
      vertex 33.6541 2.77364 6.4
      vertex 33.6161 2.8372 6
      vertex 33.6161 2.8372 6.4
    endloop
  endfacet
  facet normal 0.858302 0.513145 0
    outer loop
      vertex 33.6161 2.8372 6
      vertex 33.6541 2.77364 6.4
      vertex 33.6541 2.77364 6
    endloop
  endfacet
  facet normal 0.780107 0.625646 0
    outer loop
      vertex 33.6161 2.8372 6.4
      vertex 33.5696 2.89518 6
      vertex 33.5696 2.89518 6.4
    endloop
  endfacet
  facet normal 0.780107 0.625646 0
    outer loop
      vertex 33.5696 2.89518 6
      vertex 33.6161 2.8372 6.4
      vertex 33.6161 2.8372 6
    endloop
  endfacet
  facet normal 0.689787 0.724013 -0
    outer loop
      vertex 33.5696 2.89518 6
      vertex 33.5146 2.94758 6.4
      vertex 33.5696 2.89518 6.4
    endloop
  endfacet
  facet normal 0.689787 0.724013 0
    outer loop
      vertex 33.5146 2.94758 6.4
      vertex 33.5696 2.89518 6
      vertex 33.5146 2.94758 6
    endloop
  endfacet
  facet normal 0.592813 0.80534 -0
    outer loop
      vertex 33.5146 2.94758 6
      vertex 33.452 2.99366 6.4
      vertex 33.5146 2.94758 6.4
    endloop
  endfacet
  facet normal 0.592813 0.80534 0
    outer loop
      vertex 33.452 2.99366 6.4
      vertex 33.5146 2.94758 6
      vertex 33.452 2.99366 6
    endloop
  endfacet
  facet normal 0.489808 0.87183 -0
    outer loop
      vertex 33.452 2.99366 6
      vertex 33.3826 3.03265 6.4
      vertex 33.452 2.99366 6.4
    endloop
  endfacet
  facet normal 0.489808 0.87183 0
    outer loop
      vertex 33.3826 3.03265 6.4
      vertex 33.452 2.99366 6
      vertex 33.3826 3.03265 6
    endloop
  endfacet
  facet normal 0.386162 0.922431 -0
    outer loop
      vertex 33.3826 3.03265 6
      vertex 33.3064 3.06455 6.4
      vertex 33.3826 3.03265 6.4
    endloop
  endfacet
  facet normal 0.386162 0.922431 0
    outer loop
      vertex 33.3064 3.06455 6.4
      vertex 33.3826 3.03265 6
      vertex 33.3064 3.06455 6
    endloop
  endfacet
  facet normal 0.286395 0.958112 -0
    outer loop
      vertex 33.3064 3.06455 6
      vertex 33.2234 3.08936 6.4
      vertex 33.3064 3.06455 6.4
    endloop
  endfacet
  facet normal 0.286395 0.958112 0
    outer loop
      vertex 33.2234 3.08936 6.4
      vertex 33.3064 3.06455 6
      vertex 33.2234 3.08936 6
    endloop
  endfacet
  facet normal 0.193594 0.981082 -0
    outer loop
      vertex 33.2234 3.08936 6
      vertex 33.1336 3.10708 6.4
      vertex 33.2234 3.08936 6.4
    endloop
  endfacet
  facet normal 0.193594 0.981082 0
    outer loop
      vertex 33.1336 3.10708 6.4
      vertex 33.2234 3.08936 6
      vertex 33.1336 3.10708 6
    endloop
  endfacet
  facet normal 0.109381 0.994 -0
    outer loop
      vertex 33.1336 3.10708 6
      vertex 33.037 3.11771 6.4
      vertex 33.1336 3.10708 6.4
    endloop
  endfacet
  facet normal 0.109381 0.994 0
    outer loop
      vertex 33.037 3.11771 6.4
      vertex 33.1336 3.10708 6
      vertex 33.037 3.11771 6
    endloop
  endfacet
  facet normal 0.034409 0.999408 -0
    outer loop
      vertex 33.037 3.11771 6
      vertex 32.9336 3.12127 6.4
      vertex 33.037 3.11771 6.4
    endloop
  endfacet
  facet normal 0.034409 0.999408 0
    outer loop
      vertex 32.9336 3.12127 6.4
      vertex 33.037 3.11771 6
      vertex 32.9336 3.12127 6
    endloop
  endfacet
  facet normal -0.0366735 0.999327 0
    outer loop
      vertex 32.9336 3.12127 6
      vertex 32.8385 3.11778 6.4
      vertex 32.9336 3.12127 6.4
    endloop
  endfacet
  facet normal -0.0366735 0.999327 0
    outer loop
      vertex 32.8385 3.11778 6.4
      vertex 32.9336 3.12127 6
      vertex 32.8385 3.11778 6
    endloop
  endfacet
  facet normal -0.115301 0.993331 0
    outer loop
      vertex 32.8385 3.11778 6
      vertex 32.7483 3.10731 6.4
      vertex 32.8385 3.11778 6.4
    endloop
  endfacet
  facet normal -0.115301 0.993331 0
    outer loop
      vertex 32.7483 3.10731 6.4
      vertex 32.8385 3.11778 6
      vertex 32.7483 3.10731 6
    endloop
  endfacet
  facet normal -0.201211 0.979548 0
    outer loop
      vertex 32.7483 3.10731 6
      vertex 32.6633 3.08985 6.4
      vertex 32.7483 3.10731 6.4
    endloop
  endfacet
  facet normal -0.201211 0.979548 0
    outer loop
      vertex 32.6633 3.08985 6.4
      vertex 32.7483 3.10731 6
      vertex 32.6633 3.08985 6
    endloop
  endfacet
  facet normal -0.292061 0.9564 0
    outer loop
      vertex 32.6633 3.08985 6
      vertex 32.5833 3.06542 6.4
      vertex 32.6633 3.08985 6.4
    endloop
  endfacet
  facet normal -0.292061 0.9564 0
    outer loop
      vertex 32.5833 3.06542 6.4
      vertex 32.6633 3.08985 6
      vertex 32.5833 3.06542 6
    endloop
  endfacet
  facet normal -0.38673 0.922193 0
    outer loop
      vertex 32.5833 3.06542 6
      vertex 32.5084 3.03401 6.4
      vertex 32.5833 3.06542 6.4
    endloop
  endfacet
  facet normal -0.38673 0.922193 0
    outer loop
      vertex 32.5084 3.03401 6.4
      vertex 32.5833 3.06542 6
      vertex 32.5084 3.03401 6
    endloop
  endfacet
  facet normal -0.482015 0.876163 0
    outer loop
      vertex 32.5084 3.03401 6
      vertex 32.4386 2.99561 6.4
      vertex 32.5084 3.03401 6.4
    endloop
  endfacet
  facet normal -0.482015 0.876163 0
    outer loop
      vertex 32.4386 2.99561 6.4
      vertex 32.5084 3.03401 6
      vertex 32.4386 2.99561 6
    endloop
  endfacet
  facet normal -0.574226 0.818697 0
    outer loop
      vertex 32.4386 2.99561 6
      vertex 32.3739 2.95023 6.4
      vertex 32.4386 2.99561 6.4
    endloop
  endfacet
  facet normal -0.574226 0.818697 0
    outer loop
      vertex 32.3739 2.95023 6.4
      vertex 32.4386 2.99561 6
      vertex 32.3739 2.95023 6
    endloop
  endfacet
  facet normal -0.661494 0.74995 0
    outer loop
      vertex 32.3739 2.95023 6
      vertex 32.3154 2.89863 6.4
      vertex 32.3739 2.95023 6.4
    endloop
  endfacet
  facet normal -0.661494 0.74995 0
    outer loop
      vertex 32.3154 2.89863 6.4
      vertex 32.3739 2.95023 6
      vertex 32.3154 2.89863 6
    endloop
  endfacet
  facet normal -0.744999 0.667066 0
    outer loop
      vertex 32.2643 2.84156 6
      vertex 32.3154 2.89863 6.4
      vertex 32.3154 2.89863 6
    endloop
  endfacet
  facet normal -0.744999 0.667066 0
    outer loop
      vertex 32.3154 2.89863 6.4
      vertex 32.2643 2.84156 6
      vertex 32.2643 2.84156 6.4
    endloop
  endfacet
  facet normal -0.820284 0.571956 0
    outer loop
      vertex 32.2207 2.77903 6
      vertex 32.2643 2.84156 6.4
      vertex 32.2643 2.84156 6
    endloop
  endfacet
  facet normal -0.820284 0.571956 0
    outer loop
      vertex 32.2643 2.84156 6.4
      vertex 32.2207 2.77903 6
      vertex 32.2207 2.77903 6.4
    endloop
  endfacet
  facet normal -0.883279 0.468848 0
    outer loop
      vertex 32.1846 2.71102 6
      vertex 32.2207 2.77903 6.4
      vertex 32.2207 2.77903 6
    endloop
  endfacet
  facet normal -0.883279 0.468848 0
    outer loop
      vertex 32.2207 2.77903 6.4
      vertex 32.1846 2.71102 6
      vertex 32.1846 2.71102 6.4
    endloop
  endfacet
  facet normal -0.931454 0.363859 0
    outer loop
      vertex 32.1559 2.63755 6
      vertex 32.1846 2.71102 6.4
      vertex 32.1846 2.71102 6
    endloop
  endfacet
  facet normal -0.931454 0.363859 0
    outer loop
      vertex 32.1846 2.71102 6.4
      vertex 32.1559 2.63755 6
      vertex 32.1559 2.63755 6.4
    endloop
  endfacet
  facet normal -0.96577 0.259399 0
    outer loop
      vertex 32.1347 2.55862 6
      vertex 32.1559 2.63755 6.4
      vertex 32.1559 2.63755 6
    endloop
  endfacet
  facet normal -0.96577 0.259399 0
    outer loop
      vertex 32.1559 2.63755 6.4
      vertex 32.1347 2.55862 6
      vertex 32.1347 2.55862 6.4
    endloop
  endfacet
  facet normal -0.986711 0.162484 0
    outer loop
      vertex 32.1208 2.47421 6
      vertex 32.1347 2.55862 6.4
      vertex 32.1347 2.55862 6
    endloop
  endfacet
  facet normal -0.986711 0.162484 0
    outer loop
      vertex 32.1347 2.55862 6.4
      vertex 32.1208 2.47421 6
      vertex 32.1208 2.47421 6.4
    endloop
  endfacet
  facet normal -0.0771814 -0.997017 0
    outer loop
      vertex 32.1208 2.47421 6
      vertex 32.44 2.4495 6.4
      vertex 32.1208 2.47421 6.4
    endloop
  endfacet
  facet normal -0.0771814 -0.997017 -0
    outer loop
      vertex 32.44 2.4495 6.4
      vertex 32.1208 2.47421 6
      vertex 32.44 2.4495 6
    endloop
  endfacet
  facet normal 0.988716 -0.149805 0
    outer loop
      vertex 32.44 2.4495 6.4
      vertex 32.4482 2.50362 6
      vertex 32.4482 2.50362 6.4
    endloop
  endfacet
  facet normal 0.988716 -0.149805 0
    outer loop
      vertex 32.4482 2.50362 6
      vertex 32.44 2.4495 6.4
      vertex 32.44 2.4495 6
    endloop
  endfacet
  facet normal 0.969837 -0.243755 0
    outer loop
      vertex 32.4482 2.50362 6.4
      vertex 32.4609 2.55415 6
      vertex 32.4609 2.55415 6.4
    endloop
  endfacet
  facet normal 0.969837 -0.243755 0
    outer loop
      vertex 32.4609 2.55415 6
      vertex 32.4482 2.50362 6.4
      vertex 32.4482 2.50362 6
    endloop
  endfacet
  facet normal 0.939548 -0.342418 0
    outer loop
      vertex 32.4609 2.55415 6.4
      vertex 32.478 2.60107 6
      vertex 32.478 2.60107 6.4
    endloop
  endfacet
  facet normal 0.939548 -0.342418 0
    outer loop
      vertex 32.478 2.60107 6
      vertex 32.4609 2.55415 6.4
      vertex 32.4609 2.55415 6
    endloop
  endfacet
  facet normal 0.894922 -0.446222 0
    outer loop
      vertex 32.478 2.60107 6.4
      vertex 32.4996 2.64439 6
      vertex 32.4996 2.64439 6.4
    endloop
  endfacet
  facet normal 0.894922 -0.446222 0
    outer loop
      vertex 32.4996 2.64439 6
      vertex 32.478 2.60107 6.4
      vertex 32.478 2.60107 6
    endloop
  endfacet
  facet normal 0.837715 -0.546107 0
    outer loop
      vertex 32.4996 2.64439 6.4
      vertex 32.5255 2.68412 6
      vertex 32.5255 2.68412 6.4
    endloop
  endfacet
  facet normal 0.837715 -0.546107 0
    outer loop
      vertex 32.5255 2.68412 6
      vertex 32.4996 2.64439 6.4
      vertex 32.4996 2.64439 6
    endloop
  endfacet
  facet normal 0.765087 -0.643927 0
    outer loop
      vertex 32.5255 2.68412 6.4
      vertex 32.5559 2.72024 6
      vertex 32.5559 2.72024 6.4
    endloop
  endfacet
  facet normal 0.765087 -0.643927 0
    outer loop
      vertex 32.5559 2.72024 6
      vertex 32.5255 2.68412 6.4
      vertex 32.5255 2.68412 6
    endloop
  endfacet
  facet normal 0.682879 -0.730531 0
    outer loop
      vertex 32.5559 2.72024 6
      vertex 32.5907 2.75277 6.4
      vertex 32.5559 2.72024 6.4
    endloop
  endfacet
  facet normal 0.682879 -0.730531 0
    outer loop
      vertex 32.5907 2.75277 6.4
      vertex 32.5559 2.72024 6
      vertex 32.5907 2.75277 6
    endloop
  endfacet
  facet normal 0.593391 -0.804915 0
    outer loop
      vertex 32.5907 2.75277 6
      vertex 32.6294 2.7813 6.4
      vertex 32.5907 2.75277 6.4
    endloop
  endfacet
  facet normal 0.593391 -0.804915 0
    outer loop
      vertex 32.6294 2.7813 6.4
      vertex 32.5907 2.75277 6
      vertex 32.6294 2.7813 6
    endloop
  endfacet
  facet normal 0.499209 -0.866482 0
    outer loop
      vertex 32.6294 2.7813 6
      vertex 32.6713 2.80544 6.4
      vertex 32.6294 2.7813 6.4
    endloop
  endfacet
  facet normal 0.499209 -0.866482 0
    outer loop
      vertex 32.6713 2.80544 6.4
      vertex 32.6294 2.7813 6
      vertex 32.6713 2.80544 6
    endloop
  endfacet
  facet normal 0.400564 -0.916269 0
    outer loop
      vertex 32.6713 2.80544 6
      vertex 32.7165 2.8252 6.4
      vertex 32.6713 2.80544 6.4
    endloop
  endfacet
  facet normal 0.400564 -0.916269 0
    outer loop
      vertex 32.7165 2.8252 6.4
      vertex 32.6713 2.80544 6
      vertex 32.7165 2.8252 6
    endloop
  endfacet
  facet normal 0.3021 -0.953276 0
    outer loop
      vertex 32.7165 2.8252 6
      vertex 32.765 2.84057 6.4
      vertex 32.7165 2.8252 6.4
    endloop
  endfacet
  facet normal 0.3021 -0.953276 0
    outer loop
      vertex 32.765 2.84057 6.4
      vertex 32.7165 2.8252 6
      vertex 32.765 2.84057 6
    endloop
  endfacet
  facet normal 0.207181 -0.978303 0
    outer loop
      vertex 32.765 2.84057 6
      vertex 32.8168 2.85154 6.4
      vertex 32.765 2.84057 6.4
    endloop
  endfacet
  facet normal 0.207181 -0.978303 0
    outer loop
      vertex 32.8168 2.85154 6.4
      vertex 32.765 2.84057 6
      vertex 32.8168 2.85154 6
    endloop
  endfacet
  facet normal 0.118967 -0.992898 0
    outer loop
      vertex 32.8168 2.85154 6
      vertex 32.8718 2.85813 6.4
      vertex 32.8168 2.85154 6.4
    endloop
  endfacet
  facet normal 0.118967 -0.992898 0
    outer loop
      vertex 32.8718 2.85813 6.4
      vertex 32.8168 2.85154 6
      vertex 32.8718 2.85813 6
    endloop
  endfacet
  facet normal 0.037709 -0.999289 0
    outer loop
      vertex 32.8718 2.85813 6
      vertex 32.9301 2.86033 6.4
      vertex 32.8718 2.85813 6.4
    endloop
  endfacet
  facet normal 0.037709 -0.999289 0
    outer loop
      vertex 32.9301 2.86033 6.4
      vertex 32.8718 2.85813 6
      vertex 32.9301 2.86033 6
    endloop
  endfacet
  facet normal -0.0371799 -0.999309 0
    outer loop
      vertex 32.9301 2.86033 6
      vertex 32.9938 2.85796 6.4
      vertex 32.9301 2.86033 6.4
    endloop
  endfacet
  facet normal -0.0371799 -0.999309 -0
    outer loop
      vertex 32.9938 2.85796 6.4
      vertex 32.9301 2.86033 6
      vertex 32.9938 2.85796 6
    endloop
  endfacet
  facet normal -0.118813 -0.992917 0
    outer loop
      vertex 32.9938 2.85796 6
      vertex 33.0528 2.8509 6.4
      vertex 32.9938 2.85796 6.4
    endloop
  endfacet
  facet normal -0.118813 -0.992917 -0
    outer loop
      vertex 33.0528 2.8509 6.4
      vertex 32.9938 2.85796 6
      vertex 33.0528 2.8509 6
    endloop
  endfacet
  facet normal -0.211639 -0.977348 0
    outer loop
      vertex 33.0528 2.8509 6
      vertex 33.1072 2.83912 6.4
      vertex 33.0528 2.8509 6.4
    endloop
  endfacet
  facet normal -0.211639 -0.977348 -0
    outer loop
      vertex 33.1072 2.83912 6.4
      vertex 33.0528 2.8509 6
      vertex 33.1072 2.83912 6
    endloop
  endfacet
  facet normal -0.314683 -0.949197 0
    outer loop
      vertex 33.1072 2.83912 6
      vertex 33.157 2.82261 6.4
      vertex 33.1072 2.83912 6.4
    endloop
  endfacet
  facet normal -0.314683 -0.949197 -0
    outer loop
      vertex 33.157 2.82261 6.4
      vertex 33.1072 2.83912 6
      vertex 33.157 2.82261 6
    endloop
  endfacet
  facet normal -0.425575 -0.904923 0
    outer loop
      vertex 33.157 2.82261 6
      vertex 33.2021 2.8014 6.4
      vertex 33.157 2.82261 6.4
    endloop
  endfacet
  facet normal -0.425575 -0.904923 -0
    outer loop
      vertex 33.2021 2.8014 6.4
      vertex 33.157 2.82261 6
      vertex 33.2021 2.8014 6
    endloop
  endfacet
  facet normal -0.539999 -0.841665 0
    outer loop
      vertex 33.2021 2.8014 6
      vertex 33.2425 2.77548 6.4
      vertex 33.2021 2.8014 6.4
    endloop
  endfacet
  facet normal -0.539999 -0.841665 -0
    outer loop
      vertex 33.2425 2.77548 6.4
      vertex 33.2021 2.8014 6
      vertex 33.2425 2.77548 6
    endloop
  endfacet
  facet normal -0.650232 -0.759736 0
    outer loop
      vertex 33.2425 2.77548 6
      vertex 33.2783 2.74484 6.4
      vertex 33.2425 2.77548 6.4
    endloop
  endfacet
  facet normal -0.650232 -0.759736 -0
    outer loop
      vertex 33.2783 2.74484 6.4
      vertex 33.2425 2.77548 6
      vertex 33.2783 2.74484 6
    endloop
  endfacet
  facet normal -0.744871 -0.667209 0
    outer loop
      vertex 33.3094 2.71012 6
      vertex 33.2783 2.74484 6.4
      vertex 33.2783 2.74484 6
    endloop
  endfacet
  facet normal -0.744871 -0.667209 0
    outer loop
      vertex 33.2783 2.74484 6.4
      vertex 33.3094 2.71012 6
      vertex 33.3094 2.71012 6.4
    endloop
  endfacet
  facet normal -0.822029 -0.569445 0
    outer loop
      vertex 33.3358 2.67201 6
      vertex 33.3094 2.71012 6.4
      vertex 33.3094 2.71012 6
    endloop
  endfacet
  facet normal -0.822029 -0.569445 0
    outer loop
      vertex 33.3094 2.71012 6.4
      vertex 33.3358 2.67201 6
      vertex 33.3358 2.67201 6.4
    endloop
  endfacet
  facet normal -0.888142 -0.459568 0
    outer loop
      vertex 33.3573 2.63046 6
      vertex 33.3358 2.67201 6.4
      vertex 33.3358 2.67201 6
    endloop
  endfacet
  facet normal -0.888142 -0.459568 0
    outer loop
      vertex 33.3358 2.67201 6.4
      vertex 33.3573 2.63046 6
      vertex 33.3573 2.63046 6.4
    endloop
  endfacet
  facet normal -0.937421 -0.348197 0
    outer loop
      vertex 33.374 2.5855 6
      vertex 33.3573 2.63046 6.4
      vertex 33.3573 2.63046 6
    endloop
  endfacet
  facet normal -0.937421 -0.348197 0
    outer loop
      vertex 33.3573 2.63046 6.4
      vertex 33.374 2.5855 6
      vertex 33.374 2.5855 6.4
    endloop
  endfacet
  facet normal -0.970589 -0.240741 0
    outer loop
      vertex 33.386 2.53712 6
      vertex 33.374 2.5855 6.4
      vertex 33.374 2.5855 6
    endloop
  endfacet
  facet normal -0.970589 -0.240741 0
    outer loop
      vertex 33.374 2.5855 6.4
      vertex 33.386 2.53712 6
      vertex 33.386 2.53712 6.4
    endloop
  endfacet
  facet normal -0.990481 -0.137647 0
    outer loop
      vertex 33.3932 2.48531 6
      vertex 33.386 2.53712 6.4
      vertex 33.386 2.53712 6
    endloop
  endfacet
  facet normal -0.990481 -0.137647 0
    outer loop
      vertex 33.386 2.53712 6.4
      vertex 33.3932 2.48531 6
      vertex 33.3932 2.48531 6.4
    endloop
  endfacet
  facet normal -0.999056 -0.0434372 0
    outer loop
      vertex 33.3956 2.43011 6
      vertex 33.3932 2.48531 6.4
      vertex 33.3932 2.48531 6
    endloop
  endfacet
  facet normal -0.999056 -0.0434372 0
    outer loop
      vertex 33.3932 2.48531 6.4
      vertex 33.3956 2.43011 6
      vertex 33.3956 2.43011 6.4
    endloop
  endfacet
  facet normal -0.998645 0.0520408 0
    outer loop
      vertex 33.3927 2.37446 6
      vertex 33.3956 2.43011 6.4
      vertex 33.3956 2.43011 6
    endloop
  endfacet
  facet normal -0.998645 0.0520408 0
    outer loop
      vertex 33.3956 2.43011 6.4
      vertex 33.3927 2.37446 6
      vertex 33.3927 2.37446 6.4
    endloop
  endfacet
  facet normal -0.986023 0.166609 0
    outer loop
      vertex 33.3839 2.32238 6
      vertex 33.3927 2.37446 6.4
      vertex 33.3927 2.37446 6
    endloop
  endfacet
  facet normal -0.986023 0.166609 0
    outer loop
      vertex 33.3927 2.37446 6.4
      vertex 33.3839 2.32238 6
      vertex 33.3839 2.32238 6.4
    endloop
  endfacet
  facet normal -0.957041 0.289953 0
    outer loop
      vertex 33.3692 2.27386 6
      vertex 33.3839 2.32238 6.4
      vertex 33.3839 2.32238 6
    endloop
  endfacet
  facet normal -0.957041 0.289953 0
    outer loop
      vertex 33.3839 2.32238 6.4
      vertex 33.3692 2.27386 6
      vertex 33.3692 2.27386 6.4
    endloop
  endfacet
  facet normal -0.909846 0.414946 0
    outer loop
      vertex 33.3487 2.22891 6
      vertex 33.3692 2.27386 6.4
      vertex 33.3692 2.27386 6
    endloop
  endfacet
  facet normal -0.909846 0.414946 0
    outer loop
      vertex 33.3692 2.27386 6.4
      vertex 33.3487 2.22891 6
      vertex 33.3487 2.22891 6.4
    endloop
  endfacet
  facet normal -0.843158 0.537666 0
    outer loop
      vertex 33.3223 2.18751 6
      vertex 33.3487 2.22891 6.4
      vertex 33.3487 2.22891 6
    endloop
  endfacet
  facet normal -0.843158 0.537666 0
    outer loop
      vertex 33.3487 2.22891 6.4
      vertex 33.3223 2.18751 6
      vertex 33.3223 2.18751 6.4
    endloop
  endfacet
  facet normal -0.760504 0.649333 0
    outer loop
      vertex 33.29 2.14968 6
      vertex 33.3223 2.18751 6.4
      vertex 33.3223 2.18751 6
    endloop
  endfacet
  facet normal -0.760504 0.649333 0
    outer loop
      vertex 33.3223 2.18751 6.4
      vertex 33.29 2.14968 6
      vertex 33.29 2.14968 6.4
    endloop
  endfacet
  facet normal -0.668857 0.743391 0
    outer loop
      vertex 33.29 2.14968 6
      vertex 33.2519 2.1154 6.4
      vertex 33.29 2.14968 6.4
    endloop
  endfacet
  facet normal -0.668857 0.743391 0
    outer loop
      vertex 33.2519 2.1154 6.4
      vertex 33.29 2.14968 6
      vertex 33.2519 2.1154 6
    endloop
  endfacet
  facet normal -0.569907 0.821709 0
    outer loop
      vertex 33.2519 2.1154 6
      vertex 33.2084 2.08523 6.4
      vertex 33.2519 2.1154 6.4
    endloop
  endfacet
  facet normal -0.569907 0.821709 0
    outer loop
      vertex 33.2084 2.08523 6.4
      vertex 33.2519 2.1154 6
      vertex 33.2084 2.08523 6
    endloop
  endfacet
  facet normal -0.468065 0.883694 0
    outer loop
      vertex 33.2084 2.08523 6
      vertex 33.1602 2.0597 6.4
      vertex 33.2084 2.08523 6.4
    endloop
  endfacet
  facet normal -0.468065 0.883694 0
    outer loop
      vertex 33.1602 2.0597 6.4
      vertex 33.2084 2.08523 6
      vertex 33.1602 2.0597 6
    endloop
  endfacet
  facet normal -0.366695 0.930341 0
    outer loop
      vertex 33.1602 2.0597 6
      vertex 33.1072 2.03881 6.4
      vertex 33.1602 2.0597 6.4
    endloop
  endfacet
  facet normal -0.366695 0.930341 0
    outer loop
      vertex 33.1072 2.03881 6.4
      vertex 33.1602 2.0597 6
      vertex 33.1072 2.03881 6
    endloop
  endfacet
  facet normal -0.270649 0.962678 0
    outer loop
      vertex 33.1072 2.03881 6
      vertex 33.0494 2.02256 6.4
      vertex 33.1072 2.03881 6.4
    endloop
  endfacet
  facet normal -0.270649 0.962678 0
    outer loop
      vertex 33.0494 2.02256 6.4
      vertex 33.1072 2.03881 6
      vertex 33.0494 2.02256 6
    endloop
  endfacet
  facet normal -0.182202 0.983261 0
    outer loop
      vertex 33.0494 2.02256 6
      vertex 32.9868 2.01096 6.4
      vertex 33.0494 2.02256 6.4
    endloop
  endfacet
  facet normal -0.182202 0.983261 0
    outer loop
      vertex 32.9868 2.01096 6.4
      vertex 33.0494 2.02256 6
      vertex 32.9868 2.01096 6
    endloop
  endfacet
  facet normal -0.102864 0.994695 0
    outer loop
      vertex 32.9868 2.01096 6
      vertex 32.9194 2.00399 6.4
      vertex 32.9868 2.01096 6.4
    endloop
  endfacet
  facet normal -0.102864 0.994695 0
    outer loop
      vertex 32.9194 2.00399 6.4
      vertex 32.9868 2.01096 6
      vertex 32.9194 2.00399 6
    endloop
  endfacet
  facet normal -0.0321609 0.999483 0
    outer loop
      vertex 32.9194 2.00399 6
      vertex 32.8473 2.00167 6.4
      vertex 32.9194 2.00399 6.4
    endloop
  endfacet
  facet normal -0.0321609 0.999483 0
    outer loop
      vertex 32.8473 2.00167 6.4
      vertex 32.9194 2.00399 6
      vertex 32.8473 2.00167 6
    endloop
  endfacet
  facet normal 0 1 -0
    outer loop
      vertex 32.8473 2.00167 6
      vertex 32.6745 2.00167 6.4
      vertex 32.8473 2.00167 6.4
    endloop
  endfacet
  facet normal 0 1 0
    outer loop
      vertex 32.6745 2.00167 6.4
      vertex 32.8473 2.00167 6
      vertex 32.6745 2.00167 6
    endloop
  endfacet
  facet normal -1 0 0
    outer loop
      vertex 32.6745 1.72662 6
      vertex 32.6745 2.00167 6.4
      vertex 32.6745 2.00167 6
    endloop
  endfacet
  facet normal -1 -0 0
    outer loop
      vertex 32.6745 2.00167 6.4
      vertex 32.6745 1.72662 6
      vertex 32.6745 1.72662 6.4
    endloop
  endfacet
  facet normal 0 -1 0
    outer loop
      vertex 32.6745 1.72662 6
      vertex 32.8543 1.72662 6.4
      vertex 32.6745 1.72662 6.4
    endloop
  endfacet
  facet normal 0 -1 -0
    outer loop
      vertex 32.8543 1.72662 6.4
      vertex 32.6745 1.72662 6
      vertex 32.8543 1.72662 6
    endloop
  endfacet
  facet normal -0.0285247 -0.999593 0
    outer loop
      vertex 32.8543 1.72662 6
      vertex 32.9356 1.7243 6.4
      vertex 32.8543 1.72662 6.4
    endloop
  endfacet
  facet normal -0.0285247 -0.999593 -0
    outer loop
      vertex 32.9356 1.7243 6.4
      vertex 32.8543 1.72662 6
      vertex 32.9356 1.7243 6
    endloop
  endfacet
  facet normal -0.0915557 -0.9958 0
    outer loop
      vertex 32.9356 1.7243 6
      vertex 33.0113 1.71734 6.4
      vertex 32.9356 1.7243 6.4
    endloop
  endfacet
  facet normal -0.0915557 -0.9958 -0
    outer loop
      vertex 33.0113 1.71734 6.4
      vertex 32.9356 1.7243 6
      vertex 33.0113 1.71734 6
    endloop
  endfacet
  facet normal -0.163485 -0.986546 0
    outer loop
      vertex 33.0113 1.71734 6
      vertex 33.0813 1.70574 6.4
      vertex 33.0113 1.71734 6.4
    endloop
  endfacet
  facet normal -0.163485 -0.986546 -0
    outer loop
      vertex 33.0813 1.70574 6.4
      vertex 33.0113 1.71734 6
      vertex 33.0813 1.70574 6
    endloop
  endfacet
  facet normal -0.245018 -0.969518 0
    outer loop
      vertex 33.0813 1.70574 6
      vertex 33.1456 1.68949 6.4
      vertex 33.0813 1.70574 6.4
    endloop
  endfacet
  facet normal -0.245018 -0.969518 -0
    outer loop
      vertex 33.1456 1.68949 6.4
      vertex 33.0813 1.70574 6
      vertex 33.1456 1.68949 6
    endloop
  endfacet
  facet normal -0.335279 -0.942119 0
    outer loop
      vertex 33.1456 1.68949 6
      vertex 33.2043 1.6686 6.4
      vertex 33.1456 1.68949 6.4
    endloop
  endfacet
  facet normal -0.335279 -0.942119 -0
    outer loop
      vertex 33.2043 1.6686 6.4
      vertex 33.1456 1.68949 6
      vertex 33.2043 1.6686 6
    endloop
  endfacet
  facet normal -0.43331 -0.901245 0
    outer loop
      vertex 33.2043 1.6686 6
      vertex 33.2574 1.64307 6.4
      vertex 33.2043 1.6686 6.4
    endloop
  endfacet
  facet normal -0.43331 -0.901245 -0
    outer loop
      vertex 33.2574 1.64307 6.4
      vertex 33.2043 1.6686 6
      vertex 33.2574 1.64307 6
    endloop
  endfacet
  facet normal -0.537083 -0.84353 0
    outer loop
      vertex 33.2574 1.64307 6
      vertex 33.3048 1.61289 6.4
      vertex 33.2574 1.64307 6.4
    endloop
  endfacet
  facet normal -0.537083 -0.84353 -0
    outer loop
      vertex 33.3048 1.61289 6.4
      vertex 33.2574 1.64307 6
      vertex 33.3048 1.61289 6
    endloop
  endfacet
  facet normal -0.637986 -0.770048 0
    outer loop
      vertex 33.3048 1.61289 6
      vertex 33.3462 1.57859 6.4
      vertex 33.3048 1.61289 6.4
    endloop
  endfacet
  facet normal -0.637986 -0.770048 -0
    outer loop
      vertex 33.3462 1.57859 6.4
      vertex 33.3048 1.61289 6
      vertex 33.3462 1.57859 6
    endloop
  endfacet
  facet normal -0.7351 -0.677958 0
    outer loop
      vertex 33.3812 1.54064 6
      vertex 33.3462 1.57859 6.4
      vertex 33.3462 1.57859 6
    endloop
  endfacet
  facet normal -0.7351 -0.677958 0
    outer loop
      vertex 33.3462 1.57859 6.4
      vertex 33.3812 1.54064 6
      vertex 33.3812 1.54064 6.4
    endloop
  endfacet
  facet normal -0.822862 -0.568242 0
    outer loop
      vertex 33.4099 1.49908 6
      vertex 33.3812 1.54064 6.4
      vertex 33.3812 1.54064 6
    endloop
  endfacet
  facet normal -0.822862 -0.568242 0
    outer loop
      vertex 33.3812 1.54064 6.4
      vertex 33.4099 1.49908 6
      vertex 33.4099 1.49908 6.4
    endloop
  endfacet
  facet normal -0.896834 -0.442367 0
    outer loop
      vertex 33.4322 1.45387 6
      vertex 33.4099 1.49908 6.4
      vertex 33.4099 1.49908 6
    endloop
  endfacet
  facet normal -0.896834 -0.442367 0
    outer loop
      vertex 33.4099 1.49908 6.4
      vertex 33.4322 1.45387 6
      vertex 33.4322 1.45387 6.4
    endloop
  endfacet
  facet normal -0.950898 -0.309504 0
    outer loop
      vertex 33.4481 1.40502 6
      vertex 33.4322 1.45387 6.4
      vertex 33.4322 1.45387 6
    endloop
  endfacet
  facet normal -0.950898 -0.309504 0
    outer loop
      vertex 33.4322 1.45387 6.4
      vertex 33.4481 1.40502 6
      vertex 33.4481 1.40502 6.4
    endloop
  endfacet
  facet normal -0.984014 -0.178094 0
    outer loop
      vertex 33.4576 1.35253 6
      vertex 33.4481 1.40502 6.4
      vertex 33.4481 1.40502 6
    endloop
  endfacet
  facet normal -0.984014 -0.178094 0
    outer loop
      vertex 33.4481 1.40502 6.4
      vertex 33.4576 1.35253 6
      vertex 33.4576 1.35253 6.4
    endloop
  endfacet
  facet normal -0.998377 -0.0569484 0
    outer loop
      vertex 33.4608 1.29643 6
      vertex 33.4576 1.35253 6.4
      vertex 33.4576 1.35253 6
    endloop
  endfacet
  facet normal -0.998377 -0.0569484 0
    outer loop
      vertex 33.4576 1.35253 6.4
      vertex 33.4608 1.29643 6
      vertex 33.4608 1.29643 6.4
    endloop
  endfacet
  facet normal -0.999049 0.0436062 0
    outer loop
      vertex 33.458 1.23228 6
      vertex 33.4608 1.29643 6.4
      vertex 33.4608 1.29643 6
    endloop
  endfacet
  facet normal -0.999049 0.0436062 0
    outer loop
      vertex 33.4608 1.29643 6.4
      vertex 33.458 1.23228 6
      vertex 33.458 1.23228 6.4
    endloop
  endfacet
  facet normal -0.990404 0.138204 0
    outer loop
      vertex 33.4497 1.1728 6
      vertex 33.458 1.23228 6.4
      vertex 33.458 1.23228 6
    endloop
  endfacet
  facet normal -0.990404 0.138204 0
    outer loop
      vertex 33.458 1.23228 6.4
      vertex 33.4497 1.1728 6
      vertex 33.4497 1.1728 6.4
    endloop
  endfacet
  facet normal -0.968892 0.247482 0
    outer loop
      vertex 33.4357 1.11799 6
      vertex 33.4497 1.1728 6.4
      vertex 33.4497 1.1728 6
    endloop
  endfacet
  facet normal -0.968892 0.247482 0
    outer loop
      vertex 33.4497 1.1728 6.4
      vertex 33.4357 1.11799 6
      vertex 33.4357 1.11799 6.4
    endloop
  endfacet
  facet normal -0.931973 0.362527 0
    outer loop
      vertex 33.4162 1.06786 6
      vertex 33.4357 1.11799 6.4
      vertex 33.4357 1.11799 6
    endloop
  endfacet
  facet normal -0.931973 0.362527 0
    outer loop
      vertex 33.4357 1.11799 6.4
      vertex 33.4162 1.06786 6
      vertex 33.4162 1.06786 6.4
    endloop
  endfacet
  facet normal -0.875336 0.483515 0
    outer loop
      vertex 33.3911 1.02242 6
      vertex 33.4162 1.06786 6.4
      vertex 33.4162 1.06786 6
    endloop
  endfacet
  facet normal -0.875336 0.483515 0
    outer loop
      vertex 33.4162 1.06786 6.4
      vertex 33.3911 1.02242 6
      vertex 33.3911 1.02242 6.4
    endloop
  endfacet
  facet normal -0.798832 0.601554 0
    outer loop
      vertex 33.3604 0.981652 6
      vertex 33.3911 1.02242 6.4
      vertex 33.3911 1.02242 6
    endloop
  endfacet
  facet normal -0.798832 0.601554 0
    outer loop
      vertex 33.3911 1.02242 6.4
      vertex 33.3604 0.981652 6
      vertex 33.3604 0.981652 6.4
    endloop
  endfacet
  facet normal -0.706001 0.708211 0
    outer loop
      vertex 33.3604 0.981652 6
      vertex 33.3242 0.945565 6.4
      vertex 33.3604 0.981652 6.4
    endloop
  endfacet
  facet normal -0.706001 0.708211 0
    outer loop
      vertex 33.3242 0.945565 6.4
      vertex 33.3604 0.981652 6
      vertex 33.3242 0.945565 6
    endloop
  endfacet
  facet normal -0.605438 0.795892 0
    outer loop
      vertex 33.3242 0.945565 6
      vertex 33.283 0.914224 6.4
      vertex 33.3242 0.945565 6.4
    endloop
  endfacet
  facet normal -0.605438 0.795892 0
    outer loop
      vertex 33.283 0.914224 6.4
      vertex 33.3242 0.945565 6
      vertex 33.283 0.914224 6
    endloop
  endfacet
  facet normal -0.505221 0.86299 0
    outer loop
      vertex 33.283 0.914224 6
      vertex 33.2377 0.887704 6.4
      vertex 33.283 0.914224 6.4
    endloop
  endfacet
  facet normal -0.505221 0.86299 0
    outer loop
      vertex 33.2377 0.887704 6.4
      vertex 33.283 0.914224 6
      vertex 33.2377 0.887704 6
    endloop
  endfacet
  facet normal -0.400788 0.916171 0
    outer loop
      vertex 33.2377 0.887704 6
      vertex 33.1881 0.866006 6.4
      vertex 33.2377 0.887704 6.4
    endloop
  endfacet
  facet normal -0.400788 0.916171 0
    outer loop
      vertex 33.1881 0.866006 6.4
      vertex 33.2377 0.887704 6
      vertex 33.1881 0.866006 6
    endloop
  endfacet
  facet normal -0.299301 0.954159 0
    outer loop
      vertex 33.1881 0.866006 6
      vertex 33.1343 0.84913 6.4
      vertex 33.1881 0.866006 6.4
    endloop
  endfacet
  facet normal -0.299301 0.954159 0
    outer loop
      vertex 33.1343 0.84913 6.4
      vertex 33.1881 0.866006 6
      vertex 33.1343 0.84913 6
    endloop
  endfacet
  facet normal -0.203833 0.979006 0
    outer loop
      vertex 33.1343 0.84913 6
      vertex 33.0764 0.837075 6.4
      vertex 33.1343 0.84913 6.4
    endloop
  endfacet
  facet normal -0.203833 0.979006 0
    outer loop
      vertex 33.0764 0.837075 6.4
      vertex 33.1343 0.84913 6
      vertex 33.0764 0.837075 6
    endloop
  endfacet
  facet normal -0.115256 0.993336 0
    outer loop
      vertex 33.0764 0.837075 6
      vertex 33.0142 0.829858 6.4
      vertex 33.0764 0.837075 6.4
    endloop
  endfacet
  facet normal -0.115256 0.993336 0
    outer loop
      vertex 33.0142 0.829858 6.4
      vertex 33.0764 0.837075 6
      vertex 33.0142 0.829858 6
    endloop
  endfacet
  facet normal -0.0362863 0.999341 0
    outer loop
      vertex 33.0142 0.829858 6
      vertex 32.9478 0.827447 6.4
      vertex 33.0142 0.829858 6.4
    endloop
  endfacet
  facet normal -0.0362863 0.999341 0
    outer loop
      vertex 32.9478 0.827447 6.4
      vertex 33.0142 0.829858 6
      vertex 32.9478 0.827447 6
    endloop
  endfacet
  facet normal 0.0699841 0.997548 -0
    outer loop
      vertex 32.9478 0.827447 6
      vertex 32.8197 0.836434 6.4
      vertex 32.9478 0.827447 6.4
    endloop
  endfacet
  facet normal 0.0699841 0.997548 0
    outer loop
      vertex 32.8197 0.836434 6.4
      vertex 32.9478 0.827447 6
      vertex 32.8197 0.836434 6
    endloop
  endfacet
  facet normal 0.236093 0.97173 -0
    outer loop
      vertex 32.8197 0.836434 6
      vertex 32.7086 0.863427 6.4
      vertex 32.8197 0.836434 6.4
    endloop
  endfacet
  facet normal 0.236093 0.97173 0
    outer loop
      vertex 32.7086 0.863427 6.4
      vertex 32.8197 0.836434 6
      vertex 32.7086 0.863427 6
    endloop
  endfacet
  facet normal 0.430427 0.902625 -0
    outer loop
      vertex 32.7086 0.863427 6
      vertex 32.6143 0.908395 6.4
      vertex 32.7086 0.863427 6.4
    endloop
  endfacet
  facet normal 0.430427 0.902625 0
    outer loop
      vertex 32.6143 0.908395 6.4
      vertex 32.7086 0.863427 6
      vertex 32.6143 0.908395 6
    endloop
  endfacet
  facet normal 0.631599 0.775295 -0
    outer loop
      vertex 32.6143 0.908395 6
      vertex 32.537 0.971368 6.4
      vertex 32.6143 0.908395 6.4
    endloop
  endfacet
  facet normal 0.631599 0.775295 0
    outer loop
      vertex 32.537 0.971368 6.4
      vertex 32.6143 0.908395 6
      vertex 32.537 0.971368 6
    endloop
  endfacet
  facet normal 0.801525 0.597961 0
    outer loop
      vertex 32.537 0.971368 6.4
      vertex 32.4766 1.05233 6
      vertex 32.4766 1.05233 6.4
    endloop
  endfacet
  facet normal 0.801525 0.597961 0
    outer loop
      vertex 32.4766 1.05233 6
      vertex 32.537 0.971368 6.4
      vertex 32.537 0.971368 6
    endloop
  endfacet
  facet normal 0.915445 0.402444 0
    outer loop
      vertex 32.4766 1.05233 6.4
      vertex 32.4331 1.15128 6
      vertex 32.4331 1.15128 6.4
    endloop
  endfacet
  facet normal 0.915445 0.402444 0
    outer loop
      vertex 32.4331 1.15128 6
      vertex 32.4766 1.05233 6.4
      vertex 32.4766 1.05233 6
    endloop
  endfacet
  facet normal 0.975088 0.221819 0
    outer loop
      vertex 32.4331 1.15128 6.4
      vertex 32.4065 1.26821 6
      vertex 32.4065 1.26821 6.4
    endloop
  endfacet
  facet normal 0.975088 0.221819 0
    outer loop
      vertex 32.4065 1.26821 6
      vertex 32.4331 1.15128 6.4
      vertex 32.4331 1.15128 6
    endloop
  endfacet
  facet normal -0.0909929 0.995852 0
    outer loop
      vertex 32.4065 1.26821 6
      vertex 32.0785 1.23824 6.4
      vertex 32.4065 1.26821 6.4
    endloop
  endfacet
  facet normal -0.0909929 0.995852 0
    outer loop
      vertex 32.0785 1.23824 6.4
      vertex 32.4065 1.26821 6
      vertex 32.0785 1.23824 6
    endloop
  endfacet
  facet normal -0.985534 -0.169476 0
    outer loop
      vertex 32.0943 1.14636 6
      vertex 32.0785 1.23824 6.4
      vertex 32.0785 1.23824 6
    endloop
  endfacet
  facet normal -0.985534 -0.169476 0
    outer loop
      vertex 32.0785 1.23824 6.4
      vertex 32.0943 1.14636 6
      vertex 32.0943 1.14636 6.4
    endloop
  endfacet
  facet normal -0.964596 -0.26373 0
    outer loop
      vertex 32.1176 1.06114 6
      vertex 32.0943 1.14636 6.4
      vertex 32.0943 1.14636 6
    endloop
  endfacet
  facet normal -0.964596 -0.26373 0
    outer loop
      vertex 32.0943 1.14636 6.4
      vertex 32.1176 1.06114 6
      vertex 32.1176 1.06114 6.4
    endloop
  endfacet
  facet normal -0.931402 -0.363991 0
    outer loop
      vertex 32.1483 0.982583 6
      vertex 32.1176 1.06114 6.4
      vertex 32.1176 1.06114 6
    endloop
  endfacet
  facet normal -0.931402 -0.363991 0
    outer loop
      vertex 32.1176 1.06114 6.4
      vertex 32.1483 0.982583 6
      vertex 32.1483 0.982583 6.4
    endloop
  endfacet
  facet normal -0.88314 -0.469109 0
    outer loop
      vertex 32.1865 0.910668 6
      vertex 32.1483 0.982583 6.4
      vertex 32.1483 0.982583 6
    endloop
  endfacet
  facet normal -0.88314 -0.469109 0
    outer loop
      vertex 32.1483 0.982583 6.4
      vertex 32.1865 0.910668 6
      vertex 32.1865 0.910668 6.4
    endloop
  endfacet
  facet normal -0.819658 -0.572853 0
    outer loop
      vertex 32.2321 0.845422 6
      vertex 32.1865 0.910668 6.4
      vertex 32.1865 0.910668 6
    endloop
  endfacet
  facet normal -0.819658 -0.572853 0
    outer loop
      vertex 32.1865 0.910668 6.4
      vertex 32.2321 0.845422 6
      vertex 32.2321 0.845422 6.4
    endloop
  endfacet
  facet normal -0.741707 -0.670724 0
    outer loop
      vertex 32.2851 0.786813 6
      vertex 32.2321 0.845422 6.4
      vertex 32.2321 0.845422 6
    endloop
  endfacet
  facet normal -0.741707 -0.670724 0
    outer loop
      vertex 32.2321 0.845422 6.4
      vertex 32.2851 0.786813 6
      vertex 32.2851 0.786813 6.4
    endloop
  endfacet
  facet normal -0.65067 -0.759361 0
    outer loop
      vertex 32.2851 0.786813 6
      vertex 32.3457 0.734887 6.4
      vertex 32.2851 0.786813 6.4
    endloop
  endfacet
  facet normal -0.65067 -0.759361 -0
    outer loop
      vertex 32.3457 0.734887 6.4
      vertex 32.2851 0.786813 6
      vertex 32.3457 0.734887 6
    endloop
  endfacet
  facet normal -0.557127 -0.830427 0
    outer loop
      vertex 32.3457 0.734887 6
      vertex 32.413 0.689736 6.4
      vertex 32.3457 0.734887 6.4
    endloop
  endfacet
  facet normal -0.557127 -0.830427 -0
    outer loop
      vertex 32.413 0.689736 6.4
      vertex 32.3457 0.734887 6
      vertex 32.413 0.689736 6
    endloop
  endfacet
  facet normal -0.460593 -0.887611 0
    outer loop
      vertex 32.413 0.689736 6
      vertex 32.4866 0.651544 6.4
      vertex 32.413 0.689736 6.4
    endloop
  endfacet
  facet normal -0.460593 -0.887611 -0
    outer loop
      vertex 32.4866 0.651544 6.4
      vertex 32.413 0.689736 6
      vertex 32.4866 0.651544 6
    endloop
  endfacet
  facet normal -0.365038 -0.930993 0
    outer loop
      vertex 32.4866 0.651544 6
      vertex 32.5663 0.620294 6.4
      vertex 32.4866 0.651544 6.4
    endloop
  endfacet
  facet normal -0.365038 -0.930993 -0
    outer loop
      vertex 32.5663 0.620294 6.4
      vertex 32.4866 0.651544 6
      vertex 32.5663 0.620294 6
    endloop
  endfacet
  facet normal -0.271537 -0.962428 0
    outer loop
      vertex 32.5663 0.620294 6
      vertex 32.6524 0.596002 6.4
      vertex 32.5663 0.620294 6.4
    endloop
  endfacet
  facet normal -0.271537 -0.962428 -0
    outer loop
      vertex 32.6524 0.596002 6.4
      vertex 32.5663 0.620294 6
      vertex 32.6524 0.596002 6
    endloop
  endfacet
  facet normal -0.185086 -0.982722 0
    outer loop
      vertex 32.6524 0.596002 6
      vertex 32.7446 0.578637 6.4
      vertex 32.6524 0.596002 6.4
    endloop
  endfacet
  facet normal -0.185086 -0.982722 -0
    outer loop
      vertex 32.7446 0.578637 6.4
      vertex 32.6524 0.596002 6
      vertex 32.7446 0.578637 6
    endloop
  endfacet
  facet normal -0.10506 -0.994466 0
    outer loop
      vertex 32.7446 0.578637 6
      vertex 32.8431 0.568231 6.4
      vertex 32.7446 0.578637 6.4
    endloop
  endfacet
  facet normal -0.10506 -0.994466 -0
    outer loop
      vertex 32.8431 0.568231 6.4
      vertex 32.7446 0.578637 6
      vertex 32.8431 0.568231 6
    endloop
  endfacet
  facet normal -0.0332099 -0.999448 0
    outer loop
      vertex 32.8431 0.568231 6
      vertex 32.9478 0.564752 6.4
      vertex 32.8431 0.568231 6.4
    endloop
  endfacet
  facet normal -0.0332099 -0.999448 -0
    outer loop
      vertex 32.9478 0.564752 6.4
      vertex 32.8431 0.568231 6
      vertex 32.9478 0.564752 6
    endloop
  endfacet
  facet normal 0.0343101 -0.999411 0
    outer loop
      vertex 32.9478 0.564752 6
      vertex 33.0598 0.568597 6.4
      vertex 32.9478 0.564752 6.4
    endloop
  endfacet
  facet normal 0.0343101 -0.999411 0
    outer loop
      vertex 33.0598 0.568597 6.4
      vertex 32.9478 0.564752 6
      vertex 33.0598 0.568597 6
    endloop
  endfacet
  facet normal 0 1 -0
    outer loop
      vertex 30.8319 0.869744 6
      vertex 30.2271 0.869744 6.4
      vertex 30.8319 0.869744 6.4
    endloop
  endfacet
  facet normal 0 1 0
    outer loop
      vertex 30.2271 0.869744 6.4
      vertex 30.8319 0.869744 6
      vertex 30.2271 0.869744 6
    endloop
  endfacet
  facet normal 1 -0 0
    outer loop
      vertex 30.2271 0.869744 6.4
      vertex 30.2271 3.08424 6
      vertex 30.2271 3.08424 6.4
    endloop
  endfacet
  facet normal 1 0 0
    outer loop
      vertex 30.2271 3.08424 6
      vertex 30.2271 0.869744 6.4
      vertex 30.2271 0.869744 6
    endloop
  endfacet
  facet normal 0 1 -0
    outer loop
      vertex 30.2271 3.08424 6
      vertex 29.9345 3.08424 6.4
      vertex 30.2271 3.08424 6.4
    endloop
  endfacet
  facet normal 0 1 0
    outer loop
      vertex 29.9345 3.08424 6.4
      vertex 30.2271 3.08424 6
      vertex 29.9345 3.08424 6
    endloop
  endfacet
  facet normal -0.566576 0.824009 0
    outer loop
      vertex 29.9345 3.08424 6
      vertex 29.3473 2.68049 6.4
      vertex 29.9345 3.08424 6.4
    endloop
  endfacet
  facet normal -0.566576 0.824009 0
    outer loop
      vertex 29.3473 2.68049 6.4
      vertex 29.9345 3.08424 6
      vertex 29.3473 2.68049 6
    endloop
  endfacet
  facet normal -1 0 0
    outer loop
      vertex 29.3473 2.38076 6
      vertex 29.3473 2.68049 6.4
      vertex 29.3473 2.68049 6
    endloop
  endfacet
  facet normal -1 -0 0
    outer loop
      vertex 29.3473 2.68049 6.4
      vertex 29.3473 2.38076 6
      vertex 29.3473 2.38076 6.4
    endloop
  endfacet
  facet normal 0.580959 -0.813933 0
    outer loop
      vertex 29.3473 2.38076 6
      vertex 29.908 2.78097 6.4
      vertex 29.3473 2.38076 6.4
    endloop
  endfacet
  facet normal 0.580959 -0.813933 0
    outer loop
      vertex 29.908 2.78097 6.4
      vertex 29.3473 2.38076 6
      vertex 29.908 2.78097 6
    endloop
  endfacet
  facet normal -1 0 0
    outer loop
      vertex 29.908 0.869744 6
      vertex 29.908 2.78097 6.4
      vertex 29.908 2.78097 6
    endloop
  endfacet
  facet normal -1 -0 0
    outer loop
      vertex 29.908 2.78097 6.4
      vertex 29.908 0.869744 6
      vertex 29.908 0.869744 6.4
    endloop
  endfacet
  facet normal 0 1 -0
    outer loop
      vertex 29.908 0.869744 6
      vertex 29.275 0.869744 6.4
      vertex 29.908 0.869744 6.4
    endloop
  endfacet
  facet normal 0 1 0
    outer loop
      vertex 29.275 0.869744 6.4
      vertex 29.908 0.869744 6
      vertex 29.275 0.869744 6
    endloop
  endfacet
  facet normal -1 0 0
    outer loop
      vertex 29.275 0.599999 6
      vertex 29.275 0.869744 6.4
      vertex 29.275 0.869744 6
    endloop
  endfacet
  facet normal -1 -0 0
    outer loop
      vertex 29.275 0.869744 6.4
      vertex 29.275 0.599999 6
      vertex 29.275 0.599999 6.4
    endloop
  endfacet
  facet normal 0 -1 0
    outer loop
      vertex 29.275 0.599999 6
      vertex 30.8319 0.599999 6.4
      vertex 29.275 0.599999 6.4
    endloop
  endfacet
  facet normal 0 -1 -0
    outer loop
      vertex 30.8319 0.599999 6.4
      vertex 29.275 0.599999 6
      vertex 30.8319 0.599999 6
    endloop
  endfacet
  facet normal 1 -0 0
    outer loop
      vertex 30.8319 0.599999 6.4
      vertex 30.8319 0.869744 6
      vertex 30.8319 0.869744 6.4
    endloop
  endfacet
  facet normal 1 0 0
    outer loop
      vertex 30.8319 0.869744 6
      vertex 30.8319 0.599999 6.4
      vertex 30.8319 0.599999 6
    endloop
  endfacet
  facet normal 0 1 -0
    outer loop
      vertex 31.6348 0.986123 6
      vertex 31.2909 0.986123 6.4
      vertex 31.6348 0.986123 6.4
    endloop
  endfacet
  facet normal 0 1 0
    outer loop
      vertex 31.2909 0.986123 6.4
      vertex 31.6348 0.986123 6
      vertex 31.2909 0.986123 6
    endloop
  endfacet
  facet normal -1 0 0
    outer loop
      vertex 31.2909 0.599999 6
      vertex 31.2909 0.986123 6.4
      vertex 31.2909 0.986123 6
    endloop
  endfacet
  facet normal -1 -0 0
    outer loop
      vertex 31.2909 0.986123 6.4
      vertex 31.2909 0.599999 6
      vertex 31.2909 0.599999 6.4
    endloop
  endfacet
  facet normal 0 -1 0
    outer loop
      vertex 31.2909 0.599999 6
      vertex 31.6348 0.599999 6.4
      vertex 31.2909 0.599999 6.4
    endloop
  endfacet
  facet normal 0 -1 -0
    outer loop
      vertex 31.6348 0.599999 6.4
      vertex 31.2909 0.599999 6
      vertex 31.6348 0.599999 6
    endloop
  endfacet
  facet normal 1 -0 0
    outer loop
      vertex 31.6348 0.599999 6.4
      vertex 31.6348 0.986123 6
      vertex 31.6348 0.986123 6.4
    endloop
  endfacet
  facet normal 1 0 0
    outer loop
      vertex 31.6348 0.986123 6
      vertex 31.6348 0.599999 6.4
      vertex 31.6348 0.599999 6
    endloop
  endfacet
  facet normal 0 0 1
    outer loop
      vertex 37.908 2.78097 6.4
      vertex 38.2271 3.08424 6.4
      vertex 37.9345 3.08424 6.4
    endloop
  endfacet
  facet normal -0 0 1
    outer loop
      vertex 38.2271 0.869744 6.4
      vertex 38.8319 0.599999 6.4
      vertex 38.8319 0.869744 6.4
    endloop
  endfacet
  facet normal 0 0 1
    outer loop
      vertex 38.2271 3.08424 6.4
      vertex 37.908 2.78097 6.4
      vertex 38.2271 0.869744 6.4
    endloop
  endfacet
  facet normal 0 0 1
    outer loop
      vertex 37.908 0.869744 6.4
      vertex 38.2271 0.869744 6.4
      vertex 37.908 2.78097 6.4
    endloop
  endfacet
  facet normal -0 0 1
    outer loop
      vertex 37.908 0.869744 6.4
      vertex 38.8319 0.599999 6.4
      vertex 38.2271 0.869744 6.4
    endloop
  endfacet
  facet normal 0 0 1
    outer loop
      vertex 37.275 0.599999 6.4
      vertex 37.908 0.869744 6.4
      vertex 37.275 0.869744 6.4
    endloop
  endfacet
  facet normal 0 0 1
    outer loop
      vertex 37.908 0.869744 6.4
      vertex 37.275 0.599999 6.4
      vertex 38.8319 0.599999 6.4
    endloop
  endfacet
  facet normal 0 0 1
    outer loop
      vertex 37.3473 2.68049 6.4
      vertex 37.908 2.78097 6.4
      vertex 37.9345 3.08424 6.4
    endloop
  endfacet
  facet normal 0 0 1
    outer loop
      vertex 37.908 2.78097 6.4
      vertex 37.3473 2.68049 6.4
      vertex 37.3473 2.38076 6.4
    endloop
  endfacet
  facet normal -0 0 1
    outer loop
      vertex 40.3166 1.4128 6.4
      vertex 41.1946 1.16242 6.4
      vertex 41.1946 1.4128 6.4
    endloop
  endfacet
  facet normal 0 0 1
    outer loop
      vertex 40.0239 1.16242 6.4
      vertex 40.3166 1.4128 6.4
      vertex 40.0239 1.40926 6.4
    endloop
  endfacet
  facet normal 0 0 1
    outer loop
      vertex 40.3166 1.4128 6.4
      vertex 40.0239 1.16242 6.4
      vertex 41.1946 1.16242 6.4
    endloop
  endfacet
  facet normal -0 0 1
    outer loop
      vertex 41.1946 2.72633 6.4
      vertex 41.4943 1.4128 6.4
      vertex 41.4943 3.08424 6.4
    endloop
  endfacet
  facet normal 0 0 1
    outer loop
      vertex 41.1946 1.4128 6.4
      vertex 41.4943 1.4128 6.4
      vertex 41.1946 2.72633 6.4
    endloop
  endfacet
  facet normal 0 0 1
    outer loop
      vertex 41.4943 1.4128 6.4
      vertex 41.1946 1.4128 6.4
      vertex 41.4943 1.16242 6.4
    endloop
  endfacet
  facet normal 0 0 1
    outer loop
      vertex 41.1946 2.72633 6.4
      vertex 41.1891 2.71438 6.4
      vertex 41.1927 2.72183 6.4
    endloop
  endfacet
  facet normal 0 0 1
    outer loop
      vertex 41.1946 2.72633 6.4
      vertex 41.1838 2.70397 6.4
      vertex 41.1891 2.71438 6.4
    endloop
  endfacet
  facet normal 0 0 1
    outer loop
      vertex 41.1611 3.08424 6.4
      vertex 41.1838 2.70397 6.4
      vertex 41.1946 2.72633 6.4
    endloop
  endfacet
  facet normal 0 0 1
    outer loop
      vertex 41.1838 2.70397 6.4
      vertex 41.1611 3.08424 6.4
      vertex 41.1767 2.69062 6.4
    endloop
  endfacet
  facet normal -0 0 1
    outer loop
      vertex 41.1611 3.08424 6.4
      vertex 41.1946 2.72633 6.4
      vertex 41.4943 3.08424 6.4
    endloop
  endfacet
  facet normal 0 0 1
    outer loop
      vertex 41.1767 2.69062 6.4
      vertex 41.1611 3.08424 6.4
      vertex 41.168 2.67432 6.4
    endloop
  endfacet
  facet normal 0 0 1
    outer loop
      vertex 41.1611 3.08424 6.4
      vertex 41.1575 2.65508 6.4
      vertex 41.168 2.67432 6.4
    endloop
  endfacet
  facet normal 0 0 1
    outer loop
      vertex 41.1611 3.08424 6.4
      vertex 41.1452 2.63288 6.4
      vertex 41.1575 2.65508 6.4
    endloop
  endfacet
  facet normal 0 0 1
    outer loop
      vertex 41.1611 3.08424 6.4
      vertex 41.1326 2.61021 6.4
      vertex 41.1452 2.63288 6.4
    endloop
  endfacet
  facet normal 0 0 1
    outer loop
      vertex 41.1611 3.08424 6.4
      vertex 41.1209 2.58956 6.4
      vertex 41.1326 2.61021 6.4
    endloop
  endfacet
  facet normal 0 0 1
    outer loop
      vertex 41.1611 3.08424 6.4
      vertex 41.1102 2.57092 6.4
      vertex 41.1209 2.58956 6.4
    endloop
  endfacet
  facet normal 0 0 1
    outer loop
      vertex 41.1611 3.08424 6.4
      vertex 41.1003 2.5543 6.4
      vertex 41.1102 2.57092 6.4
    endloop
  endfacet
  facet normal 0 0 1
    outer loop
      vertex 41.1611 3.08424 6.4
      vertex 41.0914 2.53968 6.4
      vertex 41.1003 2.5543 6.4
    endloop
  endfacet
  facet normal 0 0 1
    outer loop
      vertex 41.1611 3.08424 6.4
      vertex 41.0835 2.52709 6.4
      vertex 41.0914 2.53968 6.4
    endloop
  endfacet
  facet normal 0 0 1
    outer loop
      vertex 41.1611 3.08424 6.4
      vertex 41.0765 2.5165 6.4
      vertex 41.0835 2.52709 6.4
    endloop
  endfacet
  facet normal 0 0 1
    outer loop
      vertex 40.0239 1.40926 6.4
      vertex 41.0765 2.5165 6.4
      vertex 41.1611 3.08424 6.4
    endloop
  endfacet
  facet normal 0 0 1
    outer loop
      vertex 41.0765 2.5165 6.4
      vertex 40.0239 1.40926 6.4
      vertex 40.44 1.57853 6.4
    endloop
  endfacet
  facet normal 0 0 1
    outer loop
      vertex 40.44 1.57853 6.4
      vertex 40.0239 1.40926 6.4
      vertex 40.3448 1.44805 6.4
    endloop
  endfacet
  facet normal 0 0 1
    outer loop
      vertex 40.3448 1.44805 6.4
      vertex 40.0239 1.40926 6.4
      vertex 40.3166 1.4128 6.4
    endloop
  endfacet
  facet normal -0 0 1
    outer loop
      vertex 41.4943 1.4128 6.4
      vertex 41.8434 1.16242 6.4
      vertex 41.8434 1.4128 6.4
    endloop
  endfacet
  facet normal 0 0 1
    outer loop
      vertex 41.8434 1.16242 6.4
      vertex 41.4943 1.4128 6.4
      vertex 41.4943 1.16242 6.4
    endloop
  endfacet
  facet normal 0 0 1
    outer loop
      vertex 41.1946 1.16242 6.4
      vertex 41.4943 1.16242 6.4
      vertex 41.1946 1.4128 6.4
    endloop
  endfacet
  facet normal 0 0 1
    outer loop
      vertex 41.4943 1.16242 6.4
      vertex 41.1946 1.16242 6.4
      vertex 41.4943 0.599999 6.4
    endloop
  endfacet
  facet normal 0 0 1
    outer loop
      vertex 41.4943 0.599999 6.4
      vertex 41.1946 1.16242 6.4
      vertex 41.1946 0.599999 6.4
    endloop
  endfacet
  facet normal -0 0 1
    outer loop
      vertex 39.2909 0.986123 6.4
      vertex 39.6348 0.599999 6.4
      vertex 39.6348 0.986123 6.4
    endloop
  endfacet
  facet normal 0 0 1
    outer loop
      vertex 39.6348 0.599999 6.4
      vertex 39.2909 0.986123 6.4
      vertex 39.2909 0.599999 6.4
    endloop
  endfacet
  facet normal 0 1 -0
    outer loop
      vertex 38.8319 0.869744 6
      vertex 38.2271 0.869744 6.4
      vertex 38.8319 0.869744 6.4
    endloop
  endfacet
  facet normal 0 1 0
    outer loop
      vertex 38.2271 0.869744 6.4
      vertex 38.8319 0.869744 6
      vertex 38.2271 0.869744 6
    endloop
  endfacet
  facet normal 1 -0 0
    outer loop
      vertex 38.2271 0.869744 6.4
      vertex 38.2271 3.08424 6
      vertex 38.2271 3.08424 6.4
    endloop
  endfacet
  facet normal 1 0 0
    outer loop
      vertex 38.2271 3.08424 6
      vertex 38.2271 0.869744 6.4
      vertex 38.2271 0.869744 6
    endloop
  endfacet
  facet normal 0 1 -0
    outer loop
      vertex 38.2271 3.08424 6
      vertex 37.9345 3.08424 6.4
      vertex 38.2271 3.08424 6.4
    endloop
  endfacet
  facet normal 0 1 0
    outer loop
      vertex 37.9345 3.08424 6.4
      vertex 38.2271 3.08424 6
      vertex 37.9345 3.08424 6
    endloop
  endfacet
  facet normal -0.566576 0.824009 0
    outer loop
      vertex 37.9345 3.08424 6
      vertex 37.3473 2.68049 6.4
      vertex 37.9345 3.08424 6.4
    endloop
  endfacet
  facet normal -0.566576 0.824009 0
    outer loop
      vertex 37.3473 2.68049 6.4
      vertex 37.9345 3.08424 6
      vertex 37.3473 2.68049 6
    endloop
  endfacet
  facet normal -1 0 0
    outer loop
      vertex 37.3473 2.38076 6
      vertex 37.3473 2.68049 6.4
      vertex 37.3473 2.68049 6
    endloop
  endfacet
  facet normal -1 -0 0
    outer loop
      vertex 37.3473 2.68049 6.4
      vertex 37.3473 2.38076 6
      vertex 37.3473 2.38076 6.4
    endloop
  endfacet
  facet normal 0.580959 -0.813933 0
    outer loop
      vertex 37.3473 2.38076 6
      vertex 37.908 2.78097 6.4
      vertex 37.3473 2.38076 6.4
    endloop
  endfacet
  facet normal 0.580959 -0.813933 0
    outer loop
      vertex 37.908 2.78097 6.4
      vertex 37.3473 2.38076 6
      vertex 37.908 2.78097 6
    endloop
  endfacet
  facet normal -1 0 0
    outer loop
      vertex 37.908 0.869744 6
      vertex 37.908 2.78097 6.4
      vertex 37.908 2.78097 6
    endloop
  endfacet
  facet normal -1 -0 0
    outer loop
      vertex 37.908 2.78097 6.4
      vertex 37.908 0.869744 6
      vertex 37.908 0.869744 6.4
    endloop
  endfacet
  facet normal 0 1 -0
    outer loop
      vertex 37.908 0.869744 6
      vertex 37.275 0.869744 6.4
      vertex 37.908 0.869744 6.4
    endloop
  endfacet
  facet normal 0 1 0
    outer loop
      vertex 37.275 0.869744 6.4
      vertex 37.908 0.869744 6
      vertex 37.275 0.869744 6
    endloop
  endfacet
  facet normal -1 0 0
    outer loop
      vertex 37.275 0.599999 6
      vertex 37.275 0.869744 6.4
      vertex 37.275 0.869744 6
    endloop
  endfacet
  facet normal -1 -0 0
    outer loop
      vertex 37.275 0.869744 6.4
      vertex 37.275 0.599999 6
      vertex 37.275 0.599999 6.4
    endloop
  endfacet
  facet normal 0 -1 0
    outer loop
      vertex 37.275 0.599999 6
      vertex 38.8319 0.599999 6.4
      vertex 37.275 0.599999 6.4
    endloop
  endfacet
  facet normal 0 -1 -0
    outer loop
      vertex 38.8319 0.599999 6.4
      vertex 37.275 0.599999 6
      vertex 38.8319 0.599999 6
    endloop
  endfacet
  facet normal 1 -0 0
    outer loop
      vertex 38.8319 0.599999 6.4
      vertex 38.8319 0.869744 6
      vertex 38.8319 0.869744 6.4
    endloop
  endfacet
  facet normal 1 0 0
    outer loop
      vertex 38.8319 0.869744 6
      vertex 38.8319 0.599999 6.4
      vertex 38.8319 0.599999 6
    endloop
  endfacet
  facet normal 0 -1 0
    outer loop
      vertex 41.4943 1.16242 6
      vertex 41.8434 1.16242 6.4
      vertex 41.4943 1.16242 6.4
    endloop
  endfacet
  facet normal 0 -1 -0
    outer loop
      vertex 41.8434 1.16242 6.4
      vertex 41.4943 1.16242 6
      vertex 41.8434 1.16242 6
    endloop
  endfacet
  facet normal 1 -0 0
    outer loop
      vertex 41.8434 1.16242 6.4
      vertex 41.8434 1.4128 6
      vertex 41.8434 1.4128 6.4
    endloop
  endfacet
  facet normal 1 0 0
    outer loop
      vertex 41.8434 1.4128 6
      vertex 41.8434 1.16242 6.4
      vertex 41.8434 1.16242 6
    endloop
  endfacet
  facet normal 0 1 -0
    outer loop
      vertex 41.8434 1.4128 6
      vertex 41.4943 1.4128 6.4
      vertex 41.8434 1.4128 6.4
    endloop
  endfacet
  facet normal 0 1 0
    outer loop
      vertex 41.4943 1.4128 6.4
      vertex 41.8434 1.4128 6
      vertex 41.4943 1.4128 6
    endloop
  endfacet
  facet normal 1 -0 0
    outer loop
      vertex 41.4943 1.4128 6.4
      vertex 41.4943 3.08424 6
      vertex 41.4943 3.08424 6.4
    endloop
  endfacet
  facet normal 1 0 0
    outer loop
      vertex 41.4943 3.08424 6
      vertex 41.4943 1.4128 6.4
      vertex 41.4943 1.4128 6
    endloop
  endfacet
  facet normal 0 1 -0
    outer loop
      vertex 41.4943 3.08424 6
      vertex 41.1611 3.08424 6.4
      vertex 41.4943 3.08424 6.4
    endloop
  endfacet
  facet normal 0 1 0
    outer loop
      vertex 41.1611 3.08424 6.4
      vertex 41.4943 3.08424 6
      vertex 41.1611 3.08424 6
    endloop
  endfacet
  facet normal -0.827337 0.561706 0
    outer loop
      vertex 40.0239 1.40926 6
      vertex 41.1611 3.08424 6.4
      vertex 41.1611 3.08424 6
    endloop
  endfacet
  facet normal -0.827337 0.561706 0
    outer loop
      vertex 41.1611 3.08424 6.4
      vertex 40.0239 1.40926 6
      vertex 40.0239 1.40926 6.4
    endloop
  endfacet
  facet normal -1 0 0
    outer loop
      vertex 40.0239 1.16242 6
      vertex 40.0239 1.40926 6.4
      vertex 40.0239 1.40926 6
    endloop
  endfacet
  facet normal -1 -0 0
    outer loop
      vertex 40.0239 1.40926 6.4
      vertex 40.0239 1.16242 6
      vertex 40.0239 1.16242 6.4
    endloop
  endfacet
  facet normal 0 -1 0
    outer loop
      vertex 40.0239 1.16242 6
      vertex 41.1946 1.16242 6.4
      vertex 40.0239 1.16242 6.4
    endloop
  endfacet
  facet normal 0 -1 -0
    outer loop
      vertex 41.1946 1.16242 6.4
      vertex 40.0239 1.16242 6
      vertex 41.1946 1.16242 6
    endloop
  endfacet
  facet normal -1 0 0
    outer loop
      vertex 41.1946 0.599999 6
      vertex 41.1946 1.16242 6.4
      vertex 41.1946 1.16242 6
    endloop
  endfacet
  facet normal -1 -0 0
    outer loop
      vertex 41.1946 1.16242 6.4
      vertex 41.1946 0.599999 6
      vertex 41.1946 0.599999 6.4
    endloop
  endfacet
  facet normal 0 -1 0
    outer loop
      vertex 41.1946 0.599999 6
      vertex 41.4943 0.599999 6.4
      vertex 41.1946 0.599999 6.4
    endloop
  endfacet
  facet normal 0 -1 -0
    outer loop
      vertex 41.4943 0.599999 6.4
      vertex 41.1946 0.599999 6
      vertex 41.4943 0.599999 6
    endloop
  endfacet
  facet normal 1 -0 0
    outer loop
      vertex 41.4943 0.599999 6.4
      vertex 41.4943 1.16242 6
      vertex 41.4943 1.16242 6.4
    endloop
  endfacet
  facet normal 1 0 0
    outer loop
      vertex 41.4943 1.16242 6
      vertex 41.4943 0.599999 6.4
      vertex 41.4943 0.599999 6
    endloop
  endfacet
  facet normal 0.780869 -0.624695 0
    outer loop
      vertex 40.3166 1.4128 6.4
      vertex 40.3448 1.44805 6
      vertex 40.3448 1.44805 6.4
    endloop
  endfacet
  facet normal 0.780869 -0.624695 0
    outer loop
      vertex 40.3448 1.44805 6
      vertex 40.3166 1.4128 6.4
      vertex 40.3166 1.4128 6
    endloop
  endfacet
  facet normal 0.807836 -0.589408 0
    outer loop
      vertex 40.3448 1.44805 6.4
      vertex 40.44 1.57853 6
      vertex 40.44 1.57853 6.4
    endloop
  endfacet
  facet normal 0.807836 -0.589408 0
    outer loop
      vertex 40.44 1.57853 6
      vertex 40.3448 1.44805 6.4
      vertex 40.3448 1.44805 6
    endloop
  endfacet
  facet normal 0.827467 -0.561514 0
    outer loop
      vertex 40.44 1.57853 6.4
      vertex 41.0765 2.5165 6
      vertex 41.0765 2.5165 6.4
    endloop
  endfacet
  facet normal 0.827467 -0.561514 0
    outer loop
      vertex 41.0765 2.5165 6
      vertex 40.44 1.57853 6.4
      vertex 40.44 1.57853 6
    endloop
  endfacet
  facet normal 0.834225 -0.551424 0
    outer loop
      vertex 41.0765 2.5165 6.4
      vertex 41.0835 2.52709 6
      vertex 41.0835 2.52709 6.4
    endloop
  endfacet
  facet normal 0.834225 -0.551424 0
    outer loop
      vertex 41.0835 2.52709 6
      vertex 41.0765 2.5165 6.4
      vertex 41.0765 2.5165 6
    endloop
  endfacet
  facet normal 0.847052 -0.53151 0
    outer loop
      vertex 41.0835 2.52709 6.4
      vertex 41.0914 2.53968 6
      vertex 41.0914 2.53968 6.4
    endloop
  endfacet
  facet normal 0.847052 -0.53151 0
    outer loop
      vertex 41.0914 2.53968 6
      vertex 41.0835 2.52709 6.4
      vertex 41.0835 2.52709 6
    endloop
  endfacet
  facet normal 0.854176 -0.519984 0
    outer loop
      vertex 41.0914 2.53968 6.4
      vertex 41.1003 2.5543 6
      vertex 41.1003 2.5543 6.4
    endloop
  endfacet
  facet normal 0.854176 -0.519984 0
    outer loop
      vertex 41.1003 2.5543 6
      vertex 41.0914 2.53968 6.4
      vertex 41.0914 2.53968 6
    endloop
  endfacet
  facet normal 0.859131 -0.511756 0
    outer loop
      vertex 41.1003 2.5543 6.4
      vertex 41.1102 2.57092 6
      vertex 41.1102 2.57092 6.4
    endloop
  endfacet
  facet normal 0.859131 -0.511756 0
    outer loop
      vertex 41.1102 2.57092 6
      vertex 41.1003 2.5543 6.4
      vertex 41.1003 2.5543 6
    endloop
  endfacet
  facet normal 0.867268 -0.497842 0
    outer loop
      vertex 41.1102 2.57092 6.4
      vertex 41.1209 2.58956 6
      vertex 41.1209 2.58956 6.4
    endloop
  endfacet
  facet normal 0.867268 -0.497842 0
    outer loop
      vertex 41.1209 2.58956 6
      vertex 41.1102 2.57092 6.4
      vertex 41.1102 2.57092 6
    endloop
  endfacet
  facet normal 0.870052 -0.492959 0
    outer loop
      vertex 41.1209 2.58956 6.4
      vertex 41.1326 2.61021 6
      vertex 41.1326 2.61021 6.4
    endloop
  endfacet
  facet normal 0.870052 -0.492959 0
    outer loop
      vertex 41.1326 2.61021 6
      vertex 41.1209 2.58956 6.4
      vertex 41.1209 2.58956 6
    endloop
  endfacet
  facet normal 0.874066 -0.485807 0
    outer loop
      vertex 41.1326 2.61021 6.4
      vertex 41.1452 2.63288 6
      vertex 41.1452 2.63288 6.4
    endloop
  endfacet
  facet normal 0.874066 -0.485807 0
    outer loop
      vertex 41.1452 2.63288 6
      vertex 41.1326 2.61021 6.4
      vertex 41.1326 2.61021 6
    endloop
  endfacet
  facet normal 0.874714 -0.484639 0
    outer loop
      vertex 41.1452 2.63288 6.4
      vertex 41.1575 2.65508 6
      vertex 41.1575 2.65508 6.4
    endloop
  endfacet
  facet normal 0.874714 -0.484639 0
    outer loop
      vertex 41.1575 2.65508 6
      vertex 41.1452 2.63288 6.4
      vertex 41.1452 2.63288 6
    endloop
  endfacet
  facet normal 0.877791 -0.479044 0
    outer loop
      vertex 41.1575 2.65508 6.4
      vertex 41.168 2.67432 6
      vertex 41.168 2.67432 6.4
    endloop
  endfacet
  facet normal 0.877791 -0.479044 0
    outer loop
      vertex 41.168 2.67432 6
      vertex 41.1575 2.65508 6.4
      vertex 41.1575 2.65508 6
    endloop
  endfacet
  facet normal 0.882203 -0.470869 0
    outer loop
      vertex 41.168 2.67432 6.4
      vertex 41.1767 2.69062 6
      vertex 41.1767 2.69062 6.4
    endloop
  endfacet
  facet normal 0.882203 -0.470869 0
    outer loop
      vertex 41.1767 2.69062 6
      vertex 41.168 2.67432 6.4
      vertex 41.168 2.67432 6
    endloop
  endfacet
  facet normal 0.882902 -0.469558 0
    outer loop
      vertex 41.1767 2.69062 6.4
      vertex 41.1838 2.70397 6
      vertex 41.1838 2.70397 6.4
    endloop
  endfacet
  facet normal 0.882902 -0.469558 0
    outer loop
      vertex 41.1838 2.70397 6
      vertex 41.1767 2.69062 6.4
      vertex 41.1767 2.69062 6
    endloop
  endfacet
  facet normal 0.891151 -0.453708 0
    outer loop
      vertex 41.1838 2.70397 6.4
      vertex 41.1891 2.71438 6
      vertex 41.1891 2.71438 6.4
    endloop
  endfacet
  facet normal 0.891151 -0.453708 0
    outer loop
      vertex 41.1891 2.71438 6
      vertex 41.1838 2.70397 6.4
      vertex 41.1838 2.70397 6
    endloop
  endfacet
  facet normal 0.900388 -0.435087 0
    outer loop
      vertex 41.1891 2.71438 6.4
      vertex 41.1927 2.72183 6
      vertex 41.1927 2.72183 6.4
    endloop
  endfacet
  facet normal 0.900388 -0.435087 0
    outer loop
      vertex 41.1927 2.72183 6
      vertex 41.1891 2.71438 6.4
      vertex 41.1891 2.71438 6
    endloop
  endfacet
  facet normal 0.92125 -0.388972 0
    outer loop
      vertex 41.1927 2.72183 6.4
      vertex 41.1946 2.72633 6
      vertex 41.1946 2.72633 6.4
    endloop
  endfacet
  facet normal 0.92125 -0.388972 0
    outer loop
      vertex 41.1946 2.72633 6
      vertex 41.1927 2.72183 6.4
      vertex 41.1927 2.72183 6
    endloop
  endfacet
  facet normal -1 0 0
    outer loop
      vertex 41.1946 1.4128 6
      vertex 41.1946 2.72633 6.4
      vertex 41.1946 2.72633 6
    endloop
  endfacet
  facet normal -1 -0 0
    outer loop
      vertex 41.1946 2.72633 6.4
      vertex 41.1946 1.4128 6
      vertex 41.1946 1.4128 6.4
    endloop
  endfacet
  facet normal 0 1 -0
    outer loop
      vertex 41.1946 1.4128 6
      vertex 40.3166 1.4128 6.4
      vertex 41.1946 1.4128 6.4
    endloop
  endfacet
  facet normal 0 1 0
    outer loop
      vertex 40.3166 1.4128 6.4
      vertex 41.1946 1.4128 6
      vertex 40.3166 1.4128 6
    endloop
  endfacet
  facet normal 0 1 -0
    outer loop
      vertex 39.6348 0.986123 6
      vertex 39.2909 0.986123 6.4
      vertex 39.6348 0.986123 6.4
    endloop
  endfacet
  facet normal 0 1 0
    outer loop
      vertex 39.2909 0.986123 6.4
      vertex 39.6348 0.986123 6
      vertex 39.2909 0.986123 6
    endloop
  endfacet
  facet normal -1 0 0
    outer loop
      vertex 39.2909 0.599999 6
      vertex 39.2909 0.986123 6.4
      vertex 39.2909 0.986123 6
    endloop
  endfacet
  facet normal -1 -0 0
    outer loop
      vertex 39.2909 0.986123 6.4
      vertex 39.2909 0.599999 6
      vertex 39.2909 0.599999 6.4
    endloop
  endfacet
  facet normal 0 -1 0
    outer loop
      vertex 39.2909 0.599999 6
      vertex 39.6348 0.599999 6.4
      vertex 39.2909 0.599999 6.4
    endloop
  endfacet
  facet normal 0 -1 -0
    outer loop
      vertex 39.6348 0.599999 6.4
      vertex 39.2909 0.599999 6
      vertex 39.6348 0.599999 6
    endloop
  endfacet
  facet normal 1 -0 0
    outer loop
      vertex 39.6348 0.599999 6.4
      vertex 39.6348 0.986123 6
      vertex 39.6348 0.986123 6.4
    endloop
  endfacet
  facet normal 1 0 0
    outer loop
      vertex 39.6348 0.986123 6
      vertex 39.6348 0.599999 6.4
      vertex 39.6348 0.599999 6
    endloop
  endfacet
  facet normal 0 0 1
    outer loop
      vertex 45.908 2.78097 6.4
      vertex 46.2271 3.08424 6.4
      vertex 45.9345 3.08424 6.4
    endloop
  endfacet
  facet normal -0 0 1
    outer loop
      vertex 46.2271 0.869744 6.4
      vertex 46.8319 0.599999 6.4
      vertex 46.8319 0.869744 6.4
    endloop
  endfacet
  facet normal 0 0 1
    outer loop
      vertex 46.2271 3.08424 6.4
      vertex 45.908 2.78097 6.4
      vertex 46.2271 0.869744 6.4
    endloop
  endfacet
  facet normal 0 0 1
    outer loop
      vertex 45.908 0.869744 6.4
      vertex 46.2271 0.869744 6.4
      vertex 45.908 2.78097 6.4
    endloop
  endfacet
  facet normal -0 0 1
    outer loop
      vertex 45.908 0.869744 6.4
      vertex 46.8319 0.599999 6.4
      vertex 46.2271 0.869744 6.4
    endloop
  endfacet
  facet normal 0 0 1
    outer loop
      vertex 45.275 0.599999 6.4
      vertex 45.908 0.869744 6.4
      vertex 45.275 0.869744 6.4
    endloop
  endfacet
  facet normal 0 0 1
    outer loop
      vertex 45.908 0.869744 6.4
      vertex 45.275 0.599999 6.4
      vertex 46.8319 0.599999 6.4
    endloop
  endfacet
  facet normal 0 0 1
    outer loop
      vertex 45.3473 2.68049 6.4
      vertex 45.908 2.78097 6.4
      vertex 45.9345 3.08424 6.4
    endloop
  endfacet
  facet normal 0 0 1
    outer loop
      vertex 45.908 2.78097 6.4
      vertex 45.3473 2.68049 6.4
      vertex 45.3473 2.38076 6.4
    endloop
  endfacet
  facet normal 0 0 1
    outer loop
      vertex 49.653 3.08424 6.4
      vertex 48.5299 2.81449 6.4
      vertex 49.653 2.81449 6.4
    endloop
  endfacet
  facet normal -0 0 1
    outer loop
      vertex 48.2407 3.08424 6.4
      vertex 48.5299 2.81449 6.4
      vertex 49.653 3.08424 6.4
    endloop
  endfacet
  facet normal 0 0 1
    outer loop
      vertex 48.2407 3.08424 6.4
      vertex 48.4823 2.02635 6.4
      vertex 48.5299 2.81449 6.4
    endloop
  endfacet
  facet normal 0 0 1
    outer loop
      vertex 48.1579 1.74778 6.4
      vertex 48.4823 2.02635 6.4
      vertex 48.2407 3.08424 6.4
    endloop
  endfacet
  facet normal 0 0 1
    outer loop
      vertex 48.4823 2.02635 6.4
      vertex 48.1579 1.74778 6.4
      vertex 48.4682 1.74778 6.4
    endloop
  endfacet
  facet normal -0 0 1
    outer loop
      vertex 49.4649 1.46739 6.4
      vertex 49.7976 1.40926 6.4
      vertex 49.7932 1.50533 6.4
    endloop
  endfacet
  facet normal -0 0 1
    outer loop
      vertex 49.456 1.52888 6.4
      vertex 49.7932 1.50533 6.4
      vertex 49.7798 1.59608 6.4
    endloop
  endfacet
  facet normal 0 0 1
    outer loop
      vertex 49.7976 1.40926 6.4
      vertex 49.4679 1.40222 6.4
      vertex 49.7928 1.30035 6.4
    endloop
  endfacet
  facet normal 0 0 1
    outer loop
      vertex 49.456 1.52888 6.4
      vertex 49.7798 1.59608 6.4
      vertex 49.7576 1.6815 6.4
    endloop
  endfacet
  facet normal -0 0 1
    outer loop
      vertex 49.4649 1.32749 6.4
      vertex 49.7928 1.30035 6.4
      vertex 49.4679 1.40222 6.4
    endloop
  endfacet
  facet normal 0 0 1
    outer loop
      vertex 49.4412 1.58669 6.4
      vertex 49.7576 1.6815 6.4
      vertex 49.7265 1.76161 6.4
    endloop
  endfacet
  facet normal 0 0 1
    outer loop
      vertex 49.7928 1.30035 6.4
      vertex 49.4649 1.32749 6.4
      vertex 49.7785 1.19827 6.4
    endloop
  endfacet
  facet normal 0 0 1
    outer loop
      vertex 49.4204 1.64085 6.4
      vertex 49.7265 1.76161 6.4
      vertex 49.6865 1.83637 6.4
    endloop
  endfacet
  facet normal -0 0 1
    outer loop
      vertex 49.4561 1.25749 6.4
      vertex 49.7785 1.19827 6.4
      vertex 49.4649 1.32749 6.4
    endloop
  endfacet
  facet normal 0 0 1
    outer loop
      vertex 49.3937 1.69132 6.4
      vertex 49.6865 1.83637 6.4
      vertex 49.6376 1.90582 6.4
    endloop
  endfacet
  facet normal 0 0 1
    outer loop
      vertex 49.7785 1.19827 6.4
      vertex 49.4561 1.25749 6.4
      vertex 49.7547 1.10302 6.4
    endloop
  endfacet
  facet normal 0 0 1
    outer loop
      vertex 49.361 1.73814 6.4
      vertex 49.6376 1.90582 6.4
      vertex 49.5798 1.96993 6.4
    endloop
  endfacet
  facet normal -0 0 1
    outer loop
      vertex 49.4413 1.19219 6.4
      vertex 49.7547 1.10302 6.4
      vertex 49.4561 1.25749 6.4
    endloop
  endfacet
  facet normal 0 0 1
    outer loop
      vertex 49.3224 1.78127 6.4
      vertex 49.5798 1.96993 6.4
      vertex 49.5146 2.027 6.4
    endloop
  endfacet
  facet normal 0 0 1
    outer loop
      vertex 49.7547 1.10302 6.4
      vertex 49.4413 1.19219 6.4
      vertex 49.7213 1.01463 6.4
    endloop
  endfacet
  facet normal -0 0 1
    outer loop
      vertex 49.4207 1.13162 6.4
      vertex 49.7213 1.01463 6.4
      vertex 49.4413 1.19219 6.4
    endloop
  endfacet
  facet normal 0 0 1
    outer loop
      vertex 49.7976 1.40926 6.4
      vertex 49.4649 1.46739 6.4
      vertex 49.4679 1.40222 6.4
    endloop
  endfacet
  facet normal 0 0 1
    outer loop
      vertex 49.7932 1.50533 6.4
      vertex 49.456 1.52888 6.4
      vertex 49.4649 1.46739 6.4
    endloop
  endfacet
  facet normal 0 0 1
    outer loop
      vertex 49.2788 1.81963 6.4
      vertex 49.5146 2.027 6.4
      vertex 49.4433 2.07528 6.4
    endloop
  endfacet
  facet normal 0 0 1
    outer loop
      vertex 49.7576 1.6815 6.4
      vertex 49.4412 1.58669 6.4
      vertex 49.456 1.52888 6.4
    endloop
  endfacet
  facet normal 0 0 1
    outer loop
      vertex 49.7265 1.76161 6.4
      vertex 49.4204 1.64085 6.4
      vertex 49.4412 1.58669 6.4
    endloop
  endfacet
  facet normal 0 0 1
    outer loop
      vertex 49.6865 1.83637 6.4
      vertex 49.3937 1.69132 6.4
      vertex 49.4204 1.64085 6.4
    endloop
  endfacet
  facet normal 0 0 1
    outer loop
      vertex 49.231 1.85209 6.4
      vertex 49.4433 2.07528 6.4
      vertex 49.3658 2.1148 6.4
    endloop
  endfacet
  facet normal 0 0 1
    outer loop
      vertex 49.6376 1.90582 6.4
      vertex 49.361 1.73814 6.4
      vertex 49.3937 1.69132 6.4
    endloop
  endfacet
  facet normal 0 0 1
    outer loop
      vertex 49.5798 1.96993 6.4
      vertex 49.3224 1.78127 6.4
      vertex 49.361 1.73814 6.4
    endloop
  endfacet
  facet normal 0 0 1
    outer loop
      vertex 49.231 1.85209 6.4
      vertex 49.3658 2.1148 6.4
      vertex 49.2823 2.14552 6.4
    endloop
  endfacet
  facet normal 0 0 1
    outer loop
      vertex 49.5146 2.027 6.4
      vertex 49.2788 1.81963 6.4
      vertex 49.3224 1.78127 6.4
    endloop
  endfacet
  facet normal 0 0 1
    outer loop
      vertex 49.4433 2.07528 6.4
      vertex 49.231 1.85209 6.4
      vertex 49.2788 1.81963 6.4
    endloop
  endfacet
  facet normal 0 0 1
    outer loop
      vertex 49.1791 1.87866 6.4
      vertex 49.2823 2.14552 6.4
      vertex 49.1928 2.16747 6.4
    endloop
  endfacet
  facet normal 0 0 1
    outer loop
      vertex 49.2823 2.14552 6.4
      vertex 49.1791 1.87866 6.4
      vertex 49.231 1.85209 6.4
    endloop
  endfacet
  facet normal 0 0 1
    outer loop
      vertex 49.1928 2.16747 6.4
      vertex 49.1231 1.8993 6.4
      vertex 49.1791 1.87866 6.4
    endloop
  endfacet
  facet normal 0 0 1
    outer loop
      vertex 49.0971 2.18064 6.4
      vertex 49.1231 1.8993 6.4
      vertex 49.1928 2.16747 6.4
    endloop
  endfacet
  facet normal 0 0 1
    outer loop
      vertex 49.0971 2.18064 6.4
      vertex 49.0629 1.91406 6.4
      vertex 49.1231 1.8993 6.4
    endloop
  endfacet
  facet normal 0 0 1
    outer loop
      vertex 49.0971 2.18064 6.4
      vertex 48.9986 1.92291 6.4
      vertex 49.0629 1.91406 6.4
    endloop
  endfacet
  facet normal 0 0 1
    outer loop
      vertex 48.9954 2.18504 6.4
      vertex 48.9986 1.92291 6.4
      vertex 49.0971 2.18064 6.4
    endloop
  endfacet
  facet normal 0 0 1
    outer loop
      vertex 48.9954 2.18504 6.4
      vertex 48.9301 1.92587 6.4
      vertex 48.9986 1.92291 6.4
    endloop
  endfacet
  facet normal -0 0 1
    outer loop
      vertex 48.9098 2.18179 6.4
      vertex 48.9301 1.92587 6.4
      vertex 48.9954 2.18504 6.4
    endloop
  endfacet
  facet normal 0 0 1
    outer loop
      vertex 48.9098 2.18179 6.4
      vertex 48.8937 1.92503 6.4
      vertex 48.9301 1.92587 6.4
    endloop
  endfacet
  facet normal -0 0 1
    outer loop
      vertex 48.8283 2.17208 6.4
      vertex 48.8937 1.92503 6.4
      vertex 48.9098 2.18179 6.4
    endloop
  endfacet
  facet normal 0 0 1
    outer loop
      vertex 48.8937 1.92503 6.4
      vertex 48.8283 2.17208 6.4
      vertex 48.858 1.92255 6.4
    endloop
  endfacet
  facet normal 0 0 1
    outer loop
      vertex 48.8283 2.17208 6.4
      vertex 48.823 1.9184 6.4
      vertex 48.858 1.92255 6.4
    endloop
  endfacet
  facet normal -0 0 1
    outer loop
      vertex 48.7509 2.15589 6.4
      vertex 48.823 1.9184 6.4
      vertex 48.8283 2.17208 6.4
    endloop
  endfacet
  facet normal 0 0 1
    outer loop
      vertex 48.823 1.9184 6.4
      vertex 48.7509 2.15589 6.4
      vertex 48.7888 1.91262 6.4
    endloop
  endfacet
  facet normal -0 0 1
    outer loop
      vertex 48.6776 2.13322 6.4
      vertex 48.7888 1.91262 6.4
      vertex 48.7509 2.15589 6.4
    endloop
  endfacet
  facet normal 0 0 1
    outer loop
      vertex 48.7888 1.91262 6.4
      vertex 48.6776 2.13322 6.4
      vertex 48.7552 1.90518 6.4
    endloop
  endfacet
  facet normal 0 0 1
    outer loop
      vertex 48.7552 1.90518 6.4
      vertex 48.6776 2.13322 6.4
      vertex 48.7224 1.89607 6.4
    endloop
  endfacet
  facet normal -0 0 1
    outer loop
      vertex 48.6084 2.10407 6.4
      vertex 48.7224 1.89607 6.4
      vertex 48.6776 2.13322 6.4
    endloop
  endfacet
  facet normal 0 0 1
    outer loop
      vertex 48.7224 1.89607 6.4
      vertex 48.6084 2.10407 6.4
      vertex 48.6903 1.88531 6.4
    endloop
  endfacet
  facet normal 0 0 1
    outer loop
      vertex 48.6903 1.88531 6.4
      vertex 48.6084 2.10407 6.4
      vertex 48.6586 1.87257 6.4
    endloop
  endfacet
  facet normal -0 0 1
    outer loop
      vertex 48.5433 2.06844 6.4
      vertex 48.6586 1.87257 6.4
      vertex 48.6084 2.10407 6.4
    endloop
  endfacet
  facet normal 0 0 1
    outer loop
      vertex 48.6586 1.87257 6.4
      vertex 48.5433 2.06844 6.4
      vertex 48.6269 1.85754 6.4
    endloop
  endfacet
  facet normal -0 0 1
    outer loop
      vertex 48.4823 2.02635 6.4
      vertex 48.6269 1.85754 6.4
      vertex 48.5433 2.06844 6.4
    endloop
  endfacet
  facet normal 0 0 1
    outer loop
      vertex 48.6269 1.85754 6.4
      vertex 48.4823 2.02635 6.4
      vertex 48.5951 1.84019 6.4
    endloop
  endfacet
  facet normal 0 0 1
    outer loop
      vertex 48.5951 1.84019 6.4
      vertex 48.4823 2.02635 6.4
      vertex 48.5634 1.82055 6.4
    endloop
  endfacet
  facet normal 0 0 1
    outer loop
      vertex 48.5634 1.82055 6.4
      vertex 48.4823 2.02635 6.4
      vertex 48.5317 1.79859 6.4
    endloop
  endfacet
  facet normal 0 0 1
    outer loop
      vertex 48.5317 1.79859 6.4
      vertex 48.4823 2.02635 6.4
      vertex 48.4999 1.77435 6.4
    endloop
  endfacet
  facet normal 0 0 1
    outer loop
      vertex 48.4999 1.77435 6.4
      vertex 48.4823 2.02635 6.4
      vertex 48.4682 1.74778 6.4
    endloop
  endfacet
  facet normal 0 0 1
    outer loop
      vertex 49.7213 1.01463 6.4
      vertex 49.4207 1.13162 6.4
      vertex 49.6784 0.933053 6.4
    endloop
  endfacet
  facet normal -0 0 1
    outer loop
      vertex 49.3941 1.07575 6.4
      vertex 49.6784 0.933053 6.4
      vertex 49.4207 1.13162 6.4
    endloop
  endfacet
  facet normal 0 0 1
    outer loop
      vertex 49.6784 0.933053 6.4
      vertex 49.3941 1.07575 6.4
      vertex 49.6259 0.858315 6.4
    endloop
  endfacet
  facet normal -0 0 1
    outer loop
      vertex 49.3617 1.02461 6.4
      vertex 49.6259 0.858315 6.4
      vertex 49.3941 1.07575 6.4
    endloop
  endfacet
  facet normal 0 0 1
    outer loop
      vertex 49.6259 0.858315 6.4
      vertex 49.3617 1.02461 6.4
      vertex 49.564 0.790414 6.4
    endloop
  endfacet
  facet normal -0 0 1
    outer loop
      vertex 49.3233 0.978158 6.4
      vertex 49.564 0.790414 6.4
      vertex 49.3617 1.02461 6.4
    endloop
  endfacet
  facet normal 0 0 1
    outer loop
      vertex 49.564 0.790414 6.4
      vertex 49.3233 0.978158 6.4
      vertex 49.4935 0.730538 6.4
    endloop
  endfacet
  facet normal -0 0 1
    outer loop
      vertex 49.2797 0.937234 6.4
      vertex 49.4935 0.730538 6.4
      vertex 49.3233 0.978158 6.4
    endloop
  endfacet
  facet normal 0 0 1
    outer loop
      vertex 49.4935 0.730538 6.4
      vertex 49.2797 0.937234 6.4
      vertex 49.4157 0.679879 6.4
    endloop
  endfacet
  facet normal -0 0 1
    outer loop
      vertex 49.2316 0.902612 6.4
      vertex 49.4157 0.679879 6.4
      vertex 49.2797 0.937234 6.4
    endloop
  endfacet
  facet normal 0 0 1
    outer loop
      vertex 49.4157 0.679879 6.4
      vertex 49.2316 0.902612 6.4
      vertex 49.3305 0.638421 6.4
    endloop
  endfacet
  facet normal -0 0 1
    outer loop
      vertex 49.179 0.874276 6.4
      vertex 49.3305 0.638421 6.4
      vertex 49.2316 0.902612 6.4
    endloop
  endfacet
  facet normal 0 0 1
    outer loop
      vertex 49.3305 0.638421 6.4
      vertex 49.179 0.874276 6.4
      vertex 49.238 0.606194 6.4
    endloop
  endfacet
  facet normal -0 0 1
    outer loop
      vertex 49.1218 0.852242 6.4
      vertex 49.238 0.606194 6.4
      vertex 49.179 0.874276 6.4
    endloop
  endfacet
  facet normal 0 0 1
    outer loop
      vertex 49.238 0.606194 6.4
      vertex 49.1218 0.852242 6.4
      vertex 49.138 0.583169 6.4
    endloop
  endfacet
  facet normal -0 0 1
    outer loop
      vertex 49.0601 0.836495 6.4
      vertex 49.138 0.583169 6.4
      vertex 49.1218 0.852242 6.4
    endloop
  endfacet
  facet normal 0 0 1
    outer loop
      vertex 49.0601 0.836495 6.4
      vertex 49.0307 0.56936 6.4
      vertex 49.138 0.583169 6.4
    endloop
  endfacet
  facet normal -0 0 1
    outer loop
      vertex 48.9939 0.82705 6.4
      vertex 49.0307 0.56936 6.4
      vertex 49.0601 0.836495 6.4
    endloop
  endfacet
  facet normal 0 0 1
    outer loop
      vertex 48.916 0.564752 6.4
      vertex 48.9939 0.82705 6.4
      vertex 48.9231 0.823907 6.4
    endloop
  endfacet
  facet normal 0 0 1
    outer loop
      vertex 48.9939 0.82705 6.4
      vertex 48.916 0.564752 6.4
      vertex 49.0307 0.56936 6.4
    endloop
  endfacet
  facet normal 0 0 1
    outer loop
      vertex 48.9231 0.823907 6.4
      vertex 48.8195 0.567849 6.4
      vertex 48.916 0.564752 6.4
    endloop
  endfacet
  facet normal 0 0 1
    outer loop
      vertex 48.8106 0.831429 6.4
      vertex 48.8195 0.567849 6.4
      vertex 48.9231 0.823907 6.4
    endloop
  endfacet
  facet normal 0 0 1
    outer loop
      vertex 48.8106 0.831429 6.4
      vertex 48.7285 0.577127 6.4
      vertex 48.8195 0.567849 6.4
    endloop
  endfacet
  facet normal 0 0 1
    outer loop
      vertex 48.7111 0.853982 6.4
      vertex 48.7285 0.577127 6.4
      vertex 48.8106 0.831429 6.4
    endloop
  endfacet
  facet normal 0 0 1
    outer loop
      vertex 48.7111 0.853982 6.4
      vertex 48.6429 0.592599 6.4
      vertex 48.7285 0.577127 6.4
    endloop
  endfacet
  facet normal 0 0 1
    outer loop
      vertex 48.5628 0.614251 6.4
      vertex 48.7111 0.853982 6.4
      vertex 48.6244 0.89158 6.4
    endloop
  endfacet
  facet normal 0 0 1
    outer loop
      vertex 48.7111 0.853982 6.4
      vertex 48.5628 0.614251 6.4
      vertex 48.6429 0.592599 6.4
    endloop
  endfacet
  facet normal 0 0 1
    outer loop
      vertex 48.419 0.676141 6.4
      vertex 48.6244 0.89158 6.4
      vertex 48.5506 0.944222 6.4
    endloop
  endfacet
  facet normal 0 0 1
    outer loop
      vertex 48.2976 0.76246 6.4
      vertex 48.5506 0.944222 6.4
      vertex 48.4897 1.01191 6.4
    endloop
  endfacet
  facet normal 0 0 1
    outer loop
      vertex 48.6244 0.89158 6.4
      vertex 48.4882 0.642098 6.4
      vertex 48.5628 0.614251 6.4
    endloop
  endfacet
  facet normal 0 0 1
    outer loop
      vertex 48.2013 0.87127 6.4
      vertex 48.4897 1.01191 6.4
      vertex 48.4417 1.09464 6.4
    endloop
  endfacet
  facet normal 0 0 1
    outer loop
      vertex 48.6244 0.89158 6.4
      vertex 48.419 0.676141 6.4
      vertex 48.4882 0.642098 6.4
    endloop
  endfacet
  facet normal 0 0 1
    outer loop
      vertex 48.1306 1.00224 6.4
      vertex 48.4417 1.09464 6.4
      vertex 48.4065 1.19241 6.4
    endloop
  endfacet
  facet normal 0 0 1
    outer loop
      vertex 48.5506 0.944222 6.4
      vertex 48.3553 0.716363 6.4
      vertex 48.419 0.676141 6.4
    endloop
  endfacet
  facet normal 0 0 1
    outer loop
      vertex 48.5506 0.944222 6.4
      vertex 48.2976 0.76246 6.4
      vertex 48.3553 0.716363 6.4
    endloop
  endfacet
  facet normal 0 0 1
    outer loop
      vertex 48.4897 1.01191 6.4
      vertex 48.2463 0.814095 6.4
      vertex 48.2976 0.76246 6.4
    endloop
  endfacet
  facet normal 0 0 1
    outer loop
      vertex 48.4897 1.01191 6.4
      vertex 48.2013 0.87127 6.4
      vertex 48.2463 0.814095 6.4
    endloop
  endfacet
  facet normal 0 0 1
    outer loop
      vertex 48.4417 1.09464 6.4
      vertex 48.1628 0.933984 6.4
      vertex 48.2013 0.87127 6.4
    endloop
  endfacet
  facet normal 0 0 1
    outer loop
      vertex 48.4417 1.09464 6.4
      vertex 48.1306 1.00224 6.4
      vertex 48.1628 0.933984 6.4
    endloop
  endfacet
  facet normal 0 0 1
    outer loop
      vertex 48.4065 1.19241 6.4
      vertex 48.1049 1.07604 6.4
      vertex 48.1306 1.00224 6.4
    endloop
  endfacet
  facet normal 0 -0 1
    outer loop
      vertex 48.1049 1.07604 6.4
      vertex 48.4065 1.19241 6.4
      vertex 48.0856 1.15537 6.4
    endloop
  endfacet
  facet normal -0 0 1
    outer loop
      vertex 47.2909 0.986123 6.4
      vertex 47.6348 0.599999 6.4
      vertex 47.6348 0.986123 6.4
    endloop
  endfacet
  facet normal 0 0 1
    outer loop
      vertex 47.6348 0.599999 6.4
      vertex 47.2909 0.986123 6.4
      vertex 47.2909 0.599999 6.4
    endloop
  endfacet
  facet normal 0 1 -0
    outer loop
      vertex 46.8319 0.869744 6
      vertex 46.2271 0.869744 6.4
      vertex 46.8319 0.869744 6.4
    endloop
  endfacet
  facet normal 0 1 0
    outer loop
      vertex 46.2271 0.869744 6.4
      vertex 46.8319 0.869744 6
      vertex 46.2271 0.869744 6
    endloop
  endfacet
  facet normal 1 -0 0
    outer loop
      vertex 46.2271 0.869744 6.4
      vertex 46.2271 3.08424 6
      vertex 46.2271 3.08424 6.4
    endloop
  endfacet
  facet normal 1 0 0
    outer loop
      vertex 46.2271 3.08424 6
      vertex 46.2271 0.869744 6.4
      vertex 46.2271 0.869744 6
    endloop
  endfacet
  facet normal 0 1 -0
    outer loop
      vertex 46.2271 3.08424 6
      vertex 45.9345 3.08424 6.4
      vertex 46.2271 3.08424 6.4
    endloop
  endfacet
  facet normal 0 1 0
    outer loop
      vertex 45.9345 3.08424 6.4
      vertex 46.2271 3.08424 6
      vertex 45.9345 3.08424 6
    endloop
  endfacet
  facet normal -0.566576 0.824009 0
    outer loop
      vertex 45.9345 3.08424 6
      vertex 45.3473 2.68049 6.4
      vertex 45.9345 3.08424 6.4
    endloop
  endfacet
  facet normal -0.566576 0.824009 0
    outer loop
      vertex 45.3473 2.68049 6.4
      vertex 45.9345 3.08424 6
      vertex 45.3473 2.68049 6
    endloop
  endfacet
  facet normal -1 0 0
    outer loop
      vertex 45.3473 2.38076 6
      vertex 45.3473 2.68049 6.4
      vertex 45.3473 2.68049 6
    endloop
  endfacet
  facet normal -1 -0 0
    outer loop
      vertex 45.3473 2.68049 6.4
      vertex 45.3473 2.38076 6
      vertex 45.3473 2.38076 6.4
    endloop
  endfacet
  facet normal 0.580959 -0.813933 0
    outer loop
      vertex 45.3473 2.38076 6
      vertex 45.908 2.78097 6.4
      vertex 45.3473 2.38076 6.4
    endloop
  endfacet
  facet normal 0.580959 -0.813933 0
    outer loop
      vertex 45.908 2.78097 6.4
      vertex 45.3473 2.38076 6
      vertex 45.908 2.78097 6
    endloop
  endfacet
  facet normal -1 0 0
    outer loop
      vertex 45.908 0.869744 6
      vertex 45.908 2.78097 6.4
      vertex 45.908 2.78097 6
    endloop
  endfacet
  facet normal -1 -0 0
    outer loop
      vertex 45.908 2.78097 6.4
      vertex 45.908 0.869744 6
      vertex 45.908 0.869744 6.4
    endloop
  endfacet
  facet normal 0 1 -0
    outer loop
      vertex 45.908 0.869744 6
      vertex 45.275 0.869744 6.4
      vertex 45.908 0.869744 6.4
    endloop
  endfacet
  facet normal 0 1 0
    outer loop
      vertex 45.275 0.869744 6.4
      vertex 45.908 0.869744 6
      vertex 45.275 0.869744 6
    endloop
  endfacet
  facet normal -1 0 0
    outer loop
      vertex 45.275 0.599999 6
      vertex 45.275 0.869744 6.4
      vertex 45.275 0.869744 6
    endloop
  endfacet
  facet normal -1 -0 0
    outer loop
      vertex 45.275 0.869744 6.4
      vertex 45.275 0.599999 6
      vertex 45.275 0.599999 6.4
    endloop
  endfacet
  facet normal 0 -1 0
    outer loop
      vertex 45.275 0.599999 6
      vertex 46.8319 0.599999 6.4
      vertex 45.275 0.599999 6.4
    endloop
  endfacet
  facet normal 0 -1 -0
    outer loop
      vertex 46.8319 0.599999 6.4
      vertex 45.275 0.599999 6
      vertex 46.8319 0.599999 6
    endloop
  endfacet
  facet normal 1 -0 0
    outer loop
      vertex 46.8319 0.599999 6.4
      vertex 46.8319 0.869744 6
      vertex 46.8319 0.869744 6.4
    endloop
  endfacet
  facet normal 1 0 0
    outer loop
      vertex 46.8319 0.869744 6
      vertex 46.8319 0.599999 6.4
      vertex 46.8319 0.599999 6
    endloop
  endfacet
  facet normal 0.127643 -0.99182 0
    outer loop
      vertex 49.0307 0.56936 6
      vertex 49.138 0.583169 6.4
      vertex 49.0307 0.56936 6.4
    endloop
  endfacet
  facet normal 0.127643 -0.99182 0
    outer loop
      vertex 49.138 0.583169 6.4
      vertex 49.0307 0.56936 6
      vertex 49.138 0.583169 6
    endloop
  endfacet
  facet normal 0.224379 -0.974502 0
    outer loop
      vertex 49.138 0.583169 6
      vertex 49.238 0.606194 6.4
      vertex 49.138 0.583169 6.4
    endloop
  endfacet
  facet normal 0.224379 -0.974502 0
    outer loop
      vertex 49.238 0.606194 6.4
      vertex 49.138 0.583169 6
      vertex 49.238 0.606194 6
    endloop
  endfacet
  facet normal 0.329004 -0.944329 0
    outer loop
      vertex 49.238 0.606194 6
      vertex 49.3305 0.638421 6.4
      vertex 49.238 0.606194 6.4
    endloop
  endfacet
  facet normal 0.329004 -0.944329 0
    outer loop
      vertex 49.3305 0.638421 6.4
      vertex 49.238 0.606194 6
      vertex 49.3305 0.638421 6
    endloop
  endfacet
  facet normal 0.437546 -0.899196 0
    outer loop
      vertex 49.3305 0.638421 6
      vertex 49.4157 0.679879 6.4
      vertex 49.3305 0.638421 6.4
    endloop
  endfacet
  facet normal 0.437546 -0.899196 0
    outer loop
      vertex 49.4157 0.679879 6.4
      vertex 49.3305 0.638421 6
      vertex 49.4157 0.679879 6
    endloop
  endfacet
  facet normal 0.545662 -0.838005 0
    outer loop
      vertex 49.4157 0.679879 6
      vertex 49.4935 0.730538 6.4
      vertex 49.4157 0.679879 6.4
    endloop
  endfacet
  facet normal 0.545662 -0.838005 0
    outer loop
      vertex 49.4935 0.730538 6.4
      vertex 49.4157 0.679879 6
      vertex 49.4935 0.730538 6
    endloop
  endfacet
  facet normal 0.647341 -0.762201 0
    outer loop
      vertex 49.4935 0.730538 6
      vertex 49.564 0.790414 6.4
      vertex 49.4935 0.730538 6.4
    endloop
  endfacet
  facet normal 0.647341 -0.762201 0
    outer loop
      vertex 49.564 0.790414 6.4
      vertex 49.4935 0.730538 6
      vertex 49.564 0.790414 6
    endloop
  endfacet
  facet normal 0.739009 -0.673696 0
    outer loop
      vertex 49.564 0.790414 6.4
      vertex 49.6259 0.858315 6
      vertex 49.6259 0.858315 6.4
    endloop
  endfacet
  facet normal 0.739009 -0.673696 0
    outer loop
      vertex 49.6259 0.858315 6
      vertex 49.564 0.790414 6.4
      vertex 49.564 0.790414 6
    endloop
  endfacet
  facet normal 0.818287 -0.574809 0
    outer loop
      vertex 49.6259 0.858315 6.4
      vertex 49.6784 0.933053 6
      vertex 49.6784 0.933053 6.4
    endloop
  endfacet
  facet normal 0.818287 -0.574809 0
    outer loop
      vertex 49.6784 0.933053 6
      vertex 49.6259 0.858315 6.4
      vertex 49.6259 0.858315 6
    endloop
  endfacet
  facet normal 0.885076 -0.465447 0
    outer loop
      vertex 49.6784 0.933053 6.4
      vertex 49.7213 1.01463 6
      vertex 49.7213 1.01463 6.4
    endloop
  endfacet
  facet normal 0.885076 -0.465447 0
    outer loop
      vertex 49.7213 1.01463 6
      vertex 49.6784 0.933053 6.4
      vertex 49.6784 0.933053 6
    endloop
  endfacet
  facet normal 0.935443 -0.353477 0
    outer loop
      vertex 49.7213 1.01463 6.4
      vertex 49.7547 1.10302 6
      vertex 49.7547 1.10302 6.4
    endloop
  endfacet
  facet normal 0.935443 -0.353477 0
    outer loop
      vertex 49.7547 1.10302 6
      vertex 49.7213 1.01463 6.4
      vertex 49.7213 1.01463 6
    endloop
  endfacet
  facet normal 0.970172 -0.242416 0
    outer loop
      vertex 49.7547 1.10302 6.4
      vertex 49.7785 1.19827 6
      vertex 49.7785 1.19827 6.4
    endloop
  endfacet
  facet normal 0.970172 -0.242416 0
    outer loop
      vertex 49.7785 1.19827 6
      vertex 49.7547 1.10302 6.4
      vertex 49.7547 1.10302 6
    endloop
  endfacet
  facet normal 0.99033 -0.138732 0
    outer loop
      vertex 49.7785 1.19827 6.4
      vertex 49.7928 1.30035 6
      vertex 49.7928 1.30035 6.4
    endloop
  endfacet
  facet normal 0.99033 -0.138732 0
    outer loop
      vertex 49.7928 1.30035 6
      vertex 49.7785 1.19827 6.4
      vertex 49.7785 1.19827 6
    endloop
  endfacet
  facet normal 0.99903 -0.0440303 0
    outer loop
      vertex 49.7928 1.30035 6.4
      vertex 49.7976 1.40926 6
      vertex 49.7976 1.40926 6.4
    endloop
  endfacet
  facet normal 0.99903 -0.0440303 0
    outer loop
      vertex 49.7976 1.40926 6
      vertex 49.7928 1.30035 6.4
      vertex 49.7928 1.30035 6
    endloop
  endfacet
  facet normal 0.998953 0.045752 0
    outer loop
      vertex 49.7976 1.40926 6.4
      vertex 49.7932 1.50533 6
      vertex 49.7932 1.50533 6.4
    endloop
  endfacet
  facet normal 0.998953 0.045752 0
    outer loop
      vertex 49.7932 1.50533 6
      vertex 49.7976 1.40926 6.4
      vertex 49.7976 1.40926 6
    endloop
  endfacet
  facet normal 0.989274 0.146075 0
    outer loop
      vertex 49.7932 1.50533 6.4
      vertex 49.7798 1.59608 6
      vertex 49.7798 1.59608 6.4
    endloop
  endfacet
  facet normal 0.989274 0.146075 0
    outer loop
      vertex 49.7798 1.59608 6
      vertex 49.7932 1.50533 6.4
      vertex 49.7932 1.50533 6
    endloop
  endfacet
  facet normal 0.967848 0.251536 0
    outer loop
      vertex 49.7798 1.59608 6.4
      vertex 49.7576 1.6815 6
      vertex 49.7576 1.6815 6.4
    endloop
  endfacet
  facet normal 0.967848 0.251536 0
    outer loop
      vertex 49.7576 1.6815 6
      vertex 49.7798 1.59608 6.4
      vertex 49.7798 1.59608 6
    endloop
  endfacet
  facet normal 0.932216 0.361901 0
    outer loop
      vertex 49.7576 1.6815 6.4
      vertex 49.7265 1.76161 6
      vertex 49.7265 1.76161 6.4
    endloop
  endfacet
  facet normal 0.932216 0.361901 0
    outer loop
      vertex 49.7265 1.76161 6
      vertex 49.7576 1.6815 6.4
      vertex 49.7576 1.6815 6
    endloop
  endfacet
  facet normal 0.881725 0.471763 0
    outer loop
      vertex 49.7265 1.76161 6.4
      vertex 49.6865 1.83637 6
      vertex 49.6865 1.83637 6.4
    endloop
  endfacet
  facet normal 0.881725 0.471763 0
    outer loop
      vertex 49.6865 1.83637 6
      vertex 49.7265 1.76161 6.4
      vertex 49.7265 1.76161 6
    endloop
  endfacet
  facet normal 0.817652 0.575712 0
    outer loop
      vertex 49.6865 1.83637 6.4
      vertex 49.6376 1.90582 6
      vertex 49.6376 1.90582 6.4
    endloop
  endfacet
  facet normal 0.817652 0.575712 0
    outer loop
      vertex 49.6376 1.90582 6
      vertex 49.6865 1.83637 6.4
      vertex 49.6865 1.83637 6
    endloop
  endfacet
  facet normal 0.742712 0.669611 0
    outer loop
      vertex 49.6376 1.90582 6.4
      vertex 49.5798 1.96993 6
      vertex 49.5798 1.96993 6.4
    endloop
  endfacet
  facet normal 0.742712 0.669611 0
    outer loop
      vertex 49.5798 1.96993 6
      vertex 49.6376 1.90582 6.4
      vertex 49.6376 1.90582 6
    endloop
  endfacet
  facet normal 0.658635 0.752462 -0
    outer loop
      vertex 49.5798 1.96993 6
      vertex 49.5146 2.027 6.4
      vertex 49.5798 1.96993 6.4
    endloop
  endfacet
  facet normal 0.658635 0.752462 0
    outer loop
      vertex 49.5146 2.027 6.4
      vertex 49.5798 1.96993 6
      vertex 49.5146 2.027 6
    endloop
  endfacet
  facet normal 0.560689 0.828027 -0
    outer loop
      vertex 49.5146 2.027 6
      vertex 49.4433 2.07528 6.4
      vertex 49.5146 2.027 6.4
    endloop
  endfacet
  facet normal 0.560689 0.828027 0
    outer loop
      vertex 49.4433 2.07528 6.4
      vertex 49.5146 2.027 6
      vertex 49.4433 2.07528 6
    endloop
  endfacet
  facet normal 0.45428 0.890859 -0
    outer loop
      vertex 49.4433 2.07528 6
      vertex 49.3658 2.1148 6.4
      vertex 49.4433 2.07528 6.4
    endloop
  endfacet
  facet normal 0.45428 0.890859 0
    outer loop
      vertex 49.3658 2.1148 6.4
      vertex 49.4433 2.07528 6
      vertex 49.3658 2.1148 6
    endloop
  endfacet
  facet normal 0.345278 0.9385 -0
    outer loop
      vertex 49.3658 2.1148 6
      vertex 49.2823 2.14552 6.4
      vertex 49.3658 2.1148 6.4
    endloop
  endfacet
  facet normal 0.345278 0.9385 0
    outer loop
      vertex 49.2823 2.14552 6.4
      vertex 49.3658 2.1148 6
      vertex 49.2823 2.14552 6
    endloop
  endfacet
  facet normal 0.238193 0.971218 -0
    outer loop
      vertex 49.2823 2.14552 6
      vertex 49.1928 2.16747 6.4
      vertex 49.2823 2.14552 6.4
    endloop
  endfacet
  facet normal 0.238193 0.971218 0
    outer loop
      vertex 49.1928 2.16747 6.4
      vertex 49.2823 2.14552 6
      vertex 49.1928 2.16747 6
    endloop
  endfacet
  facet normal 0.136333 0.990663 -0
    outer loop
      vertex 49.1928 2.16747 6
      vertex 49.0971 2.18064 6.4
      vertex 49.1928 2.16747 6.4
    endloop
  endfacet
  facet normal 0.136333 0.990663 0
    outer loop
      vertex 49.0971 2.18064 6.4
      vertex 49.1928 2.16747 6
      vertex 49.0971 2.18064 6
    endloop
  endfacet
  facet normal 0.0432241 0.999065 -0
    outer loop
      vertex 49.0971 2.18064 6
      vertex 48.9954 2.18504 6.4
      vertex 49.0971 2.18064 6.4
    endloop
  endfacet
  facet normal 0.0432241 0.999065 0
    outer loop
      vertex 48.9954 2.18504 6.4
      vertex 49.0971 2.18064 6
      vertex 48.9954 2.18504 6
    endloop
  endfacet
  facet normal -0.03794 0.99928 0
    outer loop
      vertex 48.9954 2.18504 6
      vertex 48.9098 2.18179 6.4
      vertex 48.9954 2.18504 6.4
    endloop
  endfacet
  facet normal -0.03794 0.99928 0
    outer loop
      vertex 48.9098 2.18179 6.4
      vertex 48.9954 2.18504 6
      vertex 48.9098 2.18179 6
    endloop
  endfacet
  facet normal -0.118304 0.992977 0
    outer loop
      vertex 48.9098 2.18179 6
      vertex 48.8283 2.17208 6.4
      vertex 48.9098 2.18179 6.4
    endloop
  endfacet
  facet normal -0.118304 0.992977 0
    outer loop
      vertex 48.8283 2.17208 6.4
      vertex 48.9098 2.18179 6
      vertex 48.8283 2.17208 6
    endloop
  endfacet
  facet normal -0.204742 0.978816 0
    outer loop
      vertex 48.8283 2.17208 6
      vertex 48.7509 2.15589 6.4
      vertex 48.8283 2.17208 6.4
    endloop
  endfacet
  facet normal -0.204742 0.978816 0
    outer loop
      vertex 48.7509 2.15589 6.4
      vertex 48.8283 2.17208 6
      vertex 48.7509 2.15589 6
    endloop
  endfacet
  facet normal -0.295468 0.955352 0
    outer loop
      vertex 48.7509 2.15589 6
      vertex 48.6776 2.13322 6.4
      vertex 48.7509 2.15589 6.4
    endloop
  endfacet
  facet normal -0.295468 0.955352 0
    outer loop
      vertex 48.6776 2.13322 6.4
      vertex 48.7509 2.15589 6
      vertex 48.6776 2.13322 6
    endloop
  endfacet
  facet normal -0.388206 0.921573 0
    outer loop
      vertex 48.6776 2.13322 6
      vertex 48.6084 2.10407 6.4
      vertex 48.6776 2.13322 6.4
    endloop
  endfacet
  facet normal -0.388206 0.921573 0
    outer loop
      vertex 48.6084 2.10407 6.4
      vertex 48.6776 2.13322 6
      vertex 48.6084 2.10407 6
    endloop
  endfacet
  facet normal -0.480107 0.87721 0
    outer loop
      vertex 48.6084 2.10407 6
      vertex 48.5433 2.06844 6.4
      vertex 48.6084 2.10407 6.4
    endloop
  endfacet
  facet normal -0.480107 0.87721 0
    outer loop
      vertex 48.5433 2.06844 6.4
      vertex 48.6084 2.10407 6
      vertex 48.5433 2.06844 6
    endloop
  endfacet
  facet normal -0.567925 0.82308 0
    outer loop
      vertex 48.5433 2.06844 6
      vertex 48.4823 2.02635 6.4
      vertex 48.5433 2.06844 6.4
    endloop
  endfacet
  facet normal -0.567925 0.82308 0
    outer loop
      vertex 48.4823 2.02635 6.4
      vertex 48.5433 2.06844 6
      vertex 48.4823 2.02635 6
    endloop
  endfacet
  facet normal 0.998181 -0.0602855 0
    outer loop
      vertex 48.4823 2.02635 6.4
      vertex 48.5299 2.81449 6
      vertex 48.5299 2.81449 6.4
    endloop
  endfacet
  facet normal 0.998181 -0.0602855 0
    outer loop
      vertex 48.5299 2.81449 6
      vertex 48.4823 2.02635 6.4
      vertex 48.4823 2.02635 6
    endloop
  endfacet
  facet normal 0 -1 0
    outer loop
      vertex 48.5299 2.81449 6
      vertex 49.653 2.81449 6.4
      vertex 48.5299 2.81449 6.4
    endloop
  endfacet
  facet normal 0 -1 -0
    outer loop
      vertex 49.653 2.81449 6.4
      vertex 48.5299 2.81449 6
      vertex 49.653 2.81449 6
    endloop
  endfacet
  facet normal 1 -0 0
    outer loop
      vertex 49.653 2.81449 6.4
      vertex 49.653 3.08424 6
      vertex 49.653 3.08424 6.4
    endloop
  endfacet
  facet normal 1 0 0
    outer loop
      vertex 49.653 3.08424 6
      vertex 49.653 2.81449 6.4
      vertex 49.653 2.81449 6
    endloop
  endfacet
  facet normal 0 1 -0
    outer loop
      vertex 49.653 3.08424 6
      vertex 48.2407 3.08424 6.4
      vertex 49.653 3.08424 6.4
    endloop
  endfacet
  facet normal 0 1 0
    outer loop
      vertex 48.2407 3.08424 6.4
      vertex 49.653 3.08424 6
      vertex 48.2407 3.08424 6
    endloop
  endfacet
  facet normal -0.998086 0.0618362 0
    outer loop
      vertex 48.1579 1.74778 6
      vertex 48.2407 3.08424 6.4
      vertex 48.2407 3.08424 6
    endloop
  endfacet
  facet normal -0.998086 0.0618362 0
    outer loop
      vertex 48.2407 3.08424 6.4
      vertex 48.1579 1.74778 6
      vertex 48.1579 1.74778 6.4
    endloop
  endfacet
  facet normal 0 -1 0
    outer loop
      vertex 48.1579 1.74778 6
      vertex 48.4682 1.74778 6.4
      vertex 48.1579 1.74778 6.4
    endloop
  endfacet
  facet normal 0 -1 -0
    outer loop
      vertex 48.4682 1.74778 6.4
      vertex 48.1579 1.74778 6
      vertex 48.4682 1.74778 6
    endloop
  endfacet
  facet normal 0.64237 -0.766395 0
    outer loop
      vertex 48.4682 1.74778 6
      vertex 48.4999 1.77435 6.4
      vertex 48.4682 1.74778 6.4
    endloop
  endfacet
  facet normal 0.64237 -0.766395 0
    outer loop
      vertex 48.4999 1.77435 6.4
      vertex 48.4682 1.74778 6
      vertex 48.4999 1.77435 6
    endloop
  endfacet
  facet normal 0.606224 -0.795294 0
    outer loop
      vertex 48.4999 1.77435 6
      vertex 48.5317 1.79859 6.4
      vertex 48.4999 1.77435 6.4
    endloop
  endfacet
  facet normal 0.606224 -0.795294 0
    outer loop
      vertex 48.5317 1.79859 6.4
      vertex 48.4999 1.77435 6
      vertex 48.5317 1.79859 6
    endloop
  endfacet
  facet normal 0.569453 -0.822024 0
    outer loop
      vertex 48.5317 1.79859 6
      vertex 48.5634 1.82055 6.4
      vertex 48.5317 1.79859 6.4
    endloop
  endfacet
  facet normal 0.569453 -0.822024 0
    outer loop
      vertex 48.5634 1.82055 6.4
      vertex 48.5317 1.79859 6
      vertex 48.5634 1.82055 6
    endloop
  endfacet
  facet normal 0.526668 -0.850071 0
    outer loop
      vertex 48.5634 1.82055 6
      vertex 48.5951 1.84019 6.4
      vertex 48.5634 1.82055 6.4
    endloop
  endfacet
  facet normal 0.526668 -0.850071 0
    outer loop
      vertex 48.5951 1.84019 6.4
      vertex 48.5634 1.82055 6
      vertex 48.5951 1.84019 6
    endloop
  endfacet
  facet normal 0.478949 -0.877843 0
    outer loop
      vertex 48.5951 1.84019 6
      vertex 48.6269 1.85754 6.4
      vertex 48.5951 1.84019 6.4
    endloop
  endfacet
  facet normal 0.478949 -0.877843 0
    outer loop
      vertex 48.6269 1.85754 6.4
      vertex 48.5951 1.84019 6
      vertex 48.6269 1.85754 6
    endloop
  endfacet
  facet normal 0.428417 -0.903581 0
    outer loop
      vertex 48.6269 1.85754 6
      vertex 48.6586 1.87257 6.4
      vertex 48.6269 1.85754 6.4
    endloop
  endfacet
  facet normal 0.428417 -0.903581 0
    outer loop
      vertex 48.6586 1.87257 6.4
      vertex 48.6269 1.85754 6
      vertex 48.6586 1.87257 6
    endloop
  endfacet
  facet normal 0.372904 -0.92787 0
    outer loop
      vertex 48.6586 1.87257 6
      vertex 48.6903 1.88531 6.4
      vertex 48.6586 1.87257 6.4
    endloop
  endfacet
  facet normal 0.372904 -0.92787 0
    outer loop
      vertex 48.6903 1.88531 6.4
      vertex 48.6586 1.87257 6
      vertex 48.6903 1.88531 6
    endloop
  endfacet
  facet normal 0.317822 -0.94815 0
    outer loop
      vertex 48.6903 1.88531 6
      vertex 48.7224 1.89607 6.4
      vertex 48.6903 1.88531 6.4
    endloop
  endfacet
  facet normal 0.317822 -0.94815 0
    outer loop
      vertex 48.7224 1.89607 6.4
      vertex 48.6903 1.88531 6
      vertex 48.7224 1.89607 6
    endloop
  endfacet
  facet normal 0.267614 -0.963526 0
    outer loop
      vertex 48.7224 1.89607 6
      vertex 48.7552 1.90518 6.4
      vertex 48.7224 1.89607 6.4
    endloop
  endfacet
  facet normal 0.267614 -0.963526 0
    outer loop
      vertex 48.7552 1.90518 6.4
      vertex 48.7224 1.89607 6
      vertex 48.7552 1.90518 6
    endloop
  endfacet
  facet normal 0.216192 -0.976351 0
    outer loop
      vertex 48.7552 1.90518 6
      vertex 48.7888 1.91262 6.4
      vertex 48.7552 1.90518 6.4
    endloop
  endfacet
  facet normal 0.216192 -0.976351 0
    outer loop
      vertex 48.7888 1.91262 6.4
      vertex 48.7552 1.90518 6
      vertex 48.7888 1.91262 6
    endloop
  endfacet
  facet normal 0.166643 -0.986017 0
    outer loop
      vertex 48.7888 1.91262 6
      vertex 48.823 1.9184 6.4
      vertex 48.7888 1.91262 6.4
    endloop
  endfacet
  facet normal 0.166643 -0.986017 0
    outer loop
      vertex 48.823 1.9184 6.4
      vertex 48.7888 1.91262 6
      vertex 48.823 1.9184 6
    endloop
  endfacet
  facet normal 0.117747 -0.993044 0
    outer loop
      vertex 48.823 1.9184 6
      vertex 48.858 1.92255 6.4
      vertex 48.823 1.9184 6.4
    endloop
  endfacet
  facet normal 0.117747 -0.993044 0
    outer loop
      vertex 48.858 1.92255 6.4
      vertex 48.823 1.9184 6
      vertex 48.858 1.92255 6
    endloop
  endfacet
  facet normal 0.0693008 -0.997596 0
    outer loop
      vertex 48.858 1.92255 6
      vertex 48.8937 1.92503 6.4
      vertex 48.858 1.92255 6.4
    endloop
  endfacet
  facet normal 0.0693008 -0.997596 0
    outer loop
      vertex 48.8937 1.92503 6.4
      vertex 48.858 1.92255 6
      vertex 48.8937 1.92503 6
    endloop
  endfacet
  facet normal 0.0230708 -0.999734 0
    outer loop
      vertex 48.8937 1.92503 6
      vertex 48.9301 1.92587 6.4
      vertex 48.8937 1.92503 6.4
    endloop
  endfacet
  facet normal 0.0230708 -0.999734 0
    outer loop
      vertex 48.9301 1.92587 6.4
      vertex 48.8937 1.92503 6
      vertex 48.9301 1.92587 6
    endloop
  endfacet
  facet normal -0.0431714 -0.999068 0
    outer loop
      vertex 48.9301 1.92587 6
      vertex 48.9986 1.92291 6.4
      vertex 48.9301 1.92587 6.4
    endloop
  endfacet
  facet normal -0.0431714 -0.999068 -0
    outer loop
      vertex 48.9986 1.92291 6.4
      vertex 48.9301 1.92587 6
      vertex 48.9986 1.92291 6
    endloop
  endfacet
  facet normal -0.136351 -0.990661 0
    outer loop
      vertex 48.9986 1.92291 6
      vertex 49.0629 1.91406 6.4
      vertex 48.9986 1.92291 6.4
    endloop
  endfacet
  facet normal -0.136351 -0.990661 -0
    outer loop
      vertex 49.0629 1.91406 6.4
      vertex 48.9986 1.92291 6
      vertex 49.0629 1.91406 6
    endloop
  endfacet
  facet normal -0.23813 -0.971233 0
    outer loop
      vertex 49.0629 1.91406 6
      vertex 49.1231 1.8993 6.4
      vertex 49.0629 1.91406 6.4
    endloop
  endfacet
  facet normal -0.23813 -0.971233 -0
    outer loop
      vertex 49.1231 1.8993 6.4
      vertex 49.0629 1.91406 6
      vertex 49.1231 1.8993 6
    endloop
  endfacet
  facet normal -0.34583 -0.938297 0
    outer loop
      vertex 49.1231 1.8993 6
      vertex 49.1791 1.87866 6.4
      vertex 49.1231 1.8993 6.4
    endloop
  endfacet
  facet normal -0.34583 -0.938297 -0
    outer loop
      vertex 49.1791 1.87866 6.4
      vertex 49.1231 1.8993 6
      vertex 49.1791 1.87866 6
    endloop
  endfacet
  facet normal -0.4557 -0.890133 0
    outer loop
      vertex 49.1791 1.87866 6
      vertex 49.231 1.85209 6.4
      vertex 49.1791 1.87866 6.4
    endloop
  endfacet
  facet normal -0.4557 -0.890133 -0
    outer loop
      vertex 49.231 1.85209 6.4
      vertex 49.1791 1.87866 6
      vertex 49.231 1.85209 6
    endloop
  endfacet
  facet normal -0.561789 -0.82728 0
    outer loop
      vertex 49.231 1.85209 6
      vertex 49.2788 1.81963 6.4
      vertex 49.231 1.85209 6.4
    endloop
  endfacet
  facet normal -0.561789 -0.82728 -0
    outer loop
      vertex 49.2788 1.81963 6.4
      vertex 49.231 1.85209 6
      vertex 49.2788 1.81963 6
    endloop
  endfacet
  facet normal -0.66055 -0.750782 0
    outer loop
      vertex 49.2788 1.81963 6
      vertex 49.3224 1.78127 6.4
      vertex 49.2788 1.81963 6.4
    endloop
  endfacet
  facet normal -0.66055 -0.750782 -0
    outer loop
      vertex 49.3224 1.78127 6.4
      vertex 49.2788 1.81963 6
      vertex 49.3224 1.78127 6
    endloop
  endfacet
  facet normal -0.745155 -0.666891 0
    outer loop
      vertex 49.361 1.73814 6
      vertex 49.3224 1.78127 6.4
      vertex 49.3224 1.78127 6
    endloop
  endfacet
  facet normal -0.745155 -0.666891 0
    outer loop
      vertex 49.3224 1.78127 6.4
      vertex 49.361 1.73814 6
      vertex 49.361 1.73814 6.4
    endloop
  endfacet
  facet normal -0.81984 -0.572592 0
    outer loop
      vertex 49.3937 1.69132 6
      vertex 49.361 1.73814 6.4
      vertex 49.361 1.73814 6
    endloop
  endfacet
  facet normal -0.81984 -0.572592 0
    outer loop
      vertex 49.361 1.73814 6.4
      vertex 49.3937 1.69132 6
      vertex 49.3937 1.69132 6.4
    endloop
  endfacet
  facet normal -0.883928 -0.467622 0
    outer loop
      vertex 49.4204 1.64085 6
      vertex 49.3937 1.69132 6.4
      vertex 49.3937 1.69132 6
    endloop
  endfacet
  facet normal -0.883928 -0.467622 0
    outer loop
      vertex 49.3937 1.69132 6.4
      vertex 49.4204 1.64085 6
      vertex 49.4204 1.64085 6.4
    endloop
  endfacet
  facet normal -0.933523 -0.358517 0
    outer loop
      vertex 49.4412 1.58669 6
      vertex 49.4204 1.64085 6.4
      vertex 49.4204 1.64085 6
    endloop
  endfacet
  facet normal -0.933523 -0.358517 0
    outer loop
      vertex 49.4204 1.64085 6.4
      vertex 49.4412 1.58669 6
      vertex 49.4412 1.58669 6.4
    endloop
  endfacet
  facet normal -0.968757 -0.248012 0
    outer loop
      vertex 49.456 1.52888 6
      vertex 49.4412 1.58669 6.4
      vertex 49.4412 1.58669 6
    endloop
  endfacet
  facet normal -0.968757 -0.248012 0
    outer loop
      vertex 49.4412 1.58669 6.4
      vertex 49.456 1.52888 6
      vertex 49.456 1.52888 6.4
    endloop
  endfacet
  facet normal -0.989687 -0.143246 0
    outer loop
      vertex 49.4649 1.46739 6
      vertex 49.456 1.52888 6.4
      vertex 49.456 1.52888 6
    endloop
  endfacet
  facet normal -0.989687 -0.143246 0
    outer loop
      vertex 49.456 1.52888 6.4
      vertex 49.4649 1.46739 6
      vertex 49.4649 1.46739 6.4
    endloop
  endfacet
  facet normal -0.998942 -0.0459848 0
    outer loop
      vertex 49.4679 1.40222 6
      vertex 49.4649 1.46739 6.4
      vertex 49.4649 1.46739 6
    endloop
  endfacet
  facet normal -0.998942 -0.0459848 0
    outer loop
      vertex 49.4649 1.46739 6.4
      vertex 49.4679 1.40222 6
      vertex 49.4679 1.40222 6.4
    endloop
  endfacet
  facet normal -0.999195 0.0401122 0
    outer loop
      vertex 49.4649 1.32749 6
      vertex 49.4679 1.40222 6.4
      vertex 49.4679 1.40222 6
    endloop
  endfacet
  facet normal -0.999195 0.0401122 0
    outer loop
      vertex 49.4679 1.40222 6.4
      vertex 49.4649 1.32749 6
      vertex 49.4649 1.32749 6.4
    endloop
  endfacet
  facet normal -0.99219 0.124733 0
    outer loop
      vertex 49.4561 1.25749 6
      vertex 49.4649 1.32749 6.4
      vertex 49.4649 1.32749 6
    endloop
  endfacet
  facet normal -0.99219 0.124733 0
    outer loop
      vertex 49.4649 1.32749 6.4
      vertex 49.4561 1.25749 6
      vertex 49.4561 1.25749 6.4
    endloop
  endfacet
  facet normal -0.975265 0.22104 0
    outer loop
      vertex 49.4413 1.19219 6
      vertex 49.4561 1.25749 6.4
      vertex 49.4561 1.25749 6
    endloop
  endfacet
  facet normal -0.975265 0.22104 0
    outer loop
      vertex 49.4561 1.25749 6.4
      vertex 49.4413 1.19219 6
      vertex 49.4413 1.19219 6.4
    endloop
  endfacet
  facet normal -0.946743 0.32199 0
    outer loop
      vertex 49.4207 1.13162 6
      vertex 49.4413 1.19219 6.4
      vertex 49.4413 1.19219 6
    endloop
  endfacet
  facet normal -0.946743 0.32199 0
    outer loop
      vertex 49.4413 1.19219 6.4
      vertex 49.4207 1.13162 6
      vertex 49.4207 1.13162 6.4
    endloop
  endfacet
  facet normal -0.90289 0.429871 0
    outer loop
      vertex 49.3941 1.07575 6
      vertex 49.4207 1.13162 6.4
      vertex 49.4207 1.13162 6
    endloop
  endfacet
  facet normal -0.90289 0.429871 0
    outer loop
      vertex 49.4207 1.13162 6.4
      vertex 49.3941 1.07575 6
      vertex 49.3941 1.07575 6.4
    endloop
  endfacet
  facet normal -0.844734 0.535186 0
    outer loop
      vertex 49.3617 1.02461 6
      vertex 49.3941 1.07575 6.4
      vertex 49.3941 1.07575 6
    endloop
  endfacet
  facet normal -0.844734 0.535186 0
    outer loop
      vertex 49.3941 1.07575 6.4
      vertex 49.3617 1.02461 6
      vertex 49.3617 1.02461 6.4
    endloop
  endfacet
  facet normal -0.770745 0.637144 0
    outer loop
      vertex 49.3233 0.978158 6
      vertex 49.3617 1.02461 6.4
      vertex 49.3617 1.02461 6
    endloop
  endfacet
  facet normal -0.770745 0.637144 0
    outer loop
      vertex 49.3617 1.02461 6.4
      vertex 49.3233 0.978158 6
      vertex 49.3233 0.978158 6.4
    endloop
  endfacet
  facet normal -0.684377 0.729128 0
    outer loop
      vertex 49.3233 0.978158 6
      vertex 49.2797 0.937234 6.4
      vertex 49.3233 0.978158 6.4
    endloop
  endfacet
  facet normal -0.684377 0.729128 0
    outer loop
      vertex 49.2797 0.937234 6.4
      vertex 49.3233 0.978158 6
      vertex 49.2797 0.937234 6
    endloop
  endfacet
  facet normal -0.584194 0.811614 0
    outer loop
      vertex 49.2797 0.937234 6
      vertex 49.2316 0.902612 6.4
      vertex 49.2797 0.937234 6.4
    endloop
  endfacet
  facet normal -0.584194 0.811614 0
    outer loop
      vertex 49.2316 0.902612 6.4
      vertex 49.2797 0.937234 6
      vertex 49.2316 0.902612 6
    endloop
  endfacet
  facet normal -0.474267 0.880381 0
    outer loop
      vertex 49.2316 0.902612 6
      vertex 49.179 0.874276 6.4
      vertex 49.2316 0.902612 6.4
    endloop
  endfacet
  facet normal -0.474267 0.880381 0
    outer loop
      vertex 49.179 0.874276 6.4
      vertex 49.2316 0.902612 6
      vertex 49.179 0.874276 6
    endloop
  endfacet
  facet normal -0.359462 0.93316 0
    outer loop
      vertex 49.179 0.874276 6
      vertex 49.1218 0.852242 6.4
      vertex 49.179 0.874276 6.4
    endloop
  endfacet
  facet normal -0.359462 0.93316 0
    outer loop
      vertex 49.1218 0.852242 6.4
      vertex 49.179 0.874276 6
      vertex 49.1218 0.852242 6
    endloop
  endfacet
  facet normal -0.247292 0.968941 0
    outer loop
      vertex 49.1218 0.852242 6
      vertex 49.0601 0.836495 6.4
      vertex 49.1218 0.852242 6.4
    endloop
  endfacet
  facet normal -0.247292 0.968941 0
    outer loop
      vertex 49.0601 0.836495 6.4
      vertex 49.1218 0.852242 6
      vertex 49.0601 0.836495 6
    endloop
  endfacet
  facet normal -0.141243 0.989975 0
    outer loop
      vertex 49.0601 0.836495 6
      vertex 48.9939 0.82705 6.4
      vertex 49.0601 0.836495 6.4
    endloop
  endfacet
  facet normal -0.141243 0.989975 0
    outer loop
      vertex 48.9939 0.82705 6.4
      vertex 49.0601 0.836495 6
      vertex 48.9939 0.82705 6
    endloop
  endfacet
  facet normal -0.044349 0.999016 0
    outer loop
      vertex 48.9939 0.82705 6
      vertex 48.9231 0.823907 6.4
      vertex 48.9939 0.82705 6.4
    endloop
  endfacet
  facet normal -0.044349 0.999016 0
    outer loop
      vertex 48.9231 0.823907 6.4
      vertex 48.9939 0.82705 6
      vertex 48.9231 0.823907 6
    endloop
  endfacet
  facet normal 0.0667133 0.997772 -0
    outer loop
      vertex 48.9231 0.823907 6
      vertex 48.8106 0.831429 6.4
      vertex 48.9231 0.823907 6.4
    endloop
  endfacet
  facet normal 0.0667133 0.997772 0
    outer loop
      vertex 48.8106 0.831429 6.4
      vertex 48.9231 0.823907 6
      vertex 48.8106 0.831429 6
    endloop
  endfacet
  facet normal 0.221056 0.975261 -0
    outer loop
      vertex 48.8106 0.831429 6
      vertex 48.7111 0.853982 6.4
      vertex 48.8106 0.831429 6.4
    endloop
  endfacet
  facet normal 0.221056 0.975261 0
    outer loop
      vertex 48.7111 0.853982 6.4
      vertex 48.8106 0.831429 6
      vertex 48.7111 0.853982 6
    endloop
  endfacet
  facet normal 0.397857 0.917447 -0
    outer loop
      vertex 48.7111 0.853982 6
      vertex 48.6244 0.89158 6.4
      vertex 48.7111 0.853982 6.4
    endloop
  endfacet
  facet normal 0.397857 0.917447 0
    outer loop
      vertex 48.6244 0.89158 6.4
      vertex 48.7111 0.853982 6
      vertex 48.6244 0.89158 6
    endloop
  endfacet
  facet normal 0.58071 0.81411 -0
    outer loop
      vertex 48.6244 0.89158 6
      vertex 48.5506 0.944222 6.4
      vertex 48.6244 0.89158 6.4
    endloop
  endfacet
  facet normal 0.58071 0.81411 0
    outer loop
      vertex 48.5506 0.944222 6.4
      vertex 48.6244 0.89158 6
      vertex 48.5506 0.944222 6
    endloop
  endfacet
  facet normal 0.743399 0.668848 0
    outer loop
      vertex 48.5506 0.944222 6.4
      vertex 48.4897 1.01191 6
      vertex 48.4897 1.01191 6.4
    endloop
  endfacet
  facet normal 0.743399 0.668848 0
    outer loop
      vertex 48.4897 1.01191 6
      vertex 48.5506 0.944222 6.4
      vertex 48.5506 0.944222 6
    endloop
  endfacet
  facet normal 0.864956 0.501848 0
    outer loop
      vertex 48.4897 1.01191 6.4
      vertex 48.4417 1.09464 6
      vertex 48.4417 1.09464 6.4
    endloop
  endfacet
  facet normal 0.864956 0.501848 0
    outer loop
      vertex 48.4417 1.09464 6
      vertex 48.4897 1.01191 6.4
      vertex 48.4897 1.01191 6
    endloop
  endfacet
  facet normal 0.940879 0.338743 0
    outer loop
      vertex 48.4417 1.09464 6.4
      vertex 48.4065 1.19241 6
      vertex 48.4065 1.19241 6.4
    endloop
  endfacet
  facet normal 0.940879 0.338743 0
    outer loop
      vertex 48.4065 1.19241 6
      vertex 48.4417 1.09464 6.4
      vertex 48.4417 1.09464 6
    endloop
  endfacet
  facet normal -0.114664 0.993404 0
    outer loop
      vertex 48.4065 1.19241 6
      vertex 48.0856 1.15537 6.4
      vertex 48.4065 1.19241 6.4
    endloop
  endfacet
  facet normal -0.114664 0.993404 0
    outer loop
      vertex 48.0856 1.15537 6.4
      vertex 48.4065 1.19241 6
      vertex 48.0856 1.15537 6
    endloop
  endfacet
  facet normal -0.971658 -0.236392 0
    outer loop
      vertex 48.1049 1.07604 6
      vertex 48.0856 1.15537 6.4
      vertex 48.0856 1.15537 6
    endloop
  endfacet
  facet normal -0.971658 -0.236392 0
    outer loop
      vertex 48.0856 1.15537 6.4
      vertex 48.1049 1.07604 6
      vertex 48.1049 1.07604 6.4
    endloop
  endfacet
  facet normal -0.944376 -0.328868 0
    outer loop
      vertex 48.1306 1.00224 6
      vertex 48.1049 1.07604 6.4
      vertex 48.1049 1.07604 6
    endloop
  endfacet
  facet normal -0.944376 -0.328868 0
    outer loop
      vertex 48.1049 1.07604 6.4
      vertex 48.1306 1.00224 6
      vertex 48.1306 1.00224 6.4
    endloop
  endfacet
  facet normal -0.904412 -0.42666 0
    outer loop
      vertex 48.1628 0.933984 6
      vertex 48.1306 1.00224 6.4
      vertex 48.1306 1.00224 6
    endloop
  endfacet
  facet normal -0.904412 -0.42666 0
    outer loop
      vertex 48.1306 1.00224 6.4
      vertex 48.1628 0.933984 6
      vertex 48.1628 0.933984 6.4
    endloop
  endfacet
  facet normal -0.852223 -0.523178 0
    outer loop
      vertex 48.2013 0.87127 6
      vertex 48.1628 0.933984 6.4
      vertex 48.1628 0.933984 6
    endloop
  endfacet
  facet normal -0.852223 -0.523178 0
    outer loop
      vertex 48.1628 0.933984 6.4
      vertex 48.2013 0.87127 6
      vertex 48.2013 0.87127 6.4
    endloop
  endfacet
  facet normal -0.785805 -0.618474 0
    outer loop
      vertex 48.2463 0.814095 6
      vertex 48.2013 0.87127 6.4
      vertex 48.2013 0.87127 6
    endloop
  endfacet
  facet normal -0.785805 -0.618474 0
    outer loop
      vertex 48.2013 0.87127 6.4
      vertex 48.2463 0.814095 6
      vertex 48.2463 0.814095 6.4
    endloop
  endfacet
  facet normal -0.709404 -0.704802 0
    outer loop
      vertex 48.2976 0.76246 6
      vertex 48.2463 0.814095 6.4
      vertex 48.2463 0.814095 6
    endloop
  endfacet
  facet normal -0.709404 -0.704802 0
    outer loop
      vertex 48.2463 0.814095 6.4
      vertex 48.2976 0.76246 6
      vertex 48.2976 0.76246 6.4
    endloop
  endfacet
  facet normal -0.624175 -0.781285 0
    outer loop
      vertex 48.2976 0.76246 6
      vertex 48.3553 0.716363 6.4
      vertex 48.2976 0.76246 6.4
    endloop
  endfacet
  facet normal -0.624175 -0.781285 -0
    outer loop
      vertex 48.3553 0.716363 6.4
      vertex 48.2976 0.76246 6
      vertex 48.3553 0.716363 6
    endloop
  endfacet
  facet normal -0.533902 -0.845546 0
    outer loop
      vertex 48.3553 0.716363 6
      vertex 48.419 0.676141 6.4
      vertex 48.3553 0.716363 6.4
    endloop
  endfacet
  facet normal -0.533902 -0.845546 -0
    outer loop
      vertex 48.419 0.676141 6.4
      vertex 48.3553 0.716363 6
      vertex 48.419 0.676141 6
    endloop
  endfacet
  facet normal -0.441426 -0.897298 0
    outer loop
      vertex 48.419 0.676141 6
      vertex 48.4882 0.642098 6.4
      vertex 48.419 0.676141 6.4
    endloop
  endfacet
  facet normal -0.441426 -0.897298 -0
    outer loop
      vertex 48.4882 0.642098 6.4
      vertex 48.419 0.676141 6
      vertex 48.4882 0.642098 6
    endloop
  endfacet
  facet normal -0.349714 -0.936857 0
    outer loop
      vertex 48.4882 0.642098 6
      vertex 48.5628 0.614251 6.4
      vertex 48.4882 0.642098 6.4
    endloop
  endfacet
  facet normal -0.349714 -0.936857 -0
    outer loop
      vertex 48.5628 0.614251 6.4
      vertex 48.4882 0.642098 6
      vertex 48.5628 0.614251 6
    endloop
  endfacet
  facet normal -0.260947 -0.965353 0
    outer loop
      vertex 48.5628 0.614251 6
      vertex 48.6429 0.592599 6.4
      vertex 48.5628 0.614251 6.4
    endloop
  endfacet
  facet normal -0.260947 -0.965353 -0
    outer loop
      vertex 48.6429 0.592599 6.4
      vertex 48.5628 0.614251 6
      vertex 48.6429 0.592599 6
    endloop
  endfacet
  facet normal -0.177866 -0.984055 0
    outer loop
      vertex 48.6429 0.592599 6
      vertex 48.7285 0.577127 6.4
      vertex 48.6429 0.592599 6.4
    endloop
  endfacet
  facet normal -0.177866 -0.984055 -0
    outer loop
      vertex 48.7285 0.577127 6.4
      vertex 48.6429 0.592599 6
      vertex 48.7285 0.577127 6
    endloop
  endfacet
  facet normal -0.10143 -0.994843 0
    outer loop
      vertex 48.7285 0.577127 6
      vertex 48.8195 0.567849 6.4
      vertex 48.7285 0.577127 6.4
    endloop
  endfacet
  facet normal -0.10143 -0.994843 -0
    outer loop
      vertex 48.8195 0.567849 6.4
      vertex 48.7285 0.577127 6
      vertex 48.8195 0.567849 6
    endloop
  endfacet
  facet normal -0.0320767 -0.999485 0
    outer loop
      vertex 48.8195 0.567849 6
      vertex 48.916 0.564752 6.4
      vertex 48.8195 0.567849 6.4
    endloop
  endfacet
  facet normal -0.0320767 -0.999485 -0
    outer loop
      vertex 48.916 0.564752 6.4
      vertex 48.8195 0.567849 6
      vertex 48.916 0.564752 6
    endloop
  endfacet
  facet normal 0.040142 -0.999194 0
    outer loop
      vertex 48.916 0.564752 6
      vertex 49.0307 0.56936 6.4
      vertex 48.916 0.564752 6.4
    endloop
  endfacet
  facet normal 0.040142 -0.999194 0
    outer loop
      vertex 49.0307 0.56936 6.4
      vertex 48.916 0.564752 6
      vertex 49.0307 0.56936 6
    endloop
  endfacet
  facet normal 0 1 -0
    outer loop
      vertex 47.6348 0.986123 6
      vertex 47.2909 0.986123 6.4
      vertex 47.6348 0.986123 6.4
    endloop
  endfacet
  facet normal 0 1 0
    outer loop
      vertex 47.2909 0.986123 6.4
      vertex 47.6348 0.986123 6
      vertex 47.2909 0.986123 6
    endloop
  endfacet
  facet normal -1 0 0
    outer loop
      vertex 47.2909 0.599999 6
      vertex 47.2909 0.986123 6.4
      vertex 47.2909 0.986123 6
    endloop
  endfacet
  facet normal -1 -0 0
    outer loop
      vertex 47.2909 0.986123 6.4
      vertex 47.2909 0.599999 6
      vertex 47.2909 0.599999 6.4
    endloop
  endfacet
  facet normal 0 -1 0
    outer loop
      vertex 47.2909 0.599999 6
      vertex 47.6348 0.599999 6.4
      vertex 47.2909 0.599999 6.4
    endloop
  endfacet
  facet normal 0 -1 -0
    outer loop
      vertex 47.6348 0.599999 6.4
      vertex 47.2909 0.599999 6
      vertex 47.6348 0.599999 6
    endloop
  endfacet
  facet normal 1 -0 0
    outer loop
      vertex 47.6348 0.599999 6.4
      vertex 47.6348 0.986123 6
      vertex 47.6348 0.986123 6.4
    endloop
  endfacet
  facet normal 1 0 0
    outer loop
      vertex 47.6348 0.986123 6
      vertex 47.6348 0.599999 6.4
      vertex 47.6348 0.599999 6
    endloop
  endfacet
  facet normal 0 0 1
    outer loop
      vertex 57.3873 2.64105 6.4
      vertex 57.6715 2.74951 6.4
      vertex 57.6042 2.86309 6.4
    endloop
  endfacet
  facet normal 0 0 1
    outer loop
      vertex 57.347 2.70913 6.4
      vertex 57.6042 2.86309 6.4
      vertex 57.5199 2.95603 6.4
    endloop
  endfacet
  facet normal 0 0 1
    outer loop
      vertex 57.2976 2.76482 6.4
      vertex 57.5199 2.95603 6.4
      vertex 57.4187 3.02833 6.4
    endloop
  endfacet
  facet normal 0 0 1
    outer loop
      vertex 57.6042 2.86309 6.4
      vertex 57.347 2.70913 6.4
      vertex 57.3873 2.64105 6.4
    endloop
  endfacet
  facet normal 0 0 1
    outer loop
      vertex 57.6715 2.74951 6.4
      vertex 57.4185 2.5606 6.4
      vertex 57.7218 2.61526 6.4
    endloop
  endfacet
  facet normal 0 -0 1
    outer loop
      vertex 57.4185 2.5606 6.4
      vertex 57.6715 2.74951 6.4
      vertex 57.3873 2.64105 6.4
    endloop
  endfacet
  facet normal 0 0 1
    outer loop
      vertex 57.2392 2.80814 6.4
      vertex 57.4187 3.02833 6.4
      vertex 57.3004 3.07995 6.4
    endloop
  endfacet
  facet normal 0 0 1
    outer loop
      vertex 57.5199 2.95603 6.4
      vertex 57.2976 2.76482 6.4
      vertex 57.347 2.70913 6.4
    endloop
  endfacet
  facet normal 0 0 1
    outer loop
      vertex 57.4187 3.02833 6.4
      vertex 57.2392 2.80814 6.4
      vertex 57.2976 2.76482 6.4
    endloop
  endfacet
  facet normal 0 0 1
    outer loop
      vertex 57.3004 3.07995 6.4
      vertex 57.1717 2.83909 6.4
      vertex 57.2392 2.80814 6.4
    endloop
  endfacet
  facet normal 0 0 1
    outer loop
      vertex 57.1652 3.11094 6.4
      vertex 57.1717 2.83909 6.4
      vertex 57.3004 3.07995 6.4
    endloop
  endfacet
  facet normal 0 0 1
    outer loop
      vertex 57.1652 3.11094 6.4
      vertex 57.0951 2.85764 6.4
      vertex 57.1717 2.83909 6.4
    endloop
  endfacet
  facet normal 0 0 1
    outer loop
      vertex 57.013 3.12127 6.4
      vertex 57.0951 2.85764 6.4
      vertex 57.1652 3.11094 6.4
    endloop
  endfacet
  facet normal 0 0 1
    outer loop
      vertex 57.013 3.12127 6.4
      vertex 57.0095 2.86384 6.4
      vertex 57.0951 2.85764 6.4
    endloop
  endfacet
  facet normal 0 0 1
    outer loop
      vertex 57.013 3.12127 6.4
      vertex 56.9344 2.85868 6.4
      vertex 57.0095 2.86384 6.4
    endloop
  endfacet
  facet normal -0 0 1
    outer loop
      vertex 56.8951 3.11421 6.4
      vertex 56.9344 2.85868 6.4
      vertex 57.013 3.12127 6.4
    endloop
  endfacet
  facet normal 0 0 1
    outer loop
      vertex 56.8951 3.11421 6.4
      vertex 56.8643 2.84318 6.4
      vertex 56.9344 2.85868 6.4
    endloop
  endfacet
  facet normal -0 0 1
    outer loop
      vertex 56.7852 3.09306 6.4
      vertex 56.8643 2.84318 6.4
      vertex 56.8951 3.11421 6.4
    endloop
  endfacet
  facet normal 0 0 1
    outer loop
      vertex 56.8643 2.84318 6.4
      vertex 56.7852 3.09306 6.4
      vertex 56.7992 2.81736 6.4
    endloop
  endfacet
  facet normal -0 0 1
    outer loop
      vertex 56.6832 3.05779 6.4
      vertex 56.7992 2.81736 6.4
      vertex 56.7852 3.09306 6.4
    endloop
  endfacet
  facet normal 0 0 1
    outer loop
      vertex 56.7992 2.81736 6.4
      vertex 56.6832 3.05779 6.4
      vertex 56.7392 2.78123 6.4
    endloop
  endfacet
  facet normal -0 0 1
    outer loop
      vertex 56.5893 3.00842 6.4
      vertex 56.7392 2.78123 6.4
      vertex 56.6832 3.05779 6.4
    endloop
  endfacet
  facet normal -0 0 1
    outer loop
      vertex 56.5033 2.94494 6.4
      vertex 56.7392 2.78123 6.4
      vertex 56.5893 3.00842 6.4
    endloop
  endfacet
  facet normal 0 0 1
    outer loop
      vertex 56.7392 2.78123 6.4
      vertex 56.5033 2.94494 6.4
      vertex 56.6841 2.73475 6.4
    endloop
  endfacet
  facet normal -0 0 1
    outer loop
      vertex 56.4253 2.86736 6.4
      vertex 56.6841 2.73475 6.4
      vertex 56.5033 2.94494 6.4
    endloop
  endfacet
  facet normal 0 0 1
    outer loop
      vertex 56.6841 2.73475 6.4
      vertex 56.4253 2.86736 6.4
      vertex 56.634 2.67796 6.4
    endloop
  endfacet
  facet normal -0 0 1
    outer loop
      vertex 56.3553 2.77567 6.4
      vertex 56.634 2.67796 6.4
      vertex 56.4253 2.86736 6.4
    endloop
  endfacet
  facet normal 0 0 1
    outer loop
      vertex 56.634 2.67796 6.4
      vertex 56.3553 2.77567 6.4
      vertex 56.589 2.61083 6.4
    endloop
  endfacet
  facet normal -0 0 1
    outer loop
      vertex 56.2941 2.67082 6.4
      vertex 56.589 2.61083 6.4
      vertex 56.3553 2.77567 6.4
    endloop
  endfacet
  facet normal 0 0 1
    outer loop
      vertex 56.589 2.61083 6.4
      vertex 56.2941 2.67082 6.4
      vertex 56.5494 2.53391 6.4
    endloop
  endfacet
  facet normal -0 0 1
    outer loop
      vertex 56.2422 2.55373 6.4
      vertex 56.5494 2.53391 6.4
      vertex 56.2941 2.67082 6.4
    endloop
  endfacet
  facet normal 0 0 1
    outer loop
      vertex 56.5494 2.53391 6.4
      vertex 56.2422 2.55373 6.4
      vertex 56.516 2.44776 6.4
    endloop
  endfacet
  facet normal 0 0 1
    outer loop
      vertex 56.516 2.44776 6.4
      vertex 56.1998 2.42442 6.4
      vertex 56.4886 2.35235 6.4
    endloop
  endfacet
  facet normal 0 0 1
    outer loop
      vertex 56.1998 2.42442 6.4
      vertex 56.516 2.44776 6.4
      vertex 56.2422 2.55373 6.4
    endloop
  endfacet
  facet normal -0 0 1
    outer loop
      vertex 57.4652 1.47324 6.4
      vertex 57.7905 1.4128 6.4
      vertex 57.7864 1.51356 6.4
    endloop
  endfacet
  facet normal -0 0 1
    outer loop
      vertex 57.4571 1.54275 6.4
      vertex 57.7864 1.51356 6.4
      vertex 57.774 1.60825 6.4
    endloop
  endfacet
  facet normal 0 0 1
    outer loop
      vertex 57.7905 1.4128 6.4
      vertex 57.4652 1.47324 6.4
      vertex 57.4679 1.39869 6.4
    endloop
  endfacet
  facet normal 0 0 1
    outer loop
      vertex 57.4436 1.60723 6.4
      vertex 57.774 1.60825 6.4
      vertex 57.7534 1.69691 6.4
    endloop
  endfacet
  facet normal 0 0 1
    outer loop
      vertex 57.7905 1.4128 6.4
      vertex 57.4679 1.39869 6.4
      vertex 57.7862 1.30384 6.4
    endloop
  endfacet
  facet normal 0 0 1
    outer loop
      vertex 57.4436 1.60723 6.4
      vertex 57.7534 1.69691 6.4
      vertex 57.7246 1.77952 6.4
    endloop
  endfacet
  facet normal 0 0 1
    outer loop
      vertex 57.7862 1.30384 6.4
      vertex 57.4652 1.32397 6.4
      vertex 57.7731 1.20165 6.4
    endloop
  endfacet
  facet normal 0 0 1
    outer loop
      vertex 57.4247 1.66667 6.4
      vertex 57.7246 1.77952 6.4
      vertex 57.6875 1.85609 6.4
    endloop
  endfacet
  facet normal -0 0 1
    outer loop
      vertex 57.4572 1.25398 6.4
      vertex 57.7731 1.20165 6.4
      vertex 57.4652 1.32397 6.4
    endloop
  endfacet
  facet normal 0 0 1
    outer loop
      vertex 57.4004 1.72108 6.4
      vertex 57.6875 1.85609 6.4
      vertex 57.6422 1.92661 6.4
    endloop
  endfacet
  facet normal 0 0 1
    outer loop
      vertex 57.7731 1.20165 6.4
      vertex 57.4572 1.25398 6.4
      vertex 57.7513 1.10623 6.4
    endloop
  endfacet
  facet normal 0 0 1
    outer loop
      vertex 57.3707 1.77044 6.4
      vertex 57.6422 1.92661 6.4
      vertex 57.5886 1.9911 6.4
    endloop
  endfacet
  facet normal -0 0 1
    outer loop
      vertex 57.4439 1.18868 6.4
      vertex 57.7513 1.10623 6.4
      vertex 57.4572 1.25398 6.4
    endloop
  endfacet
  facet normal 0 0 1
    outer loop
      vertex 57.3356 1.81477 6.4
      vertex 57.5886 1.9911 6.4
      vertex 57.5281 2.04817 6.4
    endloop
  endfacet
  facet normal 0 0 1
    outer loop
      vertex 57.7513 1.10623 6.4
      vertex 57.4439 1.18868 6.4
      vertex 57.7209 1.01756 6.4
    endloop
  endfacet
  facet normal -0 0 1
    outer loop
      vertex 57.4253 1.12811 6.4
      vertex 57.7209 1.01756 6.4
      vertex 57.4439 1.18868 6.4
    endloop
  endfacet
  facet normal -0 0 1
    outer loop
      vertex 57.4652 1.32397 6.4
      vertex 57.7862 1.30384 6.4
      vertex 57.4679 1.39869 6.4
    endloop
  endfacet
  facet normal 0 0 1
    outer loop
      vertex 57.2957 1.85359 6.4
      vertex 57.5281 2.04817 6.4
      vertex 57.4617 2.09644 6.4
    endloop
  endfacet
  facet normal 0 0 1
    outer loop
      vertex 57.7864 1.51356 6.4
      vertex 57.4571 1.54275 6.4
      vertex 57.4652 1.47324 6.4
    endloop
  endfacet
  facet normal 0 0 1
    outer loop
      vertex 57.774 1.60825 6.4
      vertex 57.4436 1.60723 6.4
      vertex 57.4571 1.54275 6.4
    endloop
  endfacet
  facet normal 0 0 1
    outer loop
      vertex 57.7246 1.77952 6.4
      vertex 57.4247 1.66667 6.4
      vertex 57.4436 1.60723 6.4
    endloop
  endfacet
  facet normal 0 0 1
    outer loop
      vertex 57.6875 1.85609 6.4
      vertex 57.4004 1.72108 6.4
      vertex 57.4247 1.66667 6.4
    endloop
  endfacet
  facet normal 0 0 1
    outer loop
      vertex 57.2516 1.88645 6.4
      vertex 57.4617 2.09644 6.4
      vertex 57.3895 2.13596 6.4
    endloop
  endfacet
  facet normal 0 0 1
    outer loop
      vertex 57.6422 1.92661 6.4
      vertex 57.3707 1.77044 6.4
      vertex 57.4004 1.72108 6.4
    endloop
  endfacet
  facet normal 0 0 1
    outer loop
      vertex 57.5886 1.9911 6.4
      vertex 57.3356 1.81477 6.4
      vertex 57.3707 1.77044 6.4
    endloop
  endfacet
  facet normal 0 0 1
    outer loop
      vertex 57.2516 1.88645 6.4
      vertex 57.3895 2.13596 6.4
      vertex 57.3116 2.16668 6.4
    endloop
  endfacet
  facet normal 0 0 1
    outer loop
      vertex 57.5281 2.04817 6.4
      vertex 57.2957 1.85359 6.4
      vertex 57.3356 1.81477 6.4
    endloop
  endfacet
  facet normal 0 0 1
    outer loop
      vertex 57.4617 2.09644 6.4
      vertex 57.2516 1.88645 6.4
      vertex 57.2957 1.85359 6.4
    endloop
  endfacet
  facet normal 0 0 1
    outer loop
      vertex 57.2032 1.91332 6.4
      vertex 57.3116 2.16668 6.4
      vertex 57.2278 2.18864 6.4
    endloop
  endfacet
  facet normal 0 0 1
    outer loop
      vertex 57.3116 2.16668 6.4
      vertex 57.2032 1.91332 6.4
      vertex 57.2516 1.88645 6.4
    endloop
  endfacet
  facet normal 0 0 1
    outer loop
      vertex 57.2278 2.18864 6.4
      vertex 57.1506 1.93424 6.4
      vertex 57.2032 1.91332 6.4
    endloop
  endfacet
  facet normal 0 0 1
    outer loop
      vertex 57.1383 2.20181 6.4
      vertex 57.1506 1.93424 6.4
      vertex 57.2278 2.18864 6.4
    endloop
  endfacet
  facet normal 0 0 1
    outer loop
      vertex 57.1383 2.20181 6.4
      vertex 57.0937 1.94917 6.4
      vertex 57.1506 1.93424 6.4
    endloop
  endfacet
  facet normal 0 0 1
    outer loop
      vertex 57.043 2.2062 6.4
      vertex 57.0937 1.94917 6.4
      vertex 57.1383 2.20181 6.4
    endloop
  endfacet
  facet normal 0 0 1
    outer loop
      vertex 57.043 2.2062 6.4
      vertex 57.0325 1.95814 6.4
      vertex 57.0937 1.94917 6.4
    endloop
  endfacet
  facet normal -0 0 1
    outer loop
      vertex 56.986 2.20449 6.4
      vertex 57.0325 1.95814 6.4
      vertex 57.043 2.2062 6.4
    endloop
  endfacet
  facet normal 0 0 1
    outer loop
      vertex 56.986 2.20449 6.4
      vertex 56.9672 1.96111 6.4
      vertex 57.0325 1.95814 6.4
    endloop
  endfacet
  facet normal -0 0 1
    outer loop
      vertex 56.9308 2.19936 6.4
      vertex 56.9672 1.96111 6.4
      vertex 56.986 2.20449 6.4
    endloop
  endfacet
  facet normal 0 0 1
    outer loop
      vertex 56.9308 2.19936 6.4
      vertex 56.9054 1.95847 6.4
      vertex 56.9672 1.96111 6.4
    endloop
  endfacet
  facet normal -0 0 1
    outer loop
      vertex 56.8776 2.1908 6.4
      vertex 56.9054 1.95847 6.4
      vertex 56.9308 2.19936 6.4
    endloop
  endfacet
  facet normal -0 0 1
    outer loop
      vertex 56.8262 2.17884 6.4
      vertex 56.9054 1.95847 6.4
      vertex 56.8776 2.1908 6.4
    endloop
  endfacet
  facet normal 0 0 1
    outer loop
      vertex 56.9054 1.95847 6.4
      vertex 56.8262 2.17884 6.4
      vertex 56.8472 1.95054 6.4
    endloop
  endfacet
  facet normal -0 0 1
    outer loop
      vertex 56.7767 2.16346 6.4
      vertex 56.8472 1.95054 6.4
      vertex 56.8262 2.17884 6.4
    endloop
  endfacet
  facet normal 0 0 1
    outer loop
      vertex 56.8472 1.95054 6.4
      vertex 56.7767 2.16346 6.4
      vertex 56.7924 1.93731 6.4
    endloop
  endfacet
  facet normal -0 0 1
    outer loop
      vertex 56.729 2.14466 6.4
      vertex 56.7924 1.93731 6.4
      vertex 56.7767 2.16346 6.4
    endloop
  endfacet
  facet normal -0 0 1
    outer loop
      vertex 56.6833 2.12245 6.4
      vertex 56.7924 1.93731 6.4
      vertex 56.729 2.14466 6.4
    endloop
  endfacet
  facet normal 0 0 1
    outer loop
      vertex 56.7924 1.93731 6.4
      vertex 56.6833 2.12245 6.4
      vertex 56.7412 1.9188 6.4
    endloop
  endfacet
  facet normal -0 0 1
    outer loop
      vertex 56.6399 2.09695 6.4
      vertex 56.7412 1.9188 6.4
      vertex 56.6833 2.12245 6.4
    endloop
  endfacet
  facet normal -0 0 1
    outer loop
      vertex 56.5994 2.06834 6.4
      vertex 56.7412 1.9188 6.4
      vertex 56.6399 2.09695 6.4
    endloop
  endfacet
  facet normal 0 0 1
    outer loop
      vertex 56.7412 1.9188 6.4
      vertex 56.5994 2.06834 6.4
      vertex 56.6934 1.895 6.4
    endloop
  endfacet
  facet normal -0 0 1
    outer loop
      vertex 56.5618 2.03658 6.4
      vertex 56.6934 1.895 6.4
      vertex 56.5994 2.06834 6.4
    endloop
  endfacet
  facet normal 0 0 1
    outer loop
      vertex 56.6934 1.895 6.4
      vertex 56.5618 2.03658 6.4
      vertex 56.6491 1.86591 6.4
    endloop
  endfacet
  facet normal -0 0 1
    outer loop
      vertex 56.527 2.00169 6.4
      vertex 56.6491 1.86591 6.4
      vertex 56.5618 2.03658 6.4
    endloop
  endfacet
  facet normal -0 0 1
    outer loop
      vertex 56.4951 1.96368 6.4
      vertex 56.6491 1.86591 6.4
      vertex 56.527 2.00169 6.4
    endloop
  endfacet
  facet normal 0 0 1
    outer loop
      vertex 56.6491 1.86591 6.4
      vertex 56.4951 1.96368 6.4
      vertex 56.6084 1.83154 6.4
    endloop
  endfacet
  facet normal -0 0 1
    outer loop
      vertex 56.4661 1.92254 6.4
      vertex 56.6084 1.83154 6.4
      vertex 56.4951 1.96368 6.4
    endloop
  endfacet
  facet normal 0 0 1
    outer loop
      vertex 56.6084 1.83154 6.4
      vertex 56.4661 1.92254 6.4
      vertex 56.5721 1.79252 6.4
    endloop
  endfacet
  facet normal -0 0 1
    outer loop
      vertex 56.44 1.87826 6.4
      vertex 56.5721 1.79252 6.4
      vertex 56.4661 1.92254 6.4
    endloop
  endfacet
  facet normal 0 0 1
    outer loop
      vertex 56.5721 1.79252 6.4
      vertex 56.44 1.87826 6.4
      vertex 56.5414 1.74949 6.4
    endloop
  endfacet
  facet normal 0 0 1
    outer loop
      vertex 56.5414 1.74949 6.4
      vertex 56.44 1.87826 6.4
      vertex 56.5163 1.70249 6.4
    endloop
  endfacet
  facet normal 0 0 1
    outer loop
      vertex 56.5163 1.70249 6.4
      vertex 56.44 1.87826 6.4
      vertex 56.4968 1.65148 6.4
    endloop
  endfacet
  facet normal 0 -0 1
    outer loop
      vertex 56.1289 1.62034 6.4
      vertex 56.4968 1.65148 6.4
      vertex 56.1244 1.78481 6.4
    endloop
  endfacet
  facet normal -0 0 1
    outer loop
      vertex 56.1244 1.78481 6.4
      vertex 56.4968 1.65148 6.4
      vertex 56.44 1.87826 6.4
    endloop
  endfacet
  facet normal 0 0 1
    outer loop
      vertex 57.7209 1.01756 6.4
      vertex 57.4253 1.12811 6.4
      vertex 57.6817 0.935662 6.4
    endloop
  endfacet
  facet normal -0 0 1
    outer loop
      vertex 57.4013 1.07224 6.4
      vertex 57.6817 0.935662 6.4
      vertex 57.4253 1.12811 6.4
    endloop
  endfacet
  facet normal 0 0 1
    outer loop
      vertex 57.6817 0.935662 6.4
      vertex 57.4013 1.07224 6.4
      vertex 57.6338 0.860528 6.4
    endloop
  endfacet
  facet normal -0 0 1
    outer loop
      vertex 57.372 1.0211 6.4
      vertex 57.6338 0.860528 6.4
      vertex 57.4013 1.07224 6.4
    endloop
  endfacet
  facet normal 0 0 1
    outer loop
      vertex 57.6338 0.860528 6.4
      vertex 57.372 1.0211 6.4
      vertex 57.5772 0.792153 6.4
    endloop
  endfacet
  facet normal -0 0 1
    outer loop
      vertex 57.3374 0.974648 6.4
      vertex 57.5772 0.792153 6.4
      vertex 57.372 1.0211 6.4
    endloop
  endfacet
  facet normal 0 0 1
    outer loop
      vertex 57.5772 0.792153 6.4
      vertex 57.3374 0.974648 6.4
      vertex 57.5129 0.73182 6.4
    endloop
  endfacet
  facet normal -0 0 1
    outer loop
      vertex 57.2981 0.933724 6.4
      vertex 57.5129 0.73182 6.4
      vertex 57.3374 0.974648 6.4
    endloop
  endfacet
  facet normal 0 0 1
    outer loop
      vertex 57.5129 0.73182 6.4
      vertex 57.2981 0.933724 6.4
      vertex 57.442 0.680764 6.4
    endloop
  endfacet
  facet normal -0 0 1
    outer loop
      vertex 57.2548 0.899102 6.4
      vertex 57.442 0.680764 6.4
      vertex 57.2981 0.933724 6.4
    endloop
  endfacet
  facet normal 0 0 1
    outer loop
      vertex 57.442 0.680764 6.4
      vertex 57.2548 0.899102 6.4
      vertex 57.3645 0.639001 6.4
    endloop
  endfacet
  facet normal -0 0 1
    outer loop
      vertex 57.2074 0.870767 6.4
      vertex 57.3645 0.639001 6.4
      vertex 57.2548 0.899102 6.4
    endloop
  endfacet
  facet normal 0 0 1
    outer loop
      vertex 57.3645 0.639001 6.4
      vertex 57.2074 0.870767 6.4
      vertex 57.2804 0.6065 6.4
    endloop
  endfacet
  facet normal -0 0 1
    outer loop
      vertex 57.1561 0.848733 6.4
      vertex 57.2804 0.6065 6.4
      vertex 57.2074 0.870767 6.4
    endloop
  endfacet
  facet normal 0 0 1
    outer loop
      vertex 57.2804 0.6065 6.4
      vertex 57.1561 0.848733 6.4
      vertex 57.1897 0.583322 6.4
    endloop
  endfacet
  facet normal -0 0 1
    outer loop
      vertex 57.1006 0.832986 6.4
      vertex 57.1897 0.583322 6.4
      vertex 57.1561 0.848733 6.4
    endloop
  endfacet
  facet normal 0 0 1
    outer loop
      vertex 57.1006 0.832986 6.4
      vertex 57.0923 0.56939 6.4
      vertex 57.1897 0.583322 6.4
    endloop
  endfacet
  facet normal -0 0 1
    outer loop
      vertex 57.0412 0.823541 6.4
      vertex 57.0923 0.56939 6.4
      vertex 57.1006 0.832986 6.4
    endloop
  endfacet
  facet normal 0 0 1
    outer loop
      vertex 57.0412 0.823541 6.4
      vertex 56.9883 0.564752 6.4
      vertex 57.0923 0.56939 6.4
    endloop
  endfacet
  facet normal -0 0 1
    outer loop
      vertex 56.9777 0.820397 6.4
      vertex 56.9883 0.564752 6.4
      vertex 57.0412 0.823541 6.4
    endloop
  endfacet
  facet normal 0 0 1
    outer loop
      vertex 56.9159 0.824136 6.4
      vertex 56.9883 0.564752 6.4
      vertex 56.9777 0.820397 6.4
    endloop
  endfacet
  facet normal 0 0 1
    outer loop
      vertex 56.9159 0.824136 6.4
      vertex 56.8725 0.571115 6.4
      vertex 56.9883 0.564752 6.4
    endloop
  endfacet
  facet normal 0 0 1
    outer loop
      vertex 56.8573 0.835366 6.4
      vertex 56.8725 0.571115 6.4
      vertex 56.9159 0.824136 6.4
    endloop
  endfacet
  facet normal 0 0 1
    outer loop
      vertex 56.7646 0.590219 6.4
      vertex 56.8573 0.835366 6.4
      vertex 56.802 0.854074 6.4
    endloop
  endfacet
  facet normal 0 0 1
    outer loop
      vertex 56.8573 0.835366 6.4
      vertex 56.7646 0.590219 6.4
      vertex 56.8725 0.571115 6.4
    endloop
  endfacet
  facet normal 0 0 1
    outer loop
      vertex 56.6649 0.622048 6.4
      vertex 56.802 0.854074 6.4
      vertex 56.75 0.880258 6.4
    endloop
  endfacet
  facet normal 0 0 1
    outer loop
      vertex 56.5732 0.666635 6.4
      vertex 56.75 0.880258 6.4
      vertex 56.7013 0.913934 6.4
    endloop
  endfacet
  facet normal 0 0 1
    outer loop
      vertex 56.802 0.854074 6.4
      vertex 56.6649 0.622048 6.4
      vertex 56.7646 0.590219 6.4
    endloop
  endfacet
  facet normal 0 0 1
    outer loop
      vertex 56.4896 0.723947 6.4
      vertex 56.7013 0.913934 6.4
      vertex 56.6558 0.955102 6.4
    endloop
  endfacet
  facet normal 0 0 1
    outer loop
      vertex 56.414 0.794 6.4
      vertex 56.6558 0.955102 6.4
      vertex 56.6136 1.00375 6.4
    endloop
  endfacet
  facet normal 0 0 1
    outer loop
      vertex 56.3465 0.876794 6.4
      vertex 56.6136 1.00375 6.4
      vertex 56.576 1.05827 6.4
    endloop
  endfacet
  facet normal 0 0 1
    outer loop
      vertex 56.75 0.880258 6.4
      vertex 56.5732 0.666635 6.4
      vertex 56.6649 0.622048 6.4
    endloop
  endfacet
  facet normal 0 0 1
    outer loop
      vertex 56.2876 0.971749 6.4
      vertex 56.576 1.05827 6.4
      vertex 56.5441 1.11703 6.4
    endloop
  endfacet
  facet normal 0 0 1
    outer loop
      vertex 56.2377 1.07829 6.4
      vertex 56.5441 1.11703 6.4
      vertex 56.5181 1.18003 6.4
    endloop
  endfacet
  facet normal 0 0 1
    outer loop
      vertex 56.2377 1.07829 6.4
      vertex 56.5181 1.18003 6.4
      vertex 56.4978 1.24728 6.4
    endloop
  endfacet
  facet normal 0 0 1
    outer loop
      vertex 56.7013 0.913934 6.4
      vertex 56.4896 0.723947 6.4
      vertex 56.5732 0.666635 6.4
    endloop
  endfacet
  facet normal 0 0 1
    outer loop
      vertex 56.1969 1.19642 6.4
      vertex 56.4978 1.24728 6.4
      vertex 56.4833 1.31878 6.4
    endloop
  endfacet
  facet normal -0 0 1
    outer loop
      vertex 56.1652 1.32613 6.4
      vertex 56.4833 1.31878 6.4
      vertex 56.4746 1.39451 6.4
    endloop
  endfacet
  facet normal -0 0 1
    outer loop
      vertex 56.1425 1.46745 6.4
      vertex 56.4746 1.39451 6.4
      vertex 56.4717 1.4745 6.4
    endloop
  endfacet
  facet normal 0 0 1
    outer loop
      vertex 56.4829 1.59649 6.4
      vertex 56.1289 1.62034 6.4
      vertex 56.4745 1.53748 6.4
    endloop
  endfacet
  facet normal 0 -0 1
    outer loop
      vertex 56.1425 1.46745 6.4
      vertex 56.4745 1.53748 6.4
      vertex 56.1289 1.62034 6.4
    endloop
  endfacet
  facet normal 0 0 1
    outer loop
      vertex 56.6558 0.955102 6.4
      vertex 56.414 0.794 6.4
      vertex 56.4896 0.723947 6.4
    endloop
  endfacet
  facet normal 0 0 1
    outer loop
      vertex 56.4886 2.35235 6.4
      vertex 56.1998 2.42442 6.4
      vertex 56.4673 2.2477 6.4
    endloop
  endfacet
  facet normal -0 0 1
    outer loop
      vertex 56.1668 2.28288 6.4
      vertex 56.4673 2.2477 6.4
      vertex 56.1998 2.42442 6.4
    endloop
  endfacet
  facet normal 0 0 1
    outer loop
      vertex 56.1244 1.78481 6.4
      vertex 56.44 1.87826 6.4
      vertex 56.1291 1.96307 6.4
    endloop
  endfacet
  facet normal 0 0 1
    outer loop
      vertex 56.4673 2.2477 6.4
      vertex 56.1668 2.28288 6.4
      vertex 56.4521 2.1338 6.4
    endloop
  endfacet
  facet normal 0 0 1
    outer loop
      vertex 56.4968 1.65148 6.4
      vertex 56.1289 1.62034 6.4
      vertex 56.4829 1.59649 6.4
    endloop
  endfacet
  facet normal 0 0 1
    outer loop
      vertex 56.1432 2.12908 6.4
      vertex 56.4521 2.1338 6.4
      vertex 56.1668 2.28288 6.4
    endloop
  endfacet
  facet normal 0 0 1
    outer loop
      vertex 56.4745 1.53748 6.4
      vertex 56.1425 1.46745 6.4
      vertex 56.4717 1.4745 6.4
    endloop
  endfacet
  facet normal 0 0 1
    outer loop
      vertex 56.4521 2.1338 6.4
      vertex 56.1432 2.12908 6.4
      vertex 56.443 2.01066 6.4
    endloop
  endfacet
  facet normal 0 0 1
    outer loop
      vertex 56.4746 1.39451 6.4
      vertex 56.1425 1.46745 6.4
      vertex 56.1652 1.32613 6.4
    endloop
  endfacet
  facet normal 0 0 1
    outer loop
      vertex 56.1291 1.96307 6.4
      vertex 56.443 2.01066 6.4
      vertex 56.1432 2.12908 6.4
    endloop
  endfacet
  facet normal 0 0 1
    outer loop
      vertex 56.443 2.01066 6.4
      vertex 56.1291 1.96307 6.4
      vertex 56.44 1.87826 6.4
    endloop
  endfacet
  facet normal 0 0 1
    outer loop
      vertex 56.4833 1.31878 6.4
      vertex 56.1652 1.32613 6.4
      vertex 56.1969 1.19642 6.4
    endloop
  endfacet
  facet normal 0 0 1
    outer loop
      vertex 56.4978 1.24728 6.4
      vertex 56.1969 1.19642 6.4
      vertex 56.2377 1.07829 6.4
    endloop
  endfacet
  facet normal 0 0 1
    outer loop
      vertex 56.5441 1.11703 6.4
      vertex 56.2377 1.07829 6.4
      vertex 56.2876 0.971749 6.4
    endloop
  endfacet
  facet normal 0 0 1
    outer loop
      vertex 56.6136 1.00375 6.4
      vertex 56.3465 0.876794 6.4
      vertex 56.414 0.794 6.4
    endloop
  endfacet
  facet normal 0 0 1
    outer loop
      vertex 56.576 1.05827 6.4
      vertex 56.2876 0.971749 6.4
      vertex 56.3465 0.876794 6.4
    endloop
  endfacet
  facet normal 0 0 1
    outer loop
      vertex 53.908 2.78097 6.4
      vertex 54.2271 3.08424 6.4
      vertex 53.9345 3.08424 6.4
    endloop
  endfacet
  facet normal -0 0 1
    outer loop
      vertex 54.2271 0.869744 6.4
      vertex 54.8319 0.599999 6.4
      vertex 54.8319 0.869744 6.4
    endloop
  endfacet
  facet normal 0 0 1
    outer loop
      vertex 54.2271 3.08424 6.4
      vertex 53.908 2.78097 6.4
      vertex 54.2271 0.869744 6.4
    endloop
  endfacet
  facet normal 0 0 1
    outer loop
      vertex 53.908 0.869744 6.4
      vertex 54.2271 0.869744 6.4
      vertex 53.908 2.78097 6.4
    endloop
  endfacet
  facet normal -0 0 1
    outer loop
      vertex 53.908 0.869744 6.4
      vertex 54.8319 0.599999 6.4
      vertex 54.2271 0.869744 6.4
    endloop
  endfacet
  facet normal 0 0 1
    outer loop
      vertex 53.275 0.599999 6.4
      vertex 53.908 0.869744 6.4
      vertex 53.275 0.869744 6.4
    endloop
  endfacet
  facet normal 0 0 1
    outer loop
      vertex 53.908 0.869744 6.4
      vertex 53.275 0.599999 6.4
      vertex 54.8319 0.599999 6.4
    endloop
  endfacet
  facet normal 0 0 1
    outer loop
      vertex 53.3473 2.68049 6.4
      vertex 53.908 2.78097 6.4
      vertex 53.9345 3.08424 6.4
    endloop
  endfacet
  facet normal 0 0 1
    outer loop
      vertex 53.908 2.78097 6.4
      vertex 53.3473 2.68049 6.4
      vertex 53.3473 2.38076 6.4
    endloop
  endfacet
  facet normal -0 0 1
    outer loop
      vertex 55.2909 0.986123 6.4
      vertex 55.6348 0.599999 6.4
      vertex 55.6348 0.986123 6.4
    endloop
  endfacet
  facet normal 0 0 1
    outer loop
      vertex 55.6348 0.599999 6.4
      vertex 55.2909 0.986123 6.4
      vertex 55.2909 0.599999 6.4
    endloop
  endfacet
  facet normal 0.141598 -0.989924 0
    outer loop
      vertex 57.0923 0.56939 6
      vertex 57.1897 0.583322 6.4
      vertex 57.0923 0.56939 6.4
    endloop
  endfacet
  facet normal 0.141598 -0.989924 0
    outer loop
      vertex 57.1897 0.583322 6.4
      vertex 57.0923 0.56939 6
      vertex 57.1897 0.583322 6
    endloop
  endfacet
  facet normal 0.247589 -0.968865 0
    outer loop
      vertex 57.1897 0.583322 6
      vertex 57.2804 0.6065 6.4
      vertex 57.1897 0.583322 6.4
    endloop
  endfacet
  facet normal 0.247589 -0.968865 0
    outer loop
      vertex 57.2804 0.6065 6.4
      vertex 57.1897 0.583322 6
      vertex 57.2804 0.6065 6
    endloop
  endfacet
  facet normal 0.360475 -0.932769 0
    outer loop
      vertex 57.2804 0.6065 6
      vertex 57.3645 0.639001 6.4
      vertex 57.2804 0.6065 6.4
    endloop
  endfacet
  facet normal 0.360475 -0.932769 0
    outer loop
      vertex 57.3645 0.639001 6.4
      vertex 57.2804 0.6065 6
      vertex 57.3645 0.639001 6
    endloop
  endfacet
  facet normal 0.474384 -0.880318 0
    outer loop
      vertex 57.3645 0.639001 6
      vertex 57.442 0.680764 6.4
      vertex 57.3645 0.639001 6.4
    endloop
  endfacet
  facet normal 0.474384 -0.880318 0
    outer loop
      vertex 57.442 0.680764 6.4
      vertex 57.3645 0.639001 6
      vertex 57.442 0.680764 6
    endloop
  endfacet
  facet normal 0.584365 -0.811491 0
    outer loop
      vertex 57.442 0.680764 6
      vertex 57.5129 0.73182 6.4
      vertex 57.442 0.680764 6.4
    endloop
  endfacet
  facet normal 0.584365 -0.811491 0
    outer loop
      vertex 57.5129 0.73182 6.4
      vertex 57.442 0.680764 6
      vertex 57.5129 0.73182 6
    endloop
  endfacet
  facet normal 0.684253 -0.729244 0
    outer loop
      vertex 57.5129 0.73182 6
      vertex 57.5772 0.792153 6.4
      vertex 57.5129 0.73182 6.4
    endloop
  endfacet
  facet normal 0.684253 -0.729244 0
    outer loop
      vertex 57.5772 0.792153 6.4
      vertex 57.5129 0.73182 6
      vertex 57.5772 0.792153 6
    endloop
  endfacet
  facet normal 0.770318 -0.63766 0
    outer loop
      vertex 57.5772 0.792153 6.4
      vertex 57.6338 0.860528 6
      vertex 57.6338 0.860528 6.4
    endloop
  endfacet
  facet normal 0.770318 -0.63766 0
    outer loop
      vertex 57.6338 0.860528 6
      vertex 57.5772 0.792153 6.4
      vertex 57.5772 0.792153 6
    endloop
  endfacet
  facet normal 0.843217 -0.537574 0
    outer loop
      vertex 57.6338 0.860528 6.4
      vertex 57.6817 0.935662 6
      vertex 57.6817 0.935662 6.4
    endloop
  endfacet
  facet normal 0.843217 -0.537574 0
    outer loop
      vertex 57.6817 0.935662 6
      vertex 57.6338 0.860528 6.4
      vertex 57.6338 0.860528 6
    endloop
  endfacet
  facet normal 0.902 -0.431737 0
    outer loop
      vertex 57.6817 0.935662 6.4
      vertex 57.7209 1.01756 6
      vertex 57.7209 1.01756 6.4
    endloop
  endfacet
  facet normal 0.902 -0.431737 0
    outer loop
      vertex 57.7209 1.01756 6
      vertex 57.6817 0.935662 6.4
      vertex 57.6817 0.935662 6
    endloop
  endfacet
  facet normal 0.94595 -0.324313 0
    outer loop
      vertex 57.7209 1.01756 6.4
      vertex 57.7513 1.10623 6
      vertex 57.7513 1.10623 6.4
    endloop
  endfacet
  facet normal 0.94595 -0.324313 0
    outer loop
      vertex 57.7513 1.10623 6
      vertex 57.7209 1.01756 6.4
      vertex 57.7209 1.01756 6
    endloop
  endfacet
  facet normal 0.974881 -0.222725 0
    outer loop
      vertex 57.7513 1.10623 6.4
      vertex 57.7731 1.20165 6
      vertex 57.7731 1.20165 6.4
    endloop
  endfacet
  facet normal 0.974881 -0.222725 0
    outer loop
      vertex 57.7731 1.20165 6
      vertex 57.7513 1.10623 6.4
      vertex 57.7513 1.10623 6
    endloop
  endfacet
  facet normal 0.991883 -0.127152 0
    outer loop
      vertex 57.7731 1.20165 6.4
      vertex 57.7862 1.30384 6
      vertex 57.7862 1.30384 6.4
    endloop
  endfacet
  facet normal 0.991883 -0.127152 0
    outer loop
      vertex 57.7862 1.30384 6
      vertex 57.7731 1.20165 6.4
      vertex 57.7731 1.20165 6
    endloop
  endfacet
  facet normal 0.999222 -0.0394333 0
    outer loop
      vertex 57.7862 1.30384 6.4
      vertex 57.7905 1.4128 6
      vertex 57.7905 1.4128 6.4
    endloop
  endfacet
  facet normal 0.999222 -0.0394333 0
    outer loop
      vertex 57.7905 1.4128 6
      vertex 57.7862 1.30384 6.4
      vertex 57.7862 1.30384 6
    endloop
  endfacet
  facet normal 0.999173 0.0406571 0
    outer loop
      vertex 57.7905 1.4128 6.4
      vertex 57.7864 1.51356 6
      vertex 57.7864 1.51356 6.4
    endloop
  endfacet
  facet normal 0.999173 0.0406571 0
    outer loop
      vertex 57.7864 1.51356 6
      vertex 57.7905 1.4128 6.4
      vertex 57.7905 1.4128 6
    endloop
  endfacet
  facet normal 0.991534 0.129845 0
    outer loop
      vertex 57.7864 1.51356 6.4
      vertex 57.774 1.60825 6
      vertex 57.774 1.60825 6.4
    endloop
  endfacet
  facet normal 0.991534 0.129845 0
    outer loop
      vertex 57.774 1.60825 6
      vertex 57.7864 1.51356 6.4
      vertex 57.7864 1.51356 6
    endloop
  endfacet
  facet normal 0.974053 0.22632 0
    outer loop
      vertex 57.774 1.60825 6.4
      vertex 57.7534 1.69691 6
      vertex 57.7534 1.69691 6.4
    endloop
  endfacet
  facet normal 0.974053 0.22632 0
    outer loop
      vertex 57.7534 1.69691 6
      vertex 57.774 1.60825 6.4
      vertex 57.774 1.60825 6
    endloop
  endfacet
  facet normal 0.944262 0.329194 0
    outer loop
      vertex 57.7534 1.69691 6.4
      vertex 57.7246 1.77952 6
      vertex 57.7246 1.77952 6.4
    endloop
  endfacet
  facet normal 0.944262 0.329194 0
    outer loop
      vertex 57.7246 1.77952 6
      vertex 57.7534 1.69691 6.4
      vertex 57.7534 1.69691 6
    endloop
  endfacet
  facet normal 0.899929 0.436037 0
    outer loop
      vertex 57.7246 1.77952 6.4
      vertex 57.6875 1.85609 6
      vertex 57.6875 1.85609 6.4
    endloop
  endfacet
  facet normal 0.899929 0.436037 0
    outer loop
      vertex 57.6875 1.85609 6
      vertex 57.7246 1.77952 6.4
      vertex 57.7246 1.77952 6
    endloop
  endfacet
  facet normal 0.841364 0.540468 0
    outer loop
      vertex 57.6875 1.85609 6.4
      vertex 57.6422 1.92661 6
      vertex 57.6422 1.92661 6.4
    endloop
  endfacet
  facet normal 0.841364 0.540468 0
    outer loop
      vertex 57.6422 1.92661 6
      vertex 57.6875 1.85609 6.4
      vertex 57.6875 1.85609 6
    endloop
  endfacet
  facet normal 0.769051 0.639187 0
    outer loop
      vertex 57.6422 1.92661 6.4
      vertex 57.5886 1.9911 6
      vertex 57.5886 1.9911 6.4
    endloop
  endfacet
  facet normal 0.769051 0.639187 0
    outer loop
      vertex 57.5886 1.9911 6
      vertex 57.6422 1.92661 6.4
      vertex 57.6422 1.92661 6
    endloop
  endfacet
  facet normal 0.686186 0.727426 -0
    outer loop
      vertex 57.5886 1.9911 6
      vertex 57.5281 2.04817 6.4
      vertex 57.5886 1.9911 6.4
    endloop
  endfacet
  facet normal 0.686186 0.727426 0
    outer loop
      vertex 57.5281 2.04817 6.4
      vertex 57.5886 1.9911 6
      vertex 57.5281 2.04817 6
    endloop
  endfacet
  facet normal 0.588005 0.808857 -0
    outer loop
      vertex 57.5281 2.04817 6
      vertex 57.4617 2.09644 6.4
      vertex 57.5281 2.04817 6.4
    endloop
  endfacet
  facet normal 0.588005 0.808857 0
    outer loop
      vertex 57.4617 2.09644 6.4
      vertex 57.5281 2.04817 6
      vertex 57.4617 2.09644 6
    endloop
  endfacet
  facet normal 0.480145 0.877189 -0
    outer loop
      vertex 57.4617 2.09644 6
      vertex 57.3895 2.13596 6.4
      vertex 57.4617 2.09644 6.4
    endloop
  endfacet
  facet normal 0.480145 0.877189 0
    outer loop
      vertex 57.3895 2.13596 6.4
      vertex 57.4617 2.09644 6
      vertex 57.3895 2.13596 6
    endloop
  endfacet
  facet normal 0.366857 0.930278 -0
    outer loop
      vertex 57.3895 2.13596 6
      vertex 57.3116 2.16668 6.4
      vertex 57.3895 2.13596 6.4
    endloop
  endfacet
  facet normal 0.366857 0.930278 0
    outer loop
      vertex 57.3116 2.16668 6.4
      vertex 57.3895 2.13596 6
      vertex 57.3116 2.16668 6
    endloop
  endfacet
  facet normal 0.253493 0.967337 -0
    outer loop
      vertex 57.3116 2.16668 6
      vertex 57.2278 2.18864 6.4
      vertex 57.3116 2.16668 6.4
    endloop
  endfacet
  facet normal 0.253493 0.967337 0
    outer loop
      vertex 57.2278 2.18864 6.4
      vertex 57.3116 2.16668 6
      vertex 57.2278 2.18864 6
    endloop
  endfacet
  facet normal 0.145583 0.989346 -0
    outer loop
      vertex 57.2278 2.18864 6
      vertex 57.1383 2.20181 6.4
      vertex 57.2278 2.18864 6.4
    endloop
  endfacet
  facet normal 0.145583 0.989346 0
    outer loop
      vertex 57.1383 2.20181 6.4
      vertex 57.2278 2.18864 6
      vertex 57.1383 2.20181 6
    endloop
  endfacet
  facet normal 0.0460163 0.998941 -0
    outer loop
      vertex 57.1383 2.20181 6
      vertex 57.043 2.2062 6.4
      vertex 57.1383 2.20181 6.4
    endloop
  endfacet
  facet normal 0.0460163 0.998941 0
    outer loop
      vertex 57.043 2.2062 6.4
      vertex 57.1383 2.20181 6
      vertex 57.043 2.2062 6
    endloop
  endfacet
  facet normal -0.0299865 0.99955 0
    outer loop
      vertex 57.043 2.2062 6
      vertex 56.986 2.20449 6.4
      vertex 57.043 2.2062 6.4
    endloop
  endfacet
  facet normal -0.0299865 0.99955 0
    outer loop
      vertex 56.986 2.20449 6.4
      vertex 57.043 2.2062 6
      vertex 56.986 2.20449 6
    endloop
  endfacet
  facet normal -0.092536 0.995709 0
    outer loop
      vertex 56.986 2.20449 6
      vertex 56.9308 2.19936 6.4
      vertex 56.986 2.20449 6.4
    endloop
  endfacet
  facet normal -0.092536 0.995709 0
    outer loop
      vertex 56.9308 2.19936 6.4
      vertex 56.986 2.20449 6
      vertex 56.9308 2.19936 6
    endloop
  endfacet
  facet normal -0.158859 0.987301 0
    outer loop
      vertex 56.9308 2.19936 6
      vertex 56.8776 2.1908 6.4
      vertex 56.9308 2.19936 6.4
    endloop
  endfacet
  facet normal -0.158859 0.987301 0
    outer loop
      vertex 56.8776 2.1908 6.4
      vertex 56.9308 2.19936 6
      vertex 56.8776 2.1908 6
    endloop
  endfacet
  facet normal -0.226631 0.973981 0
    outer loop
      vertex 56.8776 2.1908 6
      vertex 56.8262 2.17884 6.4
      vertex 56.8776 2.1908 6.4
    endloop
  endfacet
  facet normal -0.226631 0.973981 0
    outer loop
      vertex 56.8262 2.17884 6.4
      vertex 56.8776 2.1908 6
      vertex 56.8262 2.17884 6
    endloop
  endfacet
  facet normal -0.296715 0.954966 0
    outer loop
      vertex 56.8262 2.17884 6
      vertex 56.7767 2.16346 6.4
      vertex 56.8262 2.17884 6.4
    endloop
  endfacet
  facet normal -0.296715 0.954966 0
    outer loop
      vertex 56.7767 2.16346 6.4
      vertex 56.8262 2.17884 6
      vertex 56.7767 2.16346 6
    endloop
  endfacet
  facet normal -0.366678 0.930348 0
    outer loop
      vertex 56.7767 2.16346 6
      vertex 56.729 2.14466 6.4
      vertex 56.7767 2.16346 6.4
    endloop
  endfacet
  facet normal -0.366678 0.930348 0
    outer loop
      vertex 56.729 2.14466 6.4
      vertex 56.7767 2.16346 6
      vertex 56.729 2.14466 6
    endloop
  endfacet
  facet normal -0.437109 0.899409 0
    outer loop
      vertex 56.729 2.14466 6
      vertex 56.6833 2.12245 6.4
      vertex 56.729 2.14466 6.4
    endloop
  endfacet
  facet normal -0.437109 0.899409 0
    outer loop
      vertex 56.6833 2.12245 6.4
      vertex 56.729 2.14466 6
      vertex 56.6833 2.12245 6
    endloop
  endfacet
  facet normal -0.506586 0.862189 0
    outer loop
      vertex 56.6833 2.12245 6
      vertex 56.6399 2.09695 6.4
      vertex 56.6833 2.12245 6.4
    endloop
  endfacet
  facet normal -0.506586 0.862189 0
    outer loop
      vertex 56.6399 2.09695 6.4
      vertex 56.6833 2.12245 6
      vertex 56.6399 2.09695 6
    endloop
  endfacet
  facet normal -0.576976 0.816761 0
    outer loop
      vertex 56.6399 2.09695 6
      vertex 56.5994 2.06834 6.4
      vertex 56.6399 2.09695 6.4
    endloop
  endfacet
  facet normal -0.576976 0.816761 0
    outer loop
      vertex 56.5994 2.06834 6.4
      vertex 56.6399 2.09695 6
      vertex 56.5994 2.06834 6
    endloop
  endfacet
  facet normal -0.645286 0.763941 0
    outer loop
      vertex 56.5994 2.06834 6
      vertex 56.5618 2.03658 6.4
      vertex 56.5994 2.06834 6.4
    endloop
  endfacet
  facet normal -0.645286 0.763941 0
    outer loop
      vertex 56.5618 2.03658 6.4
      vertex 56.5994 2.06834 6
      vertex 56.5618 2.03658 6
    endloop
  endfacet
  facet normal -0.708019 0.706193 0
    outer loop
      vertex 56.527 2.00169 6
      vertex 56.5618 2.03658 6.4
      vertex 56.5618 2.03658 6
    endloop
  endfacet
  facet normal -0.708019 0.706193 0
    outer loop
      vertex 56.5618 2.03658 6.4
      vertex 56.527 2.00169 6
      vertex 56.527 2.00169 6.4
    endloop
  endfacet
  facet normal -0.765987 0.642856 0
    outer loop
      vertex 56.4951 1.96368 6
      vertex 56.527 2.00169 6.4
      vertex 56.527 2.00169 6
    endloop
  endfacet
  facet normal -0.765987 0.642856 0
    outer loop
      vertex 56.527 2.00169 6.4
      vertex 56.4951 1.96368 6
      vertex 56.4951 1.96368 6.4
    endloop
  endfacet
  facet normal -0.817342 0.576153 0
    outer loop
      vertex 56.4661 1.92254 6
      vertex 56.4951 1.96368 6.4
      vertex 56.4951 1.96368 6
    endloop
  endfacet
  facet normal -0.817342 0.576153 0
    outer loop
      vertex 56.4951 1.96368 6.4
      vertex 56.4661 1.92254 6
      vertex 56.4661 1.92254 6.4
    endloop
  endfacet
  facet normal -0.861484 0.507785 0
    outer loop
      vertex 56.44 1.87826 6
      vertex 56.4661 1.92254 6.4
      vertex 56.4661 1.92254 6
    endloop
  endfacet
  facet normal -0.861484 0.507785 0
    outer loop
      vertex 56.4661 1.92254 6.4
      vertex 56.44 1.87826 6
      vertex 56.44 1.87826 6.4
    endloop
  endfacet
  facet normal 0.999743 -0.0226528 0
    outer loop
      vertex 56.44 1.87826 6.4
      vertex 56.443 2.01066 6
      vertex 56.443 2.01066 6.4
    endloop
  endfacet
  facet normal 0.999743 -0.0226528 0
    outer loop
      vertex 56.443 2.01066 6
      vertex 56.44 1.87826 6.4
      vertex 56.44 1.87826 6
    endloop
  endfacet
  facet normal 0.997281 -0.0736987 0
    outer loop
      vertex 56.443 2.01066 6.4
      vertex 56.4521 2.1338 6
      vertex 56.4521 2.1338 6.4
    endloop
  endfacet
  facet normal 0.997281 -0.0736987 0
    outer loop
      vertex 56.4521 2.1338 6
      vertex 56.443 2.01066 6.4
      vertex 56.443 2.01066 6
    endloop
  endfacet
  facet normal 0.991213 -0.132278 0
    outer loop
      vertex 56.4521 2.1338 6.4
      vertex 56.4673 2.2477 6
      vertex 56.4673 2.2477 6.4
    endloop
  endfacet
  facet normal 0.991213 -0.132278 0
    outer loop
      vertex 56.4673 2.2477 6
      vertex 56.4521 2.1338 6.4
      vertex 56.4521 2.1338 6
    endloop
  endfacet
  facet normal 0.979909 -0.199446 0
    outer loop
      vertex 56.4673 2.2477 6.4
      vertex 56.4886 2.35235 6
      vertex 56.4886 2.35235 6.4
    endloop
  endfacet
  facet normal 0.979909 -0.199446 0
    outer loop
      vertex 56.4886 2.35235 6
      vertex 56.4673 2.2477 6.4
      vertex 56.4673 2.2477 6
    endloop
  endfacet
  facet normal 0.961151 -0.276025 0
    outer loop
      vertex 56.4886 2.35235 6.4
      vertex 56.516 2.44776 6
      vertex 56.516 2.44776 6.4
    endloop
  endfacet
  facet normal 0.961151 -0.276025 0
    outer loop
      vertex 56.516 2.44776 6
      vertex 56.4886 2.35235 6.4
      vertex 56.4886 2.35235 6
    endloop
  endfacet
  facet normal 0.93238 -0.36148 0
    outer loop
      vertex 56.516 2.44776 6.4
      vertex 56.5494 2.53391 6
      vertex 56.5494 2.53391 6.4
    endloop
  endfacet
  facet normal 0.93238 -0.36148 0
    outer loop
      vertex 56.5494 2.53391 6
      vertex 56.516 2.44776 6.4
      vertex 56.516 2.44776 6
    endloop
  endfacet
  facet normal 0.889094 -0.457724 0
    outer loop
      vertex 56.5494 2.53391 6.4
      vertex 56.589 2.61083 6
      vertex 56.589 2.61083 6.4
    endloop
  endfacet
  facet normal 0.889094 -0.457724 0
    outer loop
      vertex 56.589 2.61083 6
      vertex 56.5494 2.53391 6.4
      vertex 56.5494 2.53391 6
    endloop
  endfacet
  facet normal 0.830639 -0.556811 0
    outer loop
      vertex 56.589 2.61083 6.4
      vertex 56.634 2.67796 6
      vertex 56.634 2.67796 6.4
    endloop
  endfacet
  facet normal 0.830639 -0.556811 0
    outer loop
      vertex 56.634 2.67796 6
      vertex 56.589 2.61083 6.4
      vertex 56.589 2.61083 6
    endloop
  endfacet
  facet normal 0.749896 -0.661556 0
    outer loop
      vertex 56.634 2.67796 6.4
      vertex 56.6841 2.73475 6
      vertex 56.6841 2.73475 6.4
    endloop
  endfacet
  facet normal 0.749896 -0.661556 0
    outer loop
      vertex 56.6841 2.73475 6
      vertex 56.634 2.67796 6.4
      vertex 56.634 2.67796 6
    endloop
  endfacet
  facet normal 0.644785 -0.764364 0
    outer loop
      vertex 56.6841 2.73475 6
      vertex 56.7392 2.78123 6.4
      vertex 56.6841 2.73475 6.4
    endloop
  endfacet
  facet normal 0.644785 -0.764364 0
    outer loop
      vertex 56.7392 2.78123 6.4
      vertex 56.6841 2.73475 6
      vertex 56.7392 2.78123 6
    endloop
  endfacet
  facet normal 0.51586 -0.856673 0
    outer loop
      vertex 56.7392 2.78123 6
      vertex 56.7992 2.81736 6.4
      vertex 56.7392 2.78123 6.4
    endloop
  endfacet
  facet normal 0.51586 -0.856673 0
    outer loop
      vertex 56.7992 2.81736 6.4
      vertex 56.7392 2.78123 6
      vertex 56.7992 2.81736 6
    endloop
  endfacet
  facet normal 0.368681 -0.929556 0
    outer loop
      vertex 56.7992 2.81736 6
      vertex 56.8643 2.84318 6.4
      vertex 56.7992 2.81736 6.4
    endloop
  endfacet
  facet normal 0.368681 -0.929556 0
    outer loop
      vertex 56.8643 2.84318 6.4
      vertex 56.7992 2.81736 6
      vertex 56.8643 2.84318 6
    endloop
  endfacet
  facet normal 0.215898 -0.976416 0
    outer loop
      vertex 56.8643 2.84318 6
      vertex 56.9344 2.85868 6.4
      vertex 56.8643 2.84318 6.4
    endloop
  endfacet
  facet normal 0.215898 -0.976416 0
    outer loop
      vertex 56.9344 2.85868 6.4
      vertex 56.8643 2.84318 6
      vertex 56.9344 2.85868 6
    endloop
  endfacet
  facet normal 0.0685468 -0.997648 0
    outer loop
      vertex 56.9344 2.85868 6
      vertex 57.0095 2.86384 6.4
      vertex 56.9344 2.85868 6.4
    endloop
  endfacet
  facet normal 0.0685468 -0.997648 0
    outer loop
      vertex 57.0095 2.86384 6.4
      vertex 56.9344 2.85868 6
      vertex 57.0095 2.86384 6
    endloop
  endfacet
  facet normal -0.0722407 -0.997387 0
    outer loop
      vertex 57.0095 2.86384 6
      vertex 57.0951 2.85764 6.4
      vertex 57.0095 2.86384 6.4
    endloop
  endfacet
  facet normal -0.0722407 -0.997387 -0
    outer loop
      vertex 57.0951 2.85764 6.4
      vertex 57.0095 2.86384 6
      vertex 57.0951 2.85764 6
    endloop
  endfacet
  facet normal -0.235364 -0.971907 0
    outer loop
      vertex 57.0951 2.85764 6
      vertex 57.1717 2.83909 6.4
      vertex 57.0951 2.85764 6.4
    endloop
  endfacet
  facet normal -0.235364 -0.971907 -0
    outer loop
      vertex 57.1717 2.83909 6.4
      vertex 57.0951 2.85764 6
      vertex 57.1717 2.83909 6
    endloop
  endfacet
  facet normal -0.416794 -0.909001 0
    outer loop
      vertex 57.1717 2.83909 6
      vertex 57.2392 2.80814 6.4
      vertex 57.1717 2.83909 6.4
    endloop
  endfacet
  facet normal -0.416794 -0.909001 -0
    outer loop
      vertex 57.2392 2.80814 6.4
      vertex 57.1717 2.83909 6
      vertex 57.2392 2.80814 6
    endloop
  endfacet
  facet normal -0.595767 -0.803157 0
    outer loop
      vertex 57.2392 2.80814 6
      vertex 57.2976 2.76482 6.4
      vertex 57.2392 2.80814 6.4
    endloop
  endfacet
  facet normal -0.595767 -0.803157 -0
    outer loop
      vertex 57.2976 2.76482 6.4
      vertex 57.2392 2.80814 6
      vertex 57.2976 2.76482 6
    endloop
  endfacet
  facet normal -0.748091 -0.663596 0
    outer loop
      vertex 57.347 2.70913 6
      vertex 57.2976 2.76482 6.4
      vertex 57.2976 2.76482 6
    endloop
  endfacet
  facet normal -0.748091 -0.663596 0
    outer loop
      vertex 57.2976 2.76482 6.4
      vertex 57.347 2.70913 6
      vertex 57.347 2.70913 6.4
    endloop
  endfacet
  facet normal -0.860534 -0.509393 0
    outer loop
      vertex 57.3873 2.64105 6
      vertex 57.347 2.70913 6.4
      vertex 57.347 2.70913 6
    endloop
  endfacet
  facet normal -0.860534 -0.509393 0
    outer loop
      vertex 57.347 2.70913 6.4
      vertex 57.3873 2.64105 6
      vertex 57.3873 2.64105 6.4
    endloop
  endfacet
  facet normal -0.932341 -0.361579 0
    outer loop
      vertex 57.4185 2.5606 6
      vertex 57.3873 2.64105 6.4
      vertex 57.3873 2.64105 6
    endloop
  endfacet
  facet normal -0.932341 -0.361579 0
    outer loop
      vertex 57.3873 2.64105 6.4
      vertex 57.4185 2.5606 6
      vertex 57.4185 2.5606 6.4
    endloop
  endfacet
  facet normal 0.17736 -0.984146 0
    outer loop
      vertex 57.4185 2.5606 6
      vertex 57.7218 2.61526 6.4
      vertex 57.4185 2.5606 6.4
    endloop
  endfacet
  facet normal 0.17736 -0.984146 0
    outer loop
      vertex 57.7218 2.61526 6.4
      vertex 57.4185 2.5606 6
      vertex 57.7218 2.61526 6
    endloop
  endfacet
  facet normal 0.936429 0.350856 0
    outer loop
      vertex 57.7218 2.61526 6.4
      vertex 57.6715 2.74951 6
      vertex 57.6715 2.74951 6.4
    endloop
  endfacet
  facet normal 0.936429 0.350856 0
    outer loop
      vertex 57.6715 2.74951 6
      vertex 57.7218 2.61526 6.4
      vertex 57.7218 2.61526 6
    endloop
  endfacet
  facet normal 0.860314 0.509765 0
    outer loop
      vertex 57.6715 2.74951 6.4
      vertex 57.6042 2.86309 6
      vertex 57.6042 2.86309 6.4
    endloop
  endfacet
  facet normal 0.860314 0.509765 0
    outer loop
      vertex 57.6042 2.86309 6
      vertex 57.6715 2.74951 6.4
      vertex 57.6715 2.74951 6
    endloop
  endfacet
  facet normal 0.740697 0.671839 0
    outer loop
      vertex 57.6042 2.86309 6.4
      vertex 57.5199 2.95603 6
      vertex 57.5199 2.95603 6.4
    endloop
  endfacet
  facet normal 0.740697 0.671839 0
    outer loop
      vertex 57.5199 2.95603 6
      vertex 57.6042 2.86309 6.4
      vertex 57.6042 2.86309 6
    endloop
  endfacet
  facet normal 0.581314 0.813679 -0
    outer loop
      vertex 57.5199 2.95603 6
      vertex 57.4187 3.02833 6.4
      vertex 57.5199 2.95603 6.4
    endloop
  endfacet
  facet normal 0.581314 0.813679 0
    outer loop
      vertex 57.4187 3.02833 6.4
      vertex 57.5199 2.95603 6
      vertex 57.4187 3.02833 6
    endloop
  endfacet
  facet normal 0.399933 0.916545 -0
    outer loop
      vertex 57.4187 3.02833 6
      vertex 57.3004 3.07995 6.4
      vertex 57.4187 3.02833 6.4
    endloop
  endfacet
  facet normal 0.399933 0.916545 0
    outer loop
      vertex 57.3004 3.07995 6.4
      vertex 57.4187 3.02833 6
      vertex 57.3004 3.07995 6
    endloop
  endfacet
  facet normal 0.223422 0.974722 -0
    outer loop
      vertex 57.3004 3.07995 6
      vertex 57.1652 3.11094 6.4
      vertex 57.3004 3.07995 6.4
    endloop
  endfacet
  facet normal 0.223422 0.974722 0
    outer loop
      vertex 57.1652 3.11094 6.4
      vertex 57.3004 3.07995 6
      vertex 57.1652 3.11094 6
    endloop
  endfacet
  facet normal 0.0677154 0.997705 -0
    outer loop
      vertex 57.1652 3.11094 6
      vertex 57.013 3.12127 6.4
      vertex 57.1652 3.11094 6.4
    endloop
  endfacet
  facet normal 0.0677154 0.997705 0
    outer loop
      vertex 57.013 3.12127 6.4
      vertex 57.1652 3.11094 6
      vertex 57.013 3.12127 6
    endloop
  endfacet
  facet normal -0.0597742 0.998212 0
    outer loop
      vertex 57.013 3.12127 6
      vertex 56.8951 3.11421 6.4
      vertex 57.013 3.12127 6.4
    endloop
  endfacet
  facet normal -0.0597742 0.998212 0
    outer loop
      vertex 56.8951 3.11421 6.4
      vertex 57.013 3.12127 6
      vertex 56.8951 3.11421 6
    endloop
  endfacet
  facet normal -0.18898 0.981981 0
    outer loop
      vertex 56.8951 3.11421 6
      vertex 56.7852 3.09306 6.4
      vertex 56.8951 3.11421 6.4
    endloop
  endfacet
  facet normal -0.18898 0.981981 0
    outer loop
      vertex 56.7852 3.09306 6.4
      vertex 56.8951 3.11421 6
      vertex 56.7852 3.09306 6
    endloop
  endfacet
  facet normal -0.326799 0.945094 0
    outer loop
      vertex 56.7852 3.09306 6
      vertex 56.6832 3.05779 6.4
      vertex 56.7852 3.09306 6.4
    endloop
  endfacet
  facet normal -0.326799 0.945094 0
    outer loop
      vertex 56.6832 3.05779 6.4
      vertex 56.7852 3.09306 6
      vertex 56.6832 3.05779 6
    endloop
  endfacet
  facet normal -0.46537 0.885116 0
    outer loop
      vertex 56.6832 3.05779 6
      vertex 56.5893 3.00842 6.4
      vertex 56.6832 3.05779 6.4
    endloop
  endfacet
  facet normal -0.46537 0.885116 0
    outer loop
      vertex 56.5893 3.00842 6.4
      vertex 56.6832 3.05779 6
      vertex 56.5893 3.00842 6
    endloop
  endfacet
  facet normal -0.593875 0.804557 0
    outer loop
      vertex 56.5893 3.00842 6
      vertex 56.5033 2.94494 6.4
      vertex 56.5893 3.00842 6.4
    endloop
  endfacet
  facet normal -0.593875 0.804557 0
    outer loop
      vertex 56.5033 2.94494 6.4
      vertex 56.5893 3.00842 6
      vertex 56.5033 2.94494 6
    endloop
  endfacet
  facet normal -0.705195 0.709013 0
    outer loop
      vertex 56.5033 2.94494 6
      vertex 56.4253 2.86736 6.4
      vertex 56.5033 2.94494 6.4
    endloop
  endfacet
  facet normal -0.705195 0.709013 0
    outer loop
      vertex 56.4253 2.86736 6.4
      vertex 56.5033 2.94494 6
      vertex 56.4253 2.86736 6
    endloop
  endfacet
  facet normal -0.794842 0.606816 0
    outer loop
      vertex 56.3553 2.77567 6
      vertex 56.4253 2.86736 6.4
      vertex 56.4253 2.86736 6
    endloop
  endfacet
  facet normal -0.794842 0.606816 0
    outer loop
      vertex 56.4253 2.86736 6.4
      vertex 56.3553 2.77567 6
      vertex 56.3553 2.77567 6.4
    endloop
  endfacet
  facet normal -0.863644 0.504101 0
    outer loop
      vertex 56.2941 2.67082 6
      vertex 56.3553 2.77567 6.4
      vertex 56.3553 2.77567 6
    endloop
  endfacet
  facet normal -0.863644 0.504101 0
    outer loop
      vertex 56.3553 2.77567 6.4
      vertex 56.2941 2.67082 6
      vertex 56.2941 2.67082 6.4
    endloop
  endfacet
  facet normal -0.914217 0.405225 0
    outer loop
      vertex 56.2422 2.55373 6
      vertex 56.2941 2.67082 6.4
      vertex 56.2941 2.67082 6
    endloop
  endfacet
  facet normal -0.914217 0.405225 0
    outer loop
      vertex 56.2941 2.67082 6.4
      vertex 56.2422 2.55373 6
      vertex 56.2422 2.55373 6.4
    endloop
  endfacet
  facet normal -0.950222 0.311572 0
    outer loop
      vertex 56.1998 2.42442 6
      vertex 56.2422 2.55373 6.4
      vertex 56.2422 2.55373 6
    endloop
  endfacet
  facet normal -0.950222 0.311572 0
    outer loop
      vertex 56.2422 2.55373 6.4
      vertex 56.1998 2.42442 6
      vertex 56.1998 2.42442 6.4
    endloop
  endfacet
  facet normal -0.973881 0.22706 0
    outer loop
      vertex 56.1668 2.28288 6
      vertex 56.1998 2.42442 6.4
      vertex 56.1998 2.42442 6
    endloop
  endfacet
  facet normal -0.973881 0.22706 0
    outer loop
      vertex 56.1998 2.42442 6.4
      vertex 56.1668 2.28288 6
      vertex 56.1668 2.28288 6.4
    endloop
  endfacet
  facet normal -0.988431 0.151671 0
    outer loop
      vertex 56.1432 2.12908 6
      vertex 56.1668 2.28288 6.4
      vertex 56.1668 2.28288 6
    endloop
  endfacet
  facet normal -0.988431 0.151671 0
    outer loop
      vertex 56.1668 2.28288 6.4
      vertex 56.1432 2.12908 6
      vertex 56.1432 2.12908 6.4
    endloop
  endfacet
  facet normal -0.996412 0.0846299 0
    outer loop
      vertex 56.1291 1.96307 6
      vertex 56.1432 2.12908 6.4
      vertex 56.1432 2.12908 6
    endloop
  endfacet
  facet normal -0.996412 0.0846299 0
    outer loop
      vertex 56.1432 2.12908 6.4
      vertex 56.1291 1.96307 6
      vertex 56.1291 1.96307 6.4
    endloop
  endfacet
  facet normal -0.999653 0.0263568 0
    outer loop
      vertex 56.1244 1.78481 6
      vertex 56.1291 1.96307 6.4
      vertex 56.1291 1.96307 6
    endloop
  endfacet
  facet normal -0.999653 0.0263568 0
    outer loop
      vertex 56.1291 1.96307 6.4
      vertex 56.1244 1.78481 6
      vertex 56.1244 1.78481 6.4
    endloop
  endfacet
  facet normal -0.999626 -0.0273504 0
    outer loop
      vertex 56.1289 1.62034 6
      vertex 56.1244 1.78481 6.4
      vertex 56.1244 1.78481 6
    endloop
  endfacet
  facet normal -0.999626 -0.0273504 0
    outer loop
      vertex 56.1244 1.78481 6.4
      vertex 56.1289 1.62034 6
      vertex 56.1289 1.62034 6.4
    endloop
  endfacet
  facet normal -0.996067 -0.088603 0
    outer loop
      vertex 56.1425 1.46745 6
      vertex 56.1289 1.62034 6.4
      vertex 56.1289 1.62034 6
    endloop
  endfacet
  facet normal -0.996067 -0.088603 0
    outer loop
      vertex 56.1289 1.62034 6.4
      vertex 56.1425 1.46745 6
      vertex 56.1425 1.46745 6.4
    endloop
  endfacet
  facet normal -0.987344 -0.158595 0
    outer loop
      vertex 56.1652 1.32613 6
      vertex 56.1425 1.46745 6.4
      vertex 56.1425 1.46745 6
    endloop
  endfacet
  facet normal -0.987344 -0.158595 0
    outer loop
      vertex 56.1425 1.46745 6.4
      vertex 56.1652 1.32613 6
      vertex 56.1652 1.32613 6.4
    endloop
  endfacet
  facet normal -0.971411 -0.237404 0
    outer loop
      vertex 56.1969 1.19642 6
      vertex 56.1652 1.32613 6.4
      vertex 56.1652 1.32613 6
    endloop
  endfacet
  facet normal -0.971411 -0.237404 0
    outer loop
      vertex 56.1652 1.32613 6.4
      vertex 56.1969 1.19642 6
      vertex 56.1969 1.19642 6.4
    endloop
  endfacet
  facet normal -0.945211 -0.326459 0
    outer loop
      vertex 56.2377 1.07829 6
      vertex 56.1969 1.19642 6.4
      vertex 56.1969 1.19642 6
    endloop
  endfacet
  facet normal -0.945211 -0.326459 0
    outer loop
      vertex 56.1969 1.19642 6.4
      vertex 56.2377 1.07829 6
      vertex 56.2377 1.07829 6.4
    endloop
  endfacet
  facet normal -0.905593 -0.424147 0
    outer loop
      vertex 56.2876 0.971749 6
      vertex 56.2377 1.07829 6.4
      vertex 56.2377 1.07829 6
    endloop
  endfacet
  facet normal -0.905593 -0.424147 0
    outer loop
      vertex 56.2377 1.07829 6.4
      vertex 56.2876 0.971749 6
      vertex 56.2876 0.971749 6.4
    endloop
  endfacet
  facet normal -0.849791 -0.52712 0
    outer loop
      vertex 56.3465 0.876794 6
      vertex 56.2876 0.971749 6.4
      vertex 56.2876 0.971749 6
    endloop
  endfacet
  facet normal -0.849791 -0.52712 0
    outer loop
      vertex 56.2876 0.971749 6.4
      vertex 56.3465 0.876794 6
      vertex 56.3465 0.876794 6.4
    endloop
  endfacet
  facet normal -0.77506 -0.631888 0
    outer loop
      vertex 56.414 0.794 6
      vertex 56.3465 0.876794 6.4
      vertex 56.3465 0.876794 6
    endloop
  endfacet
  facet normal -0.77506 -0.631888 0
    outer loop
      vertex 56.3465 0.876794 6.4
      vertex 56.414 0.794 6
      vertex 56.414 0.794 6.4
    endloop
  endfacet
  facet normal -0.679685 -0.733504 0
    outer loop
      vertex 56.414 0.794 6
      vertex 56.4896 0.723947 6.4
      vertex 56.414 0.794 6.4
    endloop
  endfacet
  facet normal -0.679685 -0.733504 -0
    outer loop
      vertex 56.4896 0.723947 6.4
      vertex 56.414 0.794 6
      vertex 56.4896 0.723947 6
    endloop
  endfacet
  facet normal -0.565436 -0.824792 0
    outer loop
      vertex 56.4896 0.723947 6
      vertex 56.5732 0.666635 6.4
      vertex 56.4896 0.723947 6.4
    endloop
  endfacet
  facet normal -0.565436 -0.824792 -0
    outer loop
      vertex 56.5732 0.666635 6.4
      vertex 56.4896 0.723947 6
      vertex 56.5732 0.666635 6
    endloop
  endfacet
  facet normal -0.437277 -0.899327 0
    outer loop
      vertex 56.5732 0.666635 6
      vertex 56.6649 0.622048 6.4
      vertex 56.5732 0.666635 6.4
    endloop
  endfacet
  facet normal -0.437277 -0.899327 -0
    outer loop
      vertex 56.6649 0.622048 6.4
      vertex 56.5732 0.666635 6
      vertex 56.6649 0.622048 6
    endloop
  endfacet
  facet normal -0.304126 -0.952632 0
    outer loop
      vertex 56.6649 0.622048 6
      vertex 56.7646 0.590219 6.4
      vertex 56.6649 0.622048 6.4
    endloop
  endfacet
  facet normal -0.304126 -0.952632 -0
    outer loop
      vertex 56.7646 0.590219 6.4
      vertex 56.6649 0.622048 6
      vertex 56.7646 0.590219 6
    endloop
  endfacet
  facet normal -0.174341 -0.984685 0
    outer loop
      vertex 56.7646 0.590219 6
      vertex 56.8725 0.571115 6.4
      vertex 56.7646 0.590219 6.4
    endloop
  endfacet
  facet normal -0.174341 -0.984685 -0
    outer loop
      vertex 56.8725 0.571115 6.4
      vertex 56.7646 0.590219 6
      vertex 56.8725 0.571115 6
    endloop
  endfacet
  facet normal -0.0548654 -0.998494 0
    outer loop
      vertex 56.8725 0.571115 6
      vertex 56.9883 0.564752 6.4
      vertex 56.8725 0.571115 6.4
    endloop
  endfacet
  facet normal -0.0548654 -0.998494 -0
    outer loop
      vertex 56.9883 0.564752 6.4
      vertex 56.8725 0.571115 6
      vertex 56.9883 0.564752 6
    endloop
  endfacet
  facet normal 0.0445519 -0.999007 0
    outer loop
      vertex 56.9883 0.564752 6
      vertex 57.0923 0.56939 6.4
      vertex 56.9883 0.564752 6.4
    endloop
  endfacet
  facet normal 0.0445519 -0.999007 0
    outer loop
      vertex 57.0923 0.56939 6.4
      vertex 56.9883 0.564752 6
      vertex 57.0923 0.56939 6
    endloop
  endfacet
  facet normal 0.188213 0.982128 -0
    outer loop
      vertex 56.9159 0.824136 6
      vertex 56.8573 0.835366 6.4
      vertex 56.9159 0.824136 6.4
    endloop
  endfacet
  facet normal 0.188213 0.982128 0
    outer loop
      vertex 56.8573 0.835366 6.4
      vertex 56.9159 0.824136 6
      vertex 56.8573 0.835366 6
    endloop
  endfacet
  facet normal 0.320459 0.947262 -0
    outer loop
      vertex 56.8573 0.835366 6
      vertex 56.802 0.854074 6.4
      vertex 56.8573 0.835366 6.4
    endloop
  endfacet
  facet normal 0.320459 0.947262 0
    outer loop
      vertex 56.802 0.854074 6.4
      vertex 56.8573 0.835366 6
      vertex 56.802 0.854074 6
    endloop
  endfacet
  facet normal 0.44974 0.893159 -0
    outer loop
      vertex 56.802 0.854074 6
      vertex 56.75 0.880258 6.4
      vertex 56.802 0.854074 6.4
    endloop
  endfacet
  facet normal 0.44974 0.893159 0
    outer loop
      vertex 56.75 0.880258 6.4
      vertex 56.802 0.854074 6
      vertex 56.75 0.880258 6
    endloop
  endfacet
  facet normal 0.56876 0.822503 -0
    outer loop
      vertex 56.75 0.880258 6
      vertex 56.7013 0.913934 6.4
      vertex 56.75 0.880258 6.4
    endloop
  endfacet
  facet normal 0.56876 0.822503 0
    outer loop
      vertex 56.7013 0.913934 6.4
      vertex 56.75 0.880258 6
      vertex 56.7013 0.913934 6
    endloop
  endfacet
  facet normal 0.670925 0.741525 -0
    outer loop
      vertex 56.7013 0.913934 6
      vertex 56.6558 0.955102 6.4
      vertex 56.7013 0.913934 6.4
    endloop
  endfacet
  facet normal 0.670925 0.741525 0
    outer loop
      vertex 56.6558 0.955102 6.4
      vertex 56.7013 0.913934 6
      vertex 56.6558 0.955102 6
    endloop
  endfacet
  facet normal 0.755394 0.655271 0
    outer loop
      vertex 56.6558 0.955102 6.4
      vertex 56.6136 1.00375 6
      vertex 56.6136 1.00375 6.4
    endloop
  endfacet
  facet normal 0.755394 0.655271 0
    outer loop
      vertex 56.6136 1.00375 6
      vertex 56.6558 0.955102 6.4
      vertex 56.6558 0.955102 6
    endloop
  endfacet
  facet normal 0.823213 0.567733 0
    outer loop
      vertex 56.6136 1.00375 6.4
      vertex 56.576 1.05827 6
      vertex 56.576 1.05827 6.4
    endloop
  endfacet
  facet normal 0.823213 0.567733 0
    outer loop
      vertex 56.576 1.05827 6
      vertex 56.6136 1.00375 6.4
      vertex 56.6136 1.00375 6
    endloop
  endfacet
  facet normal 0.878843 0.477112 0
    outer loop
      vertex 56.576 1.05827 6.4
      vertex 56.5441 1.11703 6
      vertex 56.5441 1.11703 6.4
    endloop
  endfacet
  facet normal 0.878843 0.477112 0
    outer loop
      vertex 56.5441 1.11703 6
      vertex 56.576 1.05827 6.4
      vertex 56.576 1.05827 6
    endloop
  endfacet
  facet normal 0.924374 0.381488 0
    outer loop
      vertex 56.5441 1.11703 6.4
      vertex 56.5181 1.18003 6
      vertex 56.5181 1.18003 6.4
    endloop
  endfacet
  facet normal 0.924374 0.381488 0
    outer loop
      vertex 56.5181 1.18003 6
      vertex 56.5441 1.11703 6.4
      vertex 56.5441 1.11703 6
    endloop
  endfacet
  facet normal 0.957335 0.28898 0
    outer loop
      vertex 56.5181 1.18003 6.4
      vertex 56.4978 1.24728 6
      vertex 56.4978 1.24728 6.4
    endloop
  endfacet
  facet normal 0.957335 0.28898 0
    outer loop
      vertex 56.4978 1.24728 6
      vertex 56.5181 1.18003 6.4
      vertex 56.5181 1.18003 6
    endloop
  endfacet
  facet normal 0.98005 0.198751 0
    outer loop
      vertex 56.4978 1.24728 6.4
      vertex 56.4833 1.31878 6
      vertex 56.4833 1.31878 6.4
    endloop
  endfacet
  facet normal 0.98005 0.198751 0
    outer loop
      vertex 56.4833 1.31878 6
      vertex 56.4978 1.24728 6.4
      vertex 56.4978 1.24728 6
    endloop
  endfacet
  facet normal 0.993466 0.114131 0
    outer loop
      vertex 56.4833 1.31878 6.4
      vertex 56.4746 1.39451 6
      vertex 56.4746 1.39451 6.4
    endloop
  endfacet
  facet normal 0.993466 0.114131 0
    outer loop
      vertex 56.4746 1.39451 6
      vertex 56.4833 1.31878 6.4
      vertex 56.4833 1.31878 6
    endloop
  endfacet
  facet normal 0.999343 0.0362307 0
    outer loop
      vertex 56.4746 1.39451 6.4
      vertex 56.4717 1.4745 6
      vertex 56.4717 1.4745 6.4
    endloop
  endfacet
  facet normal 0.999343 0.0362307 0
    outer loop
      vertex 56.4717 1.4745 6
      vertex 56.4746 1.39451 6.4
      vertex 56.4746 1.39451 6
    endloop
  endfacet
  facet normal 0.999013 -0.0444147 0
    outer loop
      vertex 56.4717 1.4745 6.4
      vertex 56.4745 1.53748 6
      vertex 56.4745 1.53748 6.4
    endloop
  endfacet
  facet normal 0.999013 -0.0444147 0
    outer loop
      vertex 56.4745 1.53748 6
      vertex 56.4717 1.4745 6.4
      vertex 56.4717 1.4745 6
    endloop
  endfacet
  facet normal 0.99002 -0.140928 0
    outer loop
      vertex 56.4745 1.53748 6.4
      vertex 56.4829 1.59649 6
      vertex 56.4829 1.59649 6.4
    endloop
  endfacet
  facet normal 0.99002 -0.140928 0
    outer loop
      vertex 56.4829 1.59649 6
      vertex 56.4745 1.53748 6.4
      vertex 56.4745 1.53748 6
    endloop
  endfacet
  facet normal 0.969507 -0.245065 0
    outer loop
      vertex 56.4829 1.59649 6.4
      vertex 56.4968 1.65148 6
      vertex 56.4968 1.65148 6.4
    endloop
  endfacet
  facet normal 0.969507 -0.245065 0
    outer loop
      vertex 56.4968 1.65148 6
      vertex 56.4829 1.59649 6.4
      vertex 56.4829 1.59649 6
    endloop
  endfacet
  facet normal 0.934075 -0.357076 0
    outer loop
      vertex 56.4968 1.65148 6.4
      vertex 56.5163 1.70249 6
      vertex 56.5163 1.70249 6.4
    endloop
  endfacet
  facet normal 0.934075 -0.357076 0
    outer loop
      vertex 56.5163 1.70249 6
      vertex 56.4968 1.65148 6.4
      vertex 56.4968 1.65148 6
    endloop
  endfacet
  facet normal 0.882093 -0.471075 0
    outer loop
      vertex 56.5163 1.70249 6.4
      vertex 56.5414 1.74949 6
      vertex 56.5414 1.74949 6.4
    endloop
  endfacet
  facet normal 0.882093 -0.471075 0
    outer loop
      vertex 56.5414 1.74949 6
      vertex 56.5163 1.70249 6.4
      vertex 56.5163 1.70249 6
    endloop
  endfacet
  facet normal 0.814053 -0.580791 0
    outer loop
      vertex 56.5414 1.74949 6.4
      vertex 56.5721 1.79252 6
      vertex 56.5721 1.79252 6.4
    endloop
  endfacet
  facet normal 0.814053 -0.580791 0
    outer loop
      vertex 56.5721 1.79252 6
      vertex 56.5414 1.74949 6.4
      vertex 56.5414 1.74949 6
    endloop
  endfacet
  facet normal 0.732165 -0.681127 0
    outer loop
      vertex 56.5721 1.79252 6.4
      vertex 56.6084 1.83154 6
      vertex 56.6084 1.83154 6.4
    endloop
  endfacet
  facet normal 0.732165 -0.681127 0
    outer loop
      vertex 56.6084 1.83154 6
      vertex 56.5721 1.79252 6.4
      vertex 56.5721 1.79252 6
    endloop
  endfacet
  facet normal 0.645193 -0.76402 0
    outer loop
      vertex 56.6084 1.83154 6
      vertex 56.6491 1.86591 6.4
      vertex 56.6084 1.83154 6.4
    endloop
  endfacet
  facet normal 0.645193 -0.76402 0
    outer loop
      vertex 56.6491 1.86591 6.4
      vertex 56.6084 1.83154 6
      vertex 56.6491 1.86591 6
    endloop
  endfacet
  facet normal 0.548895 -0.835891 0
    outer loop
      vertex 56.6491 1.86591 6
      vertex 56.6934 1.895 6.4
      vertex 56.6491 1.86591 6.4
    endloop
  endfacet
  facet normal 0.548895 -0.835891 0
    outer loop
      vertex 56.6934 1.895 6.4
      vertex 56.6491 1.86591 6
      vertex 56.6934 1.895 6
    endloop
  endfacet
  facet normal 0.445715 -0.895175 0
    outer loop
      vertex 56.6934 1.895 6
      vertex 56.7412 1.9188 6.4
      vertex 56.6934 1.895 6.4
    endloop
  endfacet
  facet normal 0.445715 -0.895175 0
    outer loop
      vertex 56.7412 1.9188 6.4
      vertex 56.6934 1.895 6
      vertex 56.7412 1.9188 6
    endloop
  endfacet
  facet normal 0.339987 -0.94043 0
    outer loop
      vertex 56.7412 1.9188 6
      vertex 56.7924 1.93731 6.4
      vertex 56.7412 1.9188 6.4
    endloop
  endfacet
  facet normal 0.339987 -0.94043 0
    outer loop
      vertex 56.7924 1.93731 6.4
      vertex 56.7412 1.9188 6
      vertex 56.7924 1.93731 6
    endloop
  endfacet
  facet normal 0.234681 -0.972072 0
    outer loop
      vertex 56.7924 1.93731 6
      vertex 56.8472 1.95054 6.4
      vertex 56.7924 1.93731 6.4
    endloop
  endfacet
  facet normal 0.234681 -0.972072 0
    outer loop
      vertex 56.8472 1.95054 6.4
      vertex 56.7924 1.93731 6
      vertex 56.8472 1.95054 6
    endloop
  endfacet
  facet normal 0.135007 -0.990845 0
    outer loop
      vertex 56.8472 1.95054 6
      vertex 56.9054 1.95847 6.4
      vertex 56.8472 1.95054 6.4
    endloop
  endfacet
  facet normal 0.135007 -0.990845 0
    outer loop
      vertex 56.9054 1.95847 6.4
      vertex 56.8472 1.95054 6
      vertex 56.9054 1.95847 6
    endloop
  endfacet
  facet normal 0.0426795 -0.999089 0
    outer loop
      vertex 56.9054 1.95847 6
      vertex 56.9672 1.96111 6.4
      vertex 56.9054 1.95847 6.4
    endloop
  endfacet
  facet normal 0.0426795 -0.999089 0
    outer loop
      vertex 56.9672 1.96111 6.4
      vertex 56.9054 1.95847 6
      vertex 56.9672 1.96111 6
    endloop
  endfacet
  facet normal -0.0454354 -0.998967 0
    outer loop
      vertex 56.9672 1.96111 6
      vertex 57.0325 1.95814 6.4
      vertex 56.9672 1.96111 6.4
    endloop
  endfacet
  facet normal -0.0454354 -0.998967 -0
    outer loop
      vertex 57.0325 1.95814 6.4
      vertex 56.9672 1.96111 6
      vertex 57.0325 1.95814 6
    endloop
  endfacet
  facet normal -0.145019 -0.989429 0
    outer loop
      vertex 57.0325 1.95814 6
      vertex 57.0937 1.94917 6.4
      vertex 57.0325 1.95814 6.4
    endloop
  endfacet
  facet normal -0.145019 -0.989429 -0
    outer loop
      vertex 57.0937 1.94917 6.4
      vertex 57.0325 1.95814 6
      vertex 57.0937 1.94917 6
    endloop
  endfacet
  facet normal -0.253799 -0.967257 0
    outer loop
      vertex 57.0937 1.94917 6
      vertex 57.1506 1.93424 6.4
      vertex 57.0937 1.94917 6.4
    endloop
  endfacet
  facet normal -0.253799 -0.967257 -0
    outer loop
      vertex 57.1506 1.93424 6.4
      vertex 57.0937 1.94917 6
      vertex 57.1506 1.93424 6
    endloop
  endfacet
  facet normal -0.369562 -0.929206 0
    outer loop
      vertex 57.1506 1.93424 6
      vertex 57.2032 1.91332 6.4
      vertex 57.1506 1.93424 6.4
    endloop
  endfacet
  facet normal -0.369562 -0.929206 -0
    outer loop
      vertex 57.2032 1.91332 6.4
      vertex 57.1506 1.93424 6
      vertex 57.2032 1.91332 6
    endloop
  endfacet
  facet normal -0.485382 -0.874302 0
    outer loop
      vertex 57.2032 1.91332 6
      vertex 57.2516 1.88645 6.4
      vertex 57.2032 1.91332 6.4
    endloop
  endfacet
  facet normal -0.485382 -0.874302 -0
    outer loop
      vertex 57.2516 1.88645 6.4
      vertex 57.2032 1.91332 6
      vertex 57.2516 1.88645 6
    endloop
  endfacet
  facet normal -0.597495 -0.801873 0
    outer loop
      vertex 57.2516 1.88645 6
      vertex 57.2957 1.85359 6.4
      vertex 57.2516 1.88645 6.4
    endloop
  endfacet
  facet normal -0.597495 -0.801873 -0
    outer loop
      vertex 57.2957 1.85359 6.4
      vertex 57.2516 1.88645 6
      vertex 57.2957 1.85359 6
    endloop
  endfacet
  facet normal -0.69734 -0.71674 0
    outer loop
      vertex 57.2957 1.85359 6
      vertex 57.3356 1.81477 6.4
      vertex 57.2957 1.85359 6.4
    endloop
  endfacet
  facet normal -0.69734 -0.71674 -0
    outer loop
      vertex 57.3356 1.81477 6.4
      vertex 57.2957 1.85359 6
      vertex 57.3356 1.81477 6
    endloop
  endfacet
  facet normal -0.783999 -0.620762 0
    outer loop
      vertex 57.3707 1.77044 6
      vertex 57.3356 1.81477 6.4
      vertex 57.3356 1.81477 6
    endloop
  endfacet
  facet normal -0.783999 -0.620762 0
    outer loop
      vertex 57.3356 1.81477 6.4
      vertex 57.3707 1.77044 6
      vertex 57.3707 1.77044 6.4
    endloop
  endfacet
  facet normal -0.856849 -0.515568 0
    outer loop
      vertex 57.4004 1.72108 6
      vertex 57.3707 1.77044 6.4
      vertex 57.3707 1.77044 6
    endloop
  endfacet
  facet normal -0.856849 -0.515568 0
    outer loop
      vertex 57.3707 1.77044 6.4
      vertex 57.4004 1.72108 6
      vertex 57.4004 1.72108 6.4
    endloop
  endfacet
  facet normal -0.913077 -0.407788 0
    outer loop
      vertex 57.4247 1.66667 6
      vertex 57.4004 1.72108 6.4
      vertex 57.4004 1.72108 6
    endloop
  endfacet
  facet normal -0.913077 -0.407788 0
    outer loop
      vertex 57.4004 1.72108 6.4
      vertex 57.4247 1.66667 6
      vertex 57.4247 1.66667 6.4
    endloop
  endfacet
  facet normal -0.952985 -0.303018 0
    outer loop
      vertex 57.4436 1.60723 6
      vertex 57.4247 1.66667 6.4
      vertex 57.4247 1.66667 6
    endloop
  endfacet
  facet normal -0.952985 -0.303018 0
    outer loop
      vertex 57.4247 1.66667 6.4
      vertex 57.4436 1.60723 6
      vertex 57.4436 1.60723 6.4
    endloop
  endfacet
  facet normal -0.978778 -0.204924 0
    outer loop
      vertex 57.4571 1.54275 6
      vertex 57.4436 1.60723 6.4
      vertex 57.4436 1.60723 6
    endloop
  endfacet
  facet normal -0.978778 -0.204924 0
    outer loop
      vertex 57.4436 1.60723 6.4
      vertex 57.4571 1.54275 6
      vertex 57.4571 1.54275 6.4
    endloop
  endfacet
  facet normal -0.993279 -0.115747 0
    outer loop
      vertex 57.4652 1.47324 6
      vertex 57.4571 1.54275 6.4
      vertex 57.4571 1.54275 6
    endloop
  endfacet
  facet normal -0.993279 -0.115747 0
    outer loop
      vertex 57.4571 1.54275 6.4
      vertex 57.4652 1.47324 6
      vertex 57.4652 1.47324 6.4
    endloop
  endfacet
  facet normal -0.999345 -0.0361936 0
    outer loop
      vertex 57.4679 1.39869 6
      vertex 57.4652 1.47324 6.4
      vertex 57.4652 1.47324 6
    endloop
  endfacet
  facet normal -0.999345 -0.0361936 0
    outer loop
      vertex 57.4652 1.47324 6.4
      vertex 57.4679 1.39869 6
      vertex 57.4679 1.39869 6.4
    endloop
  endfacet
  facet normal -0.999348 0.0361113 0
    outer loop
      vertex 57.4652 1.32397 6
      vertex 57.4679 1.39869 6.4
      vertex 57.4679 1.39869 6
    endloop
  endfacet
  facet normal -0.999348 0.0361113 0
    outer loop
      vertex 57.4679 1.39869 6.4
      vertex 57.4652 1.32397 6
      vertex 57.4652 1.32397 6.4
    endloop
  endfacet
  facet normal -0.993531 0.113563 0
    outer loop
      vertex 57.4572 1.25398 6
      vertex 57.4652 1.32397 6.4
      vertex 57.4652 1.32397 6
    endloop
  endfacet
  facet normal -0.993531 0.113563 0
    outer loop
      vertex 57.4652 1.32397 6.4
      vertex 57.4572 1.25398 6
      vertex 57.4572 1.25398 6.4
    endloop
  endfacet
  facet normal -0.979882 0.199578 0
    outer loop
      vertex 57.4439 1.18868 6
      vertex 57.4572 1.25398 6.4
      vertex 57.4572 1.25398 6
    endloop
  endfacet
  facet normal -0.979882 0.199578 0
    outer loop
      vertex 57.4572 1.25398 6.4
      vertex 57.4439 1.18868 6
      vertex 57.4439 1.18868 6.4
    endloop
  endfacet
  facet normal -0.955943 0.293553 0
    outer loop
      vertex 57.4253 1.12811 6
      vertex 57.4439 1.18868 6.4
      vertex 57.4439 1.18868 6
    endloop
  endfacet
  facet normal -0.955943 0.293553 0
    outer loop
      vertex 57.4439 1.18868 6.4
      vertex 57.4253 1.12811 6
      vertex 57.4253 1.12811 6.4
    endloop
  endfacet
  facet normal -0.918813 0.394693 0
    outer loop
      vertex 57.4013 1.07224 6
      vertex 57.4253 1.12811 6.4
      vertex 57.4253 1.12811 6
    endloop
  endfacet
  facet normal -0.918813 0.394693 0
    outer loop
      vertex 57.4253 1.12811 6.4
      vertex 57.4013 1.07224 6
      vertex 57.4013 1.07224 6.4
    endloop
  endfacet
  facet normal -0.867679 0.497125 0
    outer loop
      vertex 57.372 1.0211 6
      vertex 57.4013 1.07224 6.4
      vertex 57.4013 1.07224 6
    endloop
  endfacet
  facet normal -0.867679 0.497125 0
    outer loop
      vertex 57.4013 1.07224 6.4
      vertex 57.372 1.0211 6
      vertex 57.372 1.0211 6.4
    endloop
  endfacet
  facet normal -0.801976 0.597356 0
    outer loop
      vertex 57.3374 0.974648 6
      vertex 57.372 1.0211 6.4
      vertex 57.372 1.0211 6
    endloop
  endfacet
  facet normal -0.801976 0.597356 0
    outer loop
      vertex 57.372 1.0211 6.4
      vertex 57.3374 0.974648 6
      vertex 57.3374 0.974648 6.4
    endloop
  endfacet
  facet normal -0.721273 0.692651 0
    outer loop
      vertex 57.2981 0.933724 6
      vertex 57.3374 0.974648 6.4
      vertex 57.3374 0.974648 6
    endloop
  endfacet
  facet normal -0.721273 0.692651 0
    outer loop
      vertex 57.3374 0.974648 6.4
      vertex 57.2981 0.933724 6
      vertex 57.2981 0.933724 6.4
    endloop
  endfacet
  facet normal -0.624497 0.781027 0
    outer loop
      vertex 57.2981 0.933724 6
      vertex 57.2548 0.899102 6.4
      vertex 57.2981 0.933724 6.4
    endloop
  endfacet
  facet normal -0.624497 0.781027 0
    outer loop
      vertex 57.2548 0.899102 6.4
      vertex 57.2981 0.933724 6
      vertex 57.2548 0.899102 6
    endloop
  endfacet
  facet normal -0.513097 0.858331 0
    outer loop
      vertex 57.2548 0.899102 6
      vertex 57.2074 0.870767 6.4
      vertex 57.2548 0.899102 6.4
    endloop
  endfacet
  facet normal -0.513097 0.858331 0
    outer loop
      vertex 57.2074 0.870767 6.4
      vertex 57.2548 0.899102 6
      vertex 57.2074 0.870767 6
    endloop
  endfacet
  facet normal -0.39465 0.918832 0
    outer loop
      vertex 57.2074 0.870767 6
      vertex 57.1561 0.848733 6.4
      vertex 57.2074 0.870767 6.4
    endloop
  endfacet
  facet normal -0.39465 0.918832 0
    outer loop
      vertex 57.1561 0.848733 6.4
      vertex 57.2074 0.870767 6
      vertex 57.1561 0.848733 6
    endloop
  endfacet
  facet normal -0.272956 0.962027 0
    outer loop
      vertex 57.1561 0.848733 6
      vertex 57.1006 0.832986 6.4
      vertex 57.1561 0.848733 6.4
    endloop
  endfacet
  facet normal -0.272956 0.962027 0
    outer loop
      vertex 57.1006 0.832986 6.4
      vertex 57.1561 0.848733 6
      vertex 57.1006 0.832986 6
    endloop
  endfacet
  facet normal -0.157034 0.987593 0
    outer loop
      vertex 57.1006 0.832986 6
      vertex 57.0412 0.823541 6.4
      vertex 57.1006 0.832986 6.4
    endloop
  endfacet
  facet normal -0.157034 0.987593 0
    outer loop
      vertex 57.0412 0.823541 6.4
      vertex 57.1006 0.832986 6
      vertex 57.0412 0.823541 6
    endloop
  endfacet
  facet normal -0.0494512 0.998777 0
    outer loop
      vertex 57.0412 0.823541 6
      vertex 56.9777 0.820397 6.4
      vertex 57.0412 0.823541 6.4
    endloop
  endfacet
  facet normal -0.0494512 0.998777 0
    outer loop
      vertex 56.9777 0.820397 6.4
      vertex 57.0412 0.823541 6
      vertex 56.9777 0.820397 6
    endloop
  endfacet
  facet normal 0.0603912 0.998175 -0
    outer loop
      vertex 56.9777 0.820397 6
      vertex 56.9159 0.824136 6.4
      vertex 56.9777 0.820397 6.4
    endloop
  endfacet
  facet normal 0.0603912 0.998175 0
    outer loop
      vertex 56.9159 0.824136 6.4
      vertex 56.9777 0.820397 6
      vertex 56.9159 0.824136 6
    endloop
  endfacet
  facet normal 0 1 -0
    outer loop
      vertex 54.8319 0.869744 6
      vertex 54.2271 0.869744 6.4
      vertex 54.8319 0.869744 6.4
    endloop
  endfacet
  facet normal 0 1 0
    outer loop
      vertex 54.2271 0.869744 6.4
      vertex 54.8319 0.869744 6
      vertex 54.2271 0.869744 6
    endloop
  endfacet
  facet normal 1 -0 0
    outer loop
      vertex 54.2271 0.869744 6.4
      vertex 54.2271 3.08424 6
      vertex 54.2271 3.08424 6.4
    endloop
  endfacet
  facet normal 1 0 0
    outer loop
      vertex 54.2271 3.08424 6
      vertex 54.2271 0.869744 6.4
      vertex 54.2271 0.869744 6
    endloop
  endfacet
  facet normal 0 1 -0
    outer loop
      vertex 54.2271 3.08424 6
      vertex 53.9345 3.08424 6.4
      vertex 54.2271 3.08424 6.4
    endloop
  endfacet
  facet normal 0 1 0
    outer loop
      vertex 53.9345 3.08424 6.4
      vertex 54.2271 3.08424 6
      vertex 53.9345 3.08424 6
    endloop
  endfacet
  facet normal -0.566576 0.824009 0
    outer loop
      vertex 53.9345 3.08424 6
      vertex 53.3473 2.68049 6.4
      vertex 53.9345 3.08424 6.4
    endloop
  endfacet
  facet normal -0.566576 0.824009 0
    outer loop
      vertex 53.3473 2.68049 6.4
      vertex 53.9345 3.08424 6
      vertex 53.3473 2.68049 6
    endloop
  endfacet
  facet normal -1 0 0
    outer loop
      vertex 53.3473 2.38076 6
      vertex 53.3473 2.68049 6.4
      vertex 53.3473 2.68049 6
    endloop
  endfacet
  facet normal -1 -0 0
    outer loop
      vertex 53.3473 2.68049 6.4
      vertex 53.3473 2.38076 6
      vertex 53.3473 2.38076 6.4
    endloop
  endfacet
  facet normal 0.580959 -0.813933 0
    outer loop
      vertex 53.3473 2.38076 6
      vertex 53.908 2.78097 6.4
      vertex 53.3473 2.38076 6.4
    endloop
  endfacet
  facet normal 0.580959 -0.813933 0
    outer loop
      vertex 53.908 2.78097 6.4
      vertex 53.3473 2.38076 6
      vertex 53.908 2.78097 6
    endloop
  endfacet
  facet normal -1 0 0
    outer loop
      vertex 53.908 0.869744 6
      vertex 53.908 2.78097 6.4
      vertex 53.908 2.78097 6
    endloop
  endfacet
  facet normal -1 -0 0
    outer loop
      vertex 53.908 2.78097 6.4
      vertex 53.908 0.869744 6
      vertex 53.908 0.869744 6.4
    endloop
  endfacet
  facet normal 0 1 -0
    outer loop
      vertex 53.908 0.869744 6
      vertex 53.275 0.869744 6.4
      vertex 53.908 0.869744 6.4
    endloop
  endfacet
  facet normal 0 1 0
    outer loop
      vertex 53.275 0.869744 6.4
      vertex 53.908 0.869744 6
      vertex 53.275 0.869744 6
    endloop
  endfacet
  facet normal -1 0 0
    outer loop
      vertex 53.275 0.599999 6
      vertex 53.275 0.869744 6.4
      vertex 53.275 0.869744 6
    endloop
  endfacet
  facet normal -1 -0 0
    outer loop
      vertex 53.275 0.869744 6.4
      vertex 53.275 0.599999 6
      vertex 53.275 0.599999 6.4
    endloop
  endfacet
  facet normal 0 -1 0
    outer loop
      vertex 53.275 0.599999 6
      vertex 54.8319 0.599999 6.4
      vertex 53.275 0.599999 6.4
    endloop
  endfacet
  facet normal 0 -1 -0
    outer loop
      vertex 54.8319 0.599999 6.4
      vertex 53.275 0.599999 6
      vertex 54.8319 0.599999 6
    endloop
  endfacet
  facet normal 1 -0 0
    outer loop
      vertex 54.8319 0.599999 6.4
      vertex 54.8319 0.869744 6
      vertex 54.8319 0.869744 6.4
    endloop
  endfacet
  facet normal 1 0 0
    outer loop
      vertex 54.8319 0.869744 6
      vertex 54.8319 0.599999 6.4
      vertex 54.8319 0.599999 6
    endloop
  endfacet
  facet normal 0 1 -0
    outer loop
      vertex 55.6348 0.986123 6
      vertex 55.2909 0.986123 6.4
      vertex 55.6348 0.986123 6.4
    endloop
  endfacet
  facet normal 0 1 0
    outer loop
      vertex 55.2909 0.986123 6.4
      vertex 55.6348 0.986123 6
      vertex 55.2909 0.986123 6
    endloop
  endfacet
  facet normal -1 0 0
    outer loop
      vertex 55.2909 0.599999 6
      vertex 55.2909 0.986123 6.4
      vertex 55.2909 0.986123 6
    endloop
  endfacet
  facet normal -1 -0 0
    outer loop
      vertex 55.2909 0.986123 6.4
      vertex 55.2909 0.599999 6
      vertex 55.2909 0.599999 6.4
    endloop
  endfacet
  facet normal 0 -1 0
    outer loop
      vertex 55.2909 0.599999 6
      vertex 55.6348 0.599999 6.4
      vertex 55.2909 0.599999 6.4
    endloop
  endfacet
  facet normal 0 -1 -0
    outer loop
      vertex 55.6348 0.599999 6.4
      vertex 55.2909 0.599999 6
      vertex 55.6348 0.599999 6
    endloop
  endfacet
  facet normal 1 -0 0
    outer loop
      vertex 55.6348 0.599999 6.4
      vertex 55.6348 0.986123 6
      vertex 55.6348 0.986123 6.4
    endloop
  endfacet
  facet normal 1 0 0
    outer loop
      vertex 55.6348 0.986123 6
      vertex 55.6348 0.599999 6.4
      vertex 55.6348 0.599999 6
    endloop
  endfacet
endsolid OpenSCAD_Model
